z		z0		z1		T		P		1		2		3		4		5		6		7		8		9		10		11		12		13		14		15		16		17		18		19		20		21		22		23		24		25		26		27		28		29		30		31		32		33		34		35		36		37		38		39		40		41		42		43		44		45		46		47		48		49		50		51		52		53		54		55		56		57		58		59		60		61		62		63		64		65		66		67		68		69		70		71		72		73		74		75		76		77		78		79		80		81		82		83		84		85		86		87		88		89		90		91		92		93		94		95		96		97		98		99		100		101		102		103		104		105		106		107		108		109		110		111		112		113		114		115		
km		km		km		K		Pa		
26.333511	0.000000	52.667021	1005.253952	1.811795e+07	7.732480e-25	0.000000e+00	1.547213e-10	3.632530e-15	0.000000e+00	0.000000e+00	8.444496e-03	2.519524e-25	9.123133e-04	1.937028e-13	7.373504e-25	6.404347e-20	6.388133e-33	1.283040e-51	0.000000e+00	2.198021e-22	5.649455e-29	1.153324e-42	1.250963e-35	5.871360e-08	4.972453e-03	1.174702e-11	0.000000e+00	0.000000e+00	0.000000e+00	2.386094e-43	2.048458e-16	0.000000e+00	1.299192e-11	0.000000e+00	0.000000e+00	0.000000e+00	0.000000e+00	0.000000e+00	0.000000e+00	0.000000e+00	2.215052e-11	1.453707e-24	4.746694e-26	7.603600e-17	2.083664e-14	2.235248e-17	9.918986e-18	1.538329e-29	2.272888e-04	1.132008e-10	0.000000e+00	0.000000e+00	5.018424e-13	1.399559e-18	0.000000e+00	8.492369e-10	8.420905e-01	4.308941e-27	1.266833e-04	0.000000e+00	2.530048e-21	2.091688e-30	1.708240e-21	1.945220e-11	4.451996e-17	0.000000e+00	0.000000e+00	1.028127e-26	0.000000e+00	0.000000e+00	0.000000e+00	0.000000e+00	0.000000e+00	0.000000e+00	0.000000e+00	1.309087e-14	9.359386e-32	0.000000e+00	0.000000e+00	0.000000e+00	0.000000e+00	0.000000e+00	0.000000e+00	0.000000e+00	0.000000e+00	0.000000e+00	0.000000e+00	0.000000e+00	0.000000e+00	0.000000e+00	0.000000e+00	0.000000e+00	0.000000e+00	0.000000e+00	0.000000e+00	0.000000e+00	0.000000e+00	0.000000e+00	0.000000e+00	0.000000e+00	0.000000e+00	0.000000e+00	0.000000e+00	0.000000e+00	0.000000e+00	0.000000e+00	0.000000e+00	0.000000e+00	0.000000e+00	0.000000e+00	0.000000e+00	0.000000e+00	0.000000e+00	0.000000e+00	0.000000e+00	0.000000e+00	0.000000e+00	0.000000e+00	0.000000e+00	
78.038590	52.667021	103.410159	966.156269	1.486850e+07	9.579570e-26	0.000000e+00	6.181544e-11	1.086501e-15	0.000000e+00	0.000000e+00	8.444610e-03	3.049469e-26	9.306379e-04	7.299212e-14	1.501287e-25	1.451549e-20	6.072389e-34	3.239068e-53	0.000000e+00	4.387848e-23	8.100000e-30	6.829158e-44	4.645161e-37	3.101224e-08	4.972604e-03	5.395183e-12	0.000000e+00	0.000000e+00	0.000000e+00	4.148854e-45	4.826379e-17	0.000000e+00	5.842627e-12	0.000000e+00	0.000000e+00	0.000000e+00	0.000000e+00	0.000000e+00	0.000000e+00	0.000000e+00	9.390988e-12	1.735285e-25	6.294020e-27	2.295812e-17	1.115844e-14	7.633124e-18	4.308952e-18	3.343119e-30	2.272948e-04	5.906195e-11	0.000000e+00	0.000000e+00	2.645045e-13	3.430299e-19	0.000000e+00	5.225942e-10	8.420789e-01	5.445968e-28	1.175338e-04	0.000000e+00	4.392300e-22	1.254121e-31	2.425294e-22	7.623617e-12	1.068669e-17	0.000000e+00	0.000000e+00	8.554330e-28	0.000000e+00	0.000000e+00	0.000000e+00	0.000000e+00	0.000000e+00	0.000000e+00	0.000000e+00	5.275342e-15	2.483714e-32	0.000000e+00	0.000000e+00	0.000000e+00	0.000000e+00	0.000000e+00	0.000000e+00	0.000000e+00	0.000000e+00	0.000000e+00	0.000000e+00	0.000000e+00	0.000000e+00	0.000000e+00	0.000000e+00	0.000000e+00	0.000000e+00	0.000000e+00	0.000000e+00	0.000000e+00	0.000000e+00	0.000000e+00	0.000000e+00	0.000000e+00	0.000000e+00	0.000000e+00	0.000000e+00	0.000000e+00	0.000000e+00	0.000000e+00	0.000000e+00	0.000000e+00	0.000000e+00	0.000000e+00	0.000000e+00	0.000000e+00	0.000000e+00	0.000000e+00	0.000000e+00	0.000000e+00	0.000000e+00	0.000000e+00	0.000000e+00	
127.816775	103.410159	152.223391	929.161874	1.220184e+07	9.848282e-27	0.000000e+00	2.273645e-11	2.920827e-16	0.000000e+00	0.000000e+00	8.444858e-03	3.042173e-27	9.542831e-04	2.527036e-14	2.619848e-26	2.855248e-21	4.668095e-35	5.939930e-55	0.000000e+00	7.584013e-24	9.796914e-31	3.176134e-45	1.275045e-38	1.505590e-08	4.972658e-03	2.288712e-12	0.000000e+00	0.000000e+00	0.000000e+00	4.929607e-47	9.786325e-18	0.000000e+00	2.422774e-12	0.000000e+00	0.000000e+00	0.000000e+00	0.000000e+00	0.000000e+00	0.000000e+00	0.000000e+00	3.607409e-12	1.677181e-26	6.824695e-28	6.185000e-18	5.587526e-15	2.350154e-18	1.722556e-18	6.323719e-31	2.272988e-04	2.898097e-11	0.000000e+00	0.000000e+00	1.282268e-13	7.253563e-20	0.000000e+00	2.996341e-10	8.420631e-01	5.722160e-29	1.057126e-04	0.000000e+00	6.523302e-23	5.827642e-33	2.886613e-23	2.744380e-12	2.228200e-18	0.000000e+00	0.000000e+00	5.575805e-29	0.000000e+00	0.000000e+00	0.000000e+00	0.000000e+00	0.000000e+00	0.000000e+00	0.000000e+00	1.919247e-15	5.938875e-33	0.000000e+00	0.000000e+00	0.000000e+00	0.000000e+00	0.000000e+00	0.000000e+00	0.000000e+00	0.000000e+00	0.000000e+00	0.000000e+00	0.000000e+00	0.000000e+00	0.000000e+00	0.000000e+00	0.000000e+00	0.000000e+00	0.000000e+00	0.000000e+00	0.000000e+00	0.000000e+00	0.000000e+00	0.000000e+00	0.000000e+00	0.000000e+00	0.000000e+00	0.000000e+00	0.000000e+00	0.000000e+00	0.000000e+00	0.000000e+00	0.000000e+00	0.000000e+00	0.000000e+00	0.000000e+00	0.000000e+00	0.000000e+00	0.000000e+00	0.000000e+00	0.000000e+00	0.000000e+00	0.000000e+00	0.000000e+00	
175.770414	152.223391	199.317436	897.454052	1.001344e+07	1.119479e-27	0.000000e+00	8.746695e-12	8.314610e-17	0.000000e+00	0.000000e+00	8.444819e-03	3.357775e-28	9.732758e-04	9.126073e-15	4.947813e-27	6.046669e-22	4.014877e-36	1.292774e-56	0.000000e+00	1.412907e-24	1.296992e-31	1.682013e-46	4.112090e-40	7.649606e-09	4.972637e-03	1.013638e-12	0.000000e+00	0.000000e+00	0.000000e+00	7.174503e-49	2.152018e-18	0.000000e+00	1.049930e-12	0.000000e+00	0.000000e+00	0.000000e+00	0.000000e+00	0.000000e+00	0.000000e+00	0.000000e+00	1.457847e-12	1.809410e-27	8.231540e-29	1.771458e-18	2.900852e-15	7.653382e-19	7.211702e-19	1.292372e-31	2.272998e-04	1.469434e-11	0.000000e+00	0.000000e+00	6.511063e-14	1.659415e-20	0.000000e+00	1.787601e-10	8.420540e-01	6.642933e-30	9.621808e-05	0.000000e+00	1.050173e-23	3.102171e-34	3.773363e-24	1.033552e-12	5.010666e-19	0.000000e+00	0.000000e+00	4.140423e-30	0.000000e+00	0.000000e+00	0.000000e+00	0.000000e+00	0.000000e+00	0.000000e+00	0.000000e+00	7.365618e-16	1.510485e-33	0.000000e+00	0.000000e+00	0.000000e+00	0.000000e+00	0.000000e+00	0.000000e+00	0.000000e+00	0.000000e+00	0.000000e+00	0.000000e+00	0.000000e+00	0.000000e+00	0.000000e+00	0.000000e+00	0.000000e+00	0.000000e+00	0.000000e+00	0.000000e+00	0.000000e+00	0.000000e+00	0.000000e+00	0.000000e+00	0.000000e+00	0.000000e+00	0.000000e+00	0.000000e+00	0.000000e+00	0.000000e+00	0.000000e+00	0.000000e+00	0.000000e+00	0.000000e+00	0.000000e+00	0.000000e+00	0.000000e+00	0.000000e+00	0.000000e+00	0.000000e+00	0.000000e+00	0.000000e+00	0.000000e+00	0.000000e+00	
222.114703	199.317436	244.911970	870.413359	8.217531e+06	1.488898e-28	0.000000e+00	3.608573e-12	2.588757e-17	0.000000e+00	0.000000e+00	8.444991e-03	4.350916e-29	9.865376e-04	3.529886e-15	1.061509e-27	1.440364e-22	4.123862e-37	3.682621e-58	0.000000e+00	2.966347e-25	1.980802e-32	1.092472e-47	1.707388e-41	4.173462e-09	4.972764e-03	4.801690e-13	0.000000e+00	0.000000e+00	0.000000e+00	1.435299e-50	5.371646e-19	0.000000e+00	4.873919e-13	0.000000e+00	0.000000e+00	0.000000e+00	0.000000e+00	0.000000e+00	0.000000e+00	0.000000e+00	6.391863e-13	2.324662e-28	1.174954e-29	5.583655e-19	1.593694e-15	2.720553e-19	3.243586e-19	2.977385e-32	2.273084e-04	7.843398e-12	0.000000e+00	0.000000e+00	3.552875e-14	4.295405e-21	0.000000e+00	1.134087e-10	8.420429e-01	9.012142e-31	8.961108e-05	0.000000e+00	1.922750e-24	2.043423e-35	5.714372e-25	4.178375e-13	1.268384e-19	0.000000e+00	0.000000e+00	3.771658e-31	0.000000e+00	0.000000e+00	0.000000e+00	0.000000e+00	0.000000e+00	0.000000e+00	0.000000e+00	3.078773e-16	4.220049e-34	0.000000e+00	0.000000e+00	0.000000e+00	0.000000e+00	0.000000e+00	0.000000e+00	0.000000e+00	0.000000e+00	0.000000e+00	0.000000e+00	0.000000e+00	0.000000e+00	0.000000e+00	0.000000e+00	0.000000e+00	0.000000e+00	0.000000e+00	0.000000e+00	0.000000e+00	0.000000e+00	0.000000e+00	0.000000e+00	0.000000e+00	0.000000e+00	0.000000e+00	0.000000e+00	0.000000e+00	0.000000e+00	0.000000e+00	0.000000e+00	0.000000e+00	0.000000e+00	0.000000e+00	0.000000e+00	0.000000e+00	0.000000e+00	0.000000e+00	0.000000e+00	0.000000e+00	0.000000e+00	0.000000e+00	0.000000e+00	
267.040976	244.911970	289.169983	845.444081	6.743719e+06	2.221492e-29	0.000000e+00	1.567014e-12	8.606526e-18	0.000000e+00	0.000000e+00	8.445186e-03	6.343107e-30	9.958771e-04	1.436253e-15	2.502484e-28	3.741292e-23	4.825932e-38	1.278169e-59	0.000000e+00	6.800062e-26	3.360345e-33	8.243524e-49	8.529933e-43	2.398921e-09	4.973004e-03	2.389525e-13	0.000000e+00	0.000000e+00	0.000000e+00	3.624643e-52	1.471284e-19	0.000000e+00	2.379525e-13	0.000000e+00	0.000000e+00	0.000000e+00	0.000000e+00	0.000000e+00	0.000000e+00	0.000000e+00	2.976244e-13	3.395603e-29	1.898159e-30	1.887700e-19	9.124694e-16	1.031071e-19	1.537405e-19	7.488283e-33	2.273046e-04	4.346758e-12	0.000000e+00	0.000000e+00	2.043599e-14	1.217056e-21	0.000000e+00	7.526640e-11	8.420360e-01	1.370380e-31	8.494858e-05	0.000000e+00	3.869623e-25	1.573212e-36	9.638139e-26	1.779206e-13	3.501565e-20	0.000000e+00	0.000000e+00	3.990389e-32	0.000000e+00	0.000000e+00	0.000000e+00	0.000000e+00	0.000000e+00	0.000000e+00	0.000000e+00	1.370628e-16	1.263051e-34	0.000000e+00	0.000000e+00	0.000000e+00	0.000000e+00	0.000000e+00	0.000000e+00	0.000000e+00	0.000000e+00	0.000000e+00	0.000000e+00	0.000000e+00	0.000000e+00	0.000000e+00	0.000000e+00	0.000000e+00	0.000000e+00	0.000000e+00	0.000000e+00	0.000000e+00	0.000000e+00	0.000000e+00	0.000000e+00	0.000000e+00	0.000000e+00	0.000000e+00	0.000000e+00	0.000000e+00	0.000000e+00	0.000000e+00	0.000000e+00	0.000000e+00	0.000000e+00	0.000000e+00	0.000000e+00	0.000000e+00	0.000000e+00	0.000000e+00	0.000000e+00	0.000000e+00	0.000000e+00	0.000000e+00	0.000000e+00	
310.684780	289.169983	332.199578	822.548784	5.534234e+06	3.502849e-30	0.000000e+00	6.974662e-13	2.952835e-18	0.000000e+00	0.000000e+00	8.445369e-03	9.786240e-31	1.003337e-03	5.987126e-16	6.175185e-29	1.013171e-23	6.013990e-39	4.880094e-61	0.000000e+00	1.626234e-26	5.997936e-34	6.688582e-50	4.656232e-44	1.413999e-09	4.972892e-03	1.217680e-13	0.000000e+00	0.000000e+00	0.000000e+00	1.023337e-53	4.213719e-20	0.000000e+00	1.190191e-13	0.000000e+00	0.000000e+00	0.000000e+00	0.000000e+00	0.000000e+00	0.000000e+00	0.000000e+00	1.426608e-13	5.274530e-30	3.255226e-31	6.600784e-20	5.330121e-16	4.030552e-20	7.476046e-20	1.965680e-33	2.273117e-04	2.452903e-12	0.000000e+00	0.000000e+00	1.206054e-14	3.601351e-22	0.000000e+00	5.106359e-11	8.420293e-01	2.201365e-32	8.123529e-05	0.000000e+00	8.149156e-26	1.305076e-37	1.711540e-26	7.766185e-14	1.007750e-20	0.000000e+00	0.000000e+00	4.535491e-33	0.000000e+00	0.000000e+00	0.000000e+00	0.000000e+00	0.000000e+00	0.000000e+00	0.000000e+00	6.291118e-17	3.911993e-35	0.000000e+00	0.000000e+00	0.000000e+00	0.000000e+00	0.000000e+00	0.000000e+00	0.000000e+00	0.000000e+00	0.000000e+00	0.000000e+00	0.000000e+00	0.000000e+00	0.000000e+00	0.000000e+00	0.000000e+00	0.000000e+00	0.000000e+00	0.000000e+00	0.000000e+00	0.000000e+00	0.000000e+00	0.000000e+00	0.000000e+00	0.000000e+00	0.000000e+00	0.000000e+00	0.000000e+00	0.000000e+00	0.000000e+00	0.000000e+00	0.000000e+00	0.000000e+00	0.000000e+00	0.000000e+00	0.000000e+00	0.000000e+00	0.000000e+00	0.000000e+00	0.000000e+00	0.000000e+00	0.000000e+00	0.000000e+00	
353.146387	332.199578	374.093197	801.565350	4.541670e+06	5.788120e-31	0.000000e+00	3.169982e-13	1.040496e-18	0.000000e+00	0.000000e+00	8.445555e-03	1.584161e-31	1.009229e-03	2.547641e-16	1.584196e-29	2.842684e-24	7.905424e-40	2.020286e-62	0.000000e+00	4.031456e-27	1.117824e-34	5.771918e-51	2.740105e-45	8.515068e-10	4.972924e-03	6.331947e-14	0.000000e+00	0.000000e+00	0.000000e+00	3.176118e-55	1.253590e-20	0.000000e+00	6.077768e-14	0.000000e+00	0.000000e+00	0.000000e+00	0.000000e+00	0.000000e+00	0.000000e+00	0.000000e+00	7.009644e-14	8.632852e-31	5.873572e-32	2.374842e-20	3.166373e-16	1.617339e-20	3.715032e-20	5.350402e-34	2.273075e-04	1.405441e-12	0.000000e+00	0.000000e+00	7.274767e-15	1.105612e-22	0.000000e+00	3.530099e-11	8.420273e-01	3.704687e-33	7.827389e-05	0.000000e+00	1.783502e-26	1.153436e-38	3.175233e-27	3.462185e-14	3.004804e-21	0.000000e+00	0.000000e+00	5.478953e-34	0.000000e+00	0.000000e+00	0.000000e+00	0.000000e+00	0.000000e+00	0.000000e+00	0.000000e+00	2.963945e-17	1.247375e-35	0.000000e+00	0.000000e+00	0.000000e+00	0.000000e+00	0.000000e+00	0.000000e+00	0.000000e+00	0.000000e+00	0.000000e+00	0.000000e+00	0.000000e+00	0.000000e+00	0.000000e+00	0.000000e+00	0.000000e+00	0.000000e+00	0.000000e+00	0.000000e+00	0.000000e+00	0.000000e+00	0.000000e+00	0.000000e+00	0.000000e+00	0.000000e+00	0.000000e+00	0.000000e+00	0.000000e+00	0.000000e+00	0.000000e+00	0.000000e+00	0.000000e+00	0.000000e+00	0.000000e+00	0.000000e+00	0.000000e+00	0.000000e+00	0.000000e+00	0.000000e+00	0.000000e+00	0.000000e+00	0.000000e+00	0.000000e+00	
394.508458	374.093197	414.923719	781.993144	3.727123e+06	9.835701e-32	0.000000e+00	1.458938e-13	3.725185e-19	0.000000e+00	0.000000e+00	8.445380e-03	2.639287e-32	1.014235e-03	1.097456e-16	4.161153e-30	8.147451e-25	1.073024e-40	8.780620e-64	0.000000e+00	1.021196e-27	2.138243e-35	5.169516e-52	1.686364e-46	5.194173e-10	4.972857e-03	3.332783e-14	0.000000e+00	0.000000e+00	0.000000e+00	1.042995e-56	3.815580e-21	0.000000e+00	3.142523e-14	0.000000e+00	0.000000e+00	0.000000e+00	0.000000e+00	0.000000e+00	0.000000e+00	0.000000e+00	3.496171e-14	1.457803e-31	1.092764e-32	8.691904e-21	1.900460e-16	6.593053e-21	1.870654e-20	1.488823e-34	2.273167e-04	8.127064e-13	0.000000e+00	0.000000e+00	4.447091e-15	3.470004e-23	0.000000e+00	2.468522e-11	8.420227e-01	6.410449e-34	7.578392e-05	0.000000e+00	3.994182e-27	1.058595e-39	6.045935e-28	1.562921e-14	9.150977e-22	0.000000e+00	0.000000e+00	6.863748e-35	0.000000e+00	0.000000e+00	0.000000e+00	0.000000e+00	0.000000e+00	0.000000e+00	0.000000e+00	1.418732e-17	4.049959e-36	0.000000e+00	0.000000e+00	0.000000e+00	0.000000e+00	0.000000e+00	0.000000e+00	0.000000e+00	0.000000e+00	0.000000e+00	0.000000e+00	0.000000e+00	0.000000e+00	0.000000e+00	0.000000e+00	0.000000e+00	0.000000e+00	0.000000e+00	0.000000e+00	0.000000e+00	0.000000e+00	0.000000e+00	0.000000e+00	0.000000e+00	0.000000e+00	0.000000e+00	0.000000e+00	0.000000e+00	0.000000e+00	0.000000e+00	0.000000e+00	0.000000e+00	0.000000e+00	0.000000e+00	0.000000e+00	0.000000e+00	0.000000e+00	0.000000e+00	0.000000e+00	0.000000e+00	0.000000e+00	0.000000e+00	0.000000e+00	
434.832408	414.923719	454.741098	763.238994	3.058664e+06	1.663407e-32	0.000000e+00	6.700824e-14	1.329990e-19	0.000000e+00	0.000000e+00	8.445558e-03	4.374066e-33	1.019180e-03	4.715005e-17	1.088935e-30	2.326648e-25	1.448790e-41	3.787354e-65	0.000000e+00	2.577000e-28	4.074125e-36	4.605082e-53	1.029417e-47	3.162798e-10	4.973089e-03	1.751204e-14	0.000000e+00	0.000000e+00	0.000000e+00	3.390350e-58	1.157395e-21	0.000000e+00	1.622120e-14	0.000000e+00	0.000000e+00	0.000000e+00	0.000000e+00	0.000000e+00	0.000000e+00	0.000000e+00	1.739643e-14	2.447571e-32	2.023471e-33	3.171617e-21	1.138681e-16	2.680882e-21	9.405463e-21	4.132676e-35	2.273132e-04	4.691543e-13	0.000000e+00	0.000000e+00	2.714748e-15	1.084906e-23	0.000000e+00	1.724687e-11	8.420198e-01	1.104186e-34	7.331277e-05	0.000000e+00	8.905183e-28	9.648382e-41	1.145669e-28	7.039409e-15	2.777354e-22	0.000000e+00	0.000000e+00	8.544446e-36	0.000000e+00	0.000000e+00	0.000000e+00	0.000000e+00	0.000000e+00	0.000000e+00	0.000000e+00	6.776675e-18	1.314211e-36	0.000000e+00	0.000000e+00	0.000000e+00	0.000000e+00	0.000000e+00	0.000000e+00	0.000000e+00	0.000000e+00	0.000000e+00	0.000000e+00	0.000000e+00	0.000000e+00	0.000000e+00	0.000000e+00	0.000000e+00	0.000000e+00	0.000000e+00	0.000000e+00	0.000000e+00	0.000000e+00	0.000000e+00	0.000000e+00	0.000000e+00	0.000000e+00	0.000000e+00	0.000000e+00	0.000000e+00	0.000000e+00	0.000000e+00	0.000000e+00	0.000000e+00	0.000000e+00	0.000000e+00	0.000000e+00	0.000000e+00	0.000000e+00	0.000000e+00	0.000000e+00	0.000000e+00	0.000000e+00	0.000000e+00	0.000000e+00	
474.155448	454.741098	493.569798	744.861513	2.510093e+06	2.672028e-33	0.000000e+00	3.008409e-14	4.610434e-20	0.000000e+00	0.000000e+00	8.445609e-03	6.870304e-34	1.025240e-03	1.977859e-17	2.730643e-31	6.388482e-26	1.844811e-42	1.496102e-66	0.000000e+00	6.248310e-29	7.407808e-37	3.839268e-54	5.779784e-49	1.882148e-10	4.973053e-03	9.003998e-15	0.000000e+00	0.000000e+00	0.000000e+00	9.919278e-60	3.369366e-22	0.000000e+00	8.189564e-15	0.000000e+00	0.000000e+00	0.000000e+00	0.000000e+00	0.000000e+00	0.000000e+00	0.000000e+00	8.423695e-15	3.875326e-33	3.545282e-34	1.121505e-21	6.698633e-17	1.059578e-21	4.624256e-21	1.104991e-35	2.273140e-04	2.662838e-13	0.000000e+00	0.000000e+00	1.620479e-15	3.256941e-24	0.000000e+00	1.182488e-11	8.420156e-01	1.807605e-35	7.029865e-05	0.000000e+00	1.900871e-28	8.194334e-42	2.067434e-29	3.096764e-15	8.109189e-23	0.000000e+00	0.000000e+00	9.943635e-37	0.000000e+00	0.000000e+00	0.000000e+00	0.000000e+00	0.000000e+00	0.000000e+00	0.000000e+00	3.147649e-18	4.150085e-37	0.000000e+00	0.000000e+00	0.000000e+00	0.000000e+00	0.000000e+00	0.000000e+00	0.000000e+00	0.000000e+00	0.000000e+00	0.000000e+00	0.000000e+00	0.000000e+00	0.000000e+00	0.000000e+00	0.000000e+00	0.000000e+00	0.000000e+00	0.000000e+00	0.000000e+00	0.000000e+00	0.000000e+00	0.000000e+00	0.000000e+00	0.000000e+00	0.000000e+00	0.000000e+00	0.000000e+00	0.000000e+00	0.000000e+00	0.000000e+00	0.000000e+00	0.000000e+00	0.000000e+00	0.000000e+00	0.000000e+00	0.000000e+00	0.000000e+00	0.000000e+00	0.000000e+00	0.000000e+00	0.000000e+00	0.000000e+00	
512.489240	493.569798	531.408683	726.403195	2.059909e+06	3.853949e-34	0.000000e+00	1.287730e-14	1.502659e-20	0.000000e+00	0.000000e+00	8.445383e-03	9.644527e-35	1.033552e-03	7.893288e-18	6.257503e-32	1.615404e-26	2.077046e-43	4.912458e-68	0.000000e+00	1.393154e-29	1.220427e-37	2.783418e-55	2.725533e-50	1.067285e-10	4.972949e-03	4.423144e-15	0.000000e+00	0.000000e+00	0.000000e+00	2.329780e-61	8.998853e-23	0.000000e+00	3.946831e-15	0.000000e+00	0.000000e+00	0.000000e+00	0.000000e+00	0.000000e+00	0.000000e+00	0.000000e+00	3.851787e-15	5.428442e-34	5.529602e-35	3.713328e-22	3.791731e-17	3.945301e-22	2.167968e-21	2.728777e-36	2.273171e-04	1.458815e-13	0.000000e+00	0.000000e+00	9.223270e-16	8.981394e-25	0.000000e+00	7.788084e-12	8.420131e-01	2.659940e-36	6.613657e-05	0.000000e+00	3.704762e-29	6.006500e-43	3.369566e-30	1.297126e-15	2.183342e-23	0.000000e+00	0.000000e+00	1.005339e-37	0.000000e+00	0.000000e+00	0.000000e+00	0.000000e+00	0.000000e+00	0.000000e+00	0.000000e+00	1.378025e-18	1.235333e-37	0.000000e+00	0.000000e+00	0.000000e+00	0.000000e+00	0.000000e+00	0.000000e+00	0.000000e+00	0.000000e+00	0.000000e+00	0.000000e+00	0.000000e+00	0.000000e+00	0.000000e+00	0.000000e+00	0.000000e+00	0.000000e+00	0.000000e+00	0.000000e+00	0.000000e+00	0.000000e+00	0.000000e+00	0.000000e+00	0.000000e+00	0.000000e+00	0.000000e+00	0.000000e+00	0.000000e+00	0.000000e+00	0.000000e+00	0.000000e+00	0.000000e+00	0.000000e+00	0.000000e+00	0.000000e+00	0.000000e+00	0.000000e+00	0.000000e+00	0.000000e+00	0.000000e+00	0.000000e+00	0.000000e+00	0.000000e+00	
549.820889	531.408683	568.233095	707.427429	1.690464e+06	4.686027e-35	0.000000e+00	5.109903e-15	4.441849e-21	0.000000e+00	0.000000e+00	8.445821e-03	1.132567e-35	1.045175e-03	2.909949e-18	1.242096e-32	3.583378e-27	1.923374e-44	1.202722e-69	0.000000e+00	2.718799e-30	1.718931e-38	1.616256e-56	9.747418e-52	5.607093e-11	4.973397e-03	2.021558e-15	0.000000e+00	0.000000e+00	0.000000e+00	3.863649e-63	2.096576e-23	0.000000e+00	1.767152e-15	0.000000e+00	0.000000e+00	0.000000e+00	0.000000e+00	0.000000e+00	0.000000e+00	0.000000e+00	1.607783e-15	6.260344e-35	7.169616e-36	1.107685e-22	2.018937e-17	1.336443e-22	9.425544e-22	5.940189e-37	2.273219e-04	7.555640e-14	0.000000e+00	0.000000e+00	4.867751e-16	2.164867e-25	0.000000e+00	4.813039e-12	8.420022e-01	3.305852e-37	6.032515e-05	0.000000e+00	6.248887e-30	3.486530e-44	4.673654e-31	5.027449e-16	5.170349e-24	0.000000e+00	0.000000e+00	8.133920e-39	0.000000e+00	0.000000e+00	0.000000e+00	0.000000e+00	0.000000e+00	0.000000e+00	0.000000e+00	5.490898e-19	3.347004e-38	0.000000e+00	0.000000e+00	0.000000e+00	0.000000e+00	0.000000e+00	0.000000e+00	0.000000e+00	0.000000e+00	0.000000e+00	0.000000e+00	0.000000e+00	0.000000e+00	0.000000e+00	0.000000e+00	0.000000e+00	0.000000e+00	0.000000e+00	0.000000e+00	0.000000e+00	0.000000e+00	0.000000e+00	0.000000e+00	0.000000e+00	0.000000e+00	0.000000e+00	0.000000e+00	0.000000e+00	0.000000e+00	0.000000e+00	0.000000e+00	0.000000e+00	0.000000e+00	0.000000e+00	0.000000e+00	0.000000e+00	0.000000e+00	0.000000e+00	0.000000e+00	0.000000e+00	0.000000e+00	0.000000e+00	0.000000e+00	
586.117748	568.233095	604.002400	687.556927	1.387280e+06	4.523890e-36	0.000000e+00	1.830617e-15	1.150625e-21	0.000000e+00	0.000000e+00	8.445419e-03	1.044346e-36	1.060458e-03	9.631058e-19	2.026907e-33	6.653753e-28	1.366298e-45	1.978317e-71	0.000000e+00	4.427833e-31	1.956749e-39	6.944398e-58	2.399575e-53	2.655850e-11	4.973289e-03	8.377651e-16	0.000000e+00	0.000000e+00	0.000000e+00	4.003727e-65	4.060038e-24	0.000000e+00	7.160045e-16	0.000000e+00	0.000000e+00	0.000000e+00	0.000000e+00	0.000000e+00	0.000000e+00	0.000000e+00	5.927121e-16	5.547021e-36	7.234109e-37	2.870091e-23	9.896930e-18	3.983395e-23	3.699201e-22	1.089802e-37	2.273187e-04	3.627558e-14	0.000000e+00	0.000000e+00	2.318652e-16	4.350080e-26	0.000000e+00	2.727411e-12	8.419963e-01	3.269602e-38	5.267977e-05	0.000000e+00	8.665015e-31	1.476723e-45	5.212972e-32	1.754340e-16	1.029121e-24	0.000000e+00	0.000000e+00	4.868974e-40	0.000000e+00	0.000000e+00	0.000000e+00	0.000000e+00	0.000000e+00	0.000000e+00	0.000000e+00	1.924118e-19	7.978085e-39	0.000000e+00	0.000000e+00	0.000000e+00	0.000000e+00	0.000000e+00	0.000000e+00	0.000000e+00	0.000000e+00	0.000000e+00	0.000000e+00	0.000000e+00	0.000000e+00	0.000000e+00	0.000000e+00	0.000000e+00	0.000000e+00	0.000000e+00	0.000000e+00	0.000000e+00	0.000000e+00	0.000000e+00	0.000000e+00	0.000000e+00	0.000000e+00	0.000000e+00	0.000000e+00	0.000000e+00	0.000000e+00	0.000000e+00	0.000000e+00	0.000000e+00	0.000000e+00	0.000000e+00	0.000000e+00	0.000000e+00	0.000000e+00	0.000000e+00	0.000000e+00	0.000000e+00	0.000000e+00	0.000000e+00	0.000000e+00	
621.335339	604.002400	638.668278	666.547899	1.138472e+06	3.302357e-37	0.000000e+00	5.793331e-16	2.540275e-22	0.000000e+00	0.000000e+00	8.446105e-03	7.172986e-38	1.078828e-03	2.792874e-19	2.602247e-34	9.947834e-29	7.032051e-47	2.008001e-73	0.000000e+00	5.784582e-32	1.719338e-40	2.069898e-59	3.756401e-55	1.110144e-11	4.973576e-03	3.084899e-16	0.000000e+00	0.000000e+00	0.000000e+00	2.346868e-67	6.286654e-25	0.000000e+00	2.571474e-16	0.000000e+00	0.000000e+00	0.000000e+00	0.000000e+00	0.000000e+00	0.000000e+00	0.000000e+00	1.877599e-16	3.566532e-37	5.381494e-38	6.269652e-24	4.390005e-18	1.017082e-23	1.283348e-22	1.626651e-38	2.273311e-04	1.588824e-14	0.000000e+00	0.000000e+00	9.760895e-17	7.013301e-27	0.000000e+00	1.392619e-12	8.419786e-01	2.452690e-39	4.352505e-05	0.000000e+00	9.461557e-32	4.268776e-47	4.464921e-33	5.391077e-17	1.660198e-25	0.000000e+00	0.000000e+00	2.023583e-41	0.000000e+00	0.000000e+00	0.000000e+00	0.000000e+00	0.000000e+00	0.000000e+00	0.000000e+00	5.765847e-20	1.630515e-39	0.000000e+00	0.000000e+00	0.000000e+00	0.000000e+00	0.000000e+00	0.000000e+00	0.000000e+00	0.000000e+00	0.000000e+00	0.000000e+00	0.000000e+00	0.000000e+00	0.000000e+00	0.000000e+00	0.000000e+00	0.000000e+00	0.000000e+00	0.000000e+00	0.000000e+00	0.000000e+00	0.000000e+00	0.000000e+00	0.000000e+00	0.000000e+00	0.000000e+00	0.000000e+00	0.000000e+00	0.000000e+00	0.000000e+00	0.000000e+00	0.000000e+00	0.000000e+00	0.000000e+00	0.000000e+00	0.000000e+00	0.000000e+00	0.000000e+00	0.000000e+00	0.000000e+00	0.000000e+00	0.000000e+00	0.000000e+00	
655.425133	638.668278	672.181987	644.390603	9.342870e+05	1.747596e-38	0.000000e+00	1.589817e-16	4.665438e-23	0.000000e+00	0.000000e+00	8.446126e-03	3.504212e-39	1.098675e-03	6.942508e-20	2.525568e-35	1.156761e-29	2.492791e-48	1.167013e-75	0.000000e+00	5.852327e-33	1.119177e-41	4.042031e-61	3.493106e-57	4.018080e-12	4.973407e-03	9.913245e-17	0.000000e+00	0.000000e+00	0.000000e+00	7.141569e-70	7.525469e-26	0.000000e+00	8.037435e-17	0.000000e+00	0.000000e+00	0.000000e+00	0.000000e+00	0.000000e+00	0.000000e+00	0.000000e+00	4.986110e-17	1.582472e-38	2.813674e-39	1.125395e-24	1.735592e-18	2.173021e-24	3.862194e-23	1.914290e-39	2.273396e-04	6.260823e-15	0.000000e+00	0.000000e+00	3.564062e-17	8.775558e-28	0.000000e+00	6.305638e-13	8.419655e-01	1.338264e-40	3.361507e-05	0.000000e+00	7.833262e-33	7.950806e-49	2.821906e-34	1.431108e-17	2.102716e-26	0.000000e+00	0.000000e+00	5.526521e-43	0.000000e+00	0.000000e+00	0.000000e+00	0.000000e+00	0.000000e+00	0.000000e+00	0.000000e+00	1.440206e-20	2.790816e-40	0.000000e+00	0.000000e+00	0.000000e+00	0.000000e+00	0.000000e+00	0.000000e+00	0.000000e+00	0.000000e+00	0.000000e+00	0.000000e+00	0.000000e+00	0.000000e+00	0.000000e+00	0.000000e+00	0.000000e+00	0.000000e+00	0.000000e+00	0.000000e+00	0.000000e+00	0.000000e+00	0.000000e+00	0.000000e+00	0.000000e+00	0.000000e+00	0.000000e+00	0.000000e+00	0.000000e+00	0.000000e+00	0.000000e+00	0.000000e+00	0.000000e+00	0.000000e+00	0.000000e+00	0.000000e+00	0.000000e+00	0.000000e+00	0.000000e+00	0.000000e+00	0.000000e+00	0.000000e+00	0.000000e+00	0.000000e+00	
688.343477	672.181987	704.504967	621.292987	7.667228e+05	6.591314e-40	0.000000e+00	3.754664e-17	7.059080e-24	0.000000e+00	0.000000e+00	8.446316e-03	1.193252e-40	1.117745e-03	1.463988e-20	1.819009e-36	1.030434e-30	5.957236e-50	3.765162e-78	0.000000e+00	4.514816e-34	5.303541e-43	5.049904e-63	1.876891e-59	1.250472e-12	4.973712e-03	2.761397e-17	0.000000e+00	0.000000e+00	0.000000e+00	1.089881e-72	6.874638e-27	0.000000e+00	2.171682e-17	0.000000e+00	0.000000e+00	0.000000e+00	0.000000e+00	0.000000e+00	0.000000e+00	0.000000e+00	1.097914e-17	4.741933e-40	1.013445e-40	1.642594e-25	6.078811e-19	3.848975e-25	1.001287e-23	1.755542e-40	2.273348e-04	2.207077e-15	0.000000e+00	0.000000e+00	1.121197e-17	8.410796e-29	0.000000e+00	2.518292e-13	8.419542e-01	5.223537e-42	2.408858e-05	0.000000e+00	4.834622e-34	9.321158e-51	1.295049e-35	3.256829e-18	2.065166e-27	0.000000e+00	0.000000e+00	9.703869e-45	0.000000e+00	0.000000e+00	0.000000e+00	0.000000e+00	0.000000e+00	0.000000e+00	0.000000e+00	2.965997e-21	3.969075e-41	0.000000e+00	0.000000e+00	0.000000e+00	0.000000e+00	0.000000e+00	0.000000e+00	0.000000e+00	0.000000e+00	0.000000e+00	0.000000e+00	0.000000e+00	0.000000e+00	0.000000e+00	0.000000e+00	0.000000e+00	0.000000e+00	0.000000e+00	0.000000e+00	0.000000e+00	0.000000e+00	0.000000e+00	0.000000e+00	0.000000e+00	0.000000e+00	0.000000e+00	0.000000e+00	0.000000e+00	0.000000e+00	0.000000e+00	0.000000e+00	0.000000e+00	0.000000e+00	0.000000e+00	0.000000e+00	0.000000e+00	0.000000e+00	0.000000e+00	0.000000e+00	0.000000e+00	0.000000e+00	0.000000e+00	0.000000e+00	
720.060921	704.504967	735.616875	597.761355	6.292112e+05	1.788066e-41	0.000000e+00	7.662818e-18	8.844906e-25	0.000000e+00	0.000000e+00	8.446210e-03	2.854999e-42	1.133931e-03	2.625392e-21	9.772499e-38	7.071490e-32	9.686251e-52	6.843492e-81	0.000000e+00	2.671012e-35	1.842974e-44	4.080919e-65	5.912435e-62	3.360789e-13	4.973708e-03	6.694394e-18	0.000000e+00	0.000000e+00	0.000000e+00	8.496115e-76	4.828782e-28	0.000000e+00	5.092876e-18	0.000000e+00	0.000000e+00	0.000000e+00	0.000000e+00	0.000000e+00	0.000000e+00	0.000000e+00	2.011840e-18	9.680935e-42	2.537053e-42	1.960611e-26	1.892986e-19	5.681881e-26	2.246584e-24	1.264192e-41	2.273315e-04	6.981815e-16	0.000000e+00	0.000000e+00	3.053118e-18	6.220300e-30	0.000000e+00	8.906261e-14	8.419461e-01	1.471858e-43	1.600013e-05	0.000000e+00	2.237972e-35	6.962441e-53	4.352001e-37	6.379378e-19	1.583845e-28	0.000000e+00	0.000000e+00	1.108513e-46	0.000000e+00	0.000000e+00	0.000000e+00	0.000000e+00	0.000000e+00	0.000000e+00	0.000000e+00	5.056422e-22	4.720860e-42	0.000000e+00	0.000000e+00	0.000000e+00	0.000000e+00	0.000000e+00	0.000000e+00	0.000000e+00	0.000000e+00	0.000000e+00	0.000000e+00	0.000000e+00	0.000000e+00	0.000000e+00	0.000000e+00	0.000000e+00	0.000000e+00	0.000000e+00	0.000000e+00	0.000000e+00	0.000000e+00	0.000000e+00	0.000000e+00	0.000000e+00	0.000000e+00	0.000000e+00	0.000000e+00	0.000000e+00	0.000000e+00	0.000000e+00	0.000000e+00	0.000000e+00	0.000000e+00	0.000000e+00	0.000000e+00	0.000000e+00	0.000000e+00	0.000000e+00	0.000000e+00	0.000000e+00	0.000000e+00	0.000000e+00	0.000000e+00	
750.568629	735.616875	765.520384	574.292181	5.163623e+05	3.603501e-43	0.000000e+00	1.370962e-18	9.349112e-26	0.000000e+00	0.000000e+00	8.446735e-03	4.963175e-44	1.146127e-03	4.062640e-22	4.025736e-39	3.833042e-33	1.112371e-53	7.413313e-84	0.000000e+00	1.242807e-36	4.840437e-46	2.226677e-67	1.150313e-64	7.919803e-14	4.973743e-03	1.432609e-18	0.000000e+00	0.000000e+00	0.000000e+00	3.613389e-79	2.678045e-29	0.000000e+00	1.051748e-18	0.000000e+00	0.000000e+00	0.000000e+00	0.000000e+00	0.000000e+00	0.000000e+00	0.000000e+00	3.122464e-19	1.396884e-43	4.574804e-44	1.951979e-27	5.303924e-20	7.119131e-27	4.429308e-25	7.331385e-43	2.273418e-04	2.003117e-16	0.000000e+00	0.000000e+00	7.308568e-19	3.642625e-31	0.000000e+00	2.826669e-14	8.419375e-01	3.092138e-45	9.910281e-06	0.000000e+00	7.982169e-37	3.462103e-55	1.103954e-38	1.091470e-19	9.723237e-30	0.000000e+00	0.000000e+00	8.595579e-49	0.000000e+00	0.000000e+00	0.000000e+00	0.000000e+00	0.000000e+00	0.000000e+00	0.000000e+00	7.270090e-23	4.791030e-43	0.000000e+00	0.000000e+00	0.000000e+00	0.000000e+00	0.000000e+00	0.000000e+00	0.000000e+00	0.000000e+00	0.000000e+00	0.000000e+00	0.000000e+00	0.000000e+00	0.000000e+00	0.000000e+00	0.000000e+00	0.000000e+00	0.000000e+00	0.000000e+00	0.000000e+00	0.000000e+00	0.000000e+00	0.000000e+00	0.000000e+00	0.000000e+00	0.000000e+00	0.000000e+00	0.000000e+00	0.000000e+00	0.000000e+00	0.000000e+00	0.000000e+00	0.000000e+00	0.000000e+00	0.000000e+00	0.000000e+00	0.000000e+00	0.000000e+00	0.000000e+00	0.000000e+00	0.000000e+00	0.000000e+00	0.000000e+00	
779.879947	765.520384	794.239511	551.229610	4.237528e+05	5.643040e-45	0.000000e+00	2.193721e-19	8.552741e-27	0.000000e+00	0.000000e+00	8.446653e-03	6.578324e-46	1.154404e-03	5.544270e-23	1.324257e-40	1.700774e-34	9.511590e-56	5.178731e-87	0.000000e+00	4.715996e-38	1.002803e-47	8.710727e-70	1.486701e-67	1.670416e-14	4.973835e-03	2.758998e-19	0.000000e+00	0.000000e+00	0.000000e+00	9.191303e-83	1.216470e-30	0.000000e+00	1.951072e-19	0.000000e+00	0.000000e+00	0.000000e+00	0.000000e+00	0.000000e+00	0.000000e+00	0.000000e+00	4.211307e-20	1.501360e-45	6.249652e-46	1.666144e-28	1.358938e-20	7.762136e-28	7.830108e-26	3.541604e-44	2.273463e-04	5.289656e-17	0.000000e+00	0.000000e+00	1.569953e-19	1.750498e-32	0.000000e+00	8.192541e-15	8.419305e-01	5.063488e-47	5.786143e-06	0.000000e+00	2.281045e-38	1.218606e-57	2.205583e-40	1.664934e-20	4.943718e-31	0.000000e+00	0.000000e+00	4.799558e-51	0.000000e+00	0.000000e+00	0.000000e+00	0.000000e+00	0.000000e+00	0.000000e+00	0.000000e+00	9.053385e-24	4.257310e-44	0.000000e+00	0.000000e+00	0.000000e+00	0.000000e+00	0.000000e+00	0.000000e+00	0.000000e+00	0.000000e+00	0.000000e+00	0.000000e+00	0.000000e+00	0.000000e+00	0.000000e+00	0.000000e+00	0.000000e+00	0.000000e+00	0.000000e+00	0.000000e+00	0.000000e+00	0.000000e+00	0.000000e+00	0.000000e+00	0.000000e+00	0.000000e+00	0.000000e+00	0.000000e+00	0.000000e+00	0.000000e+00	0.000000e+00	0.000000e+00	0.000000e+00	0.000000e+00	0.000000e+00	0.000000e+00	0.000000e+00	0.000000e+00	0.000000e+00	0.000000e+00	0.000000e+00	0.000000e+00	0.000000e+00	0.000000e+00	
808.026985	794.239511	821.814460	528.951393	3.477529e+05	7.208344e-47	0.000000e+00	3.207775e-20	6.962523e-28	0.000000e+00	0.000000e+00	8.446656e-03	7.004733e-48	1.159495e-03	6.834696e-24	3.637611e-42	6.424238e-36	6.415150e-58	2.542021e-90	0.000000e+00	1.518548e-39	1.717249e-49	2.608735e-72	1.380400e-70	3.224214e-15	4.973739e-03	4.882488e-20	0.000000e+00	0.000000e+00	0.000000e+00	1.543467e-86	4.706632e-32	0.000000e+00	3.320872e-20	0.000000e+00	0.000000e+00	0.000000e+00	0.000000e+00	0.000000e+00	0.000000e+00	0.000000e+00	5.075631e-21	1.272362e-47	6.832755e-48	1.255930e-29	3.240162e-21	7.566973e-29	1.268908e-26	1.478686e-45	2.273417e-04	1.306306e-17	0.000000e+00	0.000000e+00	3.094313e-20	7.173589e-34	0.000000e+00	2.209954e-15	8.419271e-01	6.782504e-49	3.224657e-06	0.000000e+00	5.449759e-40	3.243384e-60	3.632779e-42	2.314667e-21	2.159832e-32	0.000000e+00	0.000000e+00	2.056145e-53	0.000000e+00	0.000000e+00	0.000000e+00	0.000000e+00	0.000000e+00	0.000000e+00	0.000000e+00	1.005345e-24	3.407840e-45	0.000000e+00	0.000000e+00	0.000000e+00	0.000000e+00	0.000000e+00	0.000000e+00	0.000000e+00	0.000000e+00	0.000000e+00	0.000000e+00	0.000000e+00	0.000000e+00	0.000000e+00	0.000000e+00	0.000000e+00	0.000000e+00	0.000000e+00	0.000000e+00	0.000000e+00	0.000000e+00	0.000000e+00	0.000000e+00	0.000000e+00	0.000000e+00	0.000000e+00	0.000000e+00	0.000000e+00	0.000000e+00	0.000000e+00	0.000000e+00	0.000000e+00	0.000000e+00	0.000000e+00	0.000000e+00	0.000000e+00	0.000000e+00	0.000000e+00	0.000000e+00	0.000000e+00	0.000000e+00	0.000000e+00	0.000000e+00	
835.055484	821.814460	848.296509	507.746225	2.853835e+05	7.845531e-49	0.000000e+00	4.370104e-21	5.171047e-29	0.000000e+00	0.000000e+00	8.446763e-03	6.283065e-50	1.162511e-03	7.779716e-25	8.691568e-44	2.140277e-37	3.595074e-60	1.882680e-90	0.000000e+00	4.301236e-41	2.535600e-51	6.344886e-75	9.881508e-74	5.810363e-16	4.973933e-03	8.090231e-21	0.000000e+00	0.000000e+00	0.000000e+00	1.882680e-90	1.607148e-33	0.000000e+00	5.287281e-21	0.000000e+00	0.000000e+00	0.000000e+00	0.000000e+00	0.000000e+00	0.000000e+00	0.000000e+00	5.608255e-22	8.953295e-50	6.282973e-50	8.586756e-31	7.304637e-22	6.758082e-30	1.922690e-27	5.514668e-47	2.273407e-04	3.060599e-18	0.000000e+00	0.000000e+00	5.709210e-21	2.595545e-35	0.000000e+00	5.643594e-16	8.419247e-01	7.759874e-51	1.736021e-06	0.000000e+00	1.131447e-41	6.927852e-63	5.140491e-44	2.991869e-22	8.381101e-34	0.000000e+00	0.000000e+00	7.156734e-56	0.000000e+00	0.000000e+00	0.000000e+00	0.000000e+00	0.000000e+00	0.000000e+00	0.000000e+00	1.022324e-25	2.519940e-46	0.000000e+00	0.000000e+00	0.000000e+00	0.000000e+00	0.000000e+00	0.000000e+00	0.000000e+00	0.000000e+00	0.000000e+00	0.000000e+00	0.000000e+00	0.000000e+00	0.000000e+00	0.000000e+00	0.000000e+00	0.000000e+00	0.000000e+00	0.000000e+00	0.000000e+00	0.000000e+00	0.000000e+00	0.000000e+00	0.000000e+00	0.000000e+00	0.000000e+00	0.000000e+00	0.000000e+00	0.000000e+00	0.000000e+00	0.000000e+00	0.000000e+00	0.000000e+00	0.000000e+00	0.000000e+00	0.000000e+00	0.000000e+00	0.000000e+00	0.000000e+00	0.000000e+00	0.000000e+00	0.000000e+00	0.000000e+00	
861.016282	848.296509	873.736056	487.561837	2.342000e+05	7.286956e-51	0.000000e+00	5.550742e-22	3.506865e-30	0.000000e+00	0.000000e+00	8.446843e-03	4.758652e-52	1.164154e-03	8.187587e-26	1.812070e-45	6.302221e-39	1.678575e-62	1.882676e-90	0.000000e+00	1.073865e-42	3.236014e-53	1.257145e-77	5.466859e-77	9.785795e-17	4.974059e-03	1.256206e-21	0.000000e+00	0.000000e+00	0.000000e+00	1.882676e-90	4.850522e-35	0.000000e+00	7.880657e-22	0.000000e+00	0.000000e+00	0.000000e+00	0.000000e+00	0.000000e+00	0.000000e+00	0.000000e+00	5.691456e-23	5.244635e-52	4.873007e-52	5.330153e-32	1.558202e-22	5.534970e-31	2.726859e-28	1.840160e-48	2.273466e-04	6.806887e-19	0.000000e+00	0.000000e+00	9.872568e-22	8.303494e-37	0.000000e+00	1.365792e-16	8.419239e-01	7.595170e-53	9.046784e-07	0.000000e+00	2.045348e-43	1.189945e-65	6.257876e-46	3.597900e-23	2.892545e-35	0.000000e+00	0.000000e+00	2.028193e-58	0.000000e+00	0.000000e+00	0.000000e+00	0.000000e+00	0.000000e+00	0.000000e+00	0.000000e+00	9.539030e-27	1.724182e-47	0.000000e+00	0.000000e+00	0.000000e+00	0.000000e+00	0.000000e+00	0.000000e+00	0.000000e+00	0.000000e+00	0.000000e+00	0.000000e+00	0.000000e+00	0.000000e+00	0.000000e+00	0.000000e+00	0.000000e+00	0.000000e+00	0.000000e+00	0.000000e+00	0.000000e+00	0.000000e+00	0.000000e+00	0.000000e+00	0.000000e+00	0.000000e+00	0.000000e+00	0.000000e+00	0.000000e+00	0.000000e+00	0.000000e+00	0.000000e+00	0.000000e+00	0.000000e+00	0.000000e+00	0.000000e+00	0.000000e+00	0.000000e+00	0.000000e+00	0.000000e+00	0.000000e+00	0.000000e+00	0.000000e+00	0.000000e+00	
885.954974	873.736056	898.173893	468.066899	1.921963e+05	5.561843e-53	0.000000e+00	6.464312e-23	2.125235e-31	0.000000e+00	0.000000e+00	8.446805e-03	2.925570e-54	1.165074e-03	7.827420e-27	3.194894e-47	1.593715e-40	6.255644e-65	1.882670e-90	0.000000e+00	2.294892e-44	3.449257e-55	1.932901e-80	2.198770e-80	1.515099e-17	4.973762e-03	1.799279e-22	0.000000e+00	0.000000e+00	0.000000e+00	1.882670e-90	1.255882e-36	0.000000e+00	1.082069e-22	0.000000e+00	0.000000e+00	0.000000e+00	0.000000e+00	0.000000e+00	0.000000e+00	0.000000e+00	5.200868e-24	2.450119e-54	3.061970e-54	2.935510e-33	3.103232e-23	4.071525e-32	3.561373e-29	5.346058e-50	2.273454e-04	1.419279e-19	0.000000e+00	0.000000e+00	1.574387e-22	2.280374e-38	0.000000e+00	3.090352e-17	8.419242e-01	6.127222e-55	4.534162e-07	0.000000e+00	3.118010e-45	1.560721e-68	6.324028e-48	3.956775e-24	8.632547e-37	0.000000e+00	0.000000e+00	4.455708e-61	0.000000e+00	0.000000e+00	0.000000e+00	0.000000e+00	0.000000e+00	0.000000e+00	0.000000e+00	8.003168e-28	1.070111e-48	0.000000e+00	0.000000e+00	0.000000e+00	0.000000e+00	0.000000e+00	0.000000e+00	0.000000e+00	0.000000e+00	0.000000e+00	0.000000e+00	0.000000e+00	0.000000e+00	0.000000e+00	0.000000e+00	0.000000e+00	0.000000e+00	0.000000e+00	0.000000e+00	0.000000e+00	0.000000e+00	0.000000e+00	0.000000e+00	0.000000e+00	0.000000e+00	0.000000e+00	0.000000e+00	0.000000e+00	0.000000e+00	0.000000e+00	0.000000e+00	0.000000e+00	0.000000e+00	0.000000e+00	0.000000e+00	0.000000e+00	0.000000e+00	0.000000e+00	0.000000e+00	0.000000e+00	0.000000e+00	0.000000e+00	0.000000e+00	
909.910930	898.173893	921.647966	449.188443	1.577259e+05	3.424211e-55	0.000000e+00	6.845866e-24	1.138717e-32	0.000000e+00	0.000000e+00	8.446729e-03	1.431930e-56	1.165562e-03	6.738028e-28	4.692616e-49	3.413067e-42	1.822328e-67	1.882660e-90	0.000000e+00	4.138143e-46	3.020068e-57	2.252543e-83	6.238819e-84	2.140062e-18	4.973761e-03	2.359753e-23	0.000000e+00	0.000000e+00	0.000000e+00	1.882660e-90	2.750675e-38	0.000000e+00	1.358679e-23	0.000000e+00	0.000000e+00	0.000000e+00	0.000000e+00	0.000000e+00	0.000000e+00	0.000000e+00	4.239907e-25	8.940166e-57	1.529090e-56	1.418304e-34	5.733657e-24	2.663051e-33	4.250868e-30	1.334976e-51	2.273503e-04	2.757662e-20	0.000000e+00	0.000000e+00	2.298711e-23	5.300787e-40	0.000000e+00	6.498737e-18	8.419247e-01	4.000330e-57	2.179344e-07	0.000000e+00	3.945453e-47	1.523896e-71	5.213391e-50	3.946573e-25	2.197977e-38	0.000000e+00	0.000000e+00	7.410563e-64	0.000000e+00	0.000000e+00	0.000000e+00	0.000000e+00	0.000000e+00	0.000000e+00	0.000000e+00	5.981453e-29	5.971179e-50	0.000000e+00	0.000000e+00	0.000000e+00	0.000000e+00	0.000000e+00	0.000000e+00	0.000000e+00	0.000000e+00	0.000000e+00	0.000000e+00	0.000000e+00	0.000000e+00	0.000000e+00	0.000000e+00	0.000000e+00	0.000000e+00	0.000000e+00	0.000000e+00	0.000000e+00	0.000000e+00	0.000000e+00	0.000000e+00	0.000000e+00	0.000000e+00	0.000000e+00	0.000000e+00	0.000000e+00	0.000000e+00	0.000000e+00	0.000000e+00	0.000000e+00	0.000000e+00	0.000000e+00	0.000000e+00	0.000000e+00	0.000000e+00	0.000000e+00	0.000000e+00	0.000000e+00	0.000000e+00	0.000000e+00	0.000000e+00	
932.929571	921.647966	944.211176	431.254373	1.294378e+05	1.869507e-57	0.000000e+00	6.875581e-25	5.695025e-34	0.000000e+00	0.000000e+00	8.446954e-03	6.171853e-59	1.165763e-03	5.467445e-29	6.242773e-51	6.669789e-44	4.634436e-70	1.882675e-90	0.000000e+00	6.792482e-48	2.374490e-59	2.255390e-86	1.455798e-87	2.877824e-19	4.973924e-03	2.950088e-24	0.000000e+00	0.000000e+00	0.000000e+00	1.882675e-90	5.498524e-40	0.000000e+00	1.625355e-24	0.000000e+00	0.000000e+00	0.000000e+00	0.000000e+00	0.000000e+00	0.000000e+00	0.000000e+00	3.250207e-26	2.843581e-59	6.738157e-59	6.369446e-36	1.016697e-24	1.632288e-34	4.836452e-31	3.074214e-53	2.273483e-04	5.150701e-21	0.000000e+00	0.000000e+00	3.205276e-24	1.123844e-41	0.000000e+00	1.316342e-18	8.419232e-01	2.321638e-59	1.025946e-07	0.000000e+00	4.498080e-49	1.260664e-74	3.834054e-52	3.727270e-26	5.127858e-40	0.000000e+00	0.000000e+00	1.055945e-66	0.000000e+00	0.000000e+00	0.000000e+00	0.000000e+00	0.000000e+00	0.000000e+00	0.000000e+00	4.205018e-30	3.157954e-51	0.000000e+00	0.000000e+00	0.000000e+00	0.000000e+00	0.000000e+00	0.000000e+00	0.000000e+00	0.000000e+00	0.000000e+00	0.000000e+00	0.000000e+00	0.000000e+00	0.000000e+00	0.000000e+00	0.000000e+00	0.000000e+00	0.000000e+00	0.000000e+00	0.000000e+00	0.000000e+00	0.000000e+00	0.000000e+00	0.000000e+00	0.000000e+00	0.000000e+00	0.000000e+00	0.000000e+00	0.000000e+00	0.000000e+00	0.000000e+00	0.000000e+00	0.000000e+00	0.000000e+00	0.000000e+00	0.000000e+00	0.000000e+00	0.000000e+00	0.000000e+00	0.000000e+00	0.000000e+00	0.000000e+00	0.000000e+00	
955.073272	944.211176	965.935367	414.981779	1.062232e+05	1.051428e-59	0.000000e+00	6.998625e-26	2.896425e-35	0.000000e+00	0.000000e+00	8.446952e-03	2.747496e-61	1.165944e-03	4.496709e-30	8.577332e-53	1.337707e-45	1.224498e-72	1.882714e-90	0.000000e+00	1.143879e-49	1.928359e-61	2.362879e-89	1.882714e-90	3.938006e-20	4.973978e-03	3.744521e-25	0.000000e+00	0.000000e+00	0.000000e+00	1.882714e-90	1.130412e-41	0.000000e+00	1.975522e-25	0.000000e+00	0.000000e+00	0.000000e+00	0.000000e+00	0.000000e+00	0.000000e+00	0.000000e+00	2.544252e-27	9.376352e-62	3.088242e-61	2.913696e-37	1.825501e-25	1.018622e-35	5.601867e-32	7.287906e-55	2.273556e-04	9.715451e-22	0.000000e+00	0.000000e+00	4.558137e-25	2.445143e-43	0.000000e+00	2.713965e-19	8.419200e-01	1.388900e-61	4.886548e-08	0.000000e+00	5.260299e-51	1.084486e-77	2.898015e-54	3.568070e-27	1.226518e-41	0.000000e+00	0.000000e+00	1.567175e-69	0.000000e+00	0.000000e+00	0.000000e+00	0.000000e+00	0.000000e+00	0.000000e+00	0.000000e+00	3.026944e-31	1.717362e-52	0.000000e+00	0.000000e+00	0.000000e+00	0.000000e+00	0.000000e+00	0.000000e+00	0.000000e+00	0.000000e+00	0.000000e+00	0.000000e+00	0.000000e+00	0.000000e+00	0.000000e+00	0.000000e+00	0.000000e+00	0.000000e+00	0.000000e+00	0.000000e+00	0.000000e+00	0.000000e+00	0.000000e+00	0.000000e+00	0.000000e+00	0.000000e+00	0.000000e+00	0.000000e+00	0.000000e+00	0.000000e+00	0.000000e+00	0.000000e+00	0.000000e+00	0.000000e+00	0.000000e+00	0.000000e+00	0.000000e+00	0.000000e+00	0.000000e+00	0.000000e+00	0.000000e+00	0.000000e+00	0.000000e+00	0.000000e+00	
976.410181	965.935367	986.884995	400.465575	8.717206e+04	6.107707e-62	0.000000e+00	7.228695e-27	1.500294e-36	0.000000e+00	0.000000e+00	8.446365e-03	1.266674e-63	1.165894e-03	3.752940e-31	1.219393e-54	2.758683e-47	3.370802e-75	1.882647e-90	0.000000e+00	1.980128e-51	1.621101e-63	1.882647e-90	1.882647e-90	5.489394e-21	4.973685e-03	4.830458e-26	0.000000e+00	0.000000e+00	0.000000e+00	1.882647e-90	2.394888e-43	0.000000e+00	2.442085e-26	0.000000e+00	0.000000e+00	0.000000e+00	0.000000e+00	0.000000e+00	0.000000e+00	0.000000e+00	2.036228e-28	3.214546e-64	1.475957e-63	1.359825e-38	3.321561e-26	6.480533e-37	6.611378e-33	1.781461e-56	2.273539e-04	1.852198e-22	0.000000e+00	0.000000e+00	6.616638e-26	5.470206e-45	0.000000e+00	5.699680e-20	8.419261e-01	8.587014e-64	2.355171e-08	0.000000e+00	6.324153e-53	9.737491e-81	2.257166e-56	3.466358e-28	3.013506e-43	0.000000e+00	0.000000e+00	2.430971e-72	0.000000e+00	0.000000e+00	0.000000e+00	0.000000e+00	0.000000e+00	0.000000e+00	0.000000e+00	2.233657e-32	9.612097e-54	0.000000e+00	0.000000e+00	0.000000e+00	0.000000e+00	0.000000e+00	0.000000e+00	0.000000e+00	0.000000e+00	0.000000e+00	0.000000e+00	0.000000e+00	0.000000e+00	0.000000e+00	0.000000e+00	0.000000e+00	0.000000e+00	0.000000e+00	0.000000e+00	0.000000e+00	0.000000e+00	0.000000e+00	0.000000e+00	0.000000e+00	0.000000e+00	0.000000e+00	0.000000e+00	0.000000e+00	0.000000e+00	0.000000e+00	0.000000e+00	0.000000e+00	0.000000e+00	0.000000e+00	0.000000e+00	0.000000e+00	0.000000e+00	0.000000e+00	0.000000e+00	0.000000e+00	0.000000e+00	0.000000e+00	0.000000e+00	
996.986544	986.884995	1007.088093	386.520169	7.153777e+04	2.936811e-64	0.000000e+00	6.867455e-28	6.973557e-38	0.000000e+00	0.000000e+00	8.446852e-03	4.781789e-66	1.165963e-03	2.856661e-32	1.481138e-56	4.923040e-49	7.486584e-78	1.882700e-90	0.000000e+00	2.955776e-53	1.148891e-65	1.882700e-90	1.882700e-90	7.071729e-22	4.973996e-03	5.773484e-27	0.000000e+00	0.000000e+00	0.000000e+00	1.882700e-90	4.387230e-45	0.000000e+00	2.794165e-27	0.000000e+00	0.000000e+00	0.000000e+00	0.000000e+00	0.000000e+00	0.000000e+00	0.000000e+00	1.477378e-29	8.879038e-67	5.781539e-66	5.656156e-40	5.661500e-27	3.720408e-38	7.222542e-34	3.822365e-58	2.273504e-04	3.318548e-23	0.000000e+00	0.000000e+00	8.910973e-27	1.057995e-46	0.000000e+00	1.125478e-20	8.419212e-01	4.409629e-66	1.097370e-08	0.000000e+00	6.456641e-55	6.740922e-84	1.469545e-58	3.090716e-29	6.446720e-45	0.000000e+00	0.000000e+00	2.954965e-75	0.000000e+00	0.000000e+00	0.000000e+00	0.000000e+00	0.000000e+00	0.000000e+00	0.000000e+00	1.493704e-33	4.920082e-55	0.000000e+00	0.000000e+00	0.000000e+00	0.000000e+00	0.000000e+00	0.000000e+00	0.000000e+00	0.000000e+00	0.000000e+00	0.000000e+00	0.000000e+00	0.000000e+00	0.000000e+00	0.000000e+00	0.000000e+00	0.000000e+00	0.000000e+00	0.000000e+00	0.000000e+00	0.000000e+00	0.000000e+00	0.000000e+00	0.000000e+00	0.000000e+00	0.000000e+00	0.000000e+00	0.000000e+00	0.000000e+00	0.000000e+00	0.000000e+00	0.000000e+00	0.000000e+00	0.000000e+00	0.000000e+00	0.000000e+00	0.000000e+00	0.000000e+00	0.000000e+00	0.000000e+00	0.000000e+00	0.000000e+00	0.000000e+00	
1016.810314	1007.088093	1026.532534	372.226997	5.870748e+04	8.384499e-67	0.000000e+00	5.180067e-29	2.404787e-39	0.000000e+00	0.000000e+00	8.447049e-03	1.039042e-68	1.165984e-03	1.688687e-33	1.153102e-58	5.867511e-51	9.137491e-81	1.882719e-90	0.000000e+00	2.921889e-55	5.043038e-68	1.882719e-90	1.882719e-90	7.275327e-23	4.974180e-03	5.563629e-28	0.000000e+00	0.000000e+00	0.000000e+00	1.882719e-90	5.342191e-47	0.000000e+00	2.568512e-28	0.000000e+00	0.000000e+00	0.000000e+00	0.000000e+00	0.000000e+00	0.000000e+00	0.000000e+00	8.113643e-31	1.347232e-69	1.293500e-68	1.712410e-41	8.037349e-28	1.604826e-39	6.323933e-35	5.655279e-60	2.273564e-04	5.010714e-24	0.000000e+00	0.000000e+00	9.651615e-28	1.364106e-48	0.000000e+00	1.853097e-21	8.419193e-01	1.354518e-68	4.615079e-09	0.000000e+00	4.201052e-57	2.283295e-87	5.841634e-61	2.174617e-30	9.369034e-47	0.000000e+00	0.000000e+00	1.827015e-78	0.000000e+00	0.000000e+00	0.000000e+00	0.000000e+00	0.000000e+00	0.000000e+00	0.000000e+00	7.523321e-35	1.930232e-56	0.000000e+00	0.000000e+00	0.000000e+00	0.000000e+00	0.000000e+00	0.000000e+00	0.000000e+00	0.000000e+00	0.000000e+00	0.000000e+00	0.000000e+00	0.000000e+00	0.000000e+00	0.000000e+00	0.000000e+00	0.000000e+00	0.000000e+00	0.000000e+00	0.000000e+00	0.000000e+00	0.000000e+00	0.000000e+00	0.000000e+00	0.000000e+00	0.000000e+00	0.000000e+00	0.000000e+00	0.000000e+00	0.000000e+00	0.000000e+00	0.000000e+00	0.000000e+00	0.000000e+00	0.000000e+00	0.000000e+00	0.000000e+00	0.000000e+00	0.000000e+00	0.000000e+00	0.000000e+00	0.000000e+00	0.000000e+00	
1035.846531	1026.532534	1045.160528	357.316411	4.817831e+04	8.755893e-70	0.000000e+00	2.503346e-30	4.662260e-41	0.000000e+00	0.000000e+00	8.446398e-03	7.775445e-72	1.165954e-03	6.132342e-35	3.792878e-61	3.204880e-53	3.506344e-84	1.882673e-90	0.000000e+00	1.302824e-57	8.762004e-71	1.882673e-90	1.882673e-90	4.838214e-24	4.973743e-03	3.533089e-29	0.000000e+00	0.000000e+00	0.000000e+00	1.882673e-90	2.950837e-49	0.000000e+00	1.544914e-29	0.000000e+00	0.000000e+00	0.000000e+00	0.000000e+00	0.000000e+00	0.000000e+00	0.000000e+00	2.597143e-32	6.429182e-73	9.785438e-72	2.808179e-43	8.008222e-29	3.984122e-41	3.602962e-36	4.067569e-62	2.273465e-04	5.437735e-25	0.000000e+00	0.000000e+00	6.840188e-29	8.030770e-51	0.000000e+00	2.140569e-22	8.419240e-01	1.542928e-71	1.588187e-09	0.000000e+00	1.146337e-59	1.882673e-90	8.966649e-64	9.687694e-32	6.448103e-49	0.000000e+00	0.000000e+00	3.061922e-82	0.000000e+00	0.000000e+00	0.000000e+00	0.000000e+00	0.000000e+00	0.000000e+00	0.000000e+00	2.184722e-36	4.503285e-58	0.000000e+00	0.000000e+00	0.000000e+00	0.000000e+00	0.000000e+00	0.000000e+00	0.000000e+00	0.000000e+00	0.000000e+00	0.000000e+00	0.000000e+00	0.000000e+00	0.000000e+00	0.000000e+00	0.000000e+00	0.000000e+00	0.000000e+00	0.000000e+00	0.000000e+00	0.000000e+00	0.000000e+00	0.000000e+00	0.000000e+00	0.000000e+00	0.000000e+00	0.000000e+00	0.000000e+00	0.000000e+00	0.000000e+00	0.000000e+00	0.000000e+00	0.000000e+00	0.000000e+00	0.000000e+00	0.000000e+00	0.000000e+00	0.000000e+00	0.000000e+00	0.000000e+00	0.000000e+00	0.000000e+00	0.000000e+00	
1054.026565	1045.160528	1062.892602	340.779221	3.953754e+04	2.192325e-73	0.000000e+00	6.428509e-32	3.990286e-43	0.000000e+00	0.000000e+00	8.446773e-03	1.280971e-75	1.166043e-03	1.114661e-36	3.680684e-64	5.788303e-56	2.606775e-88	1.882704e-90	0.000000e+00	1.877384e-60	4.091516e-74	1.882704e-90	1.882704e-90	1.735244e-25	4.974005e-03	1.242807e-30	0.000000e+00	0.000000e+00	0.000000e+00	1.882704e-90	5.316217e-52	0.000000e+00	5.096792e-31	0.000000e+00	0.000000e+00	0.000000e+00	0.000000e+00	0.000000e+00	0.000000e+00	0.000000e+00	3.870768e-34	5.942569e-77	1.592283e-75	1.928437e-45	4.831092e-30	4.517569e-43	1.117677e-37	1.053965e-64	2.273520e-04	3.692501e-26	0.000000e+00	0.000000e+00	2.662528e-30	1.555310e-53	0.000000e+00	1.499583e-23	8.419209e-01	4.299564e-75	4.120510e-10	0.000000e+00	9.106622e-63	1.882704e-90	3.563696e-67	2.255984e-33	1.537633e-51	0.000000e+00	0.000000e+00	8.049088e-87	0.000000e+00	0.000000e+00	0.000000e+00	0.000000e+00	0.000000e+00	0.000000e+00	0.000000e+00	2.911795e-38	5.047301e-60	0.000000e+00	0.000000e+00	0.000000e+00	0.000000e+00	0.000000e+00	0.000000e+00	0.000000e+00	0.000000e+00	0.000000e+00	0.000000e+00	0.000000e+00	0.000000e+00	0.000000e+00	0.000000e+00	0.000000e+00	0.000000e+00	0.000000e+00	0.000000e+00	0.000000e+00	0.000000e+00	0.000000e+00	0.000000e+00	0.000000e+00	0.000000e+00	0.000000e+00	0.000000e+00	0.000000e+00	0.000000e+00	0.000000e+00	0.000000e+00	0.000000e+00	0.000000e+00	0.000000e+00	0.000000e+00	0.000000e+00	0.000000e+00	0.000000e+00	0.000000e+00	0.000000e+00	0.000000e+00	0.000000e+00	0.000000e+00	
1071.279501	1062.892602	1079.666401	322.407818	3.244649e+04	1.130304e-77	0.000000e+00	8.202994e-34	1.381494e-45	0.000000e+00	0.000000e+00	8.446637e-03	3.958166e-80	1.165986e-03	9.411877e-39	9.317845e-68	3.081780e-59	1.882696e-90	1.882696e-90	0.000000e+00	7.768642e-64	4.486380e-78	1.882696e-90	1.882696e-90	3.158184e-27	4.974057e-03	2.280535e-32	0.000000e+00	0.000000e+00	0.000000e+00	1.882696e-90	2.786546e-55	0.000000e+00	8.681063e-33	0.000000e+00	0.000000e+00	0.000000e+00	0.000000e+00	0.000000e+00	0.000000e+00	0.000000e+00	2.489306e-36	8.952155e-82	4.768071e-80	5.056163e-48	1.676082e-31	2.155459e-45	1.778357e-39	8.891150e-68	2.273412e-04	1.492543e-27	0.000000e+00	0.000000e+00	5.379354e-32	8.829151e-57	0.000000e+00	6.085270e-25	8.419217e-01	2.525148e-79	7.868770e-11	0.000000e+00	1.846579e-66	1.882696e-90	3.174129e-71	2.563070e-35	1.138323e-54	0.000000e+00	0.000000e+00	1.882696e-90	0.000000e+00	0.000000e+00	0.000000e+00	0.000000e+00	0.000000e+00	0.000000e+00	0.000000e+00	1.652052e-40	2.543835e-62	0.000000e+00	0.000000e+00	0.000000e+00	0.000000e+00	0.000000e+00	0.000000e+00	0.000000e+00	0.000000e+00	0.000000e+00	0.000000e+00	0.000000e+00	0.000000e+00	0.000000e+00	0.000000e+00	0.000000e+00	0.000000e+00	0.000000e+00	0.000000e+00	0.000000e+00	0.000000e+00	0.000000e+00	0.000000e+00	0.000000e+00	0.000000e+00	0.000000e+00	0.000000e+00	0.000000e+00	0.000000e+00	0.000000e+00	0.000000e+00	0.000000e+00	0.000000e+00	0.000000e+00	0.000000e+00	0.000000e+00	0.000000e+00	0.000000e+00	0.000000e+00	0.000000e+00	0.000000e+00	0.000000e+00	0.000000e+00	
1087.567386	1079.666401	1095.468371	303.306553	2.662722e+04	1.466792e-82	0.000000e+00	5.686248e-36	2.170042e-48	0.000000e+00	0.000000e+00	8.446698e-03	2.843024e-85	1.165982e-03	4.064805e-41	7.395183e-72	5.682316e-63	1.882710e-90	1.882710e-90	0.000000e+00	1.086429e-67	1.401747e-82	1.882710e-90	1.882710e-90	3.207903e-29	4.974073e-03	2.384343e-34	0.000000e+00	0.000000e+00	0.000000e+00	1.882710e-90	5.016500e-59	0.000000e+00	8.356035e-35	0.000000e+00	0.000000e+00	0.000000e+00	0.000000e+00	0.000000e+00	0.000000e+00	0.000000e+00	7.761986e-39	2.779963e-87	3.303927e-85	5.724854e-51	3.602766e-33	4.846260e-48	1.595076e-41	2.856010e-71	2.273626e-04	3.837396e-29	0.000000e+00	0.000000e+00	6.214312e-34	1.727008e-60	0.000000e+00	1.553955e-26	8.419207e-01	3.817296e-84	1.163085e-11	0.000000e+00	1.137010e-70	1.882710e-90	7.656356e-76	1.556928e-37	3.053018e-58	0.000000e+00	0.000000e+00	1.882710e-90	0.000000e+00	0.000000e+00	0.000000e+00	0.000000e+00	0.000000e+00	0.000000e+00	0.000000e+00	4.510909e-43	6.523116e-65	0.000000e+00	0.000000e+00	0.000000e+00	0.000000e+00	0.000000e+00	0.000000e+00	0.000000e+00	0.000000e+00	0.000000e+00	0.000000e+00	0.000000e+00	0.000000e+00	0.000000e+00	0.000000e+00	0.000000e+00	0.000000e+00	0.000000e+00	0.000000e+00	0.000000e+00	0.000000e+00	0.000000e+00	0.000000e+00	0.000000e+00	0.000000e+00	0.000000e+00	0.000000e+00	0.000000e+00	0.000000e+00	0.000000e+00	0.000000e+00	0.000000e+00	0.000000e+00	0.000000e+00	0.000000e+00	0.000000e+00	0.000000e+00	0.000000e+00	0.000000e+00	0.000000e+00	0.000000e+00	0.000000e+00	0.000000e+00	
1102.898192	1095.468371	1110.328013	284.385107	2.185163e+04	6.597959e-88	0.000000e+00	2.467892e-38	1.857133e-51	0.000000e+00	0.000000e+00	8.446887e-03	1.882649e-90	1.165985e-03	1.047401e-43	2.446132e-76	4.673201e-67	1.882649e-90	1.882649e-90	0.000000e+00	6.638202e-72	1.688724e-87	1.882649e-90	1.882649e-90	2.104757e-31	4.973885e-03	1.629235e-36	0.000000e+00	0.000000e+00	0.000000e+00	1.882649e-90	4.018933e-63	0.000000e+00	5.229580e-37	0.000000e+00	0.000000e+00	0.000000e+00	0.000000e+00	0.000000e+00	0.000000e+00	0.000000e+00	1.404642e-41	1.882649e-90	1.882649e-90	3.403110e-54	5.383839e-35	6.134510e-51	9.314743e-44	4.442842e-75	2.273423e-04	6.969999e-31	0.000000e+00	0.000000e+00	4.747728e-36	1.500297e-64	0.000000e+00	2.826192e-28	8.419253e-01	2.039996e-89	1.431466e-12	0.000000e+00	2.803342e-75	1.882649e-90	6.766421e-81	5.849990e-40	3.780988e-62	0.000000e+00	0.000000e+00	1.882649e-90	0.000000e+00	0.000000e+00	0.000000e+00	0.000000e+00	0.000000e+00	0.000000e+00	0.000000e+00	7.145000e-46	1.021667e-67	0.000000e+00	0.000000e+00	0.000000e+00	0.000000e+00	0.000000e+00	0.000000e+00	0.000000e+00	0.000000e+00	0.000000e+00	0.000000e+00	0.000000e+00	0.000000e+00	0.000000e+00	0.000000e+00	0.000000e+00	0.000000e+00	0.000000e+00	0.000000e+00	0.000000e+00	0.000000e+00	0.000000e+00	0.000000e+00	0.000000e+00	0.000000e+00	0.000000e+00	0.000000e+00	0.000000e+00	0.000000e+00	0.000000e+00	0.000000e+00	0.000000e+00	0.000000e+00	0.000000e+00	0.000000e+00	0.000000e+00	0.000000e+00	0.000000e+00	0.000000e+00	0.000000e+00	0.000000e+00	0.000000e+00	0.000000e+00	
1117.308842	1110.328013	1124.289671	266.269897	1.793255e+04	1.882655e-90	0.000000e+00	7.006857e-41	9.160197e-55	0.000000e+00	0.000000e+00	8.446791e-03	1.882655e-90	1.165970e-03	1.687672e-46	3.702746e-81	1.858105e-71	1.882655e-90	1.882655e-90	0.000000e+00	1.921734e-76	1.882655e-90	1.882655e-90	1.882655e-90	9.370579e-34	4.974100e-03	7.609868e-39	0.000000e+00	0.000000e+00	0.000000e+00	1.882655e-90	1.558862e-67	0.000000e+00	2.229106e-39	0.000000e+00	0.000000e+00	0.000000e+00	0.000000e+00	0.000000e+00	0.000000e+00	0.000000e+00	1.566458e-44	1.882655e-90	1.882655e-90	1.128756e-57	5.809796e-37	4.625978e-54	3.718835e-46	3.627505e-79	2.273376e-04	9.242143e-33	0.000000e+00	0.000000e+00	2.525129e-38	6.279447e-69	0.000000e+00	3.826296e-30	8.419246e-01	1.882655e-90	1.507997e-13	0.000000e+00	3.014231e-80	1.882655e-90	2.404728e-86	1.422632e-42	2.336550e-66	0.000000e+00	0.000000e+00	1.882655e-90	0.000000e+00	0.000000e+00	0.000000e+00	0.000000e+00	0.000000e+00	0.000000e+00	0.000000e+00	6.999328e-49	1.044015e-70	0.000000e+00	0.000000e+00	0.000000e+00	0.000000e+00	0.000000e+00	0.000000e+00	0.000000e+00	0.000000e+00	0.000000e+00	0.000000e+00	0.000000e+00	0.000000e+00	0.000000e+00	0.000000e+00	0.000000e+00	0.000000e+00	0.000000e+00	0.000000e+00	0.000000e+00	0.000000e+00	0.000000e+00	0.000000e+00	0.000000e+00	0.000000e+00	0.000000e+00	0.000000e+00	0.000000e+00	0.000000e+00	0.000000e+00	0.000000e+00	0.000000e+00	0.000000e+00	0.000000e+00	0.000000e+00	0.000000e+00	0.000000e+00	0.000000e+00	0.000000e+00	0.000000e+00	0.000000e+00	0.000000e+00	0.000000e+00	
1130.855481	1124.289671	1137.421291	249.984590	1.471635e+04	1.882660e-90	0.000000e+00	1.530863e-43	3.211476e-58	0.000000e+00	0.000000e+00	8.446162e-03	1.882660e-90	1.165973e-03	2.029716e-49	3.533476e-86	4.760131e-76	1.882660e-90	1.882660e-90	0.000000e+00	3.530462e-81	1.882660e-90	1.882660e-90	1.882660e-90	3.332865e-36	4.973912e-03	2.835521e-41	0.000000e+00	0.000000e+00	0.000000e+00	1.882660e-90	3.921212e-72	0.000000e+00	7.574279e-42	0.000000e+00	0.000000e+00	0.000000e+00	0.000000e+00	0.000000e+00	0.000000e+00	0.000000e+00	1.316823e-47	1.882660e-90	1.882660e-90	2.612836e-61	5.160639e-39	2.545185e-57	1.192427e-48	2.035069e-83	2.273498e-04	1.009193e-34	0.000000e+00	0.000000e+00	1.098147e-40	1.689552e-73	0.000000e+00	4.415837e-32	8.419251e-01	1.882660e-90	1.471245e-14	0.000000e+00	1.940187e-85	1.882660e-90	1.882660e-90	2.645025e-45	9.486253e-71	0.000000e+00	0.000000e+00	1.882660e-90	0.000000e+00	0.000000e+00	0.000000e+00	0.000000e+00	0.000000e+00	0.000000e+00	0.000000e+00	5.218348e-52	8.497940e-74	0.000000e+00	0.000000e+00	0.000000e+00	0.000000e+00	0.000000e+00	0.000000e+00	0.000000e+00	0.000000e+00	0.000000e+00	0.000000e+00	0.000000e+00	0.000000e+00	0.000000e+00	0.000000e+00	0.000000e+00	0.000000e+00	0.000000e+00	0.000000e+00	0.000000e+00	0.000000e+00	0.000000e+00	0.000000e+00	0.000000e+00	0.000000e+00	0.000000e+00	0.000000e+00	0.000000e+00	0.000000e+00	0.000000e+00	0.000000e+00	0.000000e+00	0.000000e+00	0.000000e+00	0.000000e+00	0.000000e+00	0.000000e+00	0.000000e+00	0.000000e+00	0.000000e+00	0.000000e+00	0.000000e+00	0.000000e+00	
1143.636192	1137.421291	1149.851093	236.021246	1.207697e+04	1.882614e-90	0.000000e+00	4.625898e-46	1.709242e-61	0.000000e+00	0.000000e+00	8.446154e-03	1.882614e-90	1.165954e-03	3.464607e-52	1.882614e-90	2.186968e-80	1.882614e-90	1.882614e-90	0.000000e+00	1.171197e-85	1.882614e-90	1.882614e-90	1.882614e-90	1.671782e-38	4.973668e-03	1.454182e-43	0.000000e+00	0.000000e+00	0.000000e+00	1.882614e-90	1.800094e-76	0.000000e+00	3.570263e-44	0.000000e+00	0.000000e+00	0.000000e+00	0.000000e+00	0.000000e+00	0.000000e+00	0.000000e+00	1.687103e-50	1.882614e-90	1.882614e-90	9.458590e-65	5.995081e-41	2.110276e-60	5.371638e-51	2.008663e-87	2.273261e-04	1.401431e-36	0.000000e+00	0.000000e+00	6.761266e-43	8.170784e-78	0.000000e+00	6.863278e-34	8.419288e-01	1.882614e-90	1.717293e-15	0.000000e+00	2.348336e-90	1.882614e-90	1.882614e-90	6.862211e-48	6.744754e-75	0.000000e+00	0.000000e+00	1.882614e-90	0.000000e+00	0.000000e+00	0.000000e+00	0.000000e+00	0.000000e+00	0.000000e+00	0.000000e+00	6.054522e-55	1.076063e-76	0.000000e+00	0.000000e+00	0.000000e+00	0.000000e+00	0.000000e+00	0.000000e+00	0.000000e+00	0.000000e+00	0.000000e+00	0.000000e+00	0.000000e+00	0.000000e+00	0.000000e+00	0.000000e+00	0.000000e+00	0.000000e+00	0.000000e+00	0.000000e+00	0.000000e+00	0.000000e+00	0.000000e+00	0.000000e+00	0.000000e+00	0.000000e+00	0.000000e+00	0.000000e+00	0.000000e+00	0.000000e+00	0.000000e+00	0.000000e+00	0.000000e+00	0.000000e+00	0.000000e+00	0.000000e+00	0.000000e+00	0.000000e+00	0.000000e+00	0.000000e+00	0.000000e+00	0.000000e+00	0.000000e+00	0.000000e+00	
1155.801169	1149.851093	1161.751245	225.986372	9.910971e+03	1.882620e-90	0.000000e+00	3.777051e-48	3.287953e-64	0.000000e+00	0.000000e+00	8.446041e-03	1.882620e-90	1.165950e-03	1.752628e-54	1.882620e-90	5.758297e-84	1.882620e-90	1.882620e-90	0.000000e+00	2.304238e-89	1.882620e-90	1.882620e-90	1.882620e-90	2.235692e-40	4.973535e-03	1.899329e-45	0.000000e+00	0.000000e+00	0.000000e+00	1.882620e-90	4.857546e-80	0.000000e+00	4.357700e-46	0.000000e+00	0.000000e+00	0.000000e+00	0.000000e+00	0.000000e+00	0.000000e+00	0.000000e+00	7.266238e-53	1.882620e-90	1.882620e-90	1.346123e-67	1.539629e-42	6.017921e-63	6.359713e-53	1.882620e-90	2.273367e-04	4.068005e-38	0.000000e+00	0.000000e+00	1.083959e-44	2.282994e-81	0.000000e+00	2.377153e-35	8.419285e-01	1.882620e-90	3.164245e-16	0.000000e+00	1.882620e-90	1.882620e-90	1.882620e-90	4.937825e-50	2.553852e-78	0.000000e+00	0.000000e+00	1.882620e-90	0.000000e+00	0.000000e+00	0.000000e+00	0.000000e+00	0.000000e+00	0.000000e+00	0.000000e+00	2.427378e-57	4.420715e-79	0.000000e+00	0.000000e+00	0.000000e+00	0.000000e+00	0.000000e+00	0.000000e+00	0.000000e+00	0.000000e+00	0.000000e+00	0.000000e+00	0.000000e+00	0.000000e+00	0.000000e+00	0.000000e+00	0.000000e+00	0.000000e+00	0.000000e+00	0.000000e+00	0.000000e+00	0.000000e+00	0.000000e+00	0.000000e+00	0.000000e+00	0.000000e+00	0.000000e+00	0.000000e+00	0.000000e+00	0.000000e+00	0.000000e+00	0.000000e+00	0.000000e+00	0.000000e+00	0.000000e+00	0.000000e+00	0.000000e+00	0.000000e+00	0.000000e+00	0.000000e+00	0.000000e+00	0.000000e+00	0.000000e+00	0.000000e+00	
1167.516111	1161.751245	1173.280977	219.555061	8.133440e+03	1.882711e-90	0.000000e+00	1.039068e-49	3.045124e-66	0.000000e+00	0.000000e+00	8.446311e-03	1.882711e-90	1.166026e-03	3.355603e-56	1.882711e-90	1.265684e-86	1.882711e-90	1.882711e-90	0.000000e+00	1.882711e-90	1.882711e-90	1.882711e-90	1.882711e-90	9.722614e-42	4.973252e-03	7.686290e-47	0.000000e+00	0.000000e+00	0.000000e+00	1.882711e-90	1.120114e-82	0.000000e+00	1.678087e-47	0.000000e+00	0.000000e+00	0.000000e+00	0.000000e+00	0.000000e+00	0.000000e+00	0.000000e+00	1.348765e-54	1.882711e-90	1.882711e-90	1.019830e-69	1.033768e-43	7.719374e-65	2.404242e-54	1.882711e-90	2.273458e-04	2.906609e-39	0.000000e+00	0.000000e+00	5.438206e-46	5.376510e-84	0.000000e+00	2.129875e-36	8.419217e-01	1.882711e-90	9.941663e-17	0.000000e+00	1.882711e-90	1.882711e-90	1.882711e-90	1.235468e-51	7.378179e-81	0.000000e+00	0.000000e+00	1.882711e-90	0.000000e+00	0.000000e+00	0.000000e+00	0.000000e+00	0.000000e+00	0.000000e+00	0.000000e+00	4.297403e-59	7.308009e-81	0.000000e+00	0.000000e+00	0.000000e+00	0.000000e+00	0.000000e+00	0.000000e+00	0.000000e+00	0.000000e+00	0.000000e+00	0.000000e+00	0.000000e+00	0.000000e+00	0.000000e+00	0.000000e+00	0.000000e+00	0.000000e+00	0.000000e+00	0.000000e+00	0.000000e+00	0.000000e+00	0.000000e+00	0.000000e+00	0.000000e+00	0.000000e+00	0.000000e+00	0.000000e+00	0.000000e+00	0.000000e+00	0.000000e+00	0.000000e+00	0.000000e+00	0.000000e+00	0.000000e+00	0.000000e+00	0.000000e+00	0.000000e+00	0.000000e+00	0.000000e+00	0.000000e+00	0.000000e+00	0.000000e+00	0.000000e+00	
1178.912495	1173.280977	1184.544013	214.354302	6.674710e+03	1.882678e-90	0.000000e+00	6.932605e-51	8.877092e-68	0.000000e+00	0.000000e+00	8.446808e-03	1.882678e-90	1.165986e-03	1.697367e-57	1.882678e-90	1.303342e-88	1.882678e-90	1.882678e-90	0.000000e+00	1.882678e-90	1.882678e-90	1.882678e-90	1.882678e-90	9.942119e-43	4.973681e-03	7.075211e-48	0.000000e+00	0.000000e+00	0.000000e+00	1.882678e-90	1.228963e-84	0.000000e+00	1.488835e-48	0.000000e+00	0.000000e+00	0.000000e+00	0.000000e+00	0.000000e+00	0.000000e+00	0.000000e+00	7.225139e-56	1.882678e-90	1.882678e-90	2.615156e-71	1.395791e-44	2.959851e-66	2.107985e-55	1.882678e-90	2.273344e-04	4.005564e-40	0.000000e+00	0.000000e+00	6.221680e-47	5.975147e-86	0.000000e+00	3.787392e-37	8.419231e-01	1.882678e-90	4.577842e-17	0.000000e+00	1.882678e-90	1.882678e-90	1.882678e-90	7.671800e-53	9.354861e-83	0.000000e+00	0.000000e+00	1.882678e-90	0.000000e+00	0.000000e+00	0.000000e+00	0.000000e+00	0.000000e+00	0.000000e+00	0.000000e+00	2.229119e-60	3.293074e-82	0.000000e+00	0.000000e+00	0.000000e+00	0.000000e+00	0.000000e+00	0.000000e+00	0.000000e+00	0.000000e+00	0.000000e+00	0.000000e+00	0.000000e+00	0.000000e+00	0.000000e+00	0.000000e+00	0.000000e+00	0.000000e+00	0.000000e+00	0.000000e+00	0.000000e+00	0.000000e+00	0.000000e+00	0.000000e+00	0.000000e+00	0.000000e+00	0.000000e+00	0.000000e+00	0.000000e+00	0.000000e+00	0.000000e+00	0.000000e+00	0.000000e+00	0.000000e+00	0.000000e+00	0.000000e+00	0.000000e+00	0.000000e+00	0.000000e+00	0.000000e+00	0.000000e+00	0.000000e+00	0.000000e+00	0.000000e+00	
1190.070031	1184.544013	1195.596049	210.223419	5.477602e+03	1.882686e-90	0.000000e+00	7.562688e-52	4.889695e-69	0.000000e+00	0.000000e+00	8.446617e-03	1.882686e-90	1.166070e-03	1.472489e-58	1.882686e-90	3.161433e-90	1.882686e-90	1.882686e-90	0.000000e+00	1.882686e-90	1.882686e-90	1.882686e-90	1.882686e-90	1.632638e-43	4.973812e-03	1.027018e-48	0.000000e+00	0.000000e+00	0.000000e+00	1.882686e-90	3.201785e-86	0.000000e+00	2.097681e-49	0.000000e+00	0.000000e+00	0.000000e+00	0.000000e+00	0.000000e+00	0.000000e+00	0.000000e+00	6.965140e-57	1.882686e-90	1.882686e-90	1.319496e-72	2.777414e-45	2.083701e-67	2.946091e-56	1.882686e-90	2.273526e-04	7.949421e-41	0.000000e+00	0.000000e+00	1.123669e-47	1.570466e-87	0.000000e+00	9.840196e-38	8.419226e-01	1.882686e-90	2.604988e-17	0.000000e+00	1.882686e-90	1.882686e-90	1.882686e-90	7.888298e-54	2.693663e-84	0.000000e+00	0.000000e+00	1.882686e-90	0.000000e+00	0.000000e+00	0.000000e+00	0.000000e+00	0.000000e+00	0.000000e+00	0.000000e+00	2.097569e-61	2.584569e-83	0.000000e+00	0.000000e+00	0.000000e+00	0.000000e+00	0.000000e+00	0.000000e+00	0.000000e+00	0.000000e+00	0.000000e+00	0.000000e+00	0.000000e+00	0.000000e+00	0.000000e+00	0.000000e+00	0.000000e+00	0.000000e+00	0.000000e+00	0.000000e+00	0.000000e+00	0.000000e+00	0.000000e+00	0.000000e+00	0.000000e+00	0.000000e+00	0.000000e+00	0.000000e+00	0.000000e+00	0.000000e+00	0.000000e+00	0.000000e+00	0.000000e+00	0.000000e+00	0.000000e+00	0.000000e+00	0.000000e+00	0.000000e+00	0.000000e+00	0.000000e+00	0.000000e+00	0.000000e+00	0.000000e+00	0.000000e+00	
1201.040110	1195.596049	1206.484171	207.048321	4.495195e+03	1.882702e-90	0.000000e+00	1.301364e-52	4.859640e-70	0.000000e+00	0.000000e+00	8.446989e-03	1.882702e-90	1.165978e-03	2.106524e-59	1.882702e-90	1.882702e-90	1.882702e-90	1.882702e-90	0.000000e+00	1.882702e-90	1.882702e-90	1.882702e-90	1.882702e-90	4.150180e-44	4.973890e-03	2.271246e-49	0.000000e+00	0.000000e+00	0.000000e+00	1.882702e-90	1.855398e-87	0.000000e+00	4.530556e-50	0.000000e+00	0.000000e+00	0.000000e+00	0.000000e+00	0.000000e+00	0.000000e+00	0.000000e+00	1.154440e-57	1.882702e-90	1.882702e-90	1.246486e-73	7.906783e-46	2.574486e-68	6.328904e-57	1.882702e-90	2.273550e-04	2.211841e-41	0.000000e+00	0.000000e+00	3.087917e-48	9.153223e-89	0.000000e+00	3.621922e-38	8.419211e-01	1.882702e-90	1.797516e-17	0.000000e+00	1.882702e-90	1.882702e-90	1.882702e-90	1.294501e-54	1.656997e-85	0.000000e+00	0.000000e+00	1.882702e-90	0.000000e+00	0.000000e+00	0.000000e+00	0.000000e+00	0.000000e+00	0.000000e+00	0.000000e+00	3.415462e-62	3.375271e-84	0.000000e+00	0.000000e+00	0.000000e+00	0.000000e+00	0.000000e+00	0.000000e+00	0.000000e+00	0.000000e+00	0.000000e+00	0.000000e+00	0.000000e+00	0.000000e+00	0.000000e+00	0.000000e+00	0.000000e+00	0.000000e+00	0.000000e+00	0.000000e+00	0.000000e+00	0.000000e+00	0.000000e+00	0.000000e+00	0.000000e+00	0.000000e+00	0.000000e+00	0.000000e+00	0.000000e+00	0.000000e+00	0.000000e+00	0.000000e+00	0.000000e+00	0.000000e+00	0.000000e+00	0.000000e+00	0.000000e+00	0.000000e+00	0.000000e+00	0.000000e+00	0.000000e+00	0.000000e+00	0.000000e+00	0.000000e+00	
1211.865147	1206.484171	1217.246123	204.636384	3.688983e+03	1.882793e-90	0.000000e+00	3.305154e-53	7.995157e-71	0.000000e+00	0.000000e+00	8.446467e-03	1.882793e-90	1.166044e-03	4.622254e-60	1.882793e-90	1.882793e-90	1.882793e-90	1.882793e-90	0.000000e+00	1.882793e-90	1.882793e-90	1.882793e-90	1.882793e-90	1.530114e-44	4.974607e-03	7.190436e-50	0.000000e+00	0.000000e+00	0.000000e+00	1.882793e-90	2.125959e-88	0.000000e+00	1.408366e-50	0.000000e+00	0.000000e+00	0.000000e+00	0.000000e+00	0.000000e+00	0.000000e+00	0.000000e+00	3.036456e-58	1.882793e-90	1.882793e-90	2.011956e-74	3.055042e-46	5.140223e-69	1.959502e-57	1.882793e-90	2.273579e-04	8.213738e-42	0.000000e+00	0.000000e+00	1.212059e-48	1.052606e-89	0.000000e+00	1.791006e-38	8.419139e-01	1.882793e-90	1.460552e-17	0.000000e+00	1.882793e-90	1.882793e-90	1.882793e-90	3.167290e-55	1.947637e-86	0.000000e+00	0.000000e+00	1.882793e-90	0.000000e+00	0.000000e+00	0.000000e+00	0.000000e+00	0.000000e+00	0.000000e+00	0.000000e+00	8.866505e-63	6.782528e-85	0.000000e+00	0.000000e+00	0.000000e+00	0.000000e+00	0.000000e+00	0.000000e+00	0.000000e+00	0.000000e+00	0.000000e+00	0.000000e+00	0.000000e+00	0.000000e+00	0.000000e+00	0.000000e+00	0.000000e+00	0.000000e+00	0.000000e+00	0.000000e+00	0.000000e+00	0.000000e+00	0.000000e+00	0.000000e+00	0.000000e+00	0.000000e+00	0.000000e+00	0.000000e+00	0.000000e+00	0.000000e+00	0.000000e+00	0.000000e+00	0.000000e+00	0.000000e+00	0.000000e+00	0.000000e+00	0.000000e+00	0.000000e+00	0.000000e+00	0.000000e+00	0.000000e+00	0.000000e+00	0.000000e+00	0.000000e+00	
1222.577858	1217.246123	1227.909593	202.748109	3.027364e+03	1.882677e-90	0.000000e+00	1.130972e-53	1.935442e-71	0.000000e+00	0.000000e+00	8.447093e-03	1.882677e-90	1.165942e-03	1.407120e-60	1.882677e-90	1.882677e-90	1.882677e-90	1.882677e-90	0.000000e+00	1.882677e-90	1.882677e-90	1.882677e-90	1.882677e-90	7.492201e-45	4.973866e-03	2.994110e-50	0.000000e+00	0.000000e+00	0.000000e+00	1.882677e-90	4.099235e-89	0.000000e+00	5.778324e-51	0.000000e+00	0.000000e+00	0.000000e+00	0.000000e+00	0.000000e+00	0.000000e+00	0.000000e+00	1.135754e-58	1.882677e-90	1.882677e-90	4.893814e-75	1.490764e-46	1.481941e-69	8.022806e-58	1.882677e-90	2.273474e-04	3.804448e-42	0.000000e+00	0.000000e+00	6.242168e-49	2.034876e-90	0.000000e+00	1.109043e-38	8.419228e-01	1.882677e-90	1.342966e-17	0.000000e+00	1.882677e-90	1.882677e-90	1.882677e-90	1.051768e-55	3.756027e-87	0.000000e+00	0.000000e+00	1.882677e-90	0.000000e+00	0.000000e+00	0.000000e+00	0.000000e+00	0.000000e+00	0.000000e+00	0.000000e+00	3.284404e-63	1.894018e-85	0.000000e+00	0.000000e+00	0.000000e+00	0.000000e+00	0.000000e+00	0.000000e+00	0.000000e+00	0.000000e+00	0.000000e+00	0.000000e+00	0.000000e+00	0.000000e+00	0.000000e+00	0.000000e+00	0.000000e+00	0.000000e+00	0.000000e+00	0.000000e+00	0.000000e+00	0.000000e+00	0.000000e+00	0.000000e+00	0.000000e+00	0.000000e+00	0.000000e+00	0.000000e+00	0.000000e+00	0.000000e+00	0.000000e+00	0.000000e+00	0.000000e+00	0.000000e+00	0.000000e+00	0.000000e+00	0.000000e+00	0.000000e+00	0.000000e+00	0.000000e+00	0.000000e+00	0.000000e+00	0.000000e+00	0.000000e+00	
1233.200513	1227.909593	1238.491432	201.219206	2.484407e+03	1.882637e-90	0.000000e+00	4.659733e-54	5.958604e-72	0.000000e+00	0.000000e+00	8.446774e-03	1.882637e-90	1.165948e-03	5.253872e-61	1.882637e-90	1.882637e-90	1.882637e-90	1.882637e-90	0.000000e+00	1.882637e-90	1.882637e-90	1.882637e-90	1.882637e-90	4.378444e-45	4.974126e-03	1.479086e-50	0.000000e+00	0.000000e+00	0.000000e+00	1.882637e-90	1.093875e-89	0.000000e+00	2.820218e-51	0.000000e+00	0.000000e+00	0.000000e+00	0.000000e+00	0.000000e+00	0.000000e+00	0.000000e+00	5.292769e-59	1.882637e-90	1.882637e-90	1.536842e-75	8.412862e-47	5.370217e-70	3.907595e-58	1.882637e-90	2.273272e-04	2.022209e-42	0.000000e+00	0.000000e+00	3.807727e-49	1.882637e-90	0.000000e+00	7.899746e-39	8.419260e-01	1.882637e-90	1.334102e-17	0.000000e+00	1.882637e-90	1.882637e-90	1.882637e-90	4.226250e-56	9.862316e-88	0.000000e+00	0.000000e+00	1.882637e-90	0.000000e+00	0.000000e+00	0.000000e+00	0.000000e+00	0.000000e+00	0.000000e+00	0.000000e+00	1.518661e-63	6.485791e-86	0.000000e+00	0.000000e+00	0.000000e+00	0.000000e+00	0.000000e+00	0.000000e+00	0.000000e+00	0.000000e+00	0.000000e+00	0.000000e+00	0.000000e+00	0.000000e+00	0.000000e+00	0.000000e+00	0.000000e+00	0.000000e+00	0.000000e+00	0.000000e+00	0.000000e+00	0.000000e+00	0.000000e+00	0.000000e+00	0.000000e+00	0.000000e+00	0.000000e+00	0.000000e+00	0.000000e+00	0.000000e+00	0.000000e+00	0.000000e+00	0.000000e+00	0.000000e+00	0.000000e+00	0.000000e+00	0.000000e+00	0.000000e+00	0.000000e+00	0.000000e+00	0.000000e+00	0.000000e+00	0.000000e+00	0.000000e+00	
1243.745100	1238.491432	1248.998768	199.828765	2.038829e+03	1.882617e-90	0.000000e+00	2.063557e-54	2.014149e-72	0.000000e+00	0.000000e+00	8.446315e-03	1.882617e-90	1.166038e-03	2.123653e-61	1.882617e-90	1.882617e-90	1.882617e-90	1.882617e-90	0.000000e+00	1.882617e-90	1.882617e-90	1.882617e-90	1.882617e-90	2.741213e-45	4.973632e-03	7.808356e-51	0.000000e+00	0.000000e+00	0.000000e+00	1.882617e-90	3.311467e-90	0.000000e+00	1.472199e-51	0.000000e+00	0.000000e+00	0.000000e+00	0.000000e+00	0.000000e+00	0.000000e+00	0.000000e+00	2.686964e-59	1.882617e-90	1.882617e-90	5.331213e-76	5.026329e-47	2.127607e-70	2.037283e-58	1.882617e-90	2.273480e-04	1.134182e-42	0.000000e+00	0.000000e+00	2.481853e-49	1.882617e-90	0.000000e+00	5.943587e-39	8.419283e-01	1.882617e-90	1.366393e-17	0.000000e+00	1.882617e-90	1.882617e-90	1.882617e-90	1.828423e-56	2.919581e-88	0.000000e+00	0.000000e+00	1.882617e-90	0.000000e+00	0.000000e+00	0.000000e+00	0.000000e+00	0.000000e+00	0.000000e+00	0.000000e+00	7.656710e-64	2.406755e-86	0.000000e+00	0.000000e+00	0.000000e+00	0.000000e+00	0.000000e+00	0.000000e+00	0.000000e+00	0.000000e+00	0.000000e+00	0.000000e+00	0.000000e+00	0.000000e+00	0.000000e+00	0.000000e+00	0.000000e+00	0.000000e+00	0.000000e+00	0.000000e+00	0.000000e+00	0.000000e+00	0.000000e+00	0.000000e+00	0.000000e+00	0.000000e+00	0.000000e+00	0.000000e+00	0.000000e+00	0.000000e+00	0.000000e+00	0.000000e+00	0.000000e+00	0.000000e+00	0.000000e+00	0.000000e+00	0.000000e+00	0.000000e+00	0.000000e+00	0.000000e+00	0.000000e+00	0.000000e+00	0.000000e+00	0.000000e+00	
1254.216861	1248.998768	1259.434953	198.400120	1.673166e+03	1.882737e-90	0.000000e+00	9.433124e-55	7.094848e-73	0.000000e+00	0.000000e+00	8.446995e-03	1.882737e-90	1.166016e-03	8.887228e-62	1.882737e-90	1.882737e-90	1.882737e-90	1.882737e-90	0.000000e+00	1.882737e-90	1.882737e-90	1.882737e-90	1.882737e-90	1.770141e-45	4.973585e-03	4.246548e-51	0.000000e+00	0.000000e+00	0.000000e+00	1.882737e-90	1.882737e-90	0.000000e+00	7.920292e-52	0.000000e+00	0.000000e+00	0.000000e+00	0.000000e+00	0.000000e+00	0.000000e+00	0.000000e+00	1.417014e-59	1.882737e-90	1.882737e-90	1.931959e-76	3.079203e-47	8.768041e-71	1.095056e-58	1.882737e-90	2.273647e-04	6.512666e-43	0.000000e+00	0.000000e+00	1.666717e-49	1.882737e-90	0.000000e+00	4.585250e-39	8.419185e-01	1.882737e-90	1.418659e-17	0.000000e+00	1.882737e-90	1.882737e-90	1.882737e-90	8.173063e-57	9.115998e-89	0.000000e+00	0.000000e+00	1.882737e-90	0.000000e+00	0.000000e+00	0.000000e+00	0.000000e+00	0.000000e+00	0.000000e+00	0.000000e+00	4.012992e-64	9.264261e-87	0.000000e+00	0.000000e+00	0.000000e+00	0.000000e+00	0.000000e+00	0.000000e+00	0.000000e+00	0.000000e+00	0.000000e+00	0.000000e+00	0.000000e+00	0.000000e+00	0.000000e+00	0.000000e+00	0.000000e+00	0.000000e+00	0.000000e+00	0.000000e+00	0.000000e+00	0.000000e+00	0.000000e+00	0.000000e+00	0.000000e+00	0.000000e+00	0.000000e+00	0.000000e+00	0.000000e+00	0.000000e+00	0.000000e+00	0.000000e+00	0.000000e+00	0.000000e+00	0.000000e+00	0.000000e+00	0.000000e+00	0.000000e+00	0.000000e+00	0.000000e+00	0.000000e+00	0.000000e+00	0.000000e+00	0.000000e+00	
1264.622686	1259.434953	1269.810418	197.111806	1.373084e+03	1.882729e-90	0.000000e+00	4.845900e-55	2.906682e-73	0.000000e+00	0.000000e+00	8.446870e-03	1.882729e-90	1.165979e-03	4.228194e-62	1.882729e-90	1.882729e-90	1.882729e-90	1.882729e-90	0.000000e+00	1.882729e-90	1.882729e-90	1.882729e-90	1.882729e-90	1.276830e-45	4.973707e-03	2.570365e-51	0.000000e+00	0.000000e+00	0.000000e+00	1.882729e-90	1.882729e-90	0.000000e+00	4.750030e-52	0.000000e+00	0.000000e+00	0.000000e+00	0.000000e+00	0.000000e+00	0.000000e+00	0.000000e+00	8.575079e-60	1.882729e-90	1.882729e-90	8.219017e-77	2.065942e-47	4.170552e-71	6.560828e-59	1.882729e-90	2.273463e-04	4.076994e-43	0.000000e+00	0.000000e+00	1.243942e-49	1.882729e-90	0.000000e+00	3.860011e-39	8.419192e-01	1.882729e-90	1.545313e-17	0.000000e+00	1.882729e-90	1.882729e-90	1.882729e-90	4.117899e-57	3.454221e-89	0.000000e+00	0.000000e+00	1.882729e-90	0.000000e+00	0.000000e+00	0.000000e+00	0.000000e+00	0.000000e+00	0.000000e+00	0.000000e+00	2.415872e-64	4.049423e-87	0.000000e+00	0.000000e+00	0.000000e+00	0.000000e+00	0.000000e+00	0.000000e+00	0.000000e+00	0.000000e+00	0.000000e+00	0.000000e+00	0.000000e+00	0.000000e+00	0.000000e+00	0.000000e+00	0.000000e+00	0.000000e+00	0.000000e+00	0.000000e+00	0.000000e+00	0.000000e+00	0.000000e+00	0.000000e+00	0.000000e+00	0.000000e+00	0.000000e+00	0.000000e+00	0.000000e+00	0.000000e+00	0.000000e+00	0.000000e+00	0.000000e+00	0.000000e+00	0.000000e+00	0.000000e+00	0.000000e+00	0.000000e+00	0.000000e+00	0.000000e+00	0.000000e+00	0.000000e+00	0.000000e+00	0.000000e+00	
1274.975787	1269.810418	1280.141156	196.310823	1.126821e+03	1.882572e-90	0.000000e+00	3.026445e-55	1.533703e-73	0.000000e+00	0.000000e+00	8.446235e-03	1.882572e-90	1.165886e-03	2.493678e-62	1.882572e-90	1.882572e-90	1.882572e-90	1.882572e-90	0.000000e+00	1.882572e-90	1.882572e-90	1.882572e-90	1.882572e-90	1.107574e-45	4.973202e-03	1.860154e-51	0.000000e+00	0.000000e+00	0.000000e+00	1.882572e-90	1.882572e-90	0.000000e+00	3.413973e-52	0.000000e+00	0.000000e+00	0.000000e+00	0.000000e+00	0.000000e+00	0.000000e+00	0.000000e+00	6.526912e-60	1.882572e-90	1.882572e-90	4.574496e-77	1.614397e-47	2.522384e-71	4.712794e-59	1.882572e-90	2.273283e-04	2.949983e-43	0.000000e+00	0.000000e+00	1.106938e-49	1.882572e-90	0.000000e+00	3.756894e-39	8.419325e-01	1.882572e-90	1.822317e-17	0.000000e+00	1.882572e-90	1.882572e-90	1.882572e-90	2.534563e-57	1.808830e-89	0.000000e+00	0.000000e+00	1.882572e-90	0.000000e+00	0.000000e+00	0.000000e+00	0.000000e+00	0.000000e+00	0.000000e+00	0.000000e+00	1.831876e-64	2.187516e-87	0.000000e+00	0.000000e+00	0.000000e+00	0.000000e+00	0.000000e+00	0.000000e+00	0.000000e+00	0.000000e+00	0.000000e+00	0.000000e+00	0.000000e+00	0.000000e+00	0.000000e+00	0.000000e+00	0.000000e+00	0.000000e+00	0.000000e+00	0.000000e+00	0.000000e+00	0.000000e+00	0.000000e+00	0.000000e+00	0.000000e+00	0.000000e+00	0.000000e+00	0.000000e+00	0.000000e+00	0.000000e+00	0.000000e+00	0.000000e+00	0.000000e+00	0.000000e+00	0.000000e+00	0.000000e+00	0.000000e+00	0.000000e+00	0.000000e+00	0.000000e+00	0.000000e+00	0.000000e+00	0.000000e+00	0.000000e+00	
1285.287561	1280.141156	1290.433967	195.799077	9.247263e+02	1.882750e-90	0.000000e+00	2.058585e-55	9.041189e-74	0.000000e+00	0.000000e+00	8.447234e-03	1.882750e-90	1.165936e-03	1.615764e-62	1.882750e-90	1.882750e-90	1.882750e-90	1.882750e-90	0.000000e+00	1.882750e-90	1.882750e-90	1.882750e-90	1.882750e-90	1.042133e-45	4.973916e-03	1.456434e-51	0.000000e+00	0.000000e+00	0.000000e+00	1.882750e-90	1.882750e-90	0.000000e+00	2.657608e-52	0.000000e+00	0.000000e+00	0.000000e+00	0.000000e+00	0.000000e+00	0.000000e+00	0.000000e+00	5.495101e-60	1.882750e-90	1.882750e-90	2.864002e-77	1.349070e-47	1.695283e-71	3.667529e-59	1.882750e-90	2.273492e-04	2.274454e-43	0.000000e+00	0.000000e+00	1.064692e-49	1.882750e-90	0.000000e+00	3.899634e-39	8.419172e-01	1.882750e-90	2.225814e-17	0.000000e+00	1.882750e-90	1.882750e-90	1.882750e-90	1.703230e-57	1.091795e-89	0.000000e+00	0.000000e+00	1.882750e-90	0.000000e+00	0.000000e+00	0.000000e+00	0.000000e+00	0.000000e+00	0.000000e+00	0.000000e+00	1.537810e-64	1.297988e-87	0.000000e+00	0.000000e+00	0.000000e+00	0.000000e+00	0.000000e+00	0.000000e+00	0.000000e+00	0.000000e+00	0.000000e+00	0.000000e+00	0.000000e+00	0.000000e+00	0.000000e+00	0.000000e+00	0.000000e+00	0.000000e+00	0.000000e+00	0.000000e+00	0.000000e+00	0.000000e+00	0.000000e+00	0.000000e+00	0.000000e+00	0.000000e+00	0.000000e+00	0.000000e+00	0.000000e+00	0.000000e+00	0.000000e+00	0.000000e+00	0.000000e+00	0.000000e+00	0.000000e+00	0.000000e+00	0.000000e+00	0.000000e+00	0.000000e+00	0.000000e+00	0.000000e+00	0.000000e+00	0.000000e+00	0.000000e+00	
1295.555991	1290.433967	1300.678015	194.920188	7.588768e+02	1.882642e-90	0.000000e+00	1.210065e-55	4.410358e-74	0.000000e+00	0.000000e+00	8.447062e-03	1.882642e-90	1.165910e-03	8.914318e-63	1.882642e-90	1.882642e-90	1.882642e-90	1.882642e-90	0.000000e+00	1.882642e-90	1.882642e-90	1.882642e-90	1.882642e-90	8.543579e-46	4.973610e-03	9.976516e-52	0.000000e+00	0.000000e+00	0.000000e+00	1.882642e-90	1.882642e-90	0.000000e+00	1.806725e-52	0.000000e+00	0.000000e+00	0.000000e+00	0.000000e+00	0.000000e+00	0.000000e+00	0.000000e+00	3.898573e-60	1.882642e-90	1.882642e-90	1.466613e-77	1.005861e-47	9.519561e-72	2.492369e-59	1.882642e-90	2.273361e-04	1.573463e-43	0.000000e+00	0.000000e+00	8.981348e-50	1.882642e-90	0.000000e+00	3.632604e-39	8.419258e-01	1.882642e-90	2.563537e-17	0.000000e+00	1.882642e-90	1.882642e-90	1.882642e-90	9.852350e-58	5.173849e-90	0.000000e+00	0.000000e+00	1.882642e-90	0.000000e+00	0.000000e+00	0.000000e+00	0.000000e+00	0.000000e+00	0.000000e+00	0.000000e+00	1.086837e-64	6.578281e-88	0.000000e+00	0.000000e+00	0.000000e+00	0.000000e+00	0.000000e+00	0.000000e+00	0.000000e+00	0.000000e+00	0.000000e+00	0.000000e+00	0.000000e+00	0.000000e+00	0.000000e+00	0.000000e+00	0.000000e+00	0.000000e+00	0.000000e+00	0.000000e+00	0.000000e+00	0.000000e+00	0.000000e+00	0.000000e+00	0.000000e+00	0.000000e+00	0.000000e+00	0.000000e+00	0.000000e+00	0.000000e+00	0.000000e+00	0.000000e+00	0.000000e+00	0.000000e+00	0.000000e+00	0.000000e+00	0.000000e+00	0.000000e+00	0.000000e+00	0.000000e+00	0.000000e+00	0.000000e+00	0.000000e+00	0.000000e+00	
1305.763897	1300.678015	1310.849780	193.500616	6.227724e+02	1.882730e-90	0.000000e+00	5.204546e-56	1.435166e-74	0.000000e+00	0.000000e+00	8.446832e-03	1.882730e-90	1.166016e-03	3.487418e-63	1.882730e-90	1.882730e-90	1.882730e-90	1.882730e-90	0.000000e+00	1.882730e-90	1.882730e-90	1.882730e-90	1.882730e-90	5.222307e-46	4.973884e-03	5.139519e-52	0.000000e+00	0.000000e+00	0.000000e+00	1.882730e-90	1.882730e-90	0.000000e+00	9.204744e-53	0.000000e+00	0.000000e+00	0.000000e+00	0.000000e+00	0.000000e+00	0.000000e+00	0.000000e+00	1.919969e-60	1.882730e-90	1.882730e-90	4.887995e-78	5.882812e-48	3.642445e-72	1.269226e-59	1.882730e-90	2.273570e-04	8.636241e-44	0.000000e+00	0.000000e+00	5.732349e-50	1.882730e-90	0.000000e+00	2.688857e-39	8.419189e-01	1.882730e-90	2.606118e-17	0.000000e+00	1.882730e-90	1.882730e-90	1.882730e-90	4.137761e-58	1.882730e-90	0.000000e+00	0.000000e+00	1.882730e-90	0.000000e+00	0.000000e+00	0.000000e+00	0.000000e+00	0.000000e+00	0.000000e+00	0.000000e+00	5.323576e-65	2.384644e-88	0.000000e+00	0.000000e+00	0.000000e+00	0.000000e+00	0.000000e+00	0.000000e+00	0.000000e+00	0.000000e+00	0.000000e+00	0.000000e+00	0.000000e+00	0.000000e+00	0.000000e+00	0.000000e+00	0.000000e+00	0.000000e+00	0.000000e+00	0.000000e+00	0.000000e+00	0.000000e+00	0.000000e+00	0.000000e+00	0.000000e+00	0.000000e+00	0.000000e+00	0.000000e+00	0.000000e+00	0.000000e+00	0.000000e+00	0.000000e+00	0.000000e+00	0.000000e+00	0.000000e+00	0.000000e+00	0.000000e+00	0.000000e+00	0.000000e+00	0.000000e+00	0.000000e+00	0.000000e+00	0.000000e+00	0.000000e+00	
1315.887249	1310.849780	1320.924719	191.661825	5.110783e+02	1.882566e-90	0.000000e+00	1.589363e-56	2.995696e-75	0.000000e+00	0.000000e+00	8.445929e-03	1.882566e-90	1.165835e-03	9.354252e-64	1.882566e-90	1.882566e-90	1.882566e-90	1.882566e-90	0.000000e+00	1.882566e-90	1.882566e-90	1.882566e-90	1.882566e-90	2.314448e-46	4.973883e-03	1.937478e-52	0.000000e+00	0.000000e+00	0.000000e+00	1.882566e-90	1.882566e-90	0.000000e+00	3.418246e-53	0.000000e+00	0.000000e+00	0.000000e+00	0.000000e+00	0.000000e+00	0.000000e+00	0.000000e+00	6.337320e-61	1.882566e-90	1.882566e-90	1.016919e-78	2.635255e-48	9.149471e-73	4.711360e-60	1.882566e-90	2.273415e-04	3.676574e-44	0.000000e+00	0.000000e+00	2.695669e-50	1.882566e-90	0.000000e+00	1.547776e-39	8.419327e-01	1.882566e-90	2.310755e-17	0.000000e+00	1.882566e-90	1.882566e-90	1.882566e-90	1.223108e-58	1.882566e-90	0.000000e+00	0.000000e+00	1.882566e-90	0.000000e+00	0.000000e+00	0.000000e+00	0.000000e+00	0.000000e+00	0.000000e+00	0.000000e+00	1.745136e-65	5.992673e-89	0.000000e+00	0.000000e+00	0.000000e+00	0.000000e+00	0.000000e+00	0.000000e+00	0.000000e+00	0.000000e+00	0.000000e+00	0.000000e+00	0.000000e+00	0.000000e+00	0.000000e+00	0.000000e+00	0.000000e+00	0.000000e+00	0.000000e+00	0.000000e+00	0.000000e+00	0.000000e+00	0.000000e+00	0.000000e+00	0.000000e+00	0.000000e+00	0.000000e+00	0.000000e+00	0.000000e+00	0.000000e+00	0.000000e+00	0.000000e+00	0.000000e+00	0.000000e+00	0.000000e+00	0.000000e+00	0.000000e+00	0.000000e+00	0.000000e+00	0.000000e+00	0.000000e+00	0.000000e+00	0.000000e+00	0.000000e+00	
1325.902678	1320.924719	1330.880637	189.380620	4.194165e+02	1.882672e-90	0.000000e+00	3.493187e-57	4.083592e-76	0.000000e+00	0.000000e+00	8.447340e-03	1.882672e-90	1.165971e-03	1.746859e-64	1.882672e-90	1.882672e-90	1.882672e-90	1.882672e-90	0.000000e+00	1.882672e-90	1.882672e-90	1.882672e-90	1.882672e-90	7.545860e-47	4.974113e-03	5.418125e-53	0.000000e+00	0.000000e+00	0.000000e+00	1.882672e-90	1.882672e-90	0.000000e+00	9.380061e-54	0.000000e+00	0.000000e+00	0.000000e+00	0.000000e+00	0.000000e+00	0.000000e+00	0.000000e+00	1.427313e-61	1.882672e-90	1.882672e-90	1.346032e-79	9.147837e-49	1.535809e-73	1.293829e-60	1.882672e-90	2.273466e-04	1.226630e-44	0.000000e+00	0.000000e+00	9.478690e-51	1.882672e-90	0.000000e+00	7.017287e-40	8.419228e-01	1.882672e-90	1.801483e-17	0.000000e+00	1.882672e-90	1.882672e-90	1.882672e-90	2.580829e-59	1.882672e-90	0.000000e+00	0.000000e+00	1.882672e-90	0.000000e+00	0.000000e+00	0.000000e+00	0.000000e+00	0.000000e+00	0.000000e+00	0.000000e+00	3.901781e-66	1.064137e-89	0.000000e+00	0.000000e+00	0.000000e+00	0.000000e+00	0.000000e+00	0.000000e+00	0.000000e+00	0.000000e+00	0.000000e+00	0.000000e+00	0.000000e+00	0.000000e+00	0.000000e+00	0.000000e+00	0.000000e+00	0.000000e+00	0.000000e+00	0.000000e+00	0.000000e+00	0.000000e+00	0.000000e+00	0.000000e+00	0.000000e+00	0.000000e+00	0.000000e+00	0.000000e+00	0.000000e+00	0.000000e+00	0.000000e+00	0.000000e+00	0.000000e+00	0.000000e+00	0.000000e+00	0.000000e+00	0.000000e+00	0.000000e+00	0.000000e+00	0.000000e+00	0.000000e+00	0.000000e+00	0.000000e+00	0.000000e+00	
1335.789036	1330.880637	1340.697435	186.693925	3.441943e+02	1.882677e-90	0.000000e+00	5.576519e-58	3.676288e-77	0.000000e+00	0.000000e+00	8.446612e-03	1.882677e-90	1.165998e-03	2.292783e-65	1.882677e-90	1.882677e-90	1.882677e-90	1.882677e-90	0.000000e+00	1.882677e-90	1.882677e-90	1.882677e-90	1.882677e-90	1.826415e-47	4.973573e-03	1.133411e-53	0.000000e+00	0.000000e+00	0.000000e+00	1.882677e-90	1.882677e-90	0.000000e+00	1.919097e-54	0.000000e+00	0.000000e+00	0.000000e+00	0.000000e+00	0.000000e+00	0.000000e+00	0.000000e+00	2.218807e-62	1.882677e-90	1.882677e-90	1.147766e-80	2.478919e-49	1.741631e-74	2.651159e-61	1.882677e-90	2.273425e-04	3.228654e-45	0.000000e+00	0.000000e+00	2.515082e-51	1.882677e-90	0.000000e+00	2.524283e-40	8.419238e-01	1.882677e-90	1.240477e-17	0.000000e+00	1.882677e-90	1.882677e-90	1.882677e-90	3.923222e-60	1.882677e-90	0.000000e+00	0.000000e+00	1.882677e-90	0.000000e+00	0.000000e+00	0.000000e+00	0.000000e+00	0.000000e+00	0.000000e+00	0.000000e+00	6.019306e-67	1.882677e-90	0.000000e+00	0.000000e+00	0.000000e+00	0.000000e+00	0.000000e+00	0.000000e+00	0.000000e+00	0.000000e+00	0.000000e+00	0.000000e+00	0.000000e+00	0.000000e+00	0.000000e+00	0.000000e+00	0.000000e+00	0.000000e+00	0.000000e+00	0.000000e+00	0.000000e+00	0.000000e+00	0.000000e+00	0.000000e+00	0.000000e+00	0.000000e+00	0.000000e+00	0.000000e+00	0.000000e+00	0.000000e+00	0.000000e+00	0.000000e+00	0.000000e+00	0.000000e+00	0.000000e+00	0.000000e+00	0.000000e+00	0.000000e+00	0.000000e+00	0.000000e+00	0.000000e+00	0.000000e+00	0.000000e+00	0.000000e+00	
1345.529337	1340.697435	1350.361239	183.715669	2.824631e+02	1.882673e-90	0.000000e+00	6.898907e-59	2.377834e-78	0.000000e+00	0.000000e+00	8.446711e-03	1.882673e-90	1.165984e-03	2.271097e-66	1.882673e-90	1.882673e-90	1.882673e-90	1.882673e-90	0.000000e+00	1.882673e-90	1.882673e-90	1.882673e-90	1.882673e-90	3.494701e-48	4.973561e-03	1.884251e-54	0.000000e+00	0.000000e+00	0.000000e+00	1.882673e-90	1.882673e-90	0.000000e+00	3.112533e-55	0.000000e+00	0.000000e+00	0.000000e+00	0.000000e+00	0.000000e+00	0.000000e+00	0.000000e+00	2.572575e-63	1.882673e-90	1.882673e-90	6.893307e-82	5.518759e-50	1.446018e-75	4.312606e-62	1.882673e-90	2.273400e-04	7.034842e-46	0.000000e+00	0.000000e+00	5.350019e-52	1.882673e-90	0.000000e+00	7.578887e-41	8.419239e-01	1.882673e-90	7.756450e-18	0.000000e+00	1.882673e-90	1.882673e-90	1.882673e-90	4.592982e-61	1.882673e-90	0.000000e+00	0.000000e+00	1.882673e-90	0.000000e+00	0.000000e+00	0.000000e+00	0.000000e+00	0.000000e+00	0.000000e+00	0.000000e+00	6.932836e-68	1.882673e-90	0.000000e+00	0.000000e+00	0.000000e+00	0.000000e+00	0.000000e+00	0.000000e+00	0.000000e+00	0.000000e+00	0.000000e+00	0.000000e+00	0.000000e+00	0.000000e+00	0.000000e+00	0.000000e+00	0.000000e+00	0.000000e+00	0.000000e+00	0.000000e+00	0.000000e+00	0.000000e+00	0.000000e+00	0.000000e+00	0.000000e+00	0.000000e+00	0.000000e+00	0.000000e+00	0.000000e+00	0.000000e+00	0.000000e+00	0.000000e+00	0.000000e+00	0.000000e+00	0.000000e+00	0.000000e+00	0.000000e+00	0.000000e+00	0.000000e+00	0.000000e+00	0.000000e+00	0.000000e+00	0.000000e+00	0.000000e+00	
1355.115179	1350.361239	1359.869119	180.647714	2.318034e+02	1.882624e-90	0.000000e+00	7.619151e-60	1.327202e-79	0.000000e+00	0.000000e+00	8.447139e-03	1.882624e-90	1.165942e-03	1.983710e-67	1.882624e-90	1.882624e-90	1.882624e-90	1.882624e-90	0.000000e+00	1.882624e-90	1.882624e-90	1.882624e-90	1.882624e-90	6.040673e-49	4.974226e-03	2.833150e-55	0.000000e+00	0.000000e+00	0.000000e+00	1.882624e-90	1.882624e-90	0.000000e+00	4.562496e-56	0.000000e+00	0.000000e+00	0.000000e+00	0.000000e+00	0.000000e+00	0.000000e+00	0.000000e+00	2.626268e-64	1.882624e-90	1.882624e-90	3.542229e-83	1.127040e-50	1.045898e-76	6.349015e-63	1.882624e-90	2.273352e-04	1.409132e-46	0.000000e+00	0.000000e+00	1.035941e-52	1.882624e-90	0.000000e+00	2.108948e-41	8.419267e-01	1.882624e-90	4.663411e-18	0.000000e+00	1.882624e-90	1.882624e-90	1.882624e-90	4.787625e-62	1.882624e-90	0.000000e+00	0.000000e+00	1.882624e-90	0.000000e+00	0.000000e+00	0.000000e+00	0.000000e+00	0.000000e+00	0.000000e+00	0.000000e+00	7.043808e-69	1.882624e-90	0.000000e+00	0.000000e+00	0.000000e+00	0.000000e+00	0.000000e+00	0.000000e+00	0.000000e+00	0.000000e+00	0.000000e+00	0.000000e+00	0.000000e+00	0.000000e+00	0.000000e+00	0.000000e+00	0.000000e+00	0.000000e+00	0.000000e+00	0.000000e+00	0.000000e+00	0.000000e+00	0.000000e+00	0.000000e+00	0.000000e+00	0.000000e+00	0.000000e+00	0.000000e+00	0.000000e+00	0.000000e+00	0.000000e+00	0.000000e+00	0.000000e+00	0.000000e+00	0.000000e+00	0.000000e+00	0.000000e+00	0.000000e+00	0.000000e+00	0.000000e+00	0.000000e+00	0.000000e+00	0.000000e+00	0.000000e+00	
1364.551762	1359.869119	1369.234405	177.791840	1.902295e+02	1.882638e-90	0.000000e+00	9.604814e-61	8.790563e-81	0.000000e+00	0.000000e+00	8.446808e-03	1.882638e-90	1.165949e-03	2.003314e-68	1.882638e-90	1.882638e-90	1.882638e-90	1.882638e-90	0.000000e+00	1.882638e-90	1.882638e-90	1.882638e-90	1.882638e-90	1.185914e-49	4.972831e-03	4.814054e-56	0.000000e+00	0.000000e+00	0.000000e+00	1.882638e-90	1.882638e-90	0.000000e+00	7.569919e-57	0.000000e+00	0.000000e+00	0.000000e+00	0.000000e+00	0.000000e+00	0.000000e+00	0.000000e+00	3.140206e-65	1.882638e-90	1.882638e-90	2.183829e-84	2.555029e-51	8.908682e-78	1.059806e-63	1.882638e-90	2.273325e-04	3.113606e-47	0.000000e+00	0.000000e+00	2.268068e-53	1.882638e-90	0.000000e+00	6.498422e-42	8.419269e-01	1.882638e-90	2.969428e-18	0.000000e+00	1.882638e-90	1.882638e-90	1.882638e-90	5.713676e-63	1.882638e-90	0.000000e+00	0.000000e+00	1.882638e-90	0.000000e+00	0.000000e+00	0.000000e+00	0.000000e+00	0.000000e+00	0.000000e+00	0.000000e+00	8.400846e-70	1.882638e-90	0.000000e+00	0.000000e+00	0.000000e+00	0.000000e+00	0.000000e+00	0.000000e+00	0.000000e+00	0.000000e+00	0.000000e+00	0.000000e+00	0.000000e+00	0.000000e+00	0.000000e+00	0.000000e+00	0.000000e+00	0.000000e+00	0.000000e+00	0.000000e+00	0.000000e+00	0.000000e+00	0.000000e+00	0.000000e+00	0.000000e+00	0.000000e+00	0.000000e+00	0.000000e+00	0.000000e+00	0.000000e+00	0.000000e+00	0.000000e+00	0.000000e+00	0.000000e+00	0.000000e+00	0.000000e+00	0.000000e+00	0.000000e+00	0.000000e+00	0.000000e+00	0.000000e+00	0.000000e+00	0.000000e+00	0.000000e+00	
1373.865310	1369.234405	1378.496215	175.578174	1.561119e+02	1.882595e-90	0.000000e+00	2.101394e-61	1.189746e-81	0.000000e+00	0.000000e+00	8.446295e-03	1.882595e-90	1.165896e-03	3.712907e-69	1.882595e-90	1.882595e-90	1.882595e-90	1.882595e-90	0.000000e+00	1.882595e-90	1.882595e-90	1.882595e-90	1.882595e-90	3.904737e-50	4.973595e-03	1.352034e-56	0.000000e+00	0.000000e+00	0.000000e+00	1.882595e-90	1.882595e-90	0.000000e+00	2.089970e-57	0.000000e+00	0.000000e+00	0.000000e+00	0.000000e+00	0.000000e+00	0.000000e+00	0.000000e+00	7.144250e-66	1.882595e-90	1.882595e-90	2.873942e-85	8.890477e-52	1.493059e-78	2.939427e-64	1.882595e-90	2.273322e-04	1.035366e-47	0.000000e+00	0.000000e+00	8.110963e-54	1.882595e-90	0.000000e+00	2.998727e-42	8.419300e-01	1.882595e-90	2.352357e-18	0.000000e+00	1.882595e-90	1.882595e-90	1.882595e-90	1.200542e-63	1.882595e-90	0.000000e+00	0.000000e+00	1.882595e-90	0.000000e+00	0.000000e+00	0.000000e+00	0.000000e+00	0.000000e+00	0.000000e+00	0.000000e+00	1.910051e-70	1.882595e-90	0.000000e+00	0.000000e+00	0.000000e+00	0.000000e+00	0.000000e+00	0.000000e+00	0.000000e+00	0.000000e+00	0.000000e+00	0.000000e+00	0.000000e+00	0.000000e+00	0.000000e+00	0.000000e+00	0.000000e+00	0.000000e+00	0.000000e+00	0.000000e+00	0.000000e+00	0.000000e+00	0.000000e+00	0.000000e+00	0.000000e+00	0.000000e+00	0.000000e+00	0.000000e+00	0.000000e+00	0.000000e+00	0.000000e+00	0.000000e+00	0.000000e+00	0.000000e+00	0.000000e+00	0.000000e+00	0.000000e+00	0.000000e+00	0.000000e+00	0.000000e+00	0.000000e+00	0.000000e+00	0.000000e+00	0.000000e+00	
1383.106779	1378.496215	1387.717343	174.729494	1.281132e+02	1.882606e-90	0.000000e+00	1.213967e-61	5.671635e-82	0.000000e+00	0.000000e+00	8.446525e-03	1.882606e-90	1.165842e-03	2.006915e-69	1.882606e-90	1.882606e-90	1.882606e-90	1.882606e-90	0.000000e+00	1.882606e-90	1.882606e-90	1.882606e-90	1.882606e-90	3.175910e-50	4.973949e-03	9.162727e-57	0.000000e+00	0.000000e+00	0.000000e+00	1.882606e-90	1.882606e-90	0.000000e+00	1.406749e-57	0.000000e+00	0.000000e+00	0.000000e+00	0.000000e+00	0.000000e+00	0.000000e+00	0.000000e+00	5.011783e-66	1.882606e-90	1.882606e-90	1.437558e-85	6.563458e-52	8.228715e-79	1.982755e-64	1.882606e-90	2.273370e-04	7.072061e-48	0.000000e+00	0.000000e+00	6.820977e-54	1.882606e-90	0.000000e+00	2.792695e-42	8.419288e-01	1.882606e-90	2.718644e-18	0.000000e+00	1.882606e-90	1.882606e-90	1.882606e-90	6.824411e-64	1.882606e-90	0.000000e+00	0.000000e+00	1.882606e-90	0.000000e+00	0.000000e+00	0.000000e+00	0.000000e+00	0.000000e+00	0.000000e+00	0.000000e+00	1.340073e-70	1.882606e-90	0.000000e+00	0.000000e+00	0.000000e+00	0.000000e+00	0.000000e+00	0.000000e+00	0.000000e+00	0.000000e+00	0.000000e+00	0.000000e+00	0.000000e+00	0.000000e+00	0.000000e+00	0.000000e+00	0.000000e+00	0.000000e+00	0.000000e+00	0.000000e+00	0.000000e+00	0.000000e+00	0.000000e+00	0.000000e+00	0.000000e+00	0.000000e+00	0.000000e+00	0.000000e+00	0.000000e+00	0.000000e+00	0.000000e+00	0.000000e+00	0.000000e+00	0.000000e+00	0.000000e+00	0.000000e+00	0.000000e+00	0.000000e+00	0.000000e+00	0.000000e+00	0.000000e+00	0.000000e+00	0.000000e+00	0.000000e+00	
1392.334143	1387.717343	1396.950942	175.454825	1.051362e+02	1.882648e-90	0.000000e+00	1.638907e-61	8.128338e-82	0.000000e+00	0.000000e+00	8.446472e-03	1.882648e-90	1.165979e-03	2.766339e-69	1.882648e-90	1.882648e-90	1.882648e-90	1.882648e-90	0.000000e+00	1.882648e-90	1.882648e-90	1.882648e-90	1.882648e-90	5.685444e-50	4.973393e-03	1.339784e-56	0.000000e+00	0.000000e+00	0.000000e+00	1.882648e-90	1.882648e-90	0.000000e+00	2.061130e-57	0.000000e+00	0.000000e+00	0.000000e+00	0.000000e+00	0.000000e+00	0.000000e+00	0.000000e+00	9.395125e-66	1.882648e-90	1.882648e-90	2.310508e-85	9.347039e-52	1.283280e-78	2.903808e-64	1.882648e-90	2.273477e-04	9.063584e-48	0.000000e+00	0.000000e+00	1.208516e-53	1.882648e-90	0.000000e+00	4.793253e-42	8.419260e-01	1.882648e-90	4.364535e-18	0.000000e+00	1.882648e-90	1.882648e-90	1.882648e-90	9.258799e-64	1.882648e-90	0.000000e+00	0.000000e+00	1.882648e-90	0.000000e+00	0.000000e+00	0.000000e+00	0.000000e+00	0.000000e+00	0.000000e+00	0.000000e+00	2.511992e-70	1.882648e-90	0.000000e+00	0.000000e+00	0.000000e+00	0.000000e+00	0.000000e+00	0.000000e+00	0.000000e+00	0.000000e+00	0.000000e+00	0.000000e+00	0.000000e+00	0.000000e+00	0.000000e+00	0.000000e+00	0.000000e+00	0.000000e+00	0.000000e+00	0.000000e+00	0.000000e+00	0.000000e+00	0.000000e+00	0.000000e+00	0.000000e+00	0.000000e+00	0.000000e+00	0.000000e+00	0.000000e+00	0.000000e+00	0.000000e+00	0.000000e+00	0.000000e+00	0.000000e+00	0.000000e+00	0.000000e+00	0.000000e+00	0.000000e+00	0.000000e+00	0.000000e+00	0.000000e+00	0.000000e+00	0.000000e+00	0.000000e+00	
1401.581367	1396.950942	1406.211791	176.291660	8.628001e+01	1.882706e-90	0.000000e+00	2.781277e-61	1.567225e-81	0.000000e+00	0.000000e+00	8.446676e-03	1.882706e-90	1.165927e-03	4.906208e-69	1.882706e-90	1.882706e-90	1.882706e-90	1.882706e-90	0.000000e+00	1.882706e-90	1.882706e-90	1.882706e-90	1.882706e-90	1.259174e-49	4.973038e-03	2.410588e-56	0.000000e+00	0.000000e+00	0.000000e+00	1.882706e-90	1.882706e-90	0.000000e+00	3.725054e-57	0.000000e+00	0.000000e+00	0.000000e+00	0.000000e+00	0.000000e+00	0.000000e+00	0.000000e+00	2.295299e-65	1.882706e-90	1.882706e-90	5.086083e-85	1.588878e-51	2.648846e-78	5.241496e-64	1.882706e-90	2.273511e-04	1.376217e-47	0.000000e+00	0.000000e+00	2.617987e-53	1.882706e-90	0.000000e+00	9.703353e-42	8.419220e-01	1.882706e-90	7.653496e-18	0.000000e+00	1.882706e-90	1.882706e-90	1.882706e-90	1.588158e-63	1.882706e-90	0.000000e+00	0.000000e+00	1.882706e-90	0.000000e+00	0.000000e+00	0.000000e+00	0.000000e+00	0.000000e+00	0.000000e+00	0.000000e+00	6.136932e-70	1.882706e-90	0.000000e+00	0.000000e+00	0.000000e+00	0.000000e+00	0.000000e+00	0.000000e+00	0.000000e+00	0.000000e+00	0.000000e+00	0.000000e+00	0.000000e+00	0.000000e+00	0.000000e+00	0.000000e+00	0.000000e+00	0.000000e+00	0.000000e+00	0.000000e+00	0.000000e+00	0.000000e+00	0.000000e+00	0.000000e+00	0.000000e+00	0.000000e+00	0.000000e+00	0.000000e+00	0.000000e+00	0.000000e+00	0.000000e+00	0.000000e+00	0.000000e+00	0.000000e+00	0.000000e+00	0.000000e+00	0.000000e+00	0.000000e+00	0.000000e+00	0.000000e+00	0.000000e+00	0.000000e+00	0.000000e+00	0.000000e+00	
1410.846354	1406.211791	1415.480917	176.269859	7.080571e+01	1.882684e-90	0.000000e+00	3.503311e-61	2.052925e-81	0.000000e+00	0.000000e+00	8.446690e-03	1.882684e-90	1.165995e-03	6.264476e-69	1.882684e-90	1.882684e-90	1.882684e-90	1.882684e-90	0.000000e+00	1.882684e-90	1.882684e-90	1.882684e-90	1.882684e-90	2.113889e-49	4.973131e-03	3.310726e-56	0.000000e+00	0.000000e+00	0.000000e+00	1.882684e-90	1.882684e-90	0.000000e+00	5.123295e-57	0.000000e+00	0.000000e+00	0.000000e+00	0.000000e+00	0.000000e+00	0.000000e+00	0.000000e+00	3.971435e-65	1.882684e-90	1.882684e-90	7.430284e-85	2.144054e-51	3.794064e-78	7.205030e-64	1.882684e-90	2.273347e-04	1.675193e-47	0.000000e+00	0.000000e+00	4.365039e-53	1.882684e-90	0.000000e+00	1.584691e-41	8.419233e-01	1.882684e-90	1.196168e-17	0.000000e+00	1.882684e-90	1.882684e-90	1.882684e-90	2.007111e-63	1.882684e-90	0.000000e+00	0.000000e+00	1.882684e-90	0.000000e+00	0.000000e+00	0.000000e+00	0.000000e+00	0.000000e+00	0.000000e+00	0.000000e+00	1.061846e-69	1.882684e-90	0.000000e+00	0.000000e+00	0.000000e+00	0.000000e+00	0.000000e+00	0.000000e+00	0.000000e+00	0.000000e+00	0.000000e+00	0.000000e+00	0.000000e+00	0.000000e+00	0.000000e+00	0.000000e+00	0.000000e+00	0.000000e+00	0.000000e+00	0.000000e+00	0.000000e+00	0.000000e+00	0.000000e+00	0.000000e+00	0.000000e+00	0.000000e+00	0.000000e+00	0.000000e+00	0.000000e+00	0.000000e+00	0.000000e+00	0.000000e+00	0.000000e+00	0.000000e+00	0.000000e+00	0.000000e+00	0.000000e+00	0.000000e+00	0.000000e+00	0.000000e+00	0.000000e+00	0.000000e+00	0.000000e+00	0.000000e+00	
1420.109604	1415.480917	1424.738292	175.925350	5.810672e+01	1.882629e-90	0.000000e+00	3.206034e-61	1.776962e-81	0.000000e+00	0.000000e+00	8.446378e-03	1.882629e-90	1.165949e-03	5.623406e-69	1.882629e-90	1.882629e-90	1.882629e-90	1.882629e-90	0.000000e+00	1.882629e-90	1.882629e-90	1.882629e-90	1.882629e-90	2.636098e-49	4.972540e-03	3.403160e-56	0.000000e+00	0.000000e+00	0.000000e+00	1.882629e-90	1.882629e-90	0.000000e+00	5.255422e-57	0.000000e+00	0.000000e+00	0.000000e+00	0.000000e+00	0.000000e+00	0.000000e+00	0.000000e+00	4.744934e-65	1.882629e-90	1.882629e-90	6.996034e-85	2.259476e-51	3.673800e-78	7.396343e-64	1.882629e-90	2.273269e-04	1.609165e-47	0.000000e+00	0.000000e+00	5.495831e-53	1.882629e-90	0.000000e+00	2.055035e-41	8.419287e-01	1.882629e-90	1.651593e-17	0.000000e+00	1.882629e-90	1.882629e-90	1.882629e-90	1.827958e-63	1.882629e-90	0.000000e+00	0.000000e+00	1.882629e-90	0.000000e+00	0.000000e+00	0.000000e+00	0.000000e+00	0.000000e+00	0.000000e+00	0.000000e+00	1.268597e-69	1.882629e-90	0.000000e+00	0.000000e+00	0.000000e+00	0.000000e+00	0.000000e+00	0.000000e+00	0.000000e+00	0.000000e+00	0.000000e+00	0.000000e+00	0.000000e+00	0.000000e+00	0.000000e+00	0.000000e+00	0.000000e+00	0.000000e+00	0.000000e+00	0.000000e+00	0.000000e+00	0.000000e+00	0.000000e+00	0.000000e+00	0.000000e+00	0.000000e+00	0.000000e+00	0.000000e+00	0.000000e+00	0.000000e+00	0.000000e+00	0.000000e+00	0.000000e+00	0.000000e+00	0.000000e+00	0.000000e+00	0.000000e+00	0.000000e+00	0.000000e+00	0.000000e+00	0.000000e+00	0.000000e+00	0.000000e+00	0.000000e+00	
1429.359750	1424.738292	1433.981209	175.610041	4.768529e+01	1.882774e-90	0.000000e+00	2.815774e-61	1.458610e-81	0.000000e+00	0.000000e+00	8.448098e-03	1.882774e-90	1.166060e-03	4.824912e-69	1.882774e-90	1.882774e-90	1.882774e-90	1.882774e-90	0.000000e+00	1.882774e-90	1.882774e-90	1.882774e-90	1.882774e-90	3.166587e-49	4.974317e-03	3.372867e-56	0.000000e+00	0.000000e+00	0.000000e+00	1.882774e-90	1.882774e-90	0.000000e+00	5.196823e-57	0.000000e+00	0.000000e+00	0.000000e+00	0.000000e+00	0.000000e+00	0.000000e+00	0.000000e+00	5.409324e-65	1.882774e-90	1.882774e-90	6.226774e-85	2.307797e-51	3.384399e-78	7.318925e-64	1.882774e-90	2.273747e-04	1.499725e-47	0.000000e+00	0.000000e+00	6.681462e-53	1.882774e-90	0.000000e+00	2.589990e-41	8.419141e-01	1.882774e-90	2.245256e-17	0.000000e+00	1.882774e-90	1.882774e-90	1.882774e-90	1.596878e-63	1.882774e-90	0.000000e+00	0.000000e+00	1.882774e-90	0.000000e+00	0.000000e+00	0.000000e+00	0.000000e+00	0.000000e+00	0.000000e+00	0.000000e+00	1.446569e-69	1.882774e-90	0.000000e+00	0.000000e+00	0.000000e+00	0.000000e+00	0.000000e+00	0.000000e+00	0.000000e+00	0.000000e+00	0.000000e+00	0.000000e+00	0.000000e+00	0.000000e+00	0.000000e+00	0.000000e+00	0.000000e+00	0.000000e+00	0.000000e+00	0.000000e+00	0.000000e+00	0.000000e+00	0.000000e+00	0.000000e+00	0.000000e+00	0.000000e+00	0.000000e+00	0.000000e+00	0.000000e+00	0.000000e+00	0.000000e+00	0.000000e+00	0.000000e+00	0.000000e+00	0.000000e+00	0.000000e+00	0.000000e+00	0.000000e+00	0.000000e+00	0.000000e+00	0.000000e+00	0.000000e+00	0.000000e+00	0.000000e+00	
1438.599620	1433.981209	1443.218032	175.443764	3.913295e+01	1.882569e-90	0.000000e+00	2.829726e-61	1.425172e-81	0.000000e+00	0.000000e+00	8.446020e-03	1.882569e-90	1.165905e-03	4.801568e-69	1.882569e-90	1.882569e-90	1.882569e-90	1.882569e-90	0.000000e+00	1.882569e-90	1.882569e-90	1.882569e-90	1.882569e-90	4.306946e-49	4.973620e-03	3.773121e-56	0.000000e+00	0.000000e+00	0.000000e+00	1.882569e-90	1.882569e-90	0.000000e+00	5.808359e-57	0.000000e+00	0.000000e+00	0.000000e+00	0.000000e+00	0.000000e+00	0.000000e+00	0.000000e+00	7.202101e-65	1.882569e-90	1.882569e-90	6.667069e-85	2.613895e-51	3.674020e-78	8.179272e-64	1.882569e-90	2.273296e-04	1.543871e-47	0.000000e+00	0.000000e+00	9.129672e-53	1.882569e-90	0.000000e+00	3.591588e-41	8.419323e-01	1.882569e-90	3.213903e-17	0.000000e+00	1.882569e-90	1.882569e-90	1.882569e-90	1.600762e-63	1.882569e-90	0.000000e+00	0.000000e+00	1.882569e-90	0.000000e+00	0.000000e+00	0.000000e+00	0.000000e+00	0.000000e+00	0.000000e+00	0.000000e+00	1.925505e-69	1.882569e-90	0.000000e+00	0.000000e+00	0.000000e+00	0.000000e+00	0.000000e+00	0.000000e+00	0.000000e+00	0.000000e+00	0.000000e+00	0.000000e+00	0.000000e+00	0.000000e+00	0.000000e+00	0.000000e+00	0.000000e+00	0.000000e+00	0.000000e+00	0.000000e+00	0.000000e+00	0.000000e+00	0.000000e+00	0.000000e+00	0.000000e+00	0.000000e+00	0.000000e+00	0.000000e+00	0.000000e+00	0.000000e+00	0.000000e+00	0.000000e+00	0.000000e+00	0.000000e+00	0.000000e+00	0.000000e+00	0.000000e+00	0.000000e+00	0.000000e+00	0.000000e+00	0.000000e+00	0.000000e+00	0.000000e+00	0.000000e+00	
1447.841952	1443.218032	1452.465872	175.585820	3.211446e+01	1.882690e-90	0.000000e+00	3.715180e-61	1.970096e-81	0.000000e+00	0.000000e+00	8.446552e-03	1.882690e-90	1.165971e-03	6.417691e-69	1.882690e-90	1.882690e-90	1.882690e-90	1.882690e-90	0.000000e+00	1.882690e-90	1.882690e-90	1.882690e-90	1.882690e-90	7.515332e-49	4.973970e-03	5.381024e-56	0.000000e+00	0.000000e+00	0.000000e+00	1.882690e-90	1.882690e-90	0.000000e+00	8.298871e-57	0.000000e+00	0.000000e+00	0.000000e+00	0.000000e+00	0.000000e+00	0.000000e+00	0.000000e+00	1.307470e-64	1.882690e-90	1.882690e-90	1.031384e-84	3.643964e-51	5.538417e-78	1.168136e-63	1.882690e-90	2.273666e-04	1.938386e-47	0.000000e+00	0.000000e+00	1.579175e-52	1.882690e-90	0.000000e+00	6.044368e-41	8.419221e-01	1.882690e-90	5.104085e-17	0.000000e+00	1.882690e-90	1.882690e-90	1.882690e-90	2.110982e-63	1.882690e-90	0.000000e+00	0.000000e+00	1.882690e-90	0.000000e+00	0.000000e+00	0.000000e+00	0.000000e+00	0.000000e+00	0.000000e+00	0.000000e+00	3.495755e-69	1.882690e-90	0.000000e+00	0.000000e+00	0.000000e+00	0.000000e+00	0.000000e+00	0.000000e+00	0.000000e+00	0.000000e+00	0.000000e+00	0.000000e+00	0.000000e+00	0.000000e+00	0.000000e+00	0.000000e+00	0.000000e+00	0.000000e+00	0.000000e+00	0.000000e+00	0.000000e+00	0.000000e+00	0.000000e+00	0.000000e+00	0.000000e+00	0.000000e+00	0.000000e+00	0.000000e+00	0.000000e+00	0.000000e+00	0.000000e+00	0.000000e+00	0.000000e+00	0.000000e+00	0.000000e+00	0.000000e+00	0.000000e+00	0.000000e+00	0.000000e+00	0.000000e+00	0.000000e+00	0.000000e+00	0.000000e+00	0.000000e+00	
1457.109022	1452.465872	1461.752172	176.231293	2.635474e+01	1.882565e-90	0.000000e+00	7.512571e-61	4.767382e-81	0.000000e+00	0.000000e+00	8.446143e-03	1.882565e-90	1.165841e-03	1.380706e-68	1.882565e-90	1.882565e-90	1.882565e-90	1.882565e-90	0.000000e+00	1.882565e-90	1.882565e-90	1.882565e-90	1.882565e-90	1.959161e-48	4.973764e-03	1.134863e-55	0.000000e+00	0.000000e+00	0.000000e+00	1.882565e-90	1.882565e-90	0.000000e+00	1.761553e-56	0.000000e+00	0.000000e+00	0.000000e+00	0.000000e+00	0.000000e+00	0.000000e+00	0.000000e+00	3.913424e-64	1.882565e-90	1.882565e-90	2.888709e-84	7.092716e-51	1.416826e-77	2.474265e-63	1.882565e-90	2.273425e-04	3.351180e-47	0.000000e+00	0.000000e+00	3.990266e-52	1.882565e-90	0.000000e+00	1.388444e-40	8.419327e-01	1.882565e-90	9.578642e-17	0.000000e+00	1.882565e-90	1.882565e-90	1.882565e-90	4.333673e-63	1.882565e-90	0.000000e+00	0.000000e+00	1.882565e-90	0.000000e+00	0.000000e+00	0.000000e+00	0.000000e+00	0.000000e+00	0.000000e+00	0.000000e+00	1.046289e-68	1.882565e-90	0.000000e+00	0.000000e+00	0.000000e+00	0.000000e+00	0.000000e+00	0.000000e+00	0.000000e+00	0.000000e+00	0.000000e+00	0.000000e+00	0.000000e+00	0.000000e+00	0.000000e+00	0.000000e+00	0.000000e+00	0.000000e+00	0.000000e+00	0.000000e+00	0.000000e+00	0.000000e+00	0.000000e+00	0.000000e+00	0.000000e+00	0.000000e+00	0.000000e+00	0.000000e+00	0.000000e+00	0.000000e+00	0.000000e+00	0.000000e+00	0.000000e+00	0.000000e+00	0.000000e+00	0.000000e+00	0.000000e+00	0.000000e+00	0.000000e+00	0.000000e+00	0.000000e+00	0.000000e+00	0.000000e+00	0.000000e+00	
1466.435129	1461.752172	1471.118087	177.628877	2.162802e+01	1.882653e-90	0.000000e+00	2.864788e-60	2.626067e-80	0.000000e+00	0.000000e+00	8.445866e-03	1.882653e-90	1.165887e-03	5.978376e-68	1.882653e-90	1.882653e-90	1.882653e-90	1.882653e-90	0.000000e+00	1.882653e-90	1.882653e-90	1.882653e-90	1.882653e-90	9.223844e-48	4.973760e-03	4.256462e-55	0.000000e+00	0.000000e+00	0.000000e+00	1.882653e-90	1.882653e-90	0.000000e+00	6.695536e-56	0.000000e+00	0.000000e+00	0.000000e+00	0.000000e+00	0.000000e+00	0.000000e+00	0.000000e+00	2.445724e-63	1.882653e-90	1.882653e-90	1.935899e-83	2.257236e-50	7.889694e-77	9.368197e-63	1.882653e-90	2.273335e-04	9.273199e-47	0.000000e+00	0.000000e+00	1.763564e-51	1.882653e-90	0.000000e+00	5.047812e-40	8.419265e-01	1.882653e-90	2.302033e-16	0.000000e+00	1.882653e-90	1.882653e-90	1.882653e-90	1.704758e-62	1.882653e-90	0.000000e+00	0.000000e+00	1.882653e-90	0.000000e+00	0.000000e+00	0.000000e+00	0.000000e+00	0.000000e+00	0.000000e+00	0.000000e+00	6.542229e-68	1.882653e-90	0.000000e+00	0.000000e+00	0.000000e+00	0.000000e+00	0.000000e+00	0.000000e+00	0.000000e+00	0.000000e+00	0.000000e+00	0.000000e+00	0.000000e+00	0.000000e+00	0.000000e+00	0.000000e+00	0.000000e+00	0.000000e+00	0.000000e+00	0.000000e+00	0.000000e+00	0.000000e+00	0.000000e+00	0.000000e+00	0.000000e+00	0.000000e+00	0.000000e+00	0.000000e+00	0.000000e+00	0.000000e+00	0.000000e+00	0.000000e+00	0.000000e+00	0.000000e+00	0.000000e+00	0.000000e+00	0.000000e+00	0.000000e+00	0.000000e+00	0.000000e+00	0.000000e+00	0.000000e+00	0.000000e+00	0.000000e+00	
1475.870841	1471.118087	1480.623595	180.118378	1.774904e+01	1.882612e-90	0.000000e+00	2.651423e-59	4.566491e-79	0.000000e+00	0.000000e+00	8.445934e-03	1.882612e-90	1.165973e-03	6.876806e-67	1.882612e-90	1.882612e-90	1.882612e-90	1.882612e-90	0.000000e+00	1.882612e-90	1.882612e-90	1.882612e-90	1.882612e-90	9.942785e-47	4.973146e-03	3.574023e-54	0.000000e+00	0.000000e+00	0.000000e+00	1.882612e-90	1.882612e-90	0.000000e+00	5.752781e-55	0.000000e+00	0.000000e+00	0.000000e+00	0.000000e+00	0.000000e+00	0.000000e+00	0.000000e+00	4.286329e-62	1.882612e-90	1.882612e-90	4.392210e-82	1.429548e-49	1.303983e-75	8.007559e-62	1.882612e-90	2.273445e-04	4.952021e-46	0.000000e+00	0.000000e+00	1.708406e-50	1.882612e-90	0.000000e+00	3.498044e-39	8.419297e-01	1.882612e-90	7.837777e-16	0.000000e+00	1.882612e-90	1.882612e-90	1.882612e-90	1.664119e-61	1.882612e-90	0.000000e+00	0.000000e+00	1.882612e-90	0.000000e+00	0.000000e+00	0.000000e+00	0.000000e+00	0.000000e+00	0.000000e+00	0.000000e+00	1.149382e-66	1.882612e-90	0.000000e+00	0.000000e+00	0.000000e+00	0.000000e+00	0.000000e+00	0.000000e+00	0.000000e+00	0.000000e+00	0.000000e+00	0.000000e+00	0.000000e+00	0.000000e+00	0.000000e+00	0.000000e+00	0.000000e+00	0.000000e+00	0.000000e+00	0.000000e+00	0.000000e+00	0.000000e+00	0.000000e+00	0.000000e+00	0.000000e+00	0.000000e+00	0.000000e+00	0.000000e+00	0.000000e+00	0.000000e+00	0.000000e+00	0.000000e+00	0.000000e+00	0.000000e+00	0.000000e+00	0.000000e+00	0.000000e+00	0.000000e+00	0.000000e+00	0.000000e+00	0.000000e+00	0.000000e+00	0.000000e+00	0.000000e+00	
1485.486528	1480.623595	1490.349462	184.187275	1.456575e+01	1.882727e-90	0.000000e+00	7.423008e-58	3.334117e-77	0.000000e+00	0.000000e+00	8.447008e-03	1.882727e-90	1.166129e-03	2.676295e-65	1.882727e-90	1.882727e-90	1.882727e-90	1.882727e-90	0.000000e+00	1.882727e-90	1.882727e-90	1.882727e-90	1.882727e-90	3.031952e-45	4.973681e-03	8.237404e-53	0.000000e+00	0.000000e+00	0.000000e+00	1.882727e-90	1.882727e-90	0.000000e+00	1.374412e-53	0.000000e+00	0.000000e+00	0.000000e+00	0.000000e+00	0.000000e+00	0.000000e+00	0.000000e+00	2.738438e-60	1.882727e-90	1.882727e-90	4.567420e-80	2.141650e-48	8.394022e-74	1.901832e-60	1.882727e-90	2.273444e-04	6.007887e-45	0.000000e+00	0.000000e+00	4.444251e-49	1.882727e-90	0.000000e+00	5.469709e-38	8.419193e-01	1.882727e-90	4.150258e-15	0.000000e+00	1.882727e-90	1.882727e-90	1.882727e-90	5.054563e-60	1.882727e-90	0.000000e+00	0.000000e+00	1.882727e-90	0.000000e+00	0.000000e+00	0.000000e+00	0.000000e+00	0.000000e+00	0.000000e+00	0.000000e+00	7.398391e-65	1.882727e-90	0.000000e+00	0.000000e+00	0.000000e+00	0.000000e+00	0.000000e+00	0.000000e+00	0.000000e+00	0.000000e+00	0.000000e+00	0.000000e+00	0.000000e+00	0.000000e+00	0.000000e+00	0.000000e+00	0.000000e+00	0.000000e+00	0.000000e+00	0.000000e+00	0.000000e+00	0.000000e+00	0.000000e+00	0.000000e+00	0.000000e+00	0.000000e+00	0.000000e+00	0.000000e+00	0.000000e+00	0.000000e+00	0.000000e+00	0.000000e+00	0.000000e+00	0.000000e+00	0.000000e+00	0.000000e+00	0.000000e+00	0.000000e+00	0.000000e+00	0.000000e+00	0.000000e+00	0.000000e+00	0.000000e+00	0.000000e+00	
1495.353893	1490.349462	1500.358324	190.183550	1.195339e+01	1.882703e-90	0.000000e+00	4.257811e-56	6.162569e-75	0.000000e+00	0.000000e+00	8.446507e-03	1.882703e-90	1.165964e-03	2.290329e-63	1.882703e-90	1.882703e-90	1.882703e-90	1.882703e-90	0.000000e+00	1.882703e-90	1.882703e-90	1.882703e-90	1.882703e-90	1.829272e-43	4.973882e-03	3.670483e-51	0.000000e+00	0.000000e+00	0.000000e+00	1.882703e-90	1.882703e-90	0.000000e+00	6.408213e-52	0.000000e+00	0.000000e+00	0.000000e+00	0.000000e+00	0.000000e+00	0.000000e+00	0.000000e+00	4.082584e-58	1.882703e-90	1.882703e-90	1.274288e-77	5.627095e-47	1.307317e-71	8.835676e-59	1.882703e-90	2.273506e-04	1.240637e-43	0.000000e+00	0.000000e+00	2.221267e-47	1.882703e-90	0.000000e+00	1.467729e-36	8.419216e-01	1.882703e-90	2.957653e-14	0.000000e+00	1.882703e-90	1.882703e-90	1.882703e-90	3.203525e-58	1.500533e-89	0.000000e+00	0.000000e+00	1.882703e-90	0.000000e+00	0.000000e+00	0.000000e+00	0.000000e+00	0.000000e+00	0.000000e+00	0.000000e+00	1.119527e-62	2.303048e-89	0.000000e+00	0.000000e+00	0.000000e+00	0.000000e+00	0.000000e+00	0.000000e+00	0.000000e+00	0.000000e+00	0.000000e+00	0.000000e+00	0.000000e+00	0.000000e+00	0.000000e+00	0.000000e+00	0.000000e+00	0.000000e+00	0.000000e+00	0.000000e+00	0.000000e+00	0.000000e+00	0.000000e+00	0.000000e+00	0.000000e+00	0.000000e+00	0.000000e+00	0.000000e+00	0.000000e+00	0.000000e+00	0.000000e+00	0.000000e+00	0.000000e+00	0.000000e+00	0.000000e+00	0.000000e+00	0.000000e+00	0.000000e+00	0.000000e+00	0.000000e+00	0.000000e+00	0.000000e+00	0.000000e+00	0.000000e+00	
1505.499388	1500.358324	1510.640453	196.253914	9.809551e+00	1.882725e-90	0.000000e+00	1.745027e-54	7.362262e-73	0.000000e+00	0.000000e+00	8.447121e-03	1.882725e-90	1.166030e-03	1.351205e-61	1.882725e-90	1.882725e-90	1.882725e-90	1.882725e-90	0.000000e+00	1.882725e-90	1.882725e-90	1.882725e-90	1.882725e-90	8.150237e-42	4.974951e-03	1.212998e-49	0.000000e+00	0.000000e+00	0.000000e+00	1.882725e-90	1.031600e-87	0.000000e+00	2.210298e-50	0.000000e+00	0.000000e+00	0.000000e+00	0.000000e+00	0.000000e+00	0.000000e+00	0.000000e+00	4.166187e-56	1.882725e-90	1.882725e-90	2.240061e-75	1.144136e-45	1.352523e-69	3.048681e-57	1.882725e-90	2.273553e-04	1.996938e-42	0.000000e+00	0.000000e+00	8.378250e-46	5.147969e-89	0.000000e+00	3.134806e-35	8.419182e-01	1.882725e-90	1.872896e-13	0.000000e+00	1.882725e-90	1.882725e-90	1.882725e-90	1.439133e-56	7.983290e-87	0.000000e+00	0.000000e+00	1.882725e-90	0.000000e+00	0.000000e+00	0.000000e+00	0.000000e+00	0.000000e+00	0.000000e+00	0.000000e+00	1.164922e-60	1.121164e-87	0.000000e+00	0.000000e+00	0.000000e+00	0.000000e+00	0.000000e+00	0.000000e+00	0.000000e+00	0.000000e+00	0.000000e+00	0.000000e+00	0.000000e+00	0.000000e+00	0.000000e+00	0.000000e+00	0.000000e+00	0.000000e+00	0.000000e+00	0.000000e+00	0.000000e+00	0.000000e+00	0.000000e+00	0.000000e+00	0.000000e+00	0.000000e+00	0.000000e+00	0.000000e+00	0.000000e+00	0.000000e+00	0.000000e+00	0.000000e+00	0.000000e+00	0.000000e+00	0.000000e+00	0.000000e+00	0.000000e+00	0.000000e+00	0.000000e+00	0.000000e+00	0.000000e+00	0.000000e+00	0.000000e+00	0.000000e+00	
1515.879388	1510.640453	1521.118324	199.775683	8.050210e+00	1.882682e-90	0.000000e+00	2.283353e-53	2.001651e-71	0.000000e+00	0.000000e+00	8.446491e-03	1.882682e-90	1.165998e-03	2.265814e-60	1.882682e-90	1.882682e-90	1.882682e-90	1.882682e-90	0.000000e+00	1.882682e-90	1.882682e-90	1.882682e-90	1.882682e-90	1.247492e-40	4.974181e-03	1.418183e-48	0.000000e+00	0.000000e+00	0.000000e+00	1.882682e-90	1.128757e-85	0.000000e+00	2.662271e-49	0.000000e+00	0.000000e+00	0.000000e+00	0.000000e+00	0.000000e+00	0.000000e+00	0.000000e+00	1.124843e-54	1.882682e-90	1.882682e-90	8.190358e-74	9.587643e-45	3.446453e-68	3.681810e-56	1.882682e-90	2.273575e-04	1.378700e-41	0.000000e+00	0.000000e+00	1.147827e-44	5.622880e-87	0.000000e+00	2.910483e-34	8.419227e-01	1.882682e-90	7.561501e-13	0.000000e+00	1.882682e-90	1.882682e-90	1.882682e-90	2.004802e-55	6.445348e-85	0.000000e+00	0.000000e+00	1.882682e-90	0.000000e+00	0.000000e+00	0.000000e+00	0.000000e+00	0.000000e+00	0.000000e+00	0.000000e+00	3.197007e-59	1.623388e-86	0.000000e+00	0.000000e+00	0.000000e+00	0.000000e+00	0.000000e+00	0.000000e+00	0.000000e+00	0.000000e+00	0.000000e+00	0.000000e+00	0.000000e+00	0.000000e+00	0.000000e+00	0.000000e+00	0.000000e+00	0.000000e+00	0.000000e+00	0.000000e+00	0.000000e+00	0.000000e+00	0.000000e+00	0.000000e+00	0.000000e+00	0.000000e+00	0.000000e+00	0.000000e+00	0.000000e+00	0.000000e+00	0.000000e+00	0.000000e+00	0.000000e+00	0.000000e+00	0.000000e+00	0.000000e+00	0.000000e+00	0.000000e+00	0.000000e+00	0.000000e+00	0.000000e+00	0.000000e+00	0.000000e+00	0.000000e+00	
1526.411212	1521.118324	1531.704101	201.334832	6.606406e+00	1.882698e-90	0.000000e+00	9.485548e-53	1.230483e-70	0.000000e+00	0.000000e+00	8.446720e-03	1.882698e-90	1.165943e-03	1.074703e-59	1.882698e-90	6.112258e-90	1.882698e-90	1.882698e-90	0.000000e+00	1.882698e-90	1.882698e-90	1.882698e-90	1.882698e-90	6.482584e-40	4.973893e-03	5.814781e-48	0.000000e+00	0.000000e+00	0.000000e+00	1.882698e-90	1.683228e-84	0.000000e+00	1.109339e-48	0.000000e+00	0.000000e+00	0.000000e+00	0.000000e+00	0.000000e+00	0.000000e+00	0.000000e+00	7.924162e-54	1.882698e-90	1.882698e-90	6.179009e-73	3.286518e-44	2.143958e-67	1.537458e-55	1.882698e-90	2.273477e-04	4.065555e-41	0.000000e+00	0.000000e+00	5.626168e-44	8.369492e-86	0.000000e+00	1.158254e-33	8.419217e-01	1.882698e-90	1.924377e-12	0.000000e+00	1.882698e-90	1.882698e-90	1.882698e-90	8.613402e-55	7.794274e-84	0.000000e+00	0.000000e+00	1.882698e-90	0.000000e+00	0.000000e+00	0.000000e+00	0.000000e+00	0.000000e+00	0.000000e+00	0.000000e+00	2.274536e-58	6.837390e-86	0.000000e+00	0.000000e+00	0.000000e+00	0.000000e+00	0.000000e+00	0.000000e+00	0.000000e+00	0.000000e+00	0.000000e+00	0.000000e+00	0.000000e+00	0.000000e+00	0.000000e+00	0.000000e+00	0.000000e+00	0.000000e+00	0.000000e+00	0.000000e+00	0.000000e+00	0.000000e+00	0.000000e+00	0.000000e+00	0.000000e+00	0.000000e+00	0.000000e+00	0.000000e+00	0.000000e+00	0.000000e+00	0.000000e+00	0.000000e+00	0.000000e+00	0.000000e+00	0.000000e+00	0.000000e+00	0.000000e+00	0.000000e+00	0.000000e+00	0.000000e+00	0.000000e+00	0.000000e+00	0.000000e+00	0.000000e+00	
1537.027637	1531.704101	1542.351172	202.401675	5.421549e+00	1.882662e-90	0.000000e+00	2.194438e-52	3.542656e-70	0.000000e+00	0.000000e+00	8.446730e-03	1.882662e-90	1.166050e-03	2.677284e-59	1.882662e-90	2.961459e-89	1.882662e-90	1.882662e-90	0.000000e+00	1.882662e-90	1.882662e-90	1.882662e-90	1.882662e-90	1.938284e-39	4.973461e-03	1.395455e-47	0.000000e+00	0.000000e+00	0.000000e+00	1.882662e-90	9.065641e-84	0.000000e+00	2.686416e-48	0.000000e+00	0.000000e+00	0.000000e+00	0.000000e+00	0.000000e+00	0.000000e+00	0.000000e+00	2.808554e-53	1.882662e-90	1.882662e-90	2.083710e-72	7.136979e-44	6.492810e-67	3.728852e-55	1.882662e-90	2.273526e-04	7.767917e-41	0.000000e+00	0.000000e+00	1.628811e-43	4.502373e-85	0.000000e+00	2.984808e-33	8.419246e-01	1.882662e-90	3.864395e-12	0.000000e+00	1.882662e-90	1.882662e-90	1.882662e-90	2.030371e-54	3.574123e-83	0.000000e+00	0.000000e+00	1.882662e-90	0.000000e+00	0.000000e+00	0.000000e+00	0.000000e+00	0.000000e+00	0.000000e+00	0.000000e+00	8.108607e-58	1.528224e-85	0.000000e+00	0.000000e+00	0.000000e+00	0.000000e+00	0.000000e+00	0.000000e+00	0.000000e+00	0.000000e+00	0.000000e+00	0.000000e+00	0.000000e+00	0.000000e+00	0.000000e+00	0.000000e+00	0.000000e+00	0.000000e+00	0.000000e+00	0.000000e+00	0.000000e+00	0.000000e+00	0.000000e+00	0.000000e+00	0.000000e+00	0.000000e+00	0.000000e+00	0.000000e+00	0.000000e+00	0.000000e+00	0.000000e+00	0.000000e+00	0.000000e+00	0.000000e+00	0.000000e+00	0.000000e+00	0.000000e+00	0.000000e+00	0.000000e+00	0.000000e+00	0.000000e+00	0.000000e+00	0.000000e+00	0.000000e+00	
1547.698982	1542.351172	1553.046792	203.261470	4.449195e+00	1.882692e-90	0.000000e+00	4.335984e-52	8.315052e-70	0.000000e+00	0.000000e+00	8.447382e-03	1.882692e-90	1.166039e-03	5.606561e-59	1.882692e-90	1.092116e-88	1.882692e-90	1.882692e-90	0.000000e+00	1.882692e-90	1.882692e-90	1.882692e-90	1.882692e-90	4.995279e-39	4.974212e-03	2.899843e-47	0.000000e+00	0.000000e+00	0.000000e+00	1.882692e-90	3.712895e-83	0.000000e+00	5.623402e-48	0.000000e+00	0.000000e+00	0.000000e+00	0.000000e+00	0.000000e+00	0.000000e+00	0.000000e+00	8.273447e-53	1.882692e-90	1.882692e-90	5.656236e-72	1.370436e-43	1.619755e-66	7.813453e-55	1.882692e-90	2.273546e-04	1.320384e-40	0.000000e+00	0.000000e+00	4.093135e-43	1.841611e-84	0.000000e+00	6.844938e-33	8.419210e-01	1.882692e-90	7.278365e-12	0.000000e+00	1.882692e-90	1.882692e-90	1.882692e-90	4.072362e-54	1.262555e-82	0.000000e+00	0.000000e+00	1.882692e-90	0.000000e+00	0.000000e+00	0.000000e+00	0.000000e+00	0.000000e+00	0.000000e+00	0.000000e+00	2.400168e-57	2.880798e-85	0.000000e+00	0.000000e+00	0.000000e+00	0.000000e+00	0.000000e+00	0.000000e+00	0.000000e+00	0.000000e+00	0.000000e+00	0.000000e+00	0.000000e+00	0.000000e+00	0.000000e+00	0.000000e+00	0.000000e+00	0.000000e+00	0.000000e+00	0.000000e+00	0.000000e+00	0.000000e+00	0.000000e+00	0.000000e+00	0.000000e+00	0.000000e+00	0.000000e+00	0.000000e+00	0.000000e+00	0.000000e+00	0.000000e+00	0.000000e+00	0.000000e+00	0.000000e+00	0.000000e+00	0.000000e+00	0.000000e+00	0.000000e+00	0.000000e+00	0.000000e+00	0.000000e+00	0.000000e+00	0.000000e+00	0.000000e+00	
1558.418001	1553.046792	1563.789210	204.106152	3.651233e+00	1.882691e-90	0.000000e+00	8.333276e-52	1.882344e-69	0.000000e+00	0.000000e+00	8.446185e-03	1.882691e-90	1.166004e-03	1.138750e-58	1.882691e-90	3.838347e-88	1.882691e-90	1.882691e-90	0.000000e+00	1.882691e-90	1.882691e-90	1.882691e-90	1.882691e-90	1.253774e-38	4.973687e-03	5.873047e-47	0.000000e+00	0.000000e+00	0.000000e+00	1.882691e-90	1.448599e-82	0.000000e+00	1.146837e-47	0.000000e+00	0.000000e+00	0.000000e+00	0.000000e+00	0.000000e+00	0.000000e+00	0.000000e+00	2.359045e-52	1.882691e-90	1.882691e-90	1.477913e-71	2.575277e-43	3.904616e-66	1.595214e-54	1.882691e-90	2.273503e-04	2.198663e-40	0.000000e+00	0.000000e+00	1.003049e-42	7.177180e-84	0.000000e+00	1.537149e-32	8.419230e-01	1.882691e-90	1.355826e-11	0.000000e+00	1.882691e-90	1.882691e-90	1.882691e-90	7.937117e-54	4.258294e-82	0.000000e+00	0.000000e+00	1.882691e-90	0.000000e+00	0.000000e+00	0.000000e+00	0.000000e+00	0.000000e+00	0.000000e+00	0.000000e+00	6.874547e-57	5.267521e-85	0.000000e+00	0.000000e+00	0.000000e+00	0.000000e+00	0.000000e+00	0.000000e+00	0.000000e+00	0.000000e+00	0.000000e+00	0.000000e+00	0.000000e+00	0.000000e+00	0.000000e+00	0.000000e+00	0.000000e+00	0.000000e+00	0.000000e+00	0.000000e+00	0.000000e+00	0.000000e+00	0.000000e+00	0.000000e+00	0.000000e+00	0.000000e+00	0.000000e+00	0.000000e+00	0.000000e+00	0.000000e+00	0.000000e+00	0.000000e+00	0.000000e+00	0.000000e+00	0.000000e+00	0.000000e+00	0.000000e+00	0.000000e+00	0.000000e+00	0.000000e+00	0.000000e+00	0.000000e+00	0.000000e+00	0.000000e+00	
1569.185947	1563.789210	1574.582685	205.064822	2.996385e+00	1.882736e-90	0.000000e+00	1.678446e-51	4.528939e-69	0.000000e+00	0.000000e+00	8.446664e-03	1.882736e-90	1.166001e-03	2.435282e-58	1.882736e-90	1.463801e-87	1.882736e-90	1.882736e-90	0.000000e+00	1.882736e-90	1.882736e-90	1.882736e-90	1.882736e-90	3.291708e-38	4.973613e-03	1.242302e-46	0.000000e+00	0.000000e+00	0.000000e+00	1.882736e-90	6.135951e-82	0.000000e+00	2.443993e-47	0.000000e+00	0.000000e+00	0.000000e+00	0.000000e+00	0.000000e+00	0.000000e+00	0.000000e+00	7.111263e-52	1.882736e-90	1.882736e-90	4.119231e-71	5.021146e-43	9.975216e-66	3.404822e-54	1.882736e-90	2.273581e-04	3.790891e-40	0.000000e+00	0.000000e+00	2.566496e-42	3.035977e-83	0.000000e+00	3.578305e-32	8.419191e-01	1.882736e-90	2.575675e-11	0.000000e+00	1.882736e-90	1.882736e-90	1.882736e-90	1.623331e-53	1.553106e-81	0.000000e+00	0.000000e+00	1.882736e-90	0.000000e+00	0.000000e+00	0.000000e+00	0.000000e+00	0.000000e+00	0.000000e+00	0.000000e+00	2.083193e-56	1.015256e-84	0.000000e+00	0.000000e+00	0.000000e+00	0.000000e+00	0.000000e+00	0.000000e+00	0.000000e+00	0.000000e+00	0.000000e+00	0.000000e+00	0.000000e+00	0.000000e+00	0.000000e+00	0.000000e+00	0.000000e+00	0.000000e+00	0.000000e+00	0.000000e+00	0.000000e+00	0.000000e+00	0.000000e+00	0.000000e+00	0.000000e+00	0.000000e+00	0.000000e+00	0.000000e+00	0.000000e+00	0.000000e+00	0.000000e+00	0.000000e+00	0.000000e+00	0.000000e+00	0.000000e+00	0.000000e+00	0.000000e+00	0.000000e+00	0.000000e+00	0.000000e+00	0.000000e+00	0.000000e+00	0.000000e+00	0.000000e+00	
1580.008525	1574.582685	1585.434364	206.176135	2.458984e+00	1.882657e-90	0.000000e+00	3.642905e-51	1.200383e-68	0.000000e+00	0.000000e+00	8.447255e-03	1.882657e-90	1.165963e-03	5.653365e-58	1.882657e-90	6.355065e-87	1.882657e-90	1.882657e-90	0.000000e+00	1.882657e-90	1.882657e-90	1.882657e-90	1.882657e-90	9.279477e-38	4.973521e-03	2.814730e-46	0.000000e+00	0.000000e+00	0.000000e+00	1.882657e-90	2.961541e-81	0.000000e+00	5.584171e-47	0.000000e+00	0.000000e+00	0.000000e+00	0.000000e+00	0.000000e+00	0.000000e+00	0.000000e+00	2.341585e-51	1.882657e-90	1.882657e-90	1.272296e-70	1.037831e-42	2.793907e-65	7.793459e-54	1.882657e-90	2.273475e-04	6.907882e-40	0.000000e+00	0.000000e+00	7.029180e-42	1.462764e-82	0.000000e+00	8.813058e-32	8.419251e-01	1.882657e-90	5.047056e-11	0.000000e+00	1.882657e-90	1.882657e-90	1.882657e-90	3.584463e-53	6.413189e-81	0.000000e+00	0.000000e+00	1.882657e-90	0.000000e+00	0.000000e+00	0.000000e+00	0.000000e+00	0.000000e+00	0.000000e+00	0.000000e+00	6.901212e-56	2.124598e-84	0.000000e+00	0.000000e+00	0.000000e+00	0.000000e+00	0.000000e+00	0.000000e+00	0.000000e+00	0.000000e+00	0.000000e+00	0.000000e+00	0.000000e+00	0.000000e+00	0.000000e+00	0.000000e+00	0.000000e+00	0.000000e+00	0.000000e+00	0.000000e+00	0.000000e+00	0.000000e+00	0.000000e+00	0.000000e+00	0.000000e+00	0.000000e+00	0.000000e+00	0.000000e+00	0.000000e+00	0.000000e+00	0.000000e+00	0.000000e+00	0.000000e+00	0.000000e+00	0.000000e+00	0.000000e+00	0.000000e+00	0.000000e+00	0.000000e+00	0.000000e+00	0.000000e+00	0.000000e+00	0.000000e+00	0.000000e+00	
1590.892838	1585.434364	1596.351312	207.416106	2.017966e+00	1.882653e-90	0.000000e+00	8.540255e-51	3.515306e-68	0.000000e+00	0.000000e+00	8.446978e-03	1.882653e-90	1.165984e-03	1.428477e-57	1.882653e-90	3.154248e-86	1.882653e-90	1.882653e-90	0.000000e+00	1.882653e-90	1.882653e-90	1.882653e-90	1.882653e-90	2.815708e-37	4.973988e-03	6.846887e-46	0.000000e+00	0.000000e+00	0.000000e+00	1.882653e-90	1.636232e-80	0.000000e+00	1.371512e-46	0.000000e+00	0.000000e+00	0.000000e+00	0.000000e+00	0.000000e+00	0.000000e+00	0.000000e+00	8.449234e-51	1.882653e-90	1.882653e-90	4.369908e-70	2.279216e-42	8.605529e-65	1.917545e-53	1.882653e-90	2.273552e-04	1.332948e-39	0.000000e+00	0.000000e+00	2.066035e-41	8.064283e-82	0.000000e+00	2.300935e-31	8.419250e-01	1.882653e-90	1.021492e-10	0.000000e+00	1.882653e-90	1.882653e-90	1.882653e-90	8.567105e-53	3.010443e-80	0.000000e+00	0.000000e+00	1.882653e-90	0.000000e+00	0.000000e+00	0.000000e+00	0.000000e+00	0.000000e+00	0.000000e+00	0.000000e+00	2.507368e-55	4.840401e-84	0.000000e+00	0.000000e+00	0.000000e+00	0.000000e+00	0.000000e+00	0.000000e+00	0.000000e+00	0.000000e+00	0.000000e+00	0.000000e+00	0.000000e+00	0.000000e+00	0.000000e+00	0.000000e+00	0.000000e+00	0.000000e+00	0.000000e+00	0.000000e+00	0.000000e+00	0.000000e+00	0.000000e+00	0.000000e+00	0.000000e+00	0.000000e+00	0.000000e+00	0.000000e+00	0.000000e+00	0.000000e+00	0.000000e+00	0.000000e+00	0.000000e+00	0.000000e+00	0.000000e+00	0.000000e+00	0.000000e+00	0.000000e+00	0.000000e+00	0.000000e+00	0.000000e+00	0.000000e+00	0.000000e+00	0.000000e+00	
1601.846806	1596.351312	1607.342300	208.793961	1.656044e+00	1.882647e-90	0.000000e+00	2.190321e-50	1.156427e-67	0.000000e+00	0.000000e+00	8.446521e-03	1.882647e-90	1.165945e-03	3.983533e-57	1.882647e-90	1.829853e-85	1.882647e-90	1.882647e-90	0.000000e+00	1.882647e-90	1.882647e-90	1.882647e-90	1.882647e-90	9.306775e-37	4.973275e-03	1.808788e-45	0.000000e+00	0.000000e+00	0.000000e+00	1.882647e-90	1.057451e-79	0.000000e+00	3.661877e-46	0.000000e+00	0.000000e+00	0.000000e+00	0.000000e+00	0.000000e+00	0.000000e+00	0.000000e+00	3.390406e-50	1.882647e-90	1.882647e-90	1.698208e-69	5.369795e-42	2.960679e-64	5.132696e-53	1.882647e-90	2.273378e-04	2.748914e-39	0.000000e+00	0.000000e+00	6.590789e-41	5.198716e-81	0.000000e+00	6.429222e-31	8.419268e-01	1.882647e-90	2.146540e-10	0.000000e+00	1.882647e-90	1.882647e-90	1.882647e-90	2.244683e-52	1.640441e-79	0.000000e+00	0.000000e+00	1.882647e-90	0.000000e+00	0.000000e+00	0.000000e+00	0.000000e+00	0.000000e+00	0.000000e+00	0.000000e+00	1.014160e-54	1.217989e-83	0.000000e+00	0.000000e+00	0.000000e+00	0.000000e+00	0.000000e+00	0.000000e+00	0.000000e+00	0.000000e+00	0.000000e+00	0.000000e+00	0.000000e+00	0.000000e+00	0.000000e+00	0.000000e+00	0.000000e+00	0.000000e+00	0.000000e+00	0.000000e+00	0.000000e+00	0.000000e+00	0.000000e+00	0.000000e+00	0.000000e+00	0.000000e+00	0.000000e+00	0.000000e+00	0.000000e+00	0.000000e+00	0.000000e+00	0.000000e+00	0.000000e+00	0.000000e+00	0.000000e+00	0.000000e+00	0.000000e+00	0.000000e+00	0.000000e+00	0.000000e+00	0.000000e+00	0.000000e+00	0.000000e+00	0.000000e+00	
1612.879083	1607.342300	1618.415866	210.402615	1.359033e+00	1.882753e-90	0.000000e+00	6.099486e-50	4.232748e-67	0.000000e+00	0.000000e+00	8.447125e-03	1.882753e-90	1.166056e-03	1.216117e-56	1.882753e-90	1.225270e-84	1.882753e-90	1.882753e-90	0.000000e+00	1.882753e-90	1.882753e-90	1.882753e-90	1.882753e-90	3.329951e-36	4.973875e-03	5.157830e-45	0.000000e+00	0.000000e+00	0.000000e+00	1.882753e-90	7.899575e-79	0.000000e+00	1.056669e-45	0.000000e+00	0.000000e+00	0.000000e+00	0.000000e+00	0.000000e+00	0.000000e+00	0.000000e+00	1.500944e-49	1.882753e-90	1.882753e-90	7.392261e-69	1.350085e-41	1.127846e-63	1.485340e-52	1.882753e-90	2.273539e-04	6.026789e-39	0.000000e+00	0.000000e+00	2.269230e-40	3.871498e-80	0.000000e+00	1.913945e-30	8.419166e-01	1.882753e-90	4.671751e-10	0.000000e+00	1.882753e-90	1.882753e-90	1.882753e-90	6.401256e-52	1.025645e-78	0.000000e+00	0.000000e+00	1.882753e-90	0.000000e+00	0.000000e+00	0.000000e+00	0.000000e+00	0.000000e+00	0.000000e+00	0.000000e+00	4.531275e-54	3.361860e-83	0.000000e+00	0.000000e+00	0.000000e+00	0.000000e+00	0.000000e+00	0.000000e+00	0.000000e+00	0.000000e+00	0.000000e+00	0.000000e+00	0.000000e+00	0.000000e+00	0.000000e+00	0.000000e+00	0.000000e+00	0.000000e+00	0.000000e+00	0.000000e+00	0.000000e+00	0.000000e+00	0.000000e+00	0.000000e+00	0.000000e+00	0.000000e+00	0.000000e+00	0.000000e+00	0.000000e+00	0.000000e+00	0.000000e+00	0.000000e+00	0.000000e+00	0.000000e+00	0.000000e+00	0.000000e+00	0.000000e+00	0.000000e+00	0.000000e+00	0.000000e+00	0.000000e+00	0.000000e+00	0.000000e+00	0.000000e+00	
1623.992807	1618.415866	1629.569749	212.120515	1.115291e+00	1.882703e-90	0.000000e+00	1.635770e-49	1.475178e-66	0.000000e+00	0.000000e+00	8.446499e-03	1.882703e-90	1.166041e-03	3.561207e-56	1.882703e-90	7.686496e-84	1.882703e-90	1.882703e-90	0.000000e+00	1.882703e-90	1.882703e-90	1.882703e-90	1.882703e-90	1.149975e-35	4.973754e-03	1.420884e-44	0.000000e+00	0.000000e+00	0.000000e+00	1.882703e-90	5.527656e-78	0.000000e+00	2.944484e-45	0.000000e+00	0.000000e+00	0.000000e+00	0.000000e+00	0.000000e+00	0.000000e+00	0.000000e+00	6.358663e-49	1.882703e-90	1.882703e-90	3.054968e-68	3.295867e-41	4.101281e-63	4.150725e-52	1.882703e-90	2.273425e-04	1.284772e-38	0.000000e+00	0.000000e+00	7.554331e-40	2.700264e-79	0.000000e+00	5.541713e-30	8.419216e-01	1.882703e-90	1.001700e-09	0.000000e+00	1.882703e-90	1.882703e-90	1.882703e-90	1.756048e-51	6.024400e-78	0.000000e+00	0.000000e+00	1.882703e-90	0.000000e+00	0.000000e+00	0.000000e+00	0.000000e+00	0.000000e+00	0.000000e+00	0.000000e+00	1.937024e-53	8.911166e-83	0.000000e+00	0.000000e+00	0.000000e+00	0.000000e+00	0.000000e+00	0.000000e+00	0.000000e+00	0.000000e+00	0.000000e+00	0.000000e+00	0.000000e+00	0.000000e+00	0.000000e+00	0.000000e+00	0.000000e+00	0.000000e+00	0.000000e+00	0.000000e+00	0.000000e+00	0.000000e+00	0.000000e+00	0.000000e+00	0.000000e+00	0.000000e+00	0.000000e+00	0.000000e+00	0.000000e+00	0.000000e+00	0.000000e+00	0.000000e+00	0.000000e+00	0.000000e+00	0.000000e+00	0.000000e+00	0.000000e+00	0.000000e+00	0.000000e+00	0.000000e+00	0.000000e+00	0.000000e+00	0.000000e+00	0.000000e+00	
1635.177017	1629.569749	1640.784286	213.372539	9.152635e-01	1.882676e-90	0.000000e+00	3.500646e-49	3.838753e-66	0.000000e+00	0.000000e+00	8.447321e-03	1.882676e-90	1.165962e-03	8.136750e-56	1.882676e-90	3.261195e-83	1.882676e-90	1.882676e-90	0.000000e+00	1.882676e-90	1.882676e-90	1.882676e-90	1.882676e-90	3.206081e-35	4.973361e-03	3.182340e-44	0.000000e+00	0.000000e+00	0.000000e+00	1.882676e-90	2.608903e-77	0.000000e+00	6.650239e-45	0.000000e+00	0.000000e+00	0.000000e+00	0.000000e+00	0.000000e+00	0.000000e+00	0.000000e+00	2.064266e-48	1.882676e-90	1.882676e-90	9.256531e-68	6.745595e-41	1.129907e-62	9.400566e-52	1.882676e-90	2.273546e-04	2.317109e-38	0.000000e+00	0.000000e+00	2.049890e-39	1.271348e-78	0.000000e+00	1.355227e-29	8.419233e-01	1.882676e-90	1.957089e-09	0.000000e+00	1.882676e-90	1.882676e-90	1.882676e-90	3.821918e-51	2.433595e-77	0.000000e+00	0.000000e+00	1.882676e-90	0.000000e+00	0.000000e+00	0.000000e+00	0.000000e+00	0.000000e+00	0.000000e+00	0.000000e+00	6.333050e-53	1.846829e-82	0.000000e+00	0.000000e+00	0.000000e+00	0.000000e+00	0.000000e+00	0.000000e+00	0.000000e+00	0.000000e+00	0.000000e+00	0.000000e+00	0.000000e+00	0.000000e+00	0.000000e+00	0.000000e+00	0.000000e+00	0.000000e+00	0.000000e+00	0.000000e+00	0.000000e+00	0.000000e+00	0.000000e+00	0.000000e+00	0.000000e+00	0.000000e+00	0.000000e+00	0.000000e+00	0.000000e+00	0.000000e+00	0.000000e+00	0.000000e+00	0.000000e+00	0.000000e+00	0.000000e+00	0.000000e+00	0.000000e+00	0.000000e+00	0.000000e+00	0.000000e+00	0.000000e+00	0.000000e+00	0.000000e+00	0.000000e+00	
1646.406974	1640.784286	1652.029662	213.860304	7.511111e-01	1.882618e-90	0.000000e+00	5.397091e-49	6.531238e-66	0.000000e+00	0.000000e+00	8.446674e-03	1.882618e-90	1.165974e-03	1.296629e-55	1.882618e-90	7.832470e-83	1.882618e-90	1.882618e-90	0.000000e+00	2.086280e-90	1.882618e-90	1.882618e-90	1.882618e-90	6.542954e-35	4.973655e-03	5.272437e-44	0.000000e+00	0.000000e+00	0.000000e+00	1.882618e-90	6.945983e-77	0.000000e+00	1.106734e-44	0.000000e+00	0.000000e+00	0.000000e+00	0.000000e+00	0.000000e+00	0.000000e+00	0.000000e+00	4.549975e-48	1.882618e-90	1.882618e-90	1.786124e-67	1.067822e-40	2.077851e-62	1.565925e-51	1.882618e-90	2.273513e-04	3.276724e-38	0.000000e+00	0.000000e+00	4.126761e-39	3.380036e-78	0.000000e+00	2.588582e-29	8.419282e-01	1.882618e-90	3.338512e-09	0.000000e+00	1.882618e-90	1.882618e-90	1.882618e-90	5.943317e-51	5.702147e-77	0.000000e+00	0.000000e+00	1.882618e-90	0.000000e+00	0.000000e+00	0.000000e+00	0.000000e+00	0.000000e+00	0.000000e+00	0.000000e+00	1.400821e-52	2.667138e-82	0.000000e+00	0.000000e+00	0.000000e+00	0.000000e+00	0.000000e+00	0.000000e+00	0.000000e+00	0.000000e+00	0.000000e+00	0.000000e+00	0.000000e+00	0.000000e+00	0.000000e+00	0.000000e+00	0.000000e+00	0.000000e+00	0.000000e+00	0.000000e+00	0.000000e+00	0.000000e+00	0.000000e+00	0.000000e+00	0.000000e+00	0.000000e+00	0.000000e+00	0.000000e+00	0.000000e+00	0.000000e+00	0.000000e+00	0.000000e+00	0.000000e+00	0.000000e+00	0.000000e+00	0.000000e+00	0.000000e+00	0.000000e+00	0.000000e+00	0.000000e+00	0.000000e+00	0.000000e+00	0.000000e+00	0.000000e+00	
1657.654597	1652.029662	1663.279532	213.879986	6.163995e-01	1.882681e-90	0.000000e+00	6.257538e-49	7.682828e-66	0.000000e+00	0.000000e+00	8.446383e-03	1.882681e-90	1.165949e-03	1.510640e-55	1.882681e-90	1.147237e-82	1.882681e-90	1.882681e-90	0.000000e+00	2.773770e-90	1.882681e-90	1.882681e-90	1.882681e-90	1.018020e-34	4.973640e-03	6.721348e-44	0.000000e+00	0.000000e+00	0.000000e+00	1.882681e-90	1.123808e-76	0.000000e+00	1.411819e-44	0.000000e+00	0.000000e+00	0.000000e+00	0.000000e+00	0.000000e+00	0.000000e+00	0.000000e+00	7.159895e-48	1.882681e-90	1.882681e-90	2.328489e-67	1.352095e-40	2.689679e-62	1.997742e-51	1.882681e-90	2.273395e-04	3.751033e-38	0.000000e+00	0.000000e+00	6.407735e-39	5.467277e-78	0.000000e+00	3.988538e-29	8.419232e-01	1.882681e-90	5.059278e-09	0.000000e+00	1.882681e-90	1.882681e-90	1.882681e-90	6.899531e-51	8.321870e-77	0.000000e+00	0.000000e+00	1.882681e-90	0.000000e+00	0.000000e+00	0.000000e+00	0.000000e+00	0.000000e+00	0.000000e+00	0.000000e+00	2.205460e-52	2.814895e-82	0.000000e+00	0.000000e+00	0.000000e+00	0.000000e+00	0.000000e+00	0.000000e+00	0.000000e+00	0.000000e+00	0.000000e+00	0.000000e+00	0.000000e+00	0.000000e+00	0.000000e+00	0.000000e+00	0.000000e+00	0.000000e+00	0.000000e+00	0.000000e+00	0.000000e+00	0.000000e+00	0.000000e+00	0.000000e+00	0.000000e+00	0.000000e+00	0.000000e+00	0.000000e+00	0.000000e+00	0.000000e+00	0.000000e+00	0.000000e+00	0.000000e+00	0.000000e+00	0.000000e+00	0.000000e+00	0.000000e+00	0.000000e+00	0.000000e+00	0.000000e+00	0.000000e+00	0.000000e+00	0.000000e+00	0.000000e+00	
1668.898178	1663.279532	1674.516824	213.632203	5.058484e-01	1.882692e-90	0.000000e+00	6.015103e-49	7.089996e-66	0.000000e+00	0.000000e+00	8.446781e-03	1.882692e-90	1.165984e-03	1.432427e-55	1.882692e-90	1.213895e-82	1.882692e-90	1.882692e-90	0.000000e+00	2.643833e-90	1.882692e-90	1.882692e-90	1.882692e-90	1.325187e-34	4.973838e-03	7.212385e-44	0.000000e+00	0.000000e+00	0.000000e+00	1.882692e-90	1.310432e-76	0.000000e+00	1.512231e-44	0.000000e+00	0.000000e+00	0.000000e+00	0.000000e+00	0.000000e+00	0.000000e+00	0.000000e+00	9.027884e-48	1.882692e-90	1.882692e-90	2.345648e-67	1.478458e-40	2.764042e-62	2.138810e-51	1.882692e-90	2.273458e-04	3.737110e-38	0.000000e+00	0.000000e+00	8.388463e-39	6.378727e-78	0.000000e+00	5.336327e-29	8.419223e-01	1.882692e-90	7.093238e-09	0.000000e+00	1.882692e-90	1.882692e-90	1.882692e-90	6.609053e-51	8.896223e-77	0.000000e+00	0.000000e+00	1.882692e-90	0.000000e+00	0.000000e+00	0.000000e+00	0.000000e+00	0.000000e+00	0.000000e+00	0.000000e+00	2.776827e-52	2.417567e-82	0.000000e+00	0.000000e+00	0.000000e+00	0.000000e+00	0.000000e+00	0.000000e+00	0.000000e+00	0.000000e+00	0.000000e+00	0.000000e+00	0.000000e+00	0.000000e+00	0.000000e+00	0.000000e+00	0.000000e+00	0.000000e+00	0.000000e+00	0.000000e+00	0.000000e+00	0.000000e+00	0.000000e+00	0.000000e+00	0.000000e+00	0.000000e+00	0.000000e+00	0.000000e+00	0.000000e+00	0.000000e+00	0.000000e+00	0.000000e+00	0.000000e+00	0.000000e+00	0.000000e+00	0.000000e+00	0.000000e+00	0.000000e+00	0.000000e+00	0.000000e+00	0.000000e+00	0.000000e+00	0.000000e+00	0.000000e+00	
1680.122633	1674.516824	1685.728442	213.129417	4.151246e-01	1.882702e-90	0.000000e+00	5.037701e-49	5.473456e-66	0.000000e+00	0.000000e+00	8.447339e-03	1.882702e-90	1.165981e-03	1.167342e-55	1.882702e-90	1.011212e-82	1.882702e-90	1.882702e-90	0.000000e+00	1.972866e-90	1.882702e-90	1.882702e-90	1.882702e-90	1.512905e-34	4.973796e-03	6.817914e-44	0.000000e+00	0.000000e+00	0.000000e+00	1.882702e-90	1.200918e-76	0.000000e+00	1.424306e-44	0.000000e+00	0.000000e+00	0.000000e+00	0.000000e+00	0.000000e+00	0.000000e+00	0.000000e+00	9.671145e-48	1.882702e-90	1.882702e-90	1.954868e-67	1.451313e-40	2.397009e-62	2.012832e-51	1.882702e-90	2.273601e-04	3.361695e-38	0.000000e+00	0.000000e+00	9.685780e-39	5.852567e-78	0.000000e+00	6.434933e-29	8.419208e-01	1.882702e-90	9.391253e-09	0.000000e+00	1.882702e-90	1.882702e-90	1.882702e-90	5.496129e-51	7.564017e-77	0.000000e+00	0.000000e+00	1.882702e-90	0.000000e+00	0.000000e+00	0.000000e+00	0.000000e+00	0.000000e+00	0.000000e+00	0.000000e+00	2.966073e-52	1.784327e-82	0.000000e+00	0.000000e+00	0.000000e+00	0.000000e+00	0.000000e+00	0.000000e+00	0.000000e+00	0.000000e+00	0.000000e+00	0.000000e+00	0.000000e+00	0.000000e+00	0.000000e+00	0.000000e+00	0.000000e+00	0.000000e+00	0.000000e+00	0.000000e+00	0.000000e+00	0.000000e+00	0.000000e+00	0.000000e+00	0.000000e+00	0.000000e+00	0.000000e+00	0.000000e+00	0.000000e+00	0.000000e+00	0.000000e+00	0.000000e+00	0.000000e+00	0.000000e+00	0.000000e+00	0.000000e+00	0.000000e+00	0.000000e+00	0.000000e+00	0.000000e+00	0.000000e+00	0.000000e+00	0.000000e+00	0.000000e+00	
1691.316495	1685.728442	1696.904547	212.425105	3.406721e-01	1.882561e-90	0.000000e+00	3.768219e-49	3.649362e-66	0.000000e+00	0.000000e+00	8.446474e-03	1.882561e-90	1.165862e-03	8.400848e-56	1.882561e-90	6.921591e-83	1.882561e-90	1.882561e-90	0.000000e+00	1.882561e-90	1.882561e-90	1.882561e-90	1.882561e-90	1.550698e-34	4.973336e-03	5.807415e-44	0.000000e+00	0.000000e+00	0.000000e+00	1.882561e-90	9.031920e-77	0.000000e+00	1.207125e-44	0.000000e+00	0.000000e+00	0.000000e+00	0.000000e+00	0.000000e+00	0.000000e+00	0.000000e+00	9.063224e-48	1.882561e-90	1.882561e-90	1.394262e-67	1.303487e-40	1.807824e-62	1.703262e-51	1.882561e-90	2.273329e-04	2.780352e-38	0.000000e+00	0.000000e+00	1.008570e-38	4.408223e-78	0.000000e+00	7.123387e-29	8.419336e-01	1.882561e-90	1.186227e-08	0.000000e+00	1.882561e-90	1.882561e-90	1.882561e-90	4.069960e-51	5.329026e-77	0.000000e+00	0.000000e+00	1.882561e-90	0.000000e+00	0.000000e+00	0.000000e+00	0.000000e+00	0.000000e+00	0.000000e+00	0.000000e+00	2.767854e-52	1.162073e-82	0.000000e+00	0.000000e+00	0.000000e+00	0.000000e+00	0.000000e+00	0.000000e+00	0.000000e+00	0.000000e+00	0.000000e+00	0.000000e+00	0.000000e+00	0.000000e+00	0.000000e+00	0.000000e+00	0.000000e+00	0.000000e+00	0.000000e+00	0.000000e+00	0.000000e+00	0.000000e+00	0.000000e+00	0.000000e+00	0.000000e+00	0.000000e+00	0.000000e+00	0.000000e+00	0.000000e+00	0.000000e+00	0.000000e+00	0.000000e+00	0.000000e+00	0.000000e+00	0.000000e+00	0.000000e+00	0.000000e+00	0.000000e+00	0.000000e+00	0.000000e+00	0.000000e+00	0.000000e+00	0.000000e+00	0.000000e+00	
1702.471255	1696.904547	1708.037962	211.592414	2.795726e-01	1.882684e-90	0.000000e+00	2.607979e-49	2.200745e-66	0.000000e+00	0.000000e+00	8.447244e-03	1.882684e-90	1.165983e-03	5.552182e-56	1.882684e-90	4.142762e-83	1.882684e-90	1.882684e-90	0.000000e+00	1.882684e-90	1.882684e-90	1.882684e-90	1.882684e-90	1.477129e-34	4.973809e-03	4.608237e-44	0.000000e+00	0.000000e+00	0.000000e+00	1.882684e-90	5.934546e-77	0.000000e+00	9.521175e-45	0.000000e+00	0.000000e+00	0.000000e+00	0.000000e+00	0.000000e+00	0.000000e+00	0.000000e+00	7.753713e-48	1.882684e-90	1.882684e-90	8.938259e-68	1.102153e-40	1.239629e-62	1.341342e-51	1.882684e-90	2.273454e-04	2.171269e-38	0.000000e+00	0.000000e+00	9.793911e-39	2.901477e-78	0.000000e+00	7.444209e-29	8.419226e-01	1.882684e-90	1.451872e-08	0.000000e+00	1.882684e-90	1.882684e-90	1.882684e-90	2.783684e-51	3.301837e-77	0.000000e+00	0.000000e+00	1.882684e-90	0.000000e+00	0.000000e+00	0.000000e+00	0.000000e+00	0.000000e+00	0.000000e+00	0.000000e+00	2.356683e-52	6.958447e-83	0.000000e+00	0.000000e+00	0.000000e+00	0.000000e+00	0.000000e+00	0.000000e+00	0.000000e+00	0.000000e+00	0.000000e+00	0.000000e+00	0.000000e+00	0.000000e+00	0.000000e+00	0.000000e+00	0.000000e+00	0.000000e+00	0.000000e+00	0.000000e+00	0.000000e+00	0.000000e+00	0.000000e+00	0.000000e+00	0.000000e+00	0.000000e+00	0.000000e+00	0.000000e+00	0.000000e+00	0.000000e+00	0.000000e+00	0.000000e+00	0.000000e+00	0.000000e+00	0.000000e+00	0.000000e+00	0.000000e+00	0.000000e+00	0.000000e+00	0.000000e+00	0.000000e+00	0.000000e+00	0.000000e+00	0.000000e+00	
1713.581525	1708.037962	1719.125088	210.699557	2.294313e-01	1.882650e-90	0.000000e+00	1.724331e-49	1.250631e-66	0.000000e+00	0.000000e+00	8.446721e-03	1.882650e-90	1.165918e-03	3.488952e-56	1.882650e-90	2.289954e-83	1.882650e-90	1.882650e-90	0.000000e+00	1.882650e-90	1.882650e-90	1.882650e-90	1.882650e-90	1.347069e-34	4.973917e-03	3.505716e-44	0.000000e+00	0.000000e+00	0.000000e+00	1.882650e-90	3.600113e-77	0.000000e+00	7.196267e-45	0.000000e+00	0.000000e+00	0.000000e+00	0.000000e+00	0.000000e+00	0.000000e+00	0.000000e+00	6.284233e-48	1.882650e-90	1.882650e-90	5.380257e-68	8.990432e-41	8.032993e-63	1.011869e-51	1.882650e-90	2.273389e-04	1.638952e-38	0.000000e+00	0.000000e+00	9.122284e-39	1.763320e-78	0.000000e+00	7.515186e-29	8.419256e-01	1.882650e-90	1.743470e-08	0.000000e+00	1.882650e-90	1.882650e-90	1.882650e-90	1.816577e-51	1.895946e-77	0.000000e+00	0.000000e+00	1.882650e-90	0.000000e+00	0.000000e+00	0.000000e+00	0.000000e+00	0.000000e+00	0.000000e+00	0.000000e+00	1.899936e-52	3.961412e-83	0.000000e+00	0.000000e+00	0.000000e+00	0.000000e+00	0.000000e+00	0.000000e+00	0.000000e+00	0.000000e+00	0.000000e+00	0.000000e+00	0.000000e+00	0.000000e+00	0.000000e+00	0.000000e+00	0.000000e+00	0.000000e+00	0.000000e+00	0.000000e+00	0.000000e+00	0.000000e+00	0.000000e+00	0.000000e+00	0.000000e+00	0.000000e+00	0.000000e+00	0.000000e+00	0.000000e+00	0.000000e+00	0.000000e+00	0.000000e+00	0.000000e+00	0.000000e+00	0.000000e+00	0.000000e+00	0.000000e+00	0.000000e+00	0.000000e+00	0.000000e+00	0.000000e+00	0.000000e+00	0.000000e+00	0.000000e+00	
1724.644376	1719.125088	1730.163664	209.778904	1.882829e-01	1.882685e-90	0.000000e+00	1.107338e-49	6.844245e-67	0.000000e+00	0.000000e+00	8.446903e-03	1.882685e-90	1.165944e-03	2.123409e-56	1.882685e-90	1.203795e-83	1.882685e-90	1.882685e-90	0.000000e+00	1.882685e-90	1.882685e-90	1.882685e-90	1.882685e-90	1.195216e-34	4.973605e-03	2.596921e-44	0.000000e+00	0.000000e+00	0.000000e+00	1.882685e-90	2.075808e-77	0.000000e+00	5.293461e-45	0.000000e+00	0.000000e+00	0.000000e+00	0.000000e+00	0.000000e+00	0.000000e+00	0.000000e+00	4.922357e-48	1.882685e-90	1.882685e-90	3.111522e-68	7.169894e-41	5.023115e-63	7.431709e-52	1.882685e-90	2.273453e-04	1.210771e-38	0.000000e+00	0.000000e+00	8.278216e-39	1.018713e-78	0.000000e+00	7.425914e-29	8.419229e-01	1.882685e-90	2.069568e-08	0.000000e+00	1.882685e-90	1.882685e-90	1.882685e-90	1.150471e-51	1.037419e-77	0.000000e+00	0.000000e+00	1.882685e-90	0.000000e+00	0.000000e+00	0.000000e+00	0.000000e+00	0.000000e+00	0.000000e+00	0.000000e+00	1.480185e-52	2.186321e-83	0.000000e+00	0.000000e+00	0.000000e+00	0.000000e+00	0.000000e+00	0.000000e+00	0.000000e+00	0.000000e+00	0.000000e+00	0.000000e+00	0.000000e+00	0.000000e+00	0.000000e+00	0.000000e+00	0.000000e+00	0.000000e+00	0.000000e+00	0.000000e+00	0.000000e+00	0.000000e+00	0.000000e+00	0.000000e+00	0.000000e+00	0.000000e+00	0.000000e+00	0.000000e+00	0.000000e+00	0.000000e+00	0.000000e+00	0.000000e+00	0.000000e+00	0.000000e+00	0.000000e+00	0.000000e+00	0.000000e+00	0.000000e+00	0.000000e+00	0.000000e+00	0.000000e+00	0.000000e+00	0.000000e+00	0.000000e+00	
1735.657538	1730.163664	1741.151412	208.820669	1.545144e-01	1.882564e-90	0.000000e+00	6.902193e-50	3.603248e-67	0.000000e+00	0.000000e+00	8.446395e-03	1.882564e-90	1.165759e-03	1.250346e-56	1.882564e-90	6.008223e-84	1.882564e-90	1.882564e-90	0.000000e+00	1.882564e-90	1.882564e-90	1.882564e-90	1.882564e-90	1.031115e-34	4.974008e-03	1.872064e-44	0.000000e+00	0.000000e+00	0.000000e+00	1.882564e-90	1.136727e-77	0.000000e+00	3.788755e-45	0.000000e+00	0.000000e+00	0.000000e+00	0.000000e+00	0.000000e+00	0.000000e+00	0.000000e+00	3.722928e-48	1.882564e-90	1.882564e-90	1.726864e-68	5.585046e-41	3.027202e-63	5.307812e-52	1.882564e-90	2.273223e-04	8.747676e-39	0.000000e+00	0.000000e+00	7.313185e-39	5.587932e-79	0.000000e+00	7.177210e-29	8.419320e-01	1.882564e-90	2.426361e-08	0.000000e+00	1.882564e-90	1.882564e-90	1.882564e-90	7.067611e-52	5.403215e-78	0.000000e+00	0.000000e+00	1.882564e-90	0.000000e+00	0.000000e+00	0.000000e+00	0.000000e+00	0.000000e+00	0.000000e+00	0.000000e+00	1.113191e-52	1.167933e-83	0.000000e+00	0.000000e+00	0.000000e+00	0.000000e+00	0.000000e+00	0.000000e+00	0.000000e+00	0.000000e+00	0.000000e+00	0.000000e+00	0.000000e+00	0.000000e+00	0.000000e+00	0.000000e+00	0.000000e+00	0.000000e+00	0.000000e+00	0.000000e+00	0.000000e+00	0.000000e+00	0.000000e+00	0.000000e+00	0.000000e+00	0.000000e+00	0.000000e+00	0.000000e+00	0.000000e+00	0.000000e+00	0.000000e+00	0.000000e+00	0.000000e+00	0.000000e+00	0.000000e+00	0.000000e+00	0.000000e+00	0.000000e+00	0.000000e+00	0.000000e+00	0.000000e+00	0.000000e+00	0.000000e+00	0.000000e+00	
1746.618245	1741.151412	1752.085078	207.802976	1.268022e-01	1.882604e-90	0.000000e+00	4.123342e-50	1.795526e-67	0.000000e+00	0.000000e+00	8.446360e-03	1.882604e-90	1.165754e-03	7.027523e-57	1.882604e-90	2.787070e-84	1.882604e-90	1.882604e-90	0.000000e+00	1.882604e-90	1.882604e-90	1.882604e-90	1.882604e-90	8.546086e-35	4.973693e-03	1.298078e-44	0.000000e+00	0.000000e+00	0.000000e+00	1.882604e-90	5.780492e-78	0.000000e+00	2.606534e-45	0.000000e+00	0.000000e+00	0.000000e+00	0.000000e+00	0.000000e+00	0.000000e+00	0.000000e+00	2.679207e-48	1.882604e-90	1.882604e-90	9.042014e-69	4.210619e-41	1.732043e-63	3.645875e-52	1.882604e-90	2.273426e-04	6.125427e-39	0.000000e+00	0.000000e+00	6.220115e-39	2.847371e-79	0.000000e+00	6.722440e-29	8.419296e-01	1.882604e-90	2.797364e-08	0.000000e+00	1.882604e-90	1.882604e-90	1.882604e-90	4.156235e-52	2.622995e-78	0.000000e+00	0.000000e+00	1.882604e-90	0.000000e+00	0.000000e+00	0.000000e+00	0.000000e+00	0.000000e+00	0.000000e+00	0.000000e+00	7.964326e-53	5.962441e-84	0.000000e+00	0.000000e+00	0.000000e+00	0.000000e+00	0.000000e+00	0.000000e+00	0.000000e+00	0.000000e+00	0.000000e+00	0.000000e+00	0.000000e+00	0.000000e+00	0.000000e+00	0.000000e+00	0.000000e+00	0.000000e+00	0.000000e+00	0.000000e+00	0.000000e+00	0.000000e+00	0.000000e+00	0.000000e+00	0.000000e+00	0.000000e+00	0.000000e+00	0.000000e+00	0.000000e+00	0.000000e+00	0.000000e+00	0.000000e+00	0.000000e+00	0.000000e+00	0.000000e+00	0.000000e+00	0.000000e+00	0.000000e+00	0.000000e+00	0.000000e+00	0.000000e+00	0.000000e+00	0.000000e+00	0.000000e+00	
1757.522782	1752.085078	1762.960486	206.697922	1.040603e-01	1.882642e-90	0.000000e+00	2.328678e-50	8.319485e-68	0.000000e+00	0.000000e+00	8.446885e-03	1.882642e-90	1.165867e-03	3.713342e-57	1.882642e-90	1.173301e-84	1.882642e-90	1.882642e-90	0.000000e+00	1.882642e-90	1.882642e-90	1.882642e-90	1.882642e-90	6.717787e-35	4.973136e-03	8.550282e-45	0.000000e+00	0.000000e+00	0.000000e+00	1.882642e-90	2.665690e-78	0.000000e+00	1.702106e-45	0.000000e+00	0.000000e+00	0.000000e+00	0.000000e+00	0.000000e+00	0.000000e+00	0.000000e+00	1.805269e-48	1.882642e-90	1.882642e-90	4.382285e-69	3.038321e-41	9.249104e-64	2.377494e-52	1.882642e-90	2.273603e-04	4.114178e-39	0.000000e+00	0.000000e+00	5.030200e-39	1.315839e-79	0.000000e+00	6.040408e-29	8.419268e-01	1.882642e-90	3.153403e-08	0.000000e+00	1.882642e-90	1.882642e-90	1.882642e-90	2.307199e-52	1.160240e-78	0.000000e+00	0.000000e+00	1.882642e-90	0.000000e+00	0.000000e+00	0.000000e+00	0.000000e+00	0.000000e+00	0.000000e+00	0.000000e+00	5.333549e-53	2.865454e-84	0.000000e+00	0.000000e+00	0.000000e+00	0.000000e+00	0.000000e+00	0.000000e+00	0.000000e+00	0.000000e+00	0.000000e+00	0.000000e+00	0.000000e+00	0.000000e+00	0.000000e+00	0.000000e+00	0.000000e+00	0.000000e+00	0.000000e+00	0.000000e+00	0.000000e+00	0.000000e+00	0.000000e+00	0.000000e+00	0.000000e+00	0.000000e+00	0.000000e+00	0.000000e+00	0.000000e+00	0.000000e+00	0.000000e+00	0.000000e+00	0.000000e+00	0.000000e+00	0.000000e+00	0.000000e+00	0.000000e+00	0.000000e+00	0.000000e+00	0.000000e+00	0.000000e+00	0.000000e+00	0.000000e+00	0.000000e+00	
1768.366915	1762.960486	1773.773344	205.492371	8.539710e-02	1.882718e-90	0.000000e+00	1.246430e-50	3.595447e-68	0.000000e+00	0.000000e+00	8.446380e-03	1.882718e-90	1.166015e-03	1.849666e-57	1.882718e-90	4.501452e-85	1.882718e-90	1.882718e-90	0.000000e+00	1.882718e-90	1.882718e-90	1.882718e-90	1.882718e-90	5.021280e-35	4.973847e-03	5.363453e-45	0.000000e+00	0.000000e+00	0.000000e+00	1.882718e-90	1.120504e-78	0.000000e+00	1.058238e-45	0.000000e+00	0.000000e+00	0.000000e+00	0.000000e+00	0.000000e+00	0.000000e+00	0.000000e+00	1.142697e-48	1.882718e-90	1.882718e-90	1.972571e-69	2.102183e-41	4.622785e-64	1.474781e-52	1.882718e-90	2.273500e-04	2.655224e-39	0.000000e+00	0.000000e+00	3.877250e-39	5.540532e-80	0.000000e+00	5.217036e-29	8.419205e-01	1.882718e-90	3.479227e-08	0.000000e+00	1.882718e-90	1.882718e-90	1.882718e-90	1.212525e-52	4.696850e-79	0.000000e+00	0.000000e+00	1.882718e-90	0.000000e+00	0.000000e+00	0.000000e+00	0.000000e+00	0.000000e+00	0.000000e+00	0.000000e+00	3.353981e-53	1.299159e-84	0.000000e+00	0.000000e+00	0.000000e+00	0.000000e+00	0.000000e+00	0.000000e+00	0.000000e+00	0.000000e+00	0.000000e+00	0.000000e+00	0.000000e+00	0.000000e+00	0.000000e+00	0.000000e+00	0.000000e+00	0.000000e+00	0.000000e+00	0.000000e+00	0.000000e+00	0.000000e+00	0.000000e+00	0.000000e+00	0.000000e+00	0.000000e+00	0.000000e+00	0.000000e+00	0.000000e+00	0.000000e+00	0.000000e+00	0.000000e+00	0.000000e+00	0.000000e+00	0.000000e+00	0.000000e+00	0.000000e+00	0.000000e+00	0.000000e+00	0.000000e+00	0.000000e+00	0.000000e+00	0.000000e+00	0.000000e+00	
1779.147690	1773.773344	1784.522037	204.247281	7.008115e-02	1.882658e-90	0.000000e+00	6.476561e-51	1.495308e-68	0.000000e+00	0.000000e+00	8.446476e-03	1.882658e-90	1.165901e-03	8.914949e-58	1.882658e-90	1.640617e-85	1.882658e-90	1.882658e-90	0.000000e+00	1.882658e-90	1.882658e-90	1.882658e-90	1.882658e-90	3.649917e-35	4.973195e-03	3.274244e-45	0.000000e+00	0.000000e+00	0.000000e+00	1.882658e-90	4.471951e-79	0.000000e+00	6.398706e-46	0.000000e+00	0.000000e+00	0.000000e+00	0.000000e+00	0.000000e+00	0.000000e+00	0.000000e+00	6.984365e-49	1.882658e-90	1.882658e-90	8.524263e-70	1.421490e-41	2.228151e-64	8.904149e-53	1.882658e-90	2.273490e-04	1.676415e-39	0.000000e+00	0.000000e+00	2.910727e-39	2.215495e-80	0.000000e+00	4.409241e-29	8.419255e-01	1.882658e-90	3.792663e-08	0.000000e+00	1.882658e-90	1.882658e-90	1.882658e-90	6.179674e-53	1.810143e-79	0.000000e+00	0.000000e+00	1.882658e-90	0.000000e+00	0.000000e+00	0.000000e+00	0.000000e+00	0.000000e+00	0.000000e+00	0.000000e+00	2.036673e-53	5.710334e-85	0.000000e+00	0.000000e+00	0.000000e+00	0.000000e+00	0.000000e+00	0.000000e+00	0.000000e+00	0.000000e+00	0.000000e+00	0.000000e+00	0.000000e+00	0.000000e+00	0.000000e+00	0.000000e+00	0.000000e+00	0.000000e+00	0.000000e+00	0.000000e+00	0.000000e+00	0.000000e+00	0.000000e+00	0.000000e+00	0.000000e+00	0.000000e+00	0.000000e+00	0.000000e+00	0.000000e+00	0.000000e+00	0.000000e+00	0.000000e+00	0.000000e+00	0.000000e+00	0.000000e+00	0.000000e+00	0.000000e+00	0.000000e+00	0.000000e+00	0.000000e+00	0.000000e+00	0.000000e+00	0.000000e+00	0.000000e+00	
1789.864807	1784.522037	1795.207577	203.038456	5.751211e-02	1.882767e-90	0.000000e+00	3.380973e-51	6.256994e-69	0.000000e+00	0.000000e+00	8.447455e-03	1.882767e-90	1.166027e-03	4.319462e-58	1.882767e-90	6.031921e-86	1.882767e-90	1.882767e-90	0.000000e+00	1.882767e-90	1.882767e-90	1.882767e-90	1.882767e-90	2.667643e-35	4.974520e-03	2.009077e-45	0.000000e+00	0.000000e+00	0.000000e+00	1.882767e-90	1.801742e-79	0.000000e+00	3.890404e-46	0.000000e+00	0.000000e+00	0.000000e+00	0.000000e+00	0.000000e+00	0.000000e+00	0.000000e+00	4.297600e-49	1.882767e-90	1.882767e-90	3.707702e-70	9.650453e-42	1.080502e-64	5.403770e-53	1.882767e-90	2.273588e-04	1.062160e-39	0.000000e+00	0.000000e+00	2.197346e-39	8.938517e-81	0.000000e+00	3.744841e-29	8.419143e-01	1.882767e-90	4.146787e-08	0.000000e+00	1.882767e-90	1.882767e-90	1.882767e-90	3.165909e-53	7.036357e-80	0.000000e+00	0.000000e+00	1.882767e-90	0.000000e+00	0.000000e+00	0.000000e+00	0.000000e+00	0.000000e+00	0.000000e+00	0.000000e+00	1.245541e-53	2.526950e-85	0.000000e+00	0.000000e+00	0.000000e+00	0.000000e+00	0.000000e+00	0.000000e+00	0.000000e+00	0.000000e+00	0.000000e+00	0.000000e+00	0.000000e+00	0.000000e+00	0.000000e+00	0.000000e+00	0.000000e+00	0.000000e+00	0.000000e+00	0.000000e+00	0.000000e+00	0.000000e+00	0.000000e+00	0.000000e+00	0.000000e+00	0.000000e+00	0.000000e+00	0.000000e+00	0.000000e+00	0.000000e+00	0.000000e+00	0.000000e+00	0.000000e+00	0.000000e+00	0.000000e+00	0.000000e+00	0.000000e+00	0.000000e+00	0.000000e+00	0.000000e+00	0.000000e+00	0.000000e+00	0.000000e+00	0.000000e+00	
1800.520152	1795.207577	1805.832727	201.896953	4.719732e-02	1.882690e-90	0.000000e+00	1.809022e-51	2.702280e-69	0.000000e+00	0.000000e+00	8.446201e-03	1.882690e-90	1.165882e-03	2.149657e-58	1.882690e-90	2.313746e-86	1.882690e-90	1.882690e-90	0.000000e+00	1.882690e-90	1.882690e-90	1.882690e-90	1.882690e-90	1.995255e-35	4.974142e-03	1.260439e-45	0.000000e+00	0.000000e+00	0.000000e+00	1.882690e-90	7.575206e-80	0.000000e+00	2.419120e-46	0.000000e+00	0.000000e+00	0.000000e+00	0.000000e+00	0.000000e+00	0.000000e+00	0.000000e+00	2.721709e-49	1.882690e-90	1.882690e-90	1.668084e-70	6.678353e-42	5.399410e-65	3.354709e-53	1.882690e-90	2.273425e-04	6.852944e-40	0.000000e+00	0.000000e+00	1.695879e-39	3.763278e-81	0.000000e+00	3.238604e-29	8.419226e-01	1.882690e-90	4.579958e-08	0.000000e+00	1.882690e-90	1.882690e-90	1.882690e-90	1.662857e-53	2.848096e-80	0.000000e+00	0.000000e+00	1.882690e-90	0.000000e+00	0.000000e+00	0.000000e+00	0.000000e+00	0.000000e+00	0.000000e+00	0.000000e+00	7.841012e-54	1.148450e-85	0.000000e+00	0.000000e+00	0.000000e+00	0.000000e+00	0.000000e+00	0.000000e+00	0.000000e+00	0.000000e+00	0.000000e+00	0.000000e+00	0.000000e+00	0.000000e+00	0.000000e+00	0.000000e+00	0.000000e+00	0.000000e+00	0.000000e+00	0.000000e+00	0.000000e+00	0.000000e+00	0.000000e+00	0.000000e+00	0.000000e+00	0.000000e+00	0.000000e+00	0.000000e+00	0.000000e+00	0.000000e+00	0.000000e+00	0.000000e+00	0.000000e+00	0.000000e+00	0.000000e+00	0.000000e+00	0.000000e+00	0.000000e+00	0.000000e+00	0.000000e+00	0.000000e+00	0.000000e+00	0.000000e+00	0.000000e+00	
1811.115600	1805.832727	1816.398472	200.808659	3.873249e-02	1.882629e-90	0.000000e+00	9.695143e-52	1.169699e-69	0.000000e+00	0.000000e+00	8.446396e-03	1.882629e-90	1.165906e-03	1.071813e-58	1.882629e-90	8.905717e-87	1.882629e-90	1.882629e-90	0.000000e+00	1.882629e-90	1.882629e-90	1.882629e-90	1.882629e-90	1.495610e-35	4.973675e-03	7.922980e-46	0.000000e+00	0.000000e+00	0.000000e+00	1.882629e-90	3.195391e-80	0.000000e+00	1.506983e-46	0.000000e+00	0.000000e+00	0.000000e+00	0.000000e+00	0.000000e+00	0.000000e+00	0.000000e+00	1.728119e-49	1.882629e-90	1.882629e-90	7.521956e-71	4.628712e-42	2.704534e-65	2.087582e-53	1.882629e-90	2.273328e-04	4.426964e-40	0.000000e+00	0.000000e+00	1.311952e-39	1.589422e-81	0.000000e+00	2.807137e-29	8.419270e-01	1.882629e-90	5.066317e-08	0.000000e+00	1.882629e-90	1.882629e-90	1.882629e-90	8.748550e-54	1.156469e-80	0.000000e+00	0.000000e+00	1.882629e-90	0.000000e+00	0.000000e+00	0.000000e+00	0.000000e+00	0.000000e+00	0.000000e+00	0.000000e+00	4.950841e-54	5.238085e-86	0.000000e+00	0.000000e+00	0.000000e+00	0.000000e+00	0.000000e+00	0.000000e+00	0.000000e+00	0.000000e+00	0.000000e+00	0.000000e+00	0.000000e+00	0.000000e+00	0.000000e+00	0.000000e+00	0.000000e+00	0.000000e+00	0.000000e+00	0.000000e+00	0.000000e+00	0.000000e+00	0.000000e+00	0.000000e+00	0.000000e+00	0.000000e+00	0.000000e+00	0.000000e+00	0.000000e+00	0.000000e+00	0.000000e+00	0.000000e+00	0.000000e+00	0.000000e+00	0.000000e+00	0.000000e+00	0.000000e+00	0.000000e+00	0.000000e+00	0.000000e+00	0.000000e+00	0.000000e+00	0.000000e+00	0.000000e+00	
1821.649805	1816.398472	1826.901138	199.644608	3.178583e-02	1.882626e-90	0.000000e+00	4.935205e-52	4.736312e-70	0.000000e+00	0.000000e+00	8.446652e-03	1.882626e-90	1.165863e-03	5.049133e-59	1.882626e-90	3.136277e-87	1.882626e-90	1.882626e-90	0.000000e+00	1.882626e-90	1.882626e-90	1.882626e-90	1.882626e-90	1.068445e-35	4.973781e-03	4.752896e-46	0.000000e+00	0.000000e+00	0.000000e+00	1.882626e-90	1.233192e-80	0.000000e+00	8.954820e-47	0.000000e+00	0.000000e+00	0.000000e+00	0.000000e+00	0.000000e+00	0.000000e+00	0.000000e+00	1.033415e-49	1.882626e-90	1.882626e-90	3.160169e-71	3.082609e-42	1.271797e-65	1.239039e-53	1.882626e-90	2.273321e-04	2.752808e-40	0.000000e+00	0.000000e+00	9.697402e-40	6.140602e-82	0.000000e+00	2.343633e-29	8.419270e-01	1.882626e-90	5.490712e-08	0.000000e+00	1.882626e-90	1.882626e-90	1.882626e-90	4.366630e-54	4.313603e-81	0.000000e+00	0.000000e+00	1.882626e-90	0.000000e+00	0.000000e+00	0.000000e+00	0.000000e+00	0.000000e+00	0.000000e+00	0.000000e+00	2.943688e-54	2.262006e-86	0.000000e+00	0.000000e+00	0.000000e+00	0.000000e+00	0.000000e+00	0.000000e+00	0.000000e+00	0.000000e+00	0.000000e+00	0.000000e+00	0.000000e+00	0.000000e+00	0.000000e+00	0.000000e+00	0.000000e+00	0.000000e+00	0.000000e+00	0.000000e+00	0.000000e+00	0.000000e+00	0.000000e+00	0.000000e+00	0.000000e+00	0.000000e+00	0.000000e+00	0.000000e+00	0.000000e+00	0.000000e+00	0.000000e+00	0.000000e+00	0.000000e+00	0.000000e+00	0.000000e+00	0.000000e+00	0.000000e+00	0.000000e+00	0.000000e+00	0.000000e+00	0.000000e+00	0.000000e+00	0.000000e+00	0.000000e+00	
1832.117884	1826.901138	1837.334630	198.302211	2.608505e-02	1.882649e-90	0.000000e+00	2.304289e-52	1.714542e-70	0.000000e+00	0.000000e+00	8.446405e-03	1.882649e-90	1.165870e-03	2.162800e-59	1.882649e-90	9.513976e-88	1.882649e-90	1.882649e-90	0.000000e+00	1.882649e-90	1.882649e-90	1.882649e-90	1.882649e-90	7.038245e-36	4.973805e-03	2.635155e-46	0.000000e+00	0.000000e+00	0.000000e+00	1.882649e-90	4.097166e-81	0.000000e+00	4.913267e-47	0.000000e+00	0.000000e+00	0.000000e+00	0.000000e+00	0.000000e+00	0.000000e+00	0.000000e+00	5.587323e-50	1.882649e-90	1.882649e-90	1.179015e-71	1.919863e-42	5.378715e-66	6.790637e-54	1.882649e-90	2.273473e-04	1.605688e-40	0.000000e+00	0.000000e+00	6.637130e-40	2.042297e-82	0.000000e+00	1.836341e-29	8.419261e-01	1.882649e-90	5.750361e-08	0.000000e+00	1.882649e-90	1.882649e-90	1.882649e-90	1.994724e-54	1.394789e-81	0.000000e+00	0.000000e+00	1.882649e-90	0.000000e+00	0.000000e+00	0.000000e+00	0.000000e+00	0.000000e+00	0.000000e+00	0.000000e+00	1.581812e-54	8.905340e-87	0.000000e+00	0.000000e+00	0.000000e+00	0.000000e+00	0.000000e+00	0.000000e+00	0.000000e+00	0.000000e+00	0.000000e+00	0.000000e+00	0.000000e+00	0.000000e+00	0.000000e+00	0.000000e+00	0.000000e+00	0.000000e+00	0.000000e+00	0.000000e+00	0.000000e+00	0.000000e+00	0.000000e+00	0.000000e+00	0.000000e+00	0.000000e+00	0.000000e+00	0.000000e+00	0.000000e+00	0.000000e+00	0.000000e+00	0.000000e+00	0.000000e+00	0.000000e+00	0.000000e+00	0.000000e+00	0.000000e+00	0.000000e+00	0.000000e+00	0.000000e+00	0.000000e+00	0.000000e+00	0.000000e+00	0.000000e+00	
1842.513840	1837.334630	1847.693049	196.861948	2.140670e-02	1.882716e-90	0.000000e+00	9.891965e-53	5.566804e-71	0.000000e+00	0.000000e+00	8.447020e-03	1.882716e-90	1.165871e-03	8.445446e-60	1.882716e-90	2.496890e-88	1.882716e-90	1.882716e-90	0.000000e+00	1.882716e-90	1.882716e-90	1.882716e-90	1.882716e-90	4.286471e-36	4.974071e-03	1.353706e-46	0.000000e+00	0.000000e+00	0.000000e+00	1.882716e-90	1.177100e-81	0.000000e+00	2.495287e-47	0.000000e+00	0.000000e+00	0.000000e+00	0.000000e+00	0.000000e+00	0.000000e+00	0.000000e+00	2.739430e-50	1.882716e-90	1.882716e-90	3.918561e-72	1.120064e-42	2.052043e-66	3.445485e-54	1.882716e-90	2.273493e-04	8.799815e-41	0.000000e+00	0.000000e+00	4.216752e-40	5.871889e-83	0.000000e+00	1.353642e-29	8.419194e-01	1.882716e-90	5.825825e-08	0.000000e+00	1.882716e-90	1.882716e-90	1.882716e-90	8.360596e-55	3.926446e-82	0.000000e+00	0.000000e+00	1.882716e-90	0.000000e+00	0.000000e+00	0.000000e+00	0.000000e+00	0.000000e+00	0.000000e+00	0.000000e+00	7.707043e-55	3.207746e-87	0.000000e+00	0.000000e+00	0.000000e+00	0.000000e+00	0.000000e+00	0.000000e+00	0.000000e+00	0.000000e+00	0.000000e+00	0.000000e+00	0.000000e+00	0.000000e+00	0.000000e+00	0.000000e+00	0.000000e+00	0.000000e+00	0.000000e+00	0.000000e+00	0.000000e+00	0.000000e+00	0.000000e+00	0.000000e+00	0.000000e+00	0.000000e+00	0.000000e+00	0.000000e+00	0.000000e+00	0.000000e+00	0.000000e+00	0.000000e+00	0.000000e+00	0.000000e+00	0.000000e+00	0.000000e+00	0.000000e+00	0.000000e+00	0.000000e+00	0.000000e+00	0.000000e+00	0.000000e+00	0.000000e+00	0.000000e+00	
1852.832421	1847.693049	1857.971794	195.371689	1.756741e-02	1.882721e-90	0.000000e+00	3.940215e-53	1.640049e-71	0.000000e+00	0.000000e+00	8.446595e-03	1.882721e-90	1.165842e-03	3.036565e-60	1.882721e-90	5.758746e-89	1.882721e-90	1.882721e-90	0.000000e+00	1.882721e-90	1.882721e-90	1.882721e-90	1.882721e-90	2.433979e-36	4.973991e-03	6.495815e-47	0.000000e+00	0.000000e+00	0.000000e+00	1.882721e-90	2.970899e-82	0.000000e+00	1.182855e-47	0.000000e+00	0.000000e+00	0.000000e+00	0.000000e+00	0.000000e+00	0.000000e+00	0.000000e+00	1.231150e-50	1.882721e-90	1.882721e-90	1.175011e-72	6.166655e-43	7.141475e-67	1.631949e-54	1.882721e-90	2.273629e-04	4.562505e-41	0.000000e+00	0.000000e+00	2.507318e-40	1.482922e-83	0.000000e+00	9.447843e-30	8.419203e-01	1.882721e-90	5.731716e-08	0.000000e+00	1.882721e-90	1.882721e-90	1.882721e-90	3.245134e-55	9.767379e-83	0.000000e+00	0.000000e+00	1.882721e-90	0.000000e+00	0.000000e+00	0.000000e+00	0.000000e+00	0.000000e+00	0.000000e+00	0.000000e+00	3.441282e-55	1.067256e-87	0.000000e+00	0.000000e+00	0.000000e+00	0.000000e+00	0.000000e+00	0.000000e+00	0.000000e+00	0.000000e+00	0.000000e+00	0.000000e+00	0.000000e+00	0.000000e+00	0.000000e+00	0.000000e+00	0.000000e+00	0.000000e+00	0.000000e+00	0.000000e+00	0.000000e+00	0.000000e+00	0.000000e+00	0.000000e+00	0.000000e+00	0.000000e+00	0.000000e+00	0.000000e+00	0.000000e+00	0.000000e+00	0.000000e+00	0.000000e+00	0.000000e+00	0.000000e+00	0.000000e+00	0.000000e+00	0.000000e+00	0.000000e+00	0.000000e+00	0.000000e+00	0.000000e+00	0.000000e+00	0.000000e+00	0.000000e+00	
1863.067809	1857.971794	1868.163824	193.759510	1.441670e-02	1.882713e-90	0.000000e+00	1.410132e-53	4.205950e-72	0.000000e+00	0.000000e+00	8.447004e-03	1.882713e-90	1.165857e-03	9.703216e-61	1.882713e-90	1.104491e-89	1.882713e-90	1.882713e-90	0.000000e+00	1.882713e-90	1.882713e-90	1.882713e-90	1.882713e-90	1.250768e-36	4.973654e-03	2.828349e-47	0.000000e+00	0.000000e+00	0.000000e+00	1.882713e-90	6.230826e-83	0.000000e+00	5.081087e-48	0.000000e+00	0.000000e+00	0.000000e+00	0.000000e+00	0.000000e+00	0.000000e+00	0.000000e+00	4.885919e-51	1.882713e-90	1.882713e-90	3.040599e-73	3.123868e-43	2.179476e-67	7.007408e-55	1.882713e-90	2.273468e-04	2.184774e-41	0.000000e+00	0.000000e+00	1.356261e-40	3.110706e-84	0.000000e+00	6.102227e-30	8.419202e-01	1.882713e-90	5.408350e-08	0.000000e+00	1.882713e-90	1.882713e-90	1.882713e-90	1.128598e-55	2.036471e-83	0.000000e+00	0.000000e+00	1.882713e-90	0.000000e+00	0.000000e+00	0.000000e+00	0.000000e+00	0.000000e+00	0.000000e+00	0.000000e+00	1.356769e-55	3.171906e-88	0.000000e+00	0.000000e+00	0.000000e+00	0.000000e+00	0.000000e+00	0.000000e+00	0.000000e+00	0.000000e+00	0.000000e+00	0.000000e+00	0.000000e+00	0.000000e+00	0.000000e+00	0.000000e+00	0.000000e+00	0.000000e+00	0.000000e+00	0.000000e+00	0.000000e+00	0.000000e+00	0.000000e+00	0.000000e+00	0.000000e+00	0.000000e+00	0.000000e+00	0.000000e+00	0.000000e+00	0.000000e+00	0.000000e+00	0.000000e+00	0.000000e+00	0.000000e+00	0.000000e+00	0.000000e+00	0.000000e+00	0.000000e+00	0.000000e+00	0.000000e+00	0.000000e+00	0.000000e+00	0.000000e+00	0.000000e+00	
1873.210409	1868.163824	1878.256993	191.924215	1.183107e-02	1.882716e-90	0.000000e+00	4.217174e-54	8.545303e-73	0.000000e+00	0.000000e+00	8.446437e-03	1.882716e-90	1.165882e-03	2.544084e-61	1.882716e-90	1.882716e-90	1.882716e-90	1.882716e-90	0.000000e+00	1.882716e-90	1.882716e-90	1.882716e-90	1.882716e-90	5.434085e-37	4.973473e-03	1.045935e-47	0.000000e+00	0.000000e+00	0.000000e+00	1.882716e-90	9.579097e-84	0.000000e+00	1.850345e-48	0.000000e+00	0.000000e+00	0.000000e+00	0.000000e+00	0.000000e+00	0.000000e+00	0.000000e+00	1.573585e-51	1.882716e-90	1.882716e-90	6.147286e-74	1.376970e-43	5.336379e-68	2.551232e-55	1.882716e-90	2.273566e-04	9.158999e-42	0.000000e+00	0.000000e+00	6.258309e-41	4.781267e-85	0.000000e+00	3.457828e-30	8.419210e-01	1.882716e-90	4.755618e-08	0.000000e+00	1.882716e-90	1.882716e-90	1.882716e-90	3.265265e-56	3.156755e-84	0.000000e+00	0.000000e+00	1.882716e-90	0.000000e+00	0.000000e+00	0.000000e+00	0.000000e+00	0.000000e+00	0.000000e+00	0.000000e+00	4.338907e-56	7.791426e-89	0.000000e+00	0.000000e+00	0.000000e+00	0.000000e+00	0.000000e+00	0.000000e+00	0.000000e+00	0.000000e+00	0.000000e+00	0.000000e+00	0.000000e+00	0.000000e+00	0.000000e+00	0.000000e+00	0.000000e+00	0.000000e+00	0.000000e+00	0.000000e+00	0.000000e+00	0.000000e+00	0.000000e+00	0.000000e+00	0.000000e+00	0.000000e+00	0.000000e+00	0.000000e+00	0.000000e+00	0.000000e+00	0.000000e+00	0.000000e+00	0.000000e+00	0.000000e+00	0.000000e+00	0.000000e+00	0.000000e+00	0.000000e+00	0.000000e+00	0.000000e+00	0.000000e+00	0.000000e+00	0.000000e+00	0.000000e+00	
1883.245682	1878.256993	1888.234371	189.751744	9.709169e-03	1.882734e-90	0.000000e+00	9.733444e-55	1.240932e-73	0.000000e+00	0.000000e+00	8.446521e-03	1.882734e-90	1.165899e-03	5.013617e-62	1.882734e-90	1.882734e-90	1.882734e-90	1.882734e-90	0.000000e+00	1.882734e-90	1.882734e-90	1.882734e-90	1.882734e-90	1.854341e-37	4.974577e-03	3.057751e-48	0.000000e+00	0.000000e+00	0.000000e+00	1.882734e-90	9.414249e-85	0.000000e+00	5.312700e-49	0.000000e+00	0.000000e+00	0.000000e+00	0.000000e+00	0.000000e+00	0.000000e+00	0.000000e+00	3.751323e-52	1.882734e-90	1.882734e-90	8.702897e-75	4.964511e-44	9.509575e-69	7.324722e-56	1.882734e-90	2.273613e-04	3.168588e-42	0.000000e+00	0.000000e+00	2.297558e-41	4.692881e-86	0.000000e+00	1.623971e-30	8.419178e-01	1.882734e-90	3.778074e-08	0.000000e+00	1.882734e-90	1.882734e-90	1.882734e-90	7.245452e-57	3.192407e-85	0.000000e+00	0.000000e+00	1.882734e-90	0.000000e+00	0.000000e+00	0.000000e+00	0.000000e+00	0.000000e+00	0.000000e+00	0.000000e+00	1.026704e-56	1.455776e-89	0.000000e+00	0.000000e+00	0.000000e+00	0.000000e+00	0.000000e+00	0.000000e+00	0.000000e+00	0.000000e+00	0.000000e+00	0.000000e+00	0.000000e+00	0.000000e+00	0.000000e+00	0.000000e+00	0.000000e+00	0.000000e+00	0.000000e+00	0.000000e+00	0.000000e+00	0.000000e+00	0.000000e+00	0.000000e+00	0.000000e+00	0.000000e+00	0.000000e+00	0.000000e+00	0.000000e+00	0.000000e+00	0.000000e+00	0.000000e+00	0.000000e+00	0.000000e+00	0.000000e+00	0.000000e+00	0.000000e+00	0.000000e+00	0.000000e+00	0.000000e+00	0.000000e+00	0.000000e+00	0.000000e+00	0.000000e+00	
1893.154933	1888.234371	1898.075495	187.165857	7.967831e-03	1.882665e-90	0.000000e+00	1.632981e-55	1.191659e-74	0.000000e+00	0.000000e+00	8.446981e-03	1.882665e-90	1.165913e-03	6.950945e-63	1.882665e-90	1.882665e-90	1.882665e-90	1.882665e-90	0.000000e+00	1.882665e-90	1.882665e-90	1.882665e-90	1.882665e-90	4.700205e-38	4.973720e-03	6.690990e-49	0.000000e+00	0.000000e+00	0.000000e+00	1.882665e-90	5.329804e-86	0.000000e+00	1.137343e-49	0.000000e+00	0.000000e+00	0.000000e+00	0.000000e+00	0.000000e+00	0.000000e+00	0.000000e+00	6.175567e-53	1.882665e-90	1.882665e-90	7.945212e-76	1.397853e-44	1.146150e-69	1.570748e-56	1.882665e-90	2.273491e-04	8.652641e-43	0.000000e+00	0.000000e+00	6.367300e-42	2.650793e-87	0.000000e+00	6.054929e-31	8.419239e-01	1.882665e-90	2.651551e-08	0.000000e+00	1.882665e-90	1.882665e-90	1.882665e-90	1.158861e-57	1.907620e-86	0.000000e+00	0.000000e+00	1.882665e-90	0.000000e+00	0.000000e+00	0.000000e+00	0.000000e+00	0.000000e+00	0.000000e+00	0.000000e+00	1.677468e-57	1.945254e-90	0.000000e+00	0.000000e+00	0.000000e+00	0.000000e+00	0.000000e+00	0.000000e+00	0.000000e+00	0.000000e+00	0.000000e+00	0.000000e+00	0.000000e+00	0.000000e+00	0.000000e+00	0.000000e+00	0.000000e+00	0.000000e+00	0.000000e+00	0.000000e+00	0.000000e+00	0.000000e+00	0.000000e+00	0.000000e+00	0.000000e+00	0.000000e+00	0.000000e+00	0.000000e+00	0.000000e+00	0.000000e+00	0.000000e+00	0.000000e+00	0.000000e+00	0.000000e+00	0.000000e+00	0.000000e+00	0.000000e+00	0.000000e+00	0.000000e+00	0.000000e+00	0.000000e+00	0.000000e+00	0.000000e+00	0.000000e+00	
1902.918389	1898.075495	1907.761283	184.179574	6.538802e-03	1.882677e-90	0.000000e+00	1.969875e-56	7.459562e-76	0.000000e+00	0.000000e+00	8.446619e-03	1.882677e-90	1.165947e-03	6.697425e-64	1.882677e-90	1.882677e-90	1.882677e-90	1.882677e-90	0.000000e+00	1.882677e-90	1.882677e-90	1.882677e-90	1.882677e-90	8.778041e-39	4.974060e-03	1.086698e-49	0.000000e+00	0.000000e+00	0.000000e+00	1.882677e-90	1.710693e-87	0.000000e+00	1.801679e-50	0.000000e+00	0.000000e+00	0.000000e+00	0.000000e+00	0.000000e+00	0.000000e+00	0.000000e+00	6.948733e-54	1.882677e-90	1.882677e-90	4.608888e-77	3.050788e-45	9.223605e-71	2.494586e-57	1.882677e-90	2.273465e-04	1.850351e-43	0.000000e+00	0.000000e+00	1.323206e-42	8.470854e-89	0.000000e+00	1.782964e-31	8.419229e-01	1.882677e-90	1.640317e-08	0.000000e+00	1.882677e-90	1.882677e-90	1.882677e-90	1.322123e-58	6.625457e-88	0.000000e+00	0.000000e+00	1.882677e-90	0.000000e+00	0.000000e+00	0.000000e+00	0.000000e+00	0.000000e+00	0.000000e+00	0.000000e+00	1.874171e-58	1.882677e-90	0.000000e+00	0.000000e+00	0.000000e+00	0.000000e+00	0.000000e+00	0.000000e+00	0.000000e+00	0.000000e+00	0.000000e+00	0.000000e+00	0.000000e+00	0.000000e+00	0.000000e+00	0.000000e+00	0.000000e+00	0.000000e+00	0.000000e+00	0.000000e+00	0.000000e+00	0.000000e+00	0.000000e+00	0.000000e+00	0.000000e+00	0.000000e+00	0.000000e+00	0.000000e+00	0.000000e+00	0.000000e+00	0.000000e+00	0.000000e+00	0.000000e+00	0.000000e+00	0.000000e+00	0.000000e+00	0.000000e+00	0.000000e+00	0.000000e+00	0.000000e+00	0.000000e+00	0.000000e+00	0.000000e+00	0.000000e+00	
1912.519422	1907.761283	1917.277561	180.906752	5.366069e-03	1.882801e-90	0.000000e+00	1.794505e-57	3.244174e-77	0.000000e+00	0.000000e+00	8.447491e-03	1.882801e-90	1.166058e-03	4.732695e-65	1.882801e-90	1.882801e-90	1.882801e-90	1.882801e-90	0.000000e+00	1.882801e-90	1.882801e-90	1.882801e-90	1.882801e-90	1.266841e-39	4.974027e-03	1.371144e-50	0.000000e+00	0.000000e+00	0.000000e+00	1.882801e-90	3.392828e-89	0.000000e+00	2.210938e-51	0.000000e+00	0.000000e+00	0.000000e+00	0.000000e+00	0.000000e+00	0.000000e+00	0.000000e+00	5.667844e-55	1.882801e-90	1.882801e-90	1.817620e-78	5.366221e-46	5.268217e-72	3.076831e-58	1.882801e-90	2.273706e-04	3.213792e-44	0.000000e+00	0.000000e+00	2.159451e-43	1.882801e-90	0.000000e+00	4.309934e-32	8.419130e-01	1.882801e-90	9.141099e-09	0.000000e+00	1.882801e-90	1.882801e-90	1.882801e-90	1.131132e-59	1.451866e-89	0.000000e+00	0.000000e+00	1.882801e-90	0.000000e+00	0.000000e+00	0.000000e+00	0.000000e+00	0.000000e+00	0.000000e+00	0.000000e+00	1.520549e-59	1.882801e-90	0.000000e+00	0.000000e+00	0.000000e+00	0.000000e+00	0.000000e+00	0.000000e+00	0.000000e+00	0.000000e+00	0.000000e+00	0.000000e+00	0.000000e+00	0.000000e+00	0.000000e+00	0.000000e+00	0.000000e+00	0.000000e+00	0.000000e+00	0.000000e+00	0.000000e+00	0.000000e+00	0.000000e+00	0.000000e+00	0.000000e+00	0.000000e+00	0.000000e+00	0.000000e+00	0.000000e+00	0.000000e+00	0.000000e+00	0.000000e+00	0.000000e+00	0.000000e+00	0.000000e+00	0.000000e+00	0.000000e+00	0.000000e+00	0.000000e+00	0.000000e+00	0.000000e+00	0.000000e+00	0.000000e+00	0.000000e+00	
1921.947601	1917.277561	1926.617641	177.515322	4.403666e-03	1.882627e-90	0.000000e+00	1.346999e-58	1.096992e-78	0.000000e+00	0.000000e+00	8.446703e-03	1.882627e-90	1.165946e-03	2.698565e-66	1.882627e-90	1.882627e-90	1.882627e-90	1.882627e-90	0.000000e+00	1.882627e-90	1.882627e-90	1.882627e-90	1.882627e-90	1.534409e-40	4.973627e-03	1.455630e-51	0.000000e+00	0.000000e+00	0.000000e+00	1.882627e-90	1.882627e-90	0.000000e+00	2.279652e-52	0.000000e+00	0.000000e+00	0.000000e+00	0.000000e+00	0.000000e+00	0.000000e+00	0.000000e+00	3.713806e-56	1.882627e-90	1.882627e-90	5.492194e-80	8.138440e-47	2.375971e-73	3.194230e-59	1.882627e-90	2.273390e-04	4.834446e-45	0.000000e+00	0.000000e+00	2.993877e-44	1.882627e-90	0.000000e+00	9.126062e-33	8.419267e-01	1.882627e-90	4.755201e-09	0.000000e+00	1.882627e-90	1.882627e-90	1.882627e-90	7.935566e-61	1.882627e-90	0.000000e+00	0.000000e+00	1.882627e-90	0.000000e+00	0.000000e+00	0.000000e+00	0.000000e+00	0.000000e+00	0.000000e+00	0.000000e+00	9.932854e-61	1.882627e-90	0.000000e+00	0.000000e+00	0.000000e+00	0.000000e+00	0.000000e+00	0.000000e+00	0.000000e+00	0.000000e+00	0.000000e+00	0.000000e+00	0.000000e+00	0.000000e+00	0.000000e+00	0.000000e+00	0.000000e+00	0.000000e+00	0.000000e+00	0.000000e+00	0.000000e+00	0.000000e+00	0.000000e+00	0.000000e+00	0.000000e+00	0.000000e+00	0.000000e+00	0.000000e+00	0.000000e+00	0.000000e+00	0.000000e+00	0.000000e+00	0.000000e+00	0.000000e+00	0.000000e+00	0.000000e+00	0.000000e+00	0.000000e+00	0.000000e+00	0.000000e+00	0.000000e+00	0.000000e+00	0.000000e+00	0.000000e+00	
1931.198780	1926.617641	1935.779919	174.140975	3.613869e-03	1.882639e-90	0.000000e+00	8.923114e-60	3.153410e-80	0.000000e+00	0.000000e+00	8.446730e-03	1.882639e-90	1.165887e-03	1.339312e-67	1.882639e-90	1.882639e-90	1.882639e-90	1.882639e-90	0.000000e+00	1.882639e-90	1.882639e-90	1.882639e-90	1.882639e-90	1.665697e-41	4.973748e-03	1.385530e-52	0.000000e+00	0.000000e+00	0.000000e+00	1.882639e-90	1.882639e-90	0.000000e+00	2.106114e-53	0.000000e+00	0.000000e+00	0.000000e+00	0.000000e+00	0.000000e+00	0.000000e+00	0.000000e+00	2.120716e-57	1.882639e-90	1.882639e-90	1.398141e-81	1.123948e-47	9.214905e-75	2.979146e-60	1.882639e-90	2.273469e-04	6.630449e-46	0.000000e+00	0.000000e+00	3.756427e-45	1.882639e-90	0.000000e+00	1.783659e-33	8.419264e-01	1.882639e-90	2.376531e-09	0.000000e+00	1.882639e-90	1.882639e-90	1.882639e-90	4.899314e-62	1.882639e-90	0.000000e+00	0.000000e+00	1.882639e-90	0.000000e+00	0.000000e+00	0.000000e+00	0.000000e+00	0.000000e+00	0.000000e+00	0.000000e+00	5.673081e-62	1.882639e-90	0.000000e+00	0.000000e+00	0.000000e+00	0.000000e+00	0.000000e+00	0.000000e+00	0.000000e+00	0.000000e+00	0.000000e+00	0.000000e+00	0.000000e+00	0.000000e+00	0.000000e+00	0.000000e+00	0.000000e+00	0.000000e+00	0.000000e+00	0.000000e+00	0.000000e+00	0.000000e+00	0.000000e+00	0.000000e+00	0.000000e+00	0.000000e+00	0.000000e+00	0.000000e+00	0.000000e+00	0.000000e+00	0.000000e+00	0.000000e+00	0.000000e+00	0.000000e+00	0.000000e+00	0.000000e+00	0.000000e+00	0.000000e+00	0.000000e+00	0.000000e+00	0.000000e+00	0.000000e+00	0.000000e+00	0.000000e+00	
1940.270650	1935.779919	1944.761380	170.789903	2.965723e-03	1.882600e-90	0.000000e+00	5.028154e-61	7.345394e-82	0.000000e+00	0.000000e+00	8.446621e-03	1.882600e-90	1.165953e-03	5.554858e-69	1.882600e-90	1.882600e-90	1.882600e-90	1.882600e-90	0.000000e+00	1.882600e-90	1.882600e-90	1.882600e-90	1.882600e-90	1.567282e-42	4.973534e-03	1.144014e-53	0.000000e+00	0.000000e+00	0.000000e+00	1.882600e-90	1.882600e-90	0.000000e+00	1.686258e-54	0.000000e+00	0.000000e+00	0.000000e+00	0.000000e+00	0.000000e+00	0.000000e+00	0.000000e+00	1.012359e-58	1.882600e-90	1.882600e-90	2.850029e-83	1.373730e-48	2.937668e-76	2.415111e-61	1.882600e-90	2.273447e-04	8.066016e-47	0.000000e+00	0.000000e+00	4.133995e-46	1.882600e-90	0.000000e+00	3.137132e-34	8.419300e-01	1.882600e-90	1.126600e-09	0.000000e+00	1.882600e-90	1.882600e-90	1.882600e-90	2.562891e-63	1.882600e-90	0.000000e+00	0.000000e+00	1.882600e-90	0.000000e+00	0.000000e+00	0.000000e+00	0.000000e+00	0.000000e+00	0.000000e+00	0.000000e+00	2.718517e-63	1.882600e-90	0.000000e+00	0.000000e+00	0.000000e+00	0.000000e+00	0.000000e+00	0.000000e+00	0.000000e+00	0.000000e+00	0.000000e+00	0.000000e+00	0.000000e+00	0.000000e+00	0.000000e+00	0.000000e+00	0.000000e+00	0.000000e+00	0.000000e+00	0.000000e+00	0.000000e+00	0.000000e+00	0.000000e+00	0.000000e+00	0.000000e+00	0.000000e+00	0.000000e+00	0.000000e+00	0.000000e+00	0.000000e+00	0.000000e+00	0.000000e+00	0.000000e+00	0.000000e+00	0.000000e+00	0.000000e+00	0.000000e+00	0.000000e+00	0.000000e+00	0.000000e+00	0.000000e+00	0.000000e+00	0.000000e+00	0.000000e+00	
1949.153825	1944.761380	1953.546271	167.236361	2.433821e-03	1.882724e-90	0.000000e+00	1.913466e-62	1.027743e-83	0.000000e+00	0.000000e+00	8.446671e-03	1.882724e-90	1.165966e-03	1.491905e-70	1.882724e-90	1.882724e-90	1.882724e-90	1.882724e-90	0.000000e+00	1.882724e-90	1.882724e-90	1.882724e-90	1.882724e-90	1.034568e-43	4.973915e-03	6.660745e-55	0.000000e+00	0.000000e+00	0.000000e+00	1.882724e-90	1.882724e-90	0.000000e+00	9.491929e-56	0.000000e+00	0.000000e+00	0.000000e+00	0.000000e+00	0.000000e+00	0.000000e+00	0.000000e+00	3.102272e-60	1.882724e-90	1.882724e-90	3.387878e-85	1.244659e-49	5.807779e-78	1.382618e-62	1.882724e-90	2.273535e-04	7.335916e-48	0.000000e+00	0.000000e+00	3.273225e-47	1.882724e-90	0.000000e+00	4.223663e-35	8.419197e-01	1.882724e-90	4.648498e-10	0.000000e+00	1.882724e-90	1.882724e-90	1.882724e-90	8.969193e-65	1.882724e-90	0.000000e+00	0.000000e+00	1.882724e-90	0.000000e+00	0.000000e+00	0.000000e+00	0.000000e+00	0.000000e+00	0.000000e+00	0.000000e+00	8.405120e-65	1.882724e-90	0.000000e+00	0.000000e+00	0.000000e+00	0.000000e+00	0.000000e+00	0.000000e+00	0.000000e+00	0.000000e+00	0.000000e+00	0.000000e+00	0.000000e+00	0.000000e+00	0.000000e+00	0.000000e+00	0.000000e+00	0.000000e+00	0.000000e+00	0.000000e+00	0.000000e+00	0.000000e+00	0.000000e+00	0.000000e+00	0.000000e+00	0.000000e+00	0.000000e+00	0.000000e+00	0.000000e+00	0.000000e+00	0.000000e+00	0.000000e+00	0.000000e+00	0.000000e+00	0.000000e+00	0.000000e+00	0.000000e+00	0.000000e+00	0.000000e+00	0.000000e+00	0.000000e+00	0.000000e+00	0.000000e+00	0.000000e+00	
1957.822010	1953.546271	1962.097750	162.992917	1.997316e-03	1.882625e-90	0.000000e+00	3.178787e-64	4.902353e-86	0.000000e+00	0.000000e+00	8.446838e-03	1.882625e-90	1.166000e-03	1.601747e-72	1.882625e-90	1.882625e-90	1.882625e-90	1.882625e-90	0.000000e+00	1.882625e-90	1.882625e-90	1.882625e-90	1.882625e-90	3.217607e-45	4.973650e-03	1.849657e-56	0.000000e+00	0.000000e+00	0.000000e+00	1.882625e-90	1.882625e-90	0.000000e+00	2.530615e-57	0.000000e+00	0.000000e+00	0.000000e+00	0.000000e+00	0.000000e+00	0.000000e+00	0.000000e+00	3.712634e-62	1.882625e-90	1.882625e-90	1.288907e-87	5.980542e-51	4.180288e-80	3.781533e-64	1.882625e-90	2.273202e-04	3.608806e-49	0.000000e+00	0.000000e+00	1.285257e-48	1.882625e-90	0.000000e+00	3.215085e-36	8.419273e-01	1.882625e-90	1.424440e-10	0.000000e+00	1.882625e-90	1.882625e-90	1.882625e-90	1.342568e-66	1.882625e-90	0.000000e+00	0.000000e+00	1.882625e-90	0.000000e+00	0.000000e+00	0.000000e+00	0.000000e+00	0.000000e+00	0.000000e+00	0.000000e+00	1.023992e-66	1.882625e-90	0.000000e+00	0.000000e+00	0.000000e+00	0.000000e+00	0.000000e+00	0.000000e+00	0.000000e+00	0.000000e+00	0.000000e+00	0.000000e+00	0.000000e+00	0.000000e+00	0.000000e+00	0.000000e+00	0.000000e+00	0.000000e+00	0.000000e+00	0.000000e+00	0.000000e+00	0.000000e+00	0.000000e+00	0.000000e+00	0.000000e+00	0.000000e+00	0.000000e+00	0.000000e+00	0.000000e+00	0.000000e+00	0.000000e+00	0.000000e+00	0.000000e+00	0.000000e+00	0.000000e+00	0.000000e+00	0.000000e+00	0.000000e+00	0.000000e+00	0.000000e+00	0.000000e+00	0.000000e+00	0.000000e+00	0.000000e+00	
1966.232295	1962.097750	1970.366840	157.583525	1.639098e-03	1.882636e-90	0.000000e+00	1.614806e-66	5.018928e-89	0.000000e+00	0.000000e+00	8.446136e-03	1.882636e-90	1.165987e-03	4.631359e-75	1.882636e-90	1.882636e-90	1.882636e-90	1.882636e-90	0.000000e+00	1.882636e-90	1.882636e-90	1.882636e-90	1.882636e-90	3.436859e-47	4.973669e-03	1.790230e-58	0.000000e+00	0.000000e+00	0.000000e+00	1.882636e-90	1.882636e-90	0.000000e+00	2.330653e-59	0.000000e+00	0.000000e+00	0.000000e+00	0.000000e+00	0.000000e+00	0.000000e+00	0.000000e+00	1.167625e-64	1.882636e-90	1.882636e-90	1.882636e-90	1.165048e-52	7.115488e-83	3.624158e-66	1.882636e-90	2.273311e-04	7.379016e-51	0.000000e+00	0.000000e+00	1.871861e-50	1.882636e-90	0.000000e+00	1.094350e-37	8.419272e-01	1.882636e-90	2.877563e-11	0.000000e+00	1.882636e-90	1.882636e-90	1.882636e-90	5.971244e-69	1.882636e-90	0.000000e+00	0.000000e+00	1.882636e-90	0.000000e+00	0.000000e+00	0.000000e+00	0.000000e+00	0.000000e+00	0.000000e+00	0.000000e+00	3.331228e-69	1.882636e-90	0.000000e+00	0.000000e+00	0.000000e+00	0.000000e+00	0.000000e+00	0.000000e+00	0.000000e+00	0.000000e+00	0.000000e+00	0.000000e+00	0.000000e+00	0.000000e+00	0.000000e+00	0.000000e+00	0.000000e+00	0.000000e+00	0.000000e+00	0.000000e+00	0.000000e+00	0.000000e+00	0.000000e+00	0.000000e+00	0.000000e+00	0.000000e+00	0.000000e+00	0.000000e+00	0.000000e+00	0.000000e+00	0.000000e+00	0.000000e+00	0.000000e+00	0.000000e+00	0.000000e+00	0.000000e+00	0.000000e+00	0.000000e+00	0.000000e+00	0.000000e+00	0.000000e+00	0.000000e+00	0.000000e+00	0.000000e+00	
1974.337606	1970.366840	1978.308372	151.126117	1.345126e-03	1.882758e-90	0.000000e+00	2.172165e-69	1.882758e-90	0.000000e+00	0.000000e+00	8.447627e-03	1.882758e-90	1.165973e-03	3.067388e-78	1.882758e-90	1.882758e-90	1.882758e-90	1.882758e-90	0.000000e+00	1.882758e-90	1.882758e-90	1.882758e-90	1.882758e-90	1.125554e-49	4.973472e-03	5.366600e-61	0.000000e+00	0.000000e+00	0.000000e+00	1.882758e-90	1.882758e-90	0.000000e+00	6.590146e-62	0.000000e+00	0.000000e+00	0.000000e+00	0.000000e+00	0.000000e+00	0.000000e+00	0.000000e+00	8.348488e-68	1.882758e-90	1.882758e-90	1.882758e-90	8.299516e-55	2.416370e-86	1.089974e-68	1.882758e-90	2.273595e-04	5.636942e-53	0.000000e+00	0.000000e+00	9.180928e-53	1.882758e-90	0.000000e+00	1.548243e-39	8.419171e-01	1.882758e-90	3.718730e-12	0.000000e+00	1.882758e-90	1.882758e-90	1.882758e-90	6.811927e-72	1.882758e-90	0.000000e+00	0.000000e+00	1.882758e-90	0.000000e+00	0.000000e+00	0.000000e+00	0.000000e+00	0.000000e+00	0.000000e+00	0.000000e+00	2.528876e-72	1.882758e-90	0.000000e+00	0.000000e+00	0.000000e+00	0.000000e+00	0.000000e+00	0.000000e+00	0.000000e+00	0.000000e+00	0.000000e+00	0.000000e+00	0.000000e+00	0.000000e+00	0.000000e+00	0.000000e+00	0.000000e+00	0.000000e+00	0.000000e+00	0.000000e+00	0.000000e+00	0.000000e+00	0.000000e+00	0.000000e+00	0.000000e+00	0.000000e+00	0.000000e+00	0.000000e+00	0.000000e+00	0.000000e+00	0.000000e+00	0.000000e+00	0.000000e+00	0.000000e+00	0.000000e+00	0.000000e+00	0.000000e+00	0.000000e+00	0.000000e+00	0.000000e+00	0.000000e+00	0.000000e+00	0.000000e+00	0.000000e+00	
1982.115950	1978.308372	1985.923528	144.851822	1.103878e-03	1.882804e-90	0.000000e+00	1.711247e-72	1.882804e-90	0.000000e+00	0.000000e+00	8.446330e-03	1.882804e-90	1.165994e-03	1.116281e-81	1.882804e-90	1.882804e-90	1.882804e-90	1.882804e-90	0.000000e+00	1.882804e-90	1.882804e-90	1.882804e-90	1.882804e-90	2.367947e-52	4.974623e-03	1.023870e-63	0.000000e+00	0.000000e+00	0.000000e+00	1.882804e-90	1.882804e-90	0.000000e+00	1.186850e-64	0.000000e+00	0.000000e+00	0.000000e+00	0.000000e+00	0.000000e+00	0.000000e+00	0.000000e+00	3.410907e-71	1.882804e-90	1.882804e-90	1.882804e-90	3.998295e-57	4.329422e-90	2.125301e-71	1.882804e-90	2.273659e-04	2.897301e-55	0.000000e+00	0.000000e+00	3.052104e-55	1.882804e-90	0.000000e+00	1.616313e-41	8.419140e-01	1.882804e-90	4.190088e-13	0.000000e+00	1.882804e-90	1.882804e-90	1.882804e-90	4.498651e-75	1.882804e-90	0.000000e+00	0.000000e+00	1.882804e-90	0.000000e+00	0.000000e+00	0.000000e+00	0.000000e+00	0.000000e+00	0.000000e+00	0.000000e+00	1.126245e-75	1.882804e-90	0.000000e+00	0.000000e+00	0.000000e+00	0.000000e+00	0.000000e+00	0.000000e+00	0.000000e+00	0.000000e+00	0.000000e+00	0.000000e+00	0.000000e+00	0.000000e+00	0.000000e+00	0.000000e+00	0.000000e+00	0.000000e+00	0.000000e+00	0.000000e+00	0.000000e+00	0.000000e+00	0.000000e+00	0.000000e+00	0.000000e+00	0.000000e+00	0.000000e+00	0.000000e+00	0.000000e+00	0.000000e+00	0.000000e+00	0.000000e+00	0.000000e+00	0.000000e+00	0.000000e+00	0.000000e+00	0.000000e+00	0.000000e+00	0.000000e+00	0.000000e+00	0.000000e+00	0.000000e+00	0.000000e+00	0.000000e+00	
