z		z0		z1		T		P		1		2		3		4		5		6		7		8		9		10		11		12		13		14		15		16		17		18		19		20		21		22		23		24		25		26		27		28		29		30		31		32		33		34		35		36		37		38		39		40		41		42		43		44		45		46		47		48		49		50		51		52		53		54		55		56		57		58		59		60		61		62		63		64		65		66		67		68		69		70		71		72		73		74		75		76		77		78		79		80		81		82		83		84		85		86		87		88		89		90		91		92		93		94		95		96		97		98		99		100		101		102		103		104		105		106		107		108		109		110		111		112		113		114		115		
km		km		km		K		Pa		
26.952611	0.000000	53.905223	1024.382265	1.811795e+07	3.151981e-24	0.000000e+00	2.890205e-10	8.104928e-15	0.000000e+00	0.000000e+00	8.443870e-03	1.054603e-24	8.585999e-04	3.571903e-13	2.270231e-24	1.823010e-19	3.102286e-32	1.408117e-50	0.000000e+00	6.365771e-22	2.006031e-28	7.054789e-42	1.206987e-34	1.108099e-07	4.972146e-03	2.139837e-11	0.000000e+00	0.000000e+00	0.000000e+00	4.142987e-42	6.350737e-16	0.000000e+00	2.397550e-11	0.000000e+00	0.000000e+00	0.000000e+00	0.000000e+00	0.000000e+00	0.000000e+00	0.000000e+00	4.559342e-11	6.926995e-24	2.121363e-25	1.792397e-16	3.453419e-14	4.885484e-17	1.870264e-17	4.441376e-29	2.272767e-04	1.794124e-10	0.000000e+00	0.000000e+00	9.486873e-13	4.233481e-18	0.000000e+00	1.459729e-09	8.421265e-01	1.734967e-26	1.535157e-04	0.000000e+00	7.982927e-21	1.414794e-29	6.401027e-21	3.675402e-11	1.283861e-16	0.000000e+00	0.000000e+00	6.419644e-26	0.000000e+00	0.000000e+00	0.000000e+00	0.000000e+00	0.000000e+00	0.000000e+00	0.000000e+00	2.780347e-14	2.118504e-31	0.000000e+00	0.000000e+00	0.000000e+00	0.000000e+00	0.000000e+00	0.000000e+00	0.000000e+00	0.000000e+00	0.000000e+00	0.000000e+00	0.000000e+00	0.000000e+00	0.000000e+00	0.000000e+00	0.000000e+00	0.000000e+00	0.000000e+00	0.000000e+00	0.000000e+00	0.000000e+00	0.000000e+00	0.000000e+00	0.000000e+00	0.000000e+00	0.000000e+00	0.000000e+00	0.000000e+00	0.000000e+00	0.000000e+00	0.000000e+00	0.000000e+00	0.000000e+00	0.000000e+00	0.000000e+00	0.000000e+00	0.000000e+00	0.000000e+00	0.000000e+00	0.000000e+00	0.000000e+00	0.000000e+00	0.000000e+00	
79.600864	53.905223	105.296505	976.608692	1.486850e+07	2.146079e-25	0.000000e+00	8.847780e-11	1.722359e-15	0.000000e+00	0.000000e+00	8.444235e-03	6.958742e-26	9.015579e-04	1.040565e-13	2.879946e-25	2.654356e-20	1.508718e-33	1.284647e-52	0.000000e+00	8.103951e-23	1.681054e-29	1.936088e-43	1.707177e-36	4.465515e-08	4.972374e-03	7.611635e-12	0.000000e+00	0.000000e+00	0.000000e+00	2.136788e-44	9.239939e-17	0.000000e+00	8.304350e-12	0.000000e+00	0.000000e+00	0.000000e+00	0.000000e+00	0.000000e+00	0.000000e+00	0.000000e+00	1.425647e-11	4.266604e-25	1.490905e-26	3.756012e-17	1.491262e-14	1.195603e-17	6.198865e-18	6.140029e-30	2.272849e-04	7.693806e-11	0.000000e+00	0.000000e+00	3.810978e-13	6.476857e-19	0.000000e+00	7.128810e-10	8.420993e-01	1.211378e-27	1.320449e-04	0.000000e+00	8.523003e-22	3.758757e-31	5.178718e-22	1.098637e-11	1.962946e-17	0.000000e+00	0.000000e+00	2.448679e-27	0.000000e+00	0.000000e+00	0.000000e+00	0.000000e+00	0.000000e+00	0.000000e+00	0.000000e+00	8.152313e-15	3.963724e-32	0.000000e+00	0.000000e+00	0.000000e+00	0.000000e+00	0.000000e+00	0.000000e+00	0.000000e+00	0.000000e+00	0.000000e+00	0.000000e+00	0.000000e+00	0.000000e+00	0.000000e+00	0.000000e+00	0.000000e+00	0.000000e+00	0.000000e+00	0.000000e+00	0.000000e+00	0.000000e+00	0.000000e+00	0.000000e+00	0.000000e+00	0.000000e+00	0.000000e+00	0.000000e+00	0.000000e+00	0.000000e+00	0.000000e+00	0.000000e+00	0.000000e+00	0.000000e+00	0.000000e+00	0.000000e+00	0.000000e+00	0.000000e+00	0.000000e+00	0.000000e+00	0.000000e+00	0.000000e+00	0.000000e+00	0.000000e+00	
129.726344	105.296505	154.156183	928.501115	1.220184e+07	1.062683e-26	0.000000e+00	2.351843e-11	3.050595e-16	0.000000e+00	0.000000e+00	8.444895e-03	3.289606e-27	9.517816e-04	2.614000e-14	2.787863e-26	3.023638e-21	5.088387e-35	6.766586e-55	0.000000e+00	8.038846e-24	1.049904e-30	3.505317e-45	1.441657e-38	1.558281e-08	4.972677e-03	2.364242e-12	0.000000e+00	0.000000e+00	0.000000e+00	5.754158e-47	1.040459e-17	0.000000e+00	2.504476e-12	0.000000e+00	0.000000e+00	0.000000e+00	0.000000e+00	0.000000e+00	0.000000e+00	0.000000e+00	3.753670e-12	1.826447e-26	7.405697e-28	6.478830e-18	5.742220e-15	2.451701e-18	1.782587e-18	6.696466e-31	2.272931e-04	2.971239e-11	0.000000e+00	0.000000e+00	1.327149e-13	7.701728e-20	0.000000e+00	3.085325e-10	8.420659e-01	6.170377e-29	1.069575e-04	0.000000e+00	6.946912e-23	6.463585e-33	3.100842e-23	2.840680e-12	2.359770e-18	0.000000e+00	0.000000e+00	6.157511e-29	0.000000e+00	0.000000e+00	0.000000e+00	0.000000e+00	0.000000e+00	0.000000e+00	0.000000e+00	2.000394e-15	6.205727e-33	0.000000e+00	0.000000e+00	0.000000e+00	0.000000e+00	0.000000e+00	0.000000e+00	0.000000e+00	0.000000e+00	0.000000e+00	0.000000e+00	0.000000e+00	0.000000e+00	0.000000e+00	0.000000e+00	0.000000e+00	0.000000e+00	0.000000e+00	0.000000e+00	0.000000e+00	0.000000e+00	0.000000e+00	0.000000e+00	0.000000e+00	0.000000e+00	0.000000e+00	0.000000e+00	0.000000e+00	0.000000e+00	0.000000e+00	0.000000e+00	0.000000e+00	0.000000e+00	0.000000e+00	0.000000e+00	0.000000e+00	0.000000e+00	0.000000e+00	0.000000e+00	0.000000e+00	0.000000e+00	0.000000e+00	0.000000e+00	
177.401009	154.156183	200.645834	883.458762	1.001344e+07	4.712119e-28	0.000000e+00	5.954469e-12	5.071421e-17	0.000000e+00	0.000000e+00	8.445348e-03	1.373880e-28	9.986878e-04	6.184069e-15	2.420972e-27	3.138602e-22	1.500334e-36	2.927056e-57	0.000000e+00	7.255607e-25	5.881648e-32	5.461693e-47	1.016886e-40	5.174191e-09	4.973170e-03	7.008828e-13	0.000000e+00	0.000000e+00	0.000000e+00	1.234937e-49	1.072483e-18	0.000000e+00	7.202828e-13	0.000000e+00	0.000000e+00	0.000000e+00	0.000000e+00	0.000000e+00	0.000000e+00	0.000000e+00	9.240490e-13	6.831634e-28	3.238235e-29	1.044548e-18	2.125235e-15	4.730083e-19	4.886234e-19	6.742422e-32	2.273104e-04	1.106341e-11	0.000000e+00	0.000000e+00	4.404251e-14	8.388177e-21	0.000000e+00	1.282511e-10	8.420326e-01	2.818072e-30	8.354429e-05	0.000000e+00	5.111967e-24	9.548551e-35	1.671125e-24	6.981693e-13	2.609646e-19	0.000000e+00	0.000000e+00	1.339159e-30	0.000000e+00	0.000000e+00	0.000000e+00	0.000000e+00	0.000000e+00	0.000000e+00	0.000000e+00	4.582442e-16	9.177976e-34	0.000000e+00	0.000000e+00	0.000000e+00	0.000000e+00	0.000000e+00	0.000000e+00	0.000000e+00	0.000000e+00	0.000000e+00	0.000000e+00	0.000000e+00	0.000000e+00	0.000000e+00	0.000000e+00	0.000000e+00	0.000000e+00	0.000000e+00	0.000000e+00	0.000000e+00	0.000000e+00	0.000000e+00	0.000000e+00	0.000000e+00	0.000000e+00	0.000000e+00	0.000000e+00	0.000000e+00	0.000000e+00	0.000000e+00	0.000000e+00	0.000000e+00	0.000000e+00	0.000000e+00	0.000000e+00	0.000000e+00	0.000000e+00	0.000000e+00	0.000000e+00	0.000000e+00	0.000000e+00	0.000000e+00	0.000000e+00	
222.830118	200.645834	245.014402	843.148988	8.217531e+06	2.195668e-29	0.000000e+00	1.541741e-12	8.670896e-18	0.000000e+00	0.000000e+00	8.445396e-03	5.980679e-30	1.036581e-03	1.480653e-15	2.152838e-28	3.351860e-23	4.640019e-38	1.368577e-59	0.000000e+00	6.740562e-26	3.421017e-33	9.016689e-49	7.757179e-43	1.757395e-09	4.973016e-03	2.122930e-13	0.000000e+00	0.000000e+00	0.000000e+00	2.924435e-52	1.150902e-19	0.000000e+00	2.117581e-13	0.000000e+00	0.000000e+00	0.000000e+00	0.000000e+00	0.000000e+00	0.000000e+00	0.000000e+00	2.314022e-13	2.673512e-29	1.481267e-30	1.735451e-19	8.006982e-16	9.384179e-20	1.371868e-19	7.067808e-33	2.273125e-04	4.185611e-12	0.000000e+00	0.000000e+00	1.497065e-14	9.492256e-22	0.000000e+00	5.444278e-11	8.420112e-01	1.352249e-31	6.460685e-05	0.000000e+00	3.880072e-25	1.506722e-36	9.423268e-26	1.753643e-13	2.995222e-20	0.000000e+00	0.000000e+00	3.103292e-32	0.000000e+00	0.000000e+00	0.000000e+00	0.000000e+00	0.000000e+00	0.000000e+00	0.000000e+00	1.069948e-16	1.405614e-34	0.000000e+00	0.000000e+00	0.000000e+00	0.000000e+00	0.000000e+00	0.000000e+00	0.000000e+00	0.000000e+00	0.000000e+00	0.000000e+00	0.000000e+00	0.000000e+00	0.000000e+00	0.000000e+00	0.000000e+00	0.000000e+00	0.000000e+00	0.000000e+00	0.000000e+00	0.000000e+00	0.000000e+00	0.000000e+00	0.000000e+00	0.000000e+00	0.000000e+00	0.000000e+00	0.000000e+00	0.000000e+00	0.000000e+00	0.000000e+00	0.000000e+00	0.000000e+00	0.000000e+00	0.000000e+00	0.000000e+00	0.000000e+00	0.000000e+00	0.000000e+00	0.000000e+00	0.000000e+00	0.000000e+00	0.000000e+00	
266.274287	245.014402	287.534172	808.018122	6.743719e+06	1.194999e-30	0.000000e+00	4.278208e-13	1.619793e-18	0.000000e+00	0.000000e+00	8.445802e-03	3.036925e-31	1.064495e-03	3.775755e-16	2.153549e-29	4.003788e-24	1.703344e-39	8.319866e-62	0.000000e+00	7.016515e-27	2.283008e-34	1.815257e-50	7.593852e-45	6.406704e-10	4.973098e-03	6.874738e-14	0.000000e+00	0.000000e+00	0.000000e+00	9.481299e-55	1.400528e-20	0.000000e+00	6.666149e-14	0.000000e+00	0.000000e+00	0.000000e+00	0.000000e+00	0.000000e+00	0.000000e+00	0.000000e+00	6.255076e-14	1.237682e-30	7.972731e-32	3.169678e-20	3.190606e-16	2.030643e-20	4.137592e-20	8.351078e-34	2.273192e-04	1.665959e-12	0.000000e+00	0.000000e+00	5.468602e-15	1.213697e-22	0.000000e+00	2.458307e-11	8.419931e-01	7.571075e-33	5.066841e-05	0.000000e+00	3.328560e-26	2.933830e-38	6.143844e-27	4.723995e-14	3.865364e-21	0.000000e+00	0.000000e+00	8.801032e-34	0.000000e+00	0.000000e+00	0.000000e+00	0.000000e+00	0.000000e+00	0.000000e+00	0.000000e+00	2.708046e-17	2.367774e-35	0.000000e+00	0.000000e+00	0.000000e+00	0.000000e+00	0.000000e+00	0.000000e+00	0.000000e+00	0.000000e+00	0.000000e+00	0.000000e+00	0.000000e+00	0.000000e+00	0.000000e+00	0.000000e+00	0.000000e+00	0.000000e+00	0.000000e+00	0.000000e+00	0.000000e+00	0.000000e+00	0.000000e+00	0.000000e+00	0.000000e+00	0.000000e+00	0.000000e+00	0.000000e+00	0.000000e+00	0.000000e+00	0.000000e+00	0.000000e+00	0.000000e+00	0.000000e+00	0.000000e+00	0.000000e+00	0.000000e+00	0.000000e+00	0.000000e+00	0.000000e+00	0.000000e+00	0.000000e+00	0.000000e+00	0.000000e+00	
307.989780	287.534172	328.445389	777.450317	5.534234e+06	7.759210e-32	0.000000e+00	1.284293e-13	3.346432e-19	0.000000e+00	0.000000e+00	8.445974e-03	1.845131e-32	1.084479e-03	1.038972e-16	2.482136e-30	5.453925e-25	7.627653e-41	6.839631e-64	0.000000e+00	8.346189e-28	1.787585e-35	4.593536e-52	9.876540e-47	2.530997e-10	4.973422e-03	2.401569e-14	0.000000e+00	0.000000e+00	0.000000e+00	4.396660e-57	1.965972e-21	0.000000e+00	2.267803e-14	0.000000e+00	0.000000e+00	0.000000e+00	0.000000e+00	0.000000e+00	0.000000e+00	0.000000e+00	1.851855e-14	6.967406e-32	5.182791e-33	6.447352e-21	1.354968e-16	4.848954e-21	1.352820e-20	1.129279e-34	2.273249e-04	7.025063e-13	0.000000e+00	0.000000e+00	2.166757e-15	1.783413e-23	0.000000e+00	1.189865e-11	8.419772e-01	5.050342e-34	4.070850e-05	0.000000e+00	3.296480e-27	7.258479e-40	4.726452e-28	1.378206e-14	5.699482e-22	0.000000e+00	0.000000e+00	3.141457e-35	0.000000e+00	0.000000e+00	0.000000e+00	0.000000e+00	0.000000e+00	0.000000e+00	0.000000e+00	7.540432e-18	4.434490e-36	0.000000e+00	0.000000e+00	0.000000e+00	0.000000e+00	0.000000e+00	0.000000e+00	0.000000e+00	0.000000e+00	0.000000e+00	0.000000e+00	0.000000e+00	0.000000e+00	0.000000e+00	0.000000e+00	0.000000e+00	0.000000e+00	0.000000e+00	0.000000e+00	0.000000e+00	0.000000e+00	0.000000e+00	0.000000e+00	0.000000e+00	0.000000e+00	0.000000e+00	0.000000e+00	0.000000e+00	0.000000e+00	0.000000e+00	0.000000e+00	0.000000e+00	0.000000e+00	0.000000e+00	0.000000e+00	0.000000e+00	0.000000e+00	0.000000e+00	0.000000e+00	0.000000e+00	0.000000e+00	0.000000e+00	0.000000e+00	
348.225128	328.445389	368.004867	751.761247	4.541670e+06	6.696967e-33	0.000000e+00	4.375702e-14	8.133799e-20	0.000000e+00	0.000000e+00	8.445914e-03	1.506219e-33	1.097109e-03	3.253080e-17	3.632879e-31	9.233525e-26	4.730726e-42	9.187416e-66	0.000000e+00	1.238129e-28	1.819553e-36	1.687312e-53	2.032861e-48	1.137542e-10	4.973444e-03	9.474856e-15	0.000000e+00	0.000000e+00	0.000000e+00	3.634705e-59	3.471630e-22	0.000000e+00	8.736137e-15	0.000000e+00	0.000000e+00	0.000000e+00	0.000000e+00	0.000000e+00	0.000000e+00	0.000000e+00	6.381790e-15	5.410323e-33	4.589476e-34	1.560251e-21	6.375298e-17	1.356750e-21	5.031531e-21	1.894069e-35	2.273274e-04	3.251997e-13	0.000000e+00	0.000000e+00	9.772284e-16	3.279783e-24	0.000000e+00	6.430505e-12	8.419712e-01	4.467305e-35	3.438157e-05	0.000000e+00	4.142032e-28	2.644515e-41	4.751149e-29	4.573800e-15	1.041678e-22	0.000000e+00	0.000000e+00	1.625177e-36	0.000000e+00	0.000000e+00	0.000000e+00	0.000000e+00	0.000000e+00	0.000000e+00	0.000000e+00	2.460013e-18	9.809368e-37	0.000000e+00	0.000000e+00	0.000000e+00	0.000000e+00	0.000000e+00	0.000000e+00	0.000000e+00	0.000000e+00	0.000000e+00	0.000000e+00	0.000000e+00	0.000000e+00	0.000000e+00	0.000000e+00	0.000000e+00	0.000000e+00	0.000000e+00	0.000000e+00	0.000000e+00	0.000000e+00	0.000000e+00	0.000000e+00	0.000000e+00	0.000000e+00	0.000000e+00	0.000000e+00	0.000000e+00	0.000000e+00	0.000000e+00	0.000000e+00	0.000000e+00	0.000000e+00	0.000000e+00	0.000000e+00	0.000000e+00	0.000000e+00	0.000000e+00	0.000000e+00	0.000000e+00	0.000000e+00	0.000000e+00	0.000000e+00	
387.217579	368.004867	406.430290	730.208881	3.727123e+06	7.674718e-34	0.000000e+00	1.691041e-14	2.324582e-20	0.000000e+00	0.000000e+00	8.446059e-03	1.653781e-34	1.104589e-03	1.161128e-17	6.773399e-32	1.945419e-26	4.066945e-43	2.016366e-67	0.000000e+00	2.293659e-29	2.409874e-37	8.999240e-55	6.611657e-50	5.813532e-11	4.973477e-03	4.219637e-15	0.000000e+00	0.000000e+00	0.000000e+00	5.346920e-61	7.704570e-23	0.000000e+00	3.808834e-15	0.000000e+00	0.000000e+00	0.000000e+00	0.000000e+00	0.000000e+00	0.000000e+00	0.000000e+00	2.563913e-15	5.801792e-34	5.540564e-35	4.489107e-22	3.322001e-17	4.445246e-22	2.127129e-21	3.935020e-36	2.273282e-04	1.652045e-13	0.000000e+00	0.000000e+00	5.013015e-16	7.543363e-25	0.000000e+00	3.877652e-12	8.419658e-01	5.234150e-36	3.064930e-05	0.000000e+00	6.612264e-29	1.417083e-42	6.235655e-30	1.726010e-15	2.358036e-23	0.000000e+00	0.000000e+00	1.217051e-37	0.000000e+00	0.000000e+00	0.000000e+00	0.000000e+00	0.000000e+00	0.000000e+00	0.000000e+00	9.416215e-19	2.558484e-37	0.000000e+00	0.000000e+00	0.000000e+00	0.000000e+00	0.000000e+00	0.000000e+00	0.000000e+00	0.000000e+00	0.000000e+00	0.000000e+00	0.000000e+00	0.000000e+00	0.000000e+00	0.000000e+00	0.000000e+00	0.000000e+00	0.000000e+00	0.000000e+00	0.000000e+00	0.000000e+00	0.000000e+00	0.000000e+00	0.000000e+00	0.000000e+00	0.000000e+00	0.000000e+00	0.000000e+00	0.000000e+00	0.000000e+00	0.000000e+00	0.000000e+00	0.000000e+00	0.000000e+00	0.000000e+00	0.000000e+00	0.000000e+00	0.000000e+00	0.000000e+00	0.000000e+00	0.000000e+00	0.000000e+00	0.000000e+00	
425.145889	406.430290	443.861488	711.317107	3.058664e+06	1.047466e-34	0.000000e+00	7.063102e-15	7.340942e-21	0.000000e+00	0.000000e+00	8.446439e-03	2.180762e-35	1.109343e-03	4.494790e-18	1.467679e-32	4.692816e-27	4.278180e-44	5.993051e-69	0.000000e+00	4.875072e-30	3.756291e-38	6.044226e-56	2.850676e-51	3.216219e-11	4.973405e-03	2.025071e-15	0.000000e+00	0.000000e+00	0.000000e+00	1.121942e-62	1.968662e-23	0.000000e+00	1.792324e-15	0.000000e+00	0.000000e+00	0.000000e+00	0.000000e+00	0.000000e+00	0.000000e+00	0.000000e+00	1.132828e-15	7.594468e-35	8.101556e-36	1.436979e-22	1.843512e-17	1.605340e-22	9.733200e-22	9.330653e-37	2.273296e-04	8.887463e-14	0.000000e+00	0.000000e+00	2.784504e-16	1.991414e-25	0.000000e+00	2.502104e-12	8.419614e-01	7.293104e-37	2.827609e-05	0.000000e+00	1.223926e-29	9.631089e-44	9.645475e-31	7.049999e-16	6.090601e-24	0.000000e+00	0.000000e+00	1.144771e-38	0.000000e+00	0.000000e+00	0.000000e+00	0.000000e+00	0.000000e+00	0.000000e+00	0.000000e+00	3.979791e-19	7.389611e-38	0.000000e+00	0.000000e+00	0.000000e+00	0.000000e+00	0.000000e+00	0.000000e+00	0.000000e+00	0.000000e+00	0.000000e+00	0.000000e+00	0.000000e+00	0.000000e+00	0.000000e+00	0.000000e+00	0.000000e+00	0.000000e+00	0.000000e+00	0.000000e+00	0.000000e+00	0.000000e+00	0.000000e+00	0.000000e+00	0.000000e+00	0.000000e+00	0.000000e+00	0.000000e+00	0.000000e+00	0.000000e+00	0.000000e+00	0.000000e+00	0.000000e+00	0.000000e+00	0.000000e+00	0.000000e+00	0.000000e+00	0.000000e+00	0.000000e+00	0.000000e+00	0.000000e+00	0.000000e+00	0.000000e+00	0.000000e+00	
462.111378	443.861488	480.361268	693.617995	2.510093e+06	1.474048e-35	0.000000e+00	2.990825e-15	2.358951e-21	0.000000e+00	0.000000e+00	8.446316e-03	2.968956e-36	1.113399e-03	1.764191e-18	3.265901e-33	1.159184e-27	4.662892e-45	1.879282e-70	0.000000e+00	1.061351e-30	6.026329e-39	4.229270e-57	1.291041e-52	1.804794e-11	4.973402e-03	9.849156e-16	0.000000e+00	0.000000e+00	0.000000e+00	2.504875e-64	5.158487e-24	0.000000e+00	8.550925e-16	0.000000e+00	0.000000e+00	0.000000e+00	0.000000e+00	0.000000e+00	0.000000e+00	0.000000e+00	5.090543e-16	1.029255e-35	1.225639e-36	4.686718e-23	1.034558e-17	5.898021e-23	4.518190e-22	2.266256e-37	2.273316e-04	4.829299e-14	0.000000e+00	0.000000e+00	1.569505e-16	5.386462e-26	0.000000e+00	1.634967e-12	8.419594e-01	1.047581e-37	2.624592e-05	0.000000e+00	2.324245e-30	6.822331e-45	1.535283e-31	2.919672e-16	1.610199e-24	0.000000e+00	0.000000e+00	1.120753e-39	0.000000e+00	0.000000e+00	0.000000e+00	0.000000e+00	0.000000e+00	0.000000e+00	0.000000e+00	1.712356e-19	2.176382e-38	0.000000e+00	0.000000e+00	0.000000e+00	0.000000e+00	0.000000e+00	0.000000e+00	0.000000e+00	0.000000e+00	0.000000e+00	0.000000e+00	0.000000e+00	0.000000e+00	0.000000e+00	0.000000e+00	0.000000e+00	0.000000e+00	0.000000e+00	0.000000e+00	0.000000e+00	0.000000e+00	0.000000e+00	0.000000e+00	0.000000e+00	0.000000e+00	0.000000e+00	0.000000e+00	0.000000e+00	0.000000e+00	0.000000e+00	0.000000e+00	0.000000e+00	0.000000e+00	0.000000e+00	0.000000e+00	0.000000e+00	0.000000e+00	0.000000e+00	0.000000e+00	0.000000e+00	0.000000e+00	0.000000e+00	0.000000e+00	
498.130999	480.361268	515.900730	675.366195	2.059909e+06	1.723773e-36	0.000000e+00	1.166637e-15	6.818550e-22	0.000000e+00	0.000000e+00	8.446365e-03	3.324359e-37	1.118956e-03	6.341306e-19	6.194274e-34	2.479331e-28	4.103339e-46	4.277940e-72	0.000000e+00	1.995853e-31	8.140303e-40	2.321462e-58	4.332323e-54	9.321652e-12	4.973323e-03	4.429095e-16	0.000000e+00	0.000000e+00	0.000000e+00	3.834338e-66	1.165447e-24	0.000000e+00	3.765866e-16	0.000000e+00	0.000000e+00	0.000000e+00	0.000000e+00	0.000000e+00	0.000000e+00	0.000000e+00	2.067899e-16	1.127459e-36	1.514434e-37	1.365163e-23	5.433435e-18	1.955692e-23	1.932522e-22	4.800303e-38	2.273344e-04	2.469247e-14	0.000000e+00	0.000000e+00	8.150109e-17	1.259096e-26	0.000000e+00	9.969068e-13	8.419576e-01	1.252877e-38	2.346341e-05	0.000000e+00	3.766236e-31	3.752423e-46	2.051513e-32	1.111463e-16	3.703485e-25	0.000000e+00	0.000000e+00	8.616148e-41	0.000000e+00	0.000000e+00	0.000000e+00	0.000000e+00	0.000000e+00	0.000000e+00	0.000000e+00	6.638523e-20	5.787309e-39	0.000000e+00	0.000000e+00	0.000000e+00	0.000000e+00	0.000000e+00	0.000000e+00	0.000000e+00	0.000000e+00	0.000000e+00	0.000000e+00	0.000000e+00	0.000000e+00	0.000000e+00	0.000000e+00	0.000000e+00	0.000000e+00	0.000000e+00	0.000000e+00	0.000000e+00	0.000000e+00	0.000000e+00	0.000000e+00	0.000000e+00	0.000000e+00	0.000000e+00	0.000000e+00	0.000000e+00	0.000000e+00	0.000000e+00	0.000000e+00	0.000000e+00	0.000000e+00	0.000000e+00	0.000000e+00	0.000000e+00	0.000000e+00	0.000000e+00	0.000000e+00	0.000000e+00	0.000000e+00	0.000000e+00	0.000000e+00	
533.164112	515.900730	550.427495	656.124198	1.690464e+06	1.542708e-37	0.000000e+00	4.041789e-16	1.691254e-22	0.000000e+00	0.000000e+00	8.446162e-03	2.805586e-38	1.126247e-03	2.006660e-19	9.318565e-35	4.305067e-29	2.649549e-47	6.127233e-74	0.000000e+00	3.036109e-32	8.571617e-41	8.967430e-60	9.429806e-56	4.271200e-12	4.973713e-03	1.778580e-16	0.000000e+00	0.000000e+00	0.000000e+00	3.403945e-68	2.125965e-25	0.000000e+00	1.477809e-16	0.000000e+00	0.000000e+00	0.000000e+00	0.000000e+00	0.000000e+00	0.000000e+00	0.000000e+00	7.258415e-17	9.079083e-38	1.396331e-38	3.377321e-24	2.592986e-18	5.591319e-24	7.342533e-23	8.341292e-39	2.273359e-04	1.156311e-14	0.000000e+00	0.000000e+00	3.759285e-17	2.384044e-27	0.000000e+00	5.499688e-13	8.419491e-01	1.149903e-39	1.985138e-05	0.000000e+00	4.851244e-32	1.432384e-47	2.129560e-33	3.746922e-17	6.966219e-26	0.000000e+00	0.000000e+00	4.672936e-42	0.000000e+00	0.000000e+00	0.000000e+00	0.000000e+00	0.000000e+00	0.000000e+00	0.000000e+00	2.213092e-20	1.327059e-39	0.000000e+00	0.000000e+00	0.000000e+00	0.000000e+00	0.000000e+00	0.000000e+00	0.000000e+00	0.000000e+00	0.000000e+00	0.000000e+00	0.000000e+00	0.000000e+00	0.000000e+00	0.000000e+00	0.000000e+00	0.000000e+00	0.000000e+00	0.000000e+00	0.000000e+00	0.000000e+00	0.000000e+00	0.000000e+00	0.000000e+00	0.000000e+00	0.000000e+00	0.000000e+00	0.000000e+00	0.000000e+00	0.000000e+00	0.000000e+00	0.000000e+00	0.000000e+00	0.000000e+00	0.000000e+00	0.000000e+00	0.000000e+00	0.000000e+00	0.000000e+00	0.000000e+00	0.000000e+00	0.000000e+00	0.000000e+00	
567.150973	550.427495	583.874451	635.604401	1.387280e+06	9.764243e-39	0.000000e+00	1.200868e-16	3.440887e-23	0.000000e+00	0.000000e+00	8.446361e-03	1.640104e-39	1.134743e-03	5.378537e-20	1.036617e-35	5.701501e-30	1.144797e-48	4.812560e-76	0.000000e+00	3.506415e-33	6.532249e-42	2.196087e-61	1.171176e-57	1.675698e-12	4.973436e-03	6.167341e-17	0.000000e+00	0.000000e+00	0.000000e+00	1.491202e-70	2.938196e-26	0.000000e+00	4.992014e-17	0.000000e+00	0.000000e+00	0.000000e+00	0.000000e+00	0.000000e+00	0.000000e+00	0.000000e+00	2.106080e-17	4.901784e-39	8.802065e-40	6.762150e-25	1.093119e-18	1.319404e-24	2.393580e-23	1.121935e-39	2.273391e-04	4.832195e-15	0.000000e+00	0.000000e+00	1.487205e-17	3.435197e-28	0.000000e+00	2.665240e-13	8.419454e-01	7.491298e-41	1.561060e-05	0.000000e+00	4.637221e-33	3.405514e-49	1.593373e-34	1.078873e-17	1.009675e-26	0.000000e+00	0.000000e+00	1.611996e-43	0.000000e+00	0.000000e+00	0.000000e+00	0.000000e+00	0.000000e+00	0.000000e+00	0.000000e+00	6.061587e-21	2.513151e-40	0.000000e+00	0.000000e+00	0.000000e+00	0.000000e+00	0.000000e+00	0.000000e+00	0.000000e+00	0.000000e+00	0.000000e+00	0.000000e+00	0.000000e+00	0.000000e+00	0.000000e+00	0.000000e+00	0.000000e+00	0.000000e+00	0.000000e+00	0.000000e+00	0.000000e+00	0.000000e+00	0.000000e+00	0.000000e+00	0.000000e+00	0.000000e+00	0.000000e+00	0.000000e+00	0.000000e+00	0.000000e+00	0.000000e+00	0.000000e+00	0.000000e+00	0.000000e+00	0.000000e+00	0.000000e+00	0.000000e+00	0.000000e+00	0.000000e+00	0.000000e+00	0.000000e+00	0.000000e+00	0.000000e+00	0.000000e+00	
600.027475	583.874451	616.180498	613.922915	1.138472e+06	4.222866e-40	0.000000e+00	3.013664e-17	5.630076e-24	0.000000e+00	0.000000e+00	8.446623e-03	6.396945e-41	1.143311e-03	1.199703e-20	8.261357e-37	5.601346e-31	3.177792e-50	1.951579e-78	0.000000e+00	2.988607e-34	3.486417e-43	3.256847e-63	7.851931e-60	5.546146e-13	4.973730e-03	1.820807e-17	0.000000e+00	0.000000e+00	0.000000e+00	3.007151e-73	2.995699e-27	0.000000e+00	1.431287e-17	0.000000e+00	0.000000e+00	0.000000e+00	0.000000e+00	0.000000e+00	0.000000e+00	0.000000e+00	4.954779e-18	1.704103e-40	3.651915e-41	1.073053e-25	4.021665e-19	2.521565e-25	6.596158e-24	1.139413e-40	2.273453e-04	1.781847e-15	0.000000e+00	0.000000e+00	4.973918e-18	3.667762e-29	0.000000e+00	1.121009e-13	8.419381e-01	3.348415e-42	1.130708e-05	0.000000e+00	3.189855e-34	4.812102e-51	8.320137e-36	2.612736e-18	1.099318e-27	0.000000e+00	0.000000e+00	3.384034e-45	0.000000e+00	0.000000e+00	0.000000e+00	0.000000e+00	0.000000e+00	0.000000e+00	0.000000e+00	1.337321e-21	3.860489e-41	0.000000e+00	0.000000e+00	0.000000e+00	0.000000e+00	0.000000e+00	0.000000e+00	0.000000e+00	0.000000e+00	0.000000e+00	0.000000e+00	0.000000e+00	0.000000e+00	0.000000e+00	0.000000e+00	0.000000e+00	0.000000e+00	0.000000e+00	0.000000e+00	0.000000e+00	0.000000e+00	0.000000e+00	0.000000e+00	0.000000e+00	0.000000e+00	0.000000e+00	0.000000e+00	0.000000e+00	0.000000e+00	0.000000e+00	0.000000e+00	0.000000e+00	0.000000e+00	0.000000e+00	0.000000e+00	0.000000e+00	0.000000e+00	0.000000e+00	0.000000e+00	0.000000e+00	0.000000e+00	0.000000e+00	0.000000e+00	
631.747940	616.180498	647.315381	591.669500	9.342870e+05	1.298890e-41	0.000000e+00	6.503007e-18	7.579845e-25	0.000000e+00	0.000000e+00	8.446656e-03	1.735393e-42	1.150776e-03	2.267638e-21	4.879548e-38	4.209507e-32	5.933798e-52	4.379185e-81	0.000000e+00	1.939389e-35	1.352457e-44	3.083033e-65	3.030710e-62	1.577081e-13	4.973640e-03	4.655743e-18	0.000000e+00	0.000000e+00	0.000000e+00	3.027464e-76	2.327046e-28	0.000000e+00	3.544032e-18	0.000000e+00	0.000000e+00	0.000000e+00	0.000000e+00	0.000000e+00	0.000000e+00	0.000000e+00	9.656447e-19	3.991220e-42	1.041777e-42	1.382882e-26	1.310035e-19	3.990957e-26	1.565003e-24	9.008214e-42	2.273405e-04	5.874014e-16	0.000000e+00	0.000000e+00	1.432387e-18	2.994757e-30	0.000000e+00	4.156816e-14	8.419351e-01	1.068449e-43	7.599127e-06	0.000000e+00	1.632818e-35	4.266516e-53	3.147775e-37	5.418262e-19	9.267015e-29	0.000000e+00	0.000000e+00	4.554142e-47	0.000000e+00	0.000000e+00	0.000000e+00	0.000000e+00	0.000000e+00	0.000000e+00	0.000000e+00	2.430604e-22	4.926113e-42	0.000000e+00	0.000000e+00	0.000000e+00	0.000000e+00	0.000000e+00	0.000000e+00	0.000000e+00	0.000000e+00	0.000000e+00	0.000000e+00	0.000000e+00	0.000000e+00	0.000000e+00	0.000000e+00	0.000000e+00	0.000000e+00	0.000000e+00	0.000000e+00	0.000000e+00	0.000000e+00	0.000000e+00	0.000000e+00	0.000000e+00	0.000000e+00	0.000000e+00	0.000000e+00	0.000000e+00	0.000000e+00	0.000000e+00	0.000000e+00	0.000000e+00	0.000000e+00	0.000000e+00	0.000000e+00	0.000000e+00	0.000000e+00	0.000000e+00	0.000000e+00	0.000000e+00	0.000000e+00	0.000000e+00	0.000000e+00	
662.285846	647.315381	677.256310	568.977287	7.667228e+05	2.768296e-43	0.000000e+00	1.192751e-18	8.272134e-26	0.000000e+00	0.000000e+00	8.446335e-03	3.183693e-44	1.156516e-03	3.584534e-22	2.087170e-39	2.370479e-33	7.230288e-54	5.197661e-84	0.000000e+00	9.381894e-37	3.721478e-46	1.800413e-67	6.456316e-65	3.810398e-14	4.973609e-03	1.020136e-18	0.000000e+00	0.000000e+00	0.000000e+00	1.443255e-79	1.349741e-29	0.000000e+00	7.497991e-19	0.000000e+00	0.000000e+00	0.000000e+00	0.000000e+00	0.000000e+00	0.000000e+00	0.000000e+00	1.536958e-19	6.109315e-44	1.986368e-44	1.424633e-27	3.744448e-20	5.157356e-27	3.162173e-25	5.443379e-43	2.273367e-04	1.716494e-16	0.000000e+00	0.000000e+00	3.514413e-19	1.832736e-31	0.000000e+00	1.346949e-14	8.419325e-01	2.372173e-45	4.710127e-06	0.000000e+00	6.077713e-37	2.290292e-55	8.418677e-39	9.509390e-20	5.933199e-30	0.000000e+00	0.000000e+00	3.799134e-49	0.000000e+00	0.000000e+00	0.000000e+00	0.000000e+00	0.000000e+00	0.000000e+00	0.000000e+00	3.587107e-23	5.154632e-43	0.000000e+00	0.000000e+00	0.000000e+00	0.000000e+00	0.000000e+00	0.000000e+00	0.000000e+00	0.000000e+00	0.000000e+00	0.000000e+00	0.000000e+00	0.000000e+00	0.000000e+00	0.000000e+00	0.000000e+00	0.000000e+00	0.000000e+00	0.000000e+00	0.000000e+00	0.000000e+00	0.000000e+00	0.000000e+00	0.000000e+00	0.000000e+00	0.000000e+00	0.000000e+00	0.000000e+00	0.000000e+00	0.000000e+00	0.000000e+00	0.000000e+00	0.000000e+00	0.000000e+00	0.000000e+00	0.000000e+00	0.000000e+00	0.000000e+00	0.000000e+00	0.000000e+00	0.000000e+00	0.000000e+00	0.000000e+00	
691.642814	677.256310	706.029318	546.782072	6.292112e+05	4.669968e-45	0.000000e+00	1.972528e-19	7.896740e-27	0.000000e+00	0.000000e+00	8.446761e-03	4.549214e-46	1.160436e-03	5.051025e-23	7.272604e-41	1.110795e-34	6.715473e-56	4.116328e-87	0.000000e+00	3.763479e-38	8.234873e-48	7.740074e-70	9.411939e-68	8.309176e-15	4.973938e-03	2.027595e-19	0.000000e+00	0.000000e+00	0.000000e+00	4.271887e-83	6.507122e-31	0.000000e+00	1.436395e-19	0.000000e+00	0.000000e+00	0.000000e+00	0.000000e+00	0.000000e+00	0.000000e+00	0.000000e+00	2.151504e-20	7.128553e-46	2.933717e-46	1.272519e-28	9.852824e-21	5.860057e-28	5.777552e-26	2.778598e-44	2.273478e-04	4.644972e-17	0.000000e+00	0.000000e+00	7.802487e-20	9.338977e-33	0.000000e+00	4.014300e-15	8.419264e-01	4.181516e-47	2.773327e-06	0.000000e+00	1.844948e-38	8.923673e-58	1.804387e-40	1.500503e-20	3.190376e-31	0.000000e+00	0.000000e+00	2.337601e-51	0.000000e+00	0.000000e+00	0.000000e+00	0.000000e+00	0.000000e+00	0.000000e+00	0.000000e+00	4.642679e-24	4.773435e-44	0.000000e+00	0.000000e+00	0.000000e+00	0.000000e+00	0.000000e+00	0.000000e+00	0.000000e+00	0.000000e+00	0.000000e+00	0.000000e+00	0.000000e+00	0.000000e+00	0.000000e+00	0.000000e+00	0.000000e+00	0.000000e+00	0.000000e+00	0.000000e+00	0.000000e+00	0.000000e+00	0.000000e+00	0.000000e+00	0.000000e+00	0.000000e+00	0.000000e+00	0.000000e+00	0.000000e+00	0.000000e+00	0.000000e+00	0.000000e+00	0.000000e+00	0.000000e+00	0.000000e+00	0.000000e+00	0.000000e+00	0.000000e+00	0.000000e+00	0.000000e+00	0.000000e+00	0.000000e+00	0.000000e+00	0.000000e+00	
719.872209	706.029318	733.715100	526.120962	5.163623e+05	7.673540e-47	0.000000e+00	3.225031e-20	7.424556e-28	0.000000e+00	0.000000e+00	8.446938e-03	6.314509e-48	1.162725e-03	7.013237e-24	2.478774e-42	5.099482e-36	6.054330e-58	3.121242e-90	0.000000e+00	1.477867e-39	1.780579e-49	3.222618e-72	1.313620e-70	1.794839e-15	4.973769e-03	3.991247e-20	0.000000e+00	0.000000e+00	0.000000e+00	1.198077e-86	3.078963e-32	0.000000e+00	2.725205e-20	0.000000e+00	0.000000e+00	0.000000e+00	0.000000e+00	0.000000e+00	0.000000e+00	0.000000e+00	2.971767e-21	8.062201e-48	4.219616e-48	1.118667e-29	2.570860e-21	6.568083e-29	1.046518e-26	1.397439e-45	2.273560e-04	1.246089e-17	0.000000e+00	0.000000e+00	1.718887e-20	4.666347e-34	0.000000e+00	1.189493e-15	8.419224e-01	7.185920e-49	1.624054e-06	0.000000e+00	5.465341e-40	3.350129e-60	3.769747e-42	2.339014e-21	1.684154e-32	0.000000e+00	0.000000e+00	1.390763e-53	0.000000e+00	0.000000e+00	0.000000e+00	0.000000e+00	0.000000e+00	0.000000e+00	0.000000e+00	5.934683e-25	4.390859e-45	0.000000e+00	0.000000e+00	0.000000e+00	0.000000e+00	0.000000e+00	0.000000e+00	0.000000e+00	0.000000e+00	0.000000e+00	0.000000e+00	0.000000e+00	0.000000e+00	0.000000e+00	0.000000e+00	0.000000e+00	0.000000e+00	0.000000e+00	0.000000e+00	0.000000e+00	0.000000e+00	0.000000e+00	0.000000e+00	0.000000e+00	0.000000e+00	0.000000e+00	0.000000e+00	0.000000e+00	0.000000e+00	0.000000e+00	0.000000e+00	0.000000e+00	0.000000e+00	0.000000e+00	0.000000e+00	0.000000e+00	0.000000e+00	0.000000e+00	0.000000e+00	0.000000e+00	0.000000e+00	0.000000e+00	0.000000e+00	
747.078078	733.715100	760.441057	507.881132	4.237528e+05	1.564313e-48	0.000000e+00	5.803384e-21	7.895483e-29	0.000000e+00	0.000000e+00	8.446352e-03	1.101653e-49	1.163986e-03	1.078837e-24	1.022673e-43	2.774346e-37	7.021763e-60	1.882653e-90	0.000000e+00	6.894268e-41	4.720177e-51	1.788232e-74	2.597490e-73	4.279517e-16	4.973701e-03	8.620174e-21	0.000000e+00	0.000000e+00	0.000000e+00	5.214032e-90	1.735596e-33	0.000000e+00	5.685477e-21	0.000000e+00	0.000000e+00	0.000000e+00	0.000000e+00	0.000000e+00	0.000000e+00	0.000000e+00	4.631397e-22	1.169858e-49	7.716329e-50	1.121882e-30	7.252216e-22	8.302092e-30	2.090920e-27	8.277912e-47	2.273451e-04	3.587902e-18	0.000000e+00	0.000000e+00	4.181641e-21	2.766439e-35	0.000000e+00	3.835445e-16	8.419266e-01	1.529391e-50	9.977584e-07	0.000000e+00	1.948287e-41	1.686873e-62	9.649711e-44	4.021436e-22	1.046965e-33	0.000000e+00	0.000000e+00	1.097393e-55	0.000000e+00	0.000000e+00	0.000000e+00	0.000000e+00	0.000000e+00	0.000000e+00	0.000000e+00	8.603630e-26	4.583217e-46	0.000000e+00	0.000000e+00	0.000000e+00	0.000000e+00	0.000000e+00	0.000000e+00	0.000000e+00	0.000000e+00	0.000000e+00	0.000000e+00	0.000000e+00	0.000000e+00	0.000000e+00	0.000000e+00	0.000000e+00	0.000000e+00	0.000000e+00	0.000000e+00	0.000000e+00	0.000000e+00	0.000000e+00	0.000000e+00	0.000000e+00	0.000000e+00	0.000000e+00	0.000000e+00	0.000000e+00	0.000000e+00	0.000000e+00	0.000000e+00	0.000000e+00	0.000000e+00	0.000000e+00	0.000000e+00	0.000000e+00	0.000000e+00	0.000000e+00	0.000000e+00	0.000000e+00	0.000000e+00	0.000000e+00	0.000000e+00	
773.384339	760.441057	786.327621	491.932110	3.477529e+05	4.165970e-50	0.000000e+00	1.175828e-21	9.782408e-30	0.000000e+00	0.000000e+00	8.446670e-03	2.552256e-51	1.164631e-03	1.885673e-25	5.344656e-45	1.862976e-38	1.112670e-61	1.882648e-90	0.000000e+00	3.982407e-42	1.610222e-52	1.415693e-76	7.909864e-76	1.152399e-16	4.973814e-03	2.087595e-21	0.000000e+00	0.000000e+00	0.000000e+00	1.882648e-90	1.214071e-34	0.000000e+00	1.333251e-21	0.000000e+00	0.000000e+00	0.000000e+00	0.000000e+00	0.000000e+00	0.000000e+00	0.000000e+00	8.378227e-23	2.312077e-51	1.898407e-51	1.324597e-31	2.253043e-22	1.217866e-30	4.714218e-28	5.999177e-48	2.273408e-04	1.127848e-18	0.000000e+00	0.000000e+00	1.148933e-21	2.026374e-36	0.000000e+00	1.371569e-16	8.419262e-01	4.243003e-52	6.504747e-07	0.000000e+00	8.741126e-43	1.222402e-64	3.177549e-45	7.806536e-23	7.966984e-35	0.000000e+00	0.000000e+00	1.228058e-57	0.000000e+00	0.000000e+00	0.000000e+00	0.000000e+00	0.000000e+00	0.000000e+00	0.000000e+00	1.456546e-26	5.582956e-47	0.000000e+00	0.000000e+00	0.000000e+00	0.000000e+00	0.000000e+00	0.000000e+00	0.000000e+00	0.000000e+00	0.000000e+00	0.000000e+00	0.000000e+00	0.000000e+00	0.000000e+00	0.000000e+00	0.000000e+00	0.000000e+00	0.000000e+00	0.000000e+00	0.000000e+00	0.000000e+00	0.000000e+00	0.000000e+00	0.000000e+00	0.000000e+00	0.000000e+00	0.000000e+00	0.000000e+00	0.000000e+00	0.000000e+00	0.000000e+00	0.000000e+00	0.000000e+00	0.000000e+00	0.000000e+00	0.000000e+00	0.000000e+00	0.000000e+00	0.000000e+00	0.000000e+00	0.000000e+00	0.000000e+00	0.000000e+00	
798.877137	786.327621	811.426653	476.963693	2.853835e+05	1.114299e-51	0.000000e+00	2.387330e-22	1.214905e-30	0.000000e+00	0.000000e+00	8.446748e-03	5.941860e-53	1.165154e-03	3.300979e-26	2.812170e-46	1.256805e-39	1.775183e-63	1.882734e-90	0.000000e+00	2.310360e-43	5.527932e-54	1.130725e-78	2.424402e-78	3.115552e-17	4.973825e-03	5.071518e-22	0.000000e+00	0.000000e+00	0.000000e+00	1.882734e-90	8.540275e-36	0.000000e+00	3.137158e-22	0.000000e+00	0.000000e+00	0.000000e+00	0.000000e+00	0.000000e+00	0.000000e+00	0.000000e+00	1.522529e-23	4.595556e-53	4.708002e-53	1.568443e-32	7.017792e-23	1.792340e-31	1.067572e-28	4.378043e-49	2.273548e-04	3.550734e-19	0.000000e+00	0.000000e+00	3.173474e-22	1.491184e-37	0.000000e+00	4.929281e-17	8.419193e-01	1.182808e-53	4.254879e-07	0.000000e+00	3.935548e-44	8.903845e-67	1.050218e-46	1.518361e-23	6.089977e-36	0.000000e+00	0.000000e+00	1.383327e-59	0.000000e+00	0.000000e+00	0.000000e+00	0.000000e+00	0.000000e+00	0.000000e+00	0.000000e+00	2.480057e-27	6.859037e-48	0.000000e+00	0.000000e+00	0.000000e+00	0.000000e+00	0.000000e+00	0.000000e+00	0.000000e+00	0.000000e+00	0.000000e+00	0.000000e+00	0.000000e+00	0.000000e+00	0.000000e+00	0.000000e+00	0.000000e+00	0.000000e+00	0.000000e+00	0.000000e+00	0.000000e+00	0.000000e+00	0.000000e+00	0.000000e+00	0.000000e+00	0.000000e+00	0.000000e+00	0.000000e+00	0.000000e+00	0.000000e+00	0.000000e+00	0.000000e+00	0.000000e+00	0.000000e+00	0.000000e+00	0.000000e+00	0.000000e+00	0.000000e+00	0.000000e+00	0.000000e+00	0.000000e+00	0.000000e+00	0.000000e+00	0.000000e+00	
823.589317	811.426653	835.751980	462.264330	2.342000e+05	2.514392e-53	0.000000e+00	4.495845e-23	1.368788e-31	0.000000e+00	0.000000e+00	8.446670e-03	1.154887e-54	1.165446e-03	5.319892e-27	1.278877e-47	7.429647e-41	2.328706e-65	1.882673e-90	0.000000e+00	1.171319e-44	1.622548e-55	7.242509e-81	5.639085e-81	7.824460e-18	4.973686e-03	1.148242e-22	0.000000e+00	0.000000e+00	0.000000e+00	1.882673e-90	5.256376e-37	0.000000e+00	6.871446e-23	0.000000e+00	0.000000e+00	0.000000e+00	0.000000e+00	0.000000e+00	0.000000e+00	0.000000e+00	2.525170e-24	7.509073e-55	9.719686e-55	1.674108e-33	2.058563e-23	2.402456e-32	2.248511e-29	2.829092e-50	2.273460e-04	1.057013e-19	0.000000e+00	0.000000e+00	8.160120e-23	9.609606e-39	0.000000e+00	1.668967e-17	8.419240e-01	2.788202e-55	2.689693e-07	0.000000e+00	1.529323e-45	5.136193e-69	2.954732e-48	2.733349e-24	4.102489e-37	0.000000e+00	0.000000e+00	1.249429e-61	0.000000e+00	0.000000e+00	0.000000e+00	0.000000e+00	0.000000e+00	0.000000e+00	0.000000e+00	3.847407e-28	7.723836e-49	0.000000e+00	0.000000e+00	0.000000e+00	0.000000e+00	0.000000e+00	0.000000e+00	0.000000e+00	0.000000e+00	0.000000e+00	0.000000e+00	0.000000e+00	0.000000e+00	0.000000e+00	0.000000e+00	0.000000e+00	0.000000e+00	0.000000e+00	0.000000e+00	0.000000e+00	0.000000e+00	0.000000e+00	0.000000e+00	0.000000e+00	0.000000e+00	0.000000e+00	0.000000e+00	0.000000e+00	0.000000e+00	0.000000e+00	0.000000e+00	0.000000e+00	0.000000e+00	0.000000e+00	0.000000e+00	0.000000e+00	0.000000e+00	0.000000e+00	0.000000e+00	0.000000e+00	0.000000e+00	0.000000e+00	0.000000e+00	
847.522870	835.751980	859.293760	447.371369	1.921963e+05	4.130276e-55	0.000000e+00	7.355965e-24	1.285878e-32	0.000000e+00	0.000000e+00	8.447026e-03	1.602635e-56	1.165680e-03	7.351461e-28	4.423611e-49	3.430558e-42	2.118083e-67	1.882717e-90	0.000000e+00	4.616033e-46	3.550645e-57	3.067183e-83	7.839489e-84	1.710577e-18	4.974104e-03	2.277915e-23	0.000000e+00	0.000000e+00	0.000000e+00	1.882717e-90	2.518371e-38	0.000000e+00	1.315749e-23	0.000000e+00	0.000000e+00	0.000000e+00	0.000000e+00	0.000000e+00	0.000000e+00	0.000000e+00	3.527712e-25	8.510990e-57	1.422620e-56	1.472339e-34	5.397919e-24	2.704200e-33	4.131262e-30	1.453918e-51	2.273489e-04	2.835059e-20	0.000000e+00	0.000000e+00	1.832818e-23	4.832083e-40	0.000000e+00	5.045907e-18	8.419198e-01	4.804643e-57	1.593548e-07	0.000000e+00	4.516231e-47	1.918033e-71	6.156455e-50	4.259544e-25	2.181445e-38	0.000000e+00	0.000000e+00	7.469709e-64	0.000000e+00	0.000000e+00	0.000000e+00	0.000000e+00	0.000000e+00	0.000000e+00	0.000000e+00	5.008145e-29	7.366067e-50	0.000000e+00	0.000000e+00	0.000000e+00	0.000000e+00	0.000000e+00	0.000000e+00	0.000000e+00	0.000000e+00	0.000000e+00	0.000000e+00	0.000000e+00	0.000000e+00	0.000000e+00	0.000000e+00	0.000000e+00	0.000000e+00	0.000000e+00	0.000000e+00	0.000000e+00	0.000000e+00	0.000000e+00	0.000000e+00	0.000000e+00	0.000000e+00	0.000000e+00	0.000000e+00	0.000000e+00	0.000000e+00	0.000000e+00	0.000000e+00	0.000000e+00	0.000000e+00	0.000000e+00	0.000000e+00	0.000000e+00	0.000000e+00	0.000000e+00	0.000000e+00	0.000000e+00	0.000000e+00	0.000000e+00	0.000000e+00	
870.672848	859.293760	882.051937	432.480869	1.577259e+05	5.060095e-57	0.000000e+00	1.057079e-24	1.021214e-33	0.000000e+00	0.000000e+00	8.446653e-03	1.629544e-58	1.165792e-03	8.812342e-29	1.189509e-50	1.261272e-43	1.374254e-69	1.882667e-90	0.000000e+00	1.441844e-47	5.927687e-59	8.870834e-86	6.773446e-87	3.291300e-19	4.973782e-03	4.000228e-24	0.000000e+00	0.000000e+00	0.000000e+00	1.882667e-90	9.576939e-40	0.000000e+00	2.225396e-24	0.000000e+00	0.000000e+00	0.000000e+00	0.000000e+00	0.000000e+00	0.000000e+00	0.000000e+00	4.208253e-26	6.881663e-59	1.516771e-58	1.082846e-35	1.276336e-24	2.590550e-34	6.694284e-31	6.052100e-53	2.273394e-04	6.905507e-21	0.000000e+00	0.000000e+00	3.635686e-24	1.932462e-41	0.000000e+00	1.375005e-18	8.419242e-01	6.198962e-59	8.899835e-08	0.000000e+00	1.035008e-48	4.791671e-74	9.717829e-52	5.808740e-26	9.324365e-40	0.000000e+00	0.000000e+00	3.050539e-66	0.000000e+00	0.000000e+00	0.000000e+00	0.000000e+00	0.000000e+00	0.000000e+00	0.000000e+00	5.548247e-30	6.034079e-51	0.000000e+00	0.000000e+00	0.000000e+00	0.000000e+00	0.000000e+00	0.000000e+00	0.000000e+00	0.000000e+00	0.000000e+00	0.000000e+00	0.000000e+00	0.000000e+00	0.000000e+00	0.000000e+00	0.000000e+00	0.000000e+00	0.000000e+00	0.000000e+00	0.000000e+00	0.000000e+00	0.000000e+00	0.000000e+00	0.000000e+00	0.000000e+00	0.000000e+00	0.000000e+00	0.000000e+00	0.000000e+00	0.000000e+00	0.000000e+00	0.000000e+00	0.000000e+00	0.000000e+00	0.000000e+00	0.000000e+00	0.000000e+00	0.000000e+00	0.000000e+00	0.000000e+00	0.000000e+00	0.000000e+00	0.000000e+00	
893.050637	882.051937	904.049337	418.022770	1.294378e+05	5.193288e-59	0.000000e+00	1.404634e-25	7.327929e-35	0.000000e+00	0.000000e+00	8.446643e-03	1.373562e-60	1.165845e-03	9.691286e-30	2.754323e-52	4.045667e-45	7.282800e-72	1.882683e-90	0.000000e+00	3.917186e-49	8.420487e-61	2.043221e-88	4.390193e-90	5.873703e-20	4.973762e-03	6.534345e-25	0.000000e+00	0.000000e+00	0.000000e+00	1.882683e-90	3.173937e-41	0.000000e+00	3.497416e-25	0.000000e+00	0.000000e+00	0.000000e+00	0.000000e+00	0.000000e+00	0.000000e+00	0.000000e+00	4.572232e-27	4.541335e-61	1.339294e-60	7.149903e-37	2.837649e-25	2.253101e-35	1.007597e-31	2.225066e-54	2.273439e-04	1.587084e-21	0.000000e+00	0.000000e+00	6.709862e-25	6.738226e-43	0.000000e+00	3.529305e-19	8.419231e-01	6.719159e-61	4.806376e-08	0.000000e+00	2.035071e-50	9.386207e-77	1.297010e-53	7.309234e-27	3.497654e-41	0.000000e+00	0.000000e+00	9.907231e-69	0.000000e+00	0.000000e+00	0.000000e+00	0.000000e+00	0.000000e+00	0.000000e+00	0.000000e+00	5.592402e-31	4.531341e-52	0.000000e+00	0.000000e+00	0.000000e+00	0.000000e+00	0.000000e+00	0.000000e+00	0.000000e+00	0.000000e+00	0.000000e+00	0.000000e+00	0.000000e+00	0.000000e+00	0.000000e+00	0.000000e+00	0.000000e+00	0.000000e+00	0.000000e+00	0.000000e+00	0.000000e+00	0.000000e+00	0.000000e+00	0.000000e+00	0.000000e+00	0.000000e+00	0.000000e+00	0.000000e+00	0.000000e+00	0.000000e+00	0.000000e+00	0.000000e+00	0.000000e+00	0.000000e+00	0.000000e+00	0.000000e+00	0.000000e+00	0.000000e+00	0.000000e+00	0.000000e+00	0.000000e+00	0.000000e+00	0.000000e+00	0.000000e+00	
914.687902	904.049337	925.326466	404.338390	1.062232e+05	5.039617e-61	0.000000e+00	1.821004e-26	5.091773e-36	0.000000e+00	0.000000e+00	8.446971e-03	1.091599e-62	1.165913e-03	1.036672e-30	6.105700e-54	1.244892e-46	3.628232e-74	1.882709e-90	0.000000e+00	1.019477e-50	1.139720e-62	1.882709e-90	1.882709e-90	1.026153e-20	4.974003e-03	1.044896e-25	0.000000e+00	0.000000e+00	0.000000e+00	1.882709e-90	1.009712e-42	0.000000e+00	5.380367e-26	0.000000e+00	0.000000e+00	0.000000e+00	0.000000e+00	0.000000e+00	0.000000e+00	0.000000e+00	4.836270e-28	2.813428e-63	1.118554e-62	4.563221e-38	6.193273e-26	1.902226e-36	1.485702e-32	7.897931e-56	2.273460e-04	3.581116e-22	0.000000e+00	0.000000e+00	1.215031e-25	2.253057e-44	0.000000e+00	8.924443e-20	8.419205e-01	6.896661e-63	2.576416e-08	0.000000e+00	3.811820e-52	1.701061e-79	1.641063e-55	8.966793e-28	1.260918e-42	0.000000e+00	0.000000e+00	2.996352e-71	0.000000e+00	0.000000e+00	0.000000e+00	0.000000e+00	0.000000e+00	0.000000e+00	0.000000e+00	5.493146e-32	3.332717e-53	0.000000e+00	0.000000e+00	0.000000e+00	0.000000e+00	0.000000e+00	0.000000e+00	0.000000e+00	0.000000e+00	0.000000e+00	0.000000e+00	0.000000e+00	0.000000e+00	0.000000e+00	0.000000e+00	0.000000e+00	0.000000e+00	0.000000e+00	0.000000e+00	0.000000e+00	0.000000e+00	0.000000e+00	0.000000e+00	0.000000e+00	0.000000e+00	0.000000e+00	0.000000e+00	0.000000e+00	0.000000e+00	0.000000e+00	0.000000e+00	0.000000e+00	0.000000e+00	0.000000e+00	0.000000e+00	0.000000e+00	0.000000e+00	0.000000e+00	0.000000e+00	0.000000e+00	0.000000e+00	0.000000e+00	0.000000e+00	
935.622096	925.326466	945.917726	391.302990	8.717206e+04	4.504549e-63	0.000000e+00	2.276901e-27	3.374767e-37	0.000000e+00	0.000000e+00	8.446356e-03	7.955963e-65	1.165916e-03	1.065061e-31	1.266656e-55	3.600325e-48	1.648362e-76	1.882649e-90	0.000000e+00	2.489237e-52	1.434307e-64	1.882649e-90	1.882649e-90	1.734613e-21	4.973825e-03	1.617562e-26	0.000000e+00	0.000000e+00	0.000000e+00	1.882649e-90	3.019839e-44	0.000000e+00	8.011032e-27	0.000000e+00	0.000000e+00	0.000000e+00	0.000000e+00	0.000000e+00	0.000000e+00	0.000000e+00	4.909667e-29	1.587616e-65	8.587362e-65	2.770592e-39	1.314699e-26	1.536487e-37	2.121356e-33	2.654754e-57	2.273387e-04	7.865500e-23	0.000000e+00	0.000000e+00	2.134218e-26	7.077647e-46	0.000000e+00	2.201593e-20	8.419258e-01	6.531233e-65	1.363375e-08	0.000000e+00	6.649832e-54	2.751956e-82	1.920315e-57	1.059709e-28	4.283532e-44	0.000000e+00	0.000000e+00	8.156291e-74	0.000000e+00	0.000000e+00	0.000000e+00	0.000000e+00	0.000000e+00	0.000000e+00	0.000000e+00	5.181048e-33	2.366376e-54	0.000000e+00	0.000000e+00	0.000000e+00	0.000000e+00	0.000000e+00	0.000000e+00	0.000000e+00	0.000000e+00	0.000000e+00	0.000000e+00	0.000000e+00	0.000000e+00	0.000000e+00	0.000000e+00	0.000000e+00	0.000000e+00	0.000000e+00	0.000000e+00	0.000000e+00	0.000000e+00	0.000000e+00	0.000000e+00	0.000000e+00	0.000000e+00	0.000000e+00	0.000000e+00	0.000000e+00	0.000000e+00	0.000000e+00	0.000000e+00	0.000000e+00	0.000000e+00	0.000000e+00	0.000000e+00	0.000000e+00	0.000000e+00	0.000000e+00	0.000000e+00	0.000000e+00	0.000000e+00	0.000000e+00	0.000000e+00	
955.872249	945.917726	965.826773	378.337670	7.153777e+04	2.964847e-65	0.000000e+00	2.486263e-28	1.877232e-38	0.000000e+00	0.000000e+00	8.446741e-03	4.192890e-67	1.165927e-03	9.431404e-33	2.026330e-57	8.220179e-50	5.273993e-79	1.882640e-90	0.000000e+00	4.773829e-54	1.363938e-66	1.882640e-90	1.882640e-90	2.571729e-22	4.973603e-03	2.207968e-27	0.000000e+00	0.000000e+00	0.000000e+00	1.882640e-90	7.111250e-46	0.000000e+00	1.049511e-27	0.000000e+00	0.000000e+00	0.000000e+00	0.000000e+00	0.000000e+00	0.000000e+00	0.000000e+00	4.235891e-30	6.304018e-68	4.751267e-67	1.396012e-40	2.507643e-27	1.049734e-38	2.662945e-34	7.185825e-59	2.273436e-04	1.562460e-23	0.000000e+00	0.000000e+00	3.303050e-27	1.753021e-47	0.000000e+00	4.888684e-21	8.419264e-01	4.575951e-67	6.800210e-09	0.000000e+00	8.903954e-56	2.925099e-85	1.681657e-59	1.089764e-29	1.160319e-45	0.000000e+00	0.000000e+00	1.493283e-76	0.000000e+00	0.000000e+00	0.000000e+00	0.000000e+00	0.000000e+00	0.000000e+00	0.000000e+00	4.143146e-34	1.441046e-55	0.000000e+00	0.000000e+00	0.000000e+00	0.000000e+00	0.000000e+00	0.000000e+00	0.000000e+00	0.000000e+00	0.000000e+00	0.000000e+00	0.000000e+00	0.000000e+00	0.000000e+00	0.000000e+00	0.000000e+00	0.000000e+00	0.000000e+00	0.000000e+00	0.000000e+00	0.000000e+00	0.000000e+00	0.000000e+00	0.000000e+00	0.000000e+00	0.000000e+00	0.000000e+00	0.000000e+00	0.000000e+00	0.000000e+00	0.000000e+00	0.000000e+00	0.000000e+00	0.000000e+00	0.000000e+00	0.000000e+00	0.000000e+00	0.000000e+00	0.000000e+00	0.000000e+00	0.000000e+00	0.000000e+00	0.000000e+00	
975.426143	965.826773	985.025514	364.841017	5.870748e+04	1.066516e-67	0.000000e+00	2.077843e-29	7.388079e-40	0.000000e+00	0.000000e+00	8.446198e-03	1.164933e-69	1.165980e-03	6.232505e-34	1.933146e-59	1.174832e-51	8.423543e-82	1.882649e-90	0.000000e+00	5.676046e-56	7.435753e-69	1.882649e-90	1.882649e-90	2.935056e-23	4.973750e-03	2.346750e-28	0.000000e+00	0.000000e+00	0.000000e+00	1.882649e-90	1.042262e-47	0.000000e+00	1.066297e-28	0.000000e+00	0.000000e+00	0.000000e+00	0.000000e+00	0.000000e+00	0.000000e+00	0.000000e+00	2.644039e-31	1.249920e-70	1.371524e-69	4.867070e-42	3.867243e-28	5.146785e-40	2.583063e-35	1.261719e-60	2.273364e-04	2.545245e-24	0.000000e+00	0.000000e+00	3.964770e-28	2.712230e-49	0.000000e+00	8.779107e-22	8.419260e-01	1.766751e-69	3.008519e-09	0.000000e+00	7.074209e-58	1.358626e-88	8.315851e-62	8.517569e-31	2.006772e-47	0.000000e+00	0.000000e+00	1.248655e-79	0.000000e+00	0.000000e+00	0.000000e+00	0.000000e+00	0.000000e+00	0.000000e+00	0.000000e+00	2.381778e-35	6.427188e-57	0.000000e+00	0.000000e+00	0.000000e+00	0.000000e+00	0.000000e+00	0.000000e+00	0.000000e+00	0.000000e+00	0.000000e+00	0.000000e+00	0.000000e+00	0.000000e+00	0.000000e+00	0.000000e+00	0.000000e+00	0.000000e+00	0.000000e+00	0.000000e+00	0.000000e+00	0.000000e+00	0.000000e+00	0.000000e+00	0.000000e+00	0.000000e+00	0.000000e+00	0.000000e+00	0.000000e+00	0.000000e+00	0.000000e+00	0.000000e+00	0.000000e+00	0.000000e+00	0.000000e+00	0.000000e+00	0.000000e+00	0.000000e+00	0.000000e+00	0.000000e+00	0.000000e+00	0.000000e+00	0.000000e+00	0.000000e+00	
994.231087	985.025514	1003.436660	349.876268	4.817831e+04	1.210877e-70	0.000000e+00	1.042075e-30	1.502532e-41	0.000000e+00	0.000000e+00	8.446666e-03	9.529442e-73	1.165986e-03	2.355733e-35	6.858512e-62	6.859501e-54	3.567740e-85	1.882662e-90	0.000000e+00	2.707651e-58	1.399664e-71	1.882662e-90	1.882662e-90	2.029742e-24	4.973673e-03	1.545671e-29	0.000000e+00	0.000000e+00	0.000000e+00	1.882662e-90	6.165494e-50	0.000000e+00	6.657458e-30	0.000000e+00	0.000000e+00	0.000000e+00	0.000000e+00	0.000000e+00	0.000000e+00	0.000000e+00	8.878453e-33	6.574728e-74	1.140406e-72	8.400435e-44	3.973350e-29	1.339213e-41	1.530082e-36	9.681310e-63	2.273434e-04	2.839265e-25	0.000000e+00	0.000000e+00	2.923317e-29	1.707183e-51	0.000000e+00	1.049094e-22	8.419246e-01	2.187165e-72	1.056355e-09	0.000000e+00	2.074705e-60	1.882662e-90	1.381055e-64	3.941785e-32	1.472381e-49	0.000000e+00	0.000000e+00	2.335754e-83	0.000000e+00	0.000000e+00	0.000000e+00	0.000000e+00	0.000000e+00	0.000000e+00	0.000000e+00	7.273055e-37	1.577400e-58	0.000000e+00	0.000000e+00	0.000000e+00	0.000000e+00	0.000000e+00	0.000000e+00	0.000000e+00	0.000000e+00	0.000000e+00	0.000000e+00	0.000000e+00	0.000000e+00	0.000000e+00	0.000000e+00	0.000000e+00	0.000000e+00	0.000000e+00	0.000000e+00	0.000000e+00	0.000000e+00	0.000000e+00	0.000000e+00	0.000000e+00	0.000000e+00	0.000000e+00	0.000000e+00	0.000000e+00	0.000000e+00	0.000000e+00	0.000000e+00	0.000000e+00	0.000000e+00	0.000000e+00	0.000000e+00	0.000000e+00	0.000000e+00	0.000000e+00	0.000000e+00	0.000000e+00	0.000000e+00	0.000000e+00	0.000000e+00	
1012.200712	1003.436660	1020.964763	333.092378	3.953754e+04	2.815104e-74	0.000000e+00	2.589899e-32	1.232382e-43	0.000000e+00	0.000000e+00	8.446629e-03	1.451870e-76	1.165962e-03	4.129022e-37	6.266089e-65	1.171272e-56	2.440169e-89	1.882658e-90	0.000000e+00	3.682976e-61	6.118386e-75	1.882658e-90	1.882658e-90	7.065122e-26	4.973525e-03	5.279603e-31	0.000000e+00	0.000000e+00	0.000000e+00	1.882658e-90	1.050285e-52	0.000000e+00	2.132076e-31	0.000000e+00	0.000000e+00	0.000000e+00	0.000000e+00	0.000000e+00	0.000000e+00	0.000000e+00	1.274679e-34	5.585673e-78	1.719111e-76	5.514706e-46	2.337501e-30	1.459010e-43	4.609574e-38	2.387207e-65	2.273426e-04	1.881692e-26	0.000000e+00	0.000000e+00	1.106621e-30	3.124920e-54	0.000000e+00	7.184565e-24	8.419251e-01	5.667684e-76	2.707923e-10	0.000000e+00	1.545758e-63	1.882658e-90	5.115599e-68	8.875344e-34	3.327532e-52	0.000000e+00	0.000000e+00	5.583067e-88	0.000000e+00	0.000000e+00	0.000000e+00	0.000000e+00	0.000000e+00	0.000000e+00	0.000000e+00	9.340810e-39	1.711257e-60	0.000000e+00	0.000000e+00	0.000000e+00	0.000000e+00	0.000000e+00	0.000000e+00	0.000000e+00	0.000000e+00	0.000000e+00	0.000000e+00	0.000000e+00	0.000000e+00	0.000000e+00	0.000000e+00	0.000000e+00	0.000000e+00	0.000000e+00	0.000000e+00	0.000000e+00	0.000000e+00	0.000000e+00	0.000000e+00	0.000000e+00	0.000000e+00	0.000000e+00	0.000000e+00	0.000000e+00	0.000000e+00	0.000000e+00	0.000000e+00	0.000000e+00	0.000000e+00	0.000000e+00	0.000000e+00	0.000000e+00	0.000000e+00	0.000000e+00	0.000000e+00	0.000000e+00	0.000000e+00	0.000000e+00	0.000000e+00	
1029.251706	1020.964763	1037.538648	314.956883	3.244649e+04	1.191750e-78	0.000000e+00	3.028806e-34	3.811179e-46	0.000000e+00	0.000000e+00	8.447369e-03	3.642609e-81	1.166047e-03	3.167815e-39	1.345775e-68	5.362580e-60	1.882750e-90	1.882750e-90	0.000000e+00	1.305823e-64	5.612749e-79	1.882750e-90	1.882750e-90	1.184031e-27	4.973763e-03	8.944744e-33	0.000000e+00	0.000000e+00	0.000000e+00	1.882750e-90	4.729102e-56	0.000000e+00	3.348965e-33	0.000000e+00	0.000000e+00	0.000000e+00	0.000000e+00	0.000000e+00	0.000000e+00	0.000000e+00	7.398595e-37	6.717459e-83	4.181822e-81	1.282534e-48	7.576919e-32	6.254218e-46	6.764564e-40	1.756896e-68	2.273558e-04	7.130328e-28	0.000000e+00	0.000000e+00	2.066814e-32	1.524210e-57	0.000000e+00	2.732379e-25	8.419171e-01	2.742691e-80	4.990923e-11	0.000000e+00	2.643670e-67	1.882750e-90	3.780144e-72	9.220758e-36	2.131889e-55	0.000000e+00	0.000000e+00	1.882750e-90	0.000000e+00	0.000000e+00	0.000000e+00	0.000000e+00	0.000000e+00	0.000000e+00	0.000000e+00	4.780266e-41	7.848617e-63	0.000000e+00	0.000000e+00	0.000000e+00	0.000000e+00	0.000000e+00	0.000000e+00	0.000000e+00	0.000000e+00	0.000000e+00	0.000000e+00	0.000000e+00	0.000000e+00	0.000000e+00	0.000000e+00	0.000000e+00	0.000000e+00	0.000000e+00	0.000000e+00	0.000000e+00	0.000000e+00	0.000000e+00	0.000000e+00	0.000000e+00	0.000000e+00	0.000000e+00	0.000000e+00	0.000000e+00	0.000000e+00	0.000000e+00	0.000000e+00	0.000000e+00	0.000000e+00	0.000000e+00	0.000000e+00	0.000000e+00	0.000000e+00	0.000000e+00	0.000000e+00	0.000000e+00	0.000000e+00	0.000000e+00	0.000000e+00	
1045.343592	1037.538648	1053.148535	296.641776	2.662722e+04	1.295154e-83	0.000000e+00	1.941397e-36	5.407460e-49	0.000000e+00	0.000000e+00	8.446393e-03	2.169860e-86	1.165941e-03	1.254689e-41	9.227259e-73	8.638221e-64	1.882644e-90	1.882644e-90	0.000000e+00	1.589805e-68	1.495193e-83	1.882644e-90	1.882644e-90	1.118010e-29	4.973512e-03	8.709667e-35	0.000000e+00	0.000000e+00	0.000000e+00	1.882644e-90	7.436666e-60	0.000000e+00	2.999945e-35	0.000000e+00	0.000000e+00	0.000000e+00	0.000000e+00	0.000000e+00	0.000000e+00	0.000000e+00	2.106650e-39	1.704401e-88	2.408270e-86	1.303578e-51	1.532284e-33	1.277085e-48	5.646597e-42	4.998574e-72	2.273357e-04	1.729442e-29	0.000000e+00	0.000000e+00	2.228318e-34	2.602767e-61	0.000000e+00	6.593422e-27	8.419265e-01	3.483459e-85	7.155915e-12	0.000000e+00	1.396564e-71	1.882644e-90	7.707518e-77	5.168380e-38	5.024463e-59	0.000000e+00	0.000000e+00	1.882644e-90	0.000000e+00	0.000000e+00	0.000000e+00	0.000000e+00	0.000000e+00	0.000000e+00	0.000000e+00	1.191844e-43	1.853535e-65	0.000000e+00	0.000000e+00	0.000000e+00	0.000000e+00	0.000000e+00	0.000000e+00	0.000000e+00	0.000000e+00	0.000000e+00	0.000000e+00	0.000000e+00	0.000000e+00	0.000000e+00	0.000000e+00	0.000000e+00	0.000000e+00	0.000000e+00	0.000000e+00	0.000000e+00	0.000000e+00	0.000000e+00	0.000000e+00	0.000000e+00	0.000000e+00	0.000000e+00	0.000000e+00	0.000000e+00	0.000000e+00	0.000000e+00	0.000000e+00	0.000000e+00	0.000000e+00	0.000000e+00	0.000000e+00	0.000000e+00	0.000000e+00	0.000000e+00	0.000000e+00	0.000000e+00	0.000000e+00	0.000000e+00	0.000000e+00	
1060.493601	1053.148535	1067.838667	279.161015	2.185163e+04	5.874251e-89	0.000000e+00	8.458205e-39	4.649031e-52	0.000000e+00	0.000000e+00	8.446768e-03	1.882655e-90	1.165965e-03	3.243766e-44	3.095933e-77	7.173004e-68	1.882655e-90	1.882655e-90	0.000000e+00	9.800830e-73	1.824462e-88	1.882655e-90	1.882655e-90	7.398883e-32	4.973622e-03	5.990535e-37	0.000000e+00	0.000000e+00	0.000000e+00	1.882655e-90	6.027791e-64	0.000000e+00	1.891012e-37	0.000000e+00	0.000000e+00	0.000000e+00	0.000000e+00	0.000000e+00	0.000000e+00	0.000000e+00	3.850238e-42	1.882655e-90	1.882655e-90	7.792125e-55	2.301980e-35	1.626884e-51	3.326882e-44	7.883552e-76	2.273460e-04	3.150586e-31	0.000000e+00	0.000000e+00	1.721346e-36	2.283296e-65	0.000000e+00	1.211757e-28	8.419250e-01	1.882655e-90	8.876727e-13	0.000000e+00	3.468134e-76	1.882655e-90	6.862876e-82	1.949812e-40	6.281418e-63	0.000000e+00	0.000000e+00	1.882655e-90	0.000000e+00	0.000000e+00	0.000000e+00	0.000000e+00	0.000000e+00	0.000000e+00	0.000000e+00	1.911394e-46	2.951260e-68	0.000000e+00	0.000000e+00	0.000000e+00	0.000000e+00	0.000000e+00	0.000000e+00	0.000000e+00	0.000000e+00	0.000000e+00	0.000000e+00	0.000000e+00	0.000000e+00	0.000000e+00	0.000000e+00	0.000000e+00	0.000000e+00	0.000000e+00	0.000000e+00	0.000000e+00	0.000000e+00	0.000000e+00	0.000000e+00	0.000000e+00	0.000000e+00	0.000000e+00	0.000000e+00	0.000000e+00	0.000000e+00	0.000000e+00	0.000000e+00	0.000000e+00	0.000000e+00	0.000000e+00	0.000000e+00	0.000000e+00	0.000000e+00	0.000000e+00	0.000000e+00	0.000000e+00	0.000000e+00	0.000000e+00	0.000000e+00	
1074.749053	1067.838667	1081.659439	262.639898	1.793255e+04	1.882670e-90	0.000000e+00	2.564356e-41	2.495335e-55	0.000000e+00	0.000000e+00	8.446791e-03	1.882670e-90	1.165932e-03	5.610900e-47	5.355678e-82	3.208546e-72	1.882670e-90	1.882670e-90	0.000000e+00	3.196776e-77	1.882670e-90	1.882670e-90	1.882670e-90	3.528933e-34	4.973671e-03	2.983644e-39	0.000000e+00	0.000000e+00	0.000000e+00	1.882670e-90	2.638821e-68	0.000000e+00	8.607845e-40	0.000000e+00	0.000000e+00	0.000000e+00	0.000000e+00	0.000000e+00	0.000000e+00	0.000000e+00	4.672427e-45	1.882670e-90	1.882670e-90	2.829308e-58	2.622183e-37	1.332755e-54	1.421940e-46	7.209775e-80	2.273416e-04	4.385982e-33	0.000000e+00	0.000000e+00	9.813059e-39	1.075604e-69	0.000000e+00	1.740690e-30	8.419239e-01	1.882670e-90	9.688500e-14	0.000000e+00	4.237312e-81	1.882670e-90	2.804088e-87	5.072059e-43	4.345866e-67	0.000000e+00	0.000000e+00	1.882670e-90	0.000000e+00	0.000000e+00	0.000000e+00	0.000000e+00	0.000000e+00	0.000000e+00	0.000000e+00	2.045530e-49	3.293183e-71	0.000000e+00	0.000000e+00	0.000000e+00	0.000000e+00	0.000000e+00	0.000000e+00	0.000000e+00	0.000000e+00	0.000000e+00	0.000000e+00	0.000000e+00	0.000000e+00	0.000000e+00	0.000000e+00	0.000000e+00	0.000000e+00	0.000000e+00	0.000000e+00	0.000000e+00	0.000000e+00	0.000000e+00	0.000000e+00	0.000000e+00	0.000000e+00	0.000000e+00	0.000000e+00	0.000000e+00	0.000000e+00	0.000000e+00	0.000000e+00	0.000000e+00	0.000000e+00	0.000000e+00	0.000000e+00	0.000000e+00	0.000000e+00	0.000000e+00	0.000000e+00	0.000000e+00	0.000000e+00	0.000000e+00	0.000000e+00	
1088.162163	1081.659439	1094.664887	247.145759	1.471635e+04	1.882660e-90	0.000000e+00	5.546205e-44	8.631803e-59	0.000000e+00	0.000000e+00	8.446793e-03	1.882660e-90	1.165955e-03	6.667580e-50	5.049647e-87	8.101749e-77	1.882660e-90	1.882660e-90	0.000000e+00	5.781008e-82	1.882660e-90	1.882660e-90	1.882660e-90	1.249499e-36	4.973865e-03	1.104920e-41	0.000000e+00	0.000000e+00	0.000000e+00	1.882660e-90	6.554816e-73	0.000000e+00	2.908100e-42	0.000000e+00	0.000000e+00	0.000000e+00	0.000000e+00	0.000000e+00	0.000000e+00	0.000000e+00	3.902483e-48	1.882660e-90	1.882660e-90	6.459368e-62	2.315401e-39	7.252979e-58	4.540306e-49	4.011689e-84	2.273436e-04	4.753262e-35	0.000000e+00	0.000000e+00	4.260420e-41	2.851996e-74	0.000000e+00	2.009177e-32	8.419244e-01	1.882660e-90	9.473043e-15	0.000000e+00	2.673398e-86	1.882660e-90	1.882660e-90	9.334250e-46	1.740541e-71	0.000000e+00	0.000000e+00	1.882660e-90	0.000000e+00	0.000000e+00	0.000000e+00	0.000000e+00	0.000000e+00	0.000000e+00	0.000000e+00	1.518905e-52	2.683786e-74	0.000000e+00	0.000000e+00	0.000000e+00	0.000000e+00	0.000000e+00	0.000000e+00	0.000000e+00	0.000000e+00	0.000000e+00	0.000000e+00	0.000000e+00	0.000000e+00	0.000000e+00	0.000000e+00	0.000000e+00	0.000000e+00	0.000000e+00	0.000000e+00	0.000000e+00	0.000000e+00	0.000000e+00	0.000000e+00	0.000000e+00	0.000000e+00	0.000000e+00	0.000000e+00	0.000000e+00	0.000000e+00	0.000000e+00	0.000000e+00	0.000000e+00	0.000000e+00	0.000000e+00	0.000000e+00	0.000000e+00	0.000000e+00	0.000000e+00	0.000000e+00	0.000000e+00	0.000000e+00	0.000000e+00	0.000000e+00	
1100.815047	1094.664887	1106.965208	233.748230	1.207697e+04	1.882682e-90	0.000000e+00	1.449410e-46	3.805192e-62	0.000000e+00	0.000000e+00	8.446287e-03	1.882682e-90	1.165977e-03	9.696649e-53	1.882682e-90	2.899486e-81	1.882682e-90	1.882682e-90	0.000000e+00	1.484118e-86	1.882682e-90	1.882682e-90	1.882682e-90	5.478665e-39	4.974126e-03	4.969373e-44	0.000000e+00	0.000000e+00	0.000000e+00	1.882682e-90	2.343743e-77	0.000000e+00	1.200534e-44	0.000000e+00	0.000000e+00	0.000000e+00	0.000000e+00	0.000000e+00	0.000000e+00	0.000000e+00	4.228536e-51	1.882682e-90	1.882682e-90	1.915298e-65	2.404825e-41	5.034315e-61	1.792103e-51	3.166153e-88	2.273448e-04	5.927651e-37	0.000000e+00	0.000000e+00	2.310995e-43	1.073370e-78	0.000000e+00	2.814411e-34	8.419230e-01	1.882682e-90	1.045985e-15	0.000000e+00	1.882682e-90	1.882682e-90	1.882682e-90	2.086935e-48	9.745153e-76	0.000000e+00	0.000000e+00	1.882682e-90	0.000000e+00	0.000000e+00	0.000000e+00	0.000000e+00	0.000000e+00	0.000000e+00	0.000000e+00	1.490715e-55	2.921607e-77	0.000000e+00	0.000000e+00	0.000000e+00	0.000000e+00	0.000000e+00	0.000000e+00	0.000000e+00	0.000000e+00	0.000000e+00	0.000000e+00	0.000000e+00	0.000000e+00	0.000000e+00	0.000000e+00	0.000000e+00	0.000000e+00	0.000000e+00	0.000000e+00	0.000000e+00	0.000000e+00	0.000000e+00	0.000000e+00	0.000000e+00	0.000000e+00	0.000000e+00	0.000000e+00	0.000000e+00	0.000000e+00	0.000000e+00	0.000000e+00	0.000000e+00	0.000000e+00	0.000000e+00	0.000000e+00	0.000000e+00	0.000000e+00	0.000000e+00	0.000000e+00	0.000000e+00	0.000000e+00	0.000000e+00	0.000000e+00	
1112.850400	1106.965208	1118.735592	223.675457	9.910971e+03	1.882611e-90	0.000000e+00	1.063434e-48	6.370955e-65	0.000000e+00	0.000000e+00	8.446016e-03	1.882611e-90	1.165894e-03	4.357867e-55	1.882611e-90	6.357004e-85	1.882611e-90	1.882611e-90	0.000000e+00	2.418957e-90	1.882611e-90	1.882611e-90	1.882611e-90	6.644565e-41	4.973420e-03	5.896829e-46	0.000000e+00	0.000000e+00	0.000000e+00	1.882611e-90	5.267463e-81	0.000000e+00	1.329901e-46	0.000000e+00	0.000000e+00	0.000000e+00	0.000000e+00	0.000000e+00	0.000000e+00	0.000000e+00	1.611988e-53	1.882611e-90	1.882611e-90	2.352981e-68	5.688720e-43	1.259883e-63	1.927739e-53	1.882611e-90	2.273355e-04	1.589372e-38	0.000000e+00	0.000000e+00	3.381379e-45	2.494832e-82	0.000000e+00	9.048749e-36	8.419295e-01	1.882611e-90	1.853284e-16	0.000000e+00	1.882611e-90	1.882611e-90	1.882611e-90	1.345664e-50	3.096953e-79	0.000000e+00	0.000000e+00	1.882611e-90	0.000000e+00	0.000000e+00	0.000000e+00	0.000000e+00	0.000000e+00	0.000000e+00	0.000000e+00	5.294808e-58	1.077646e-79	0.000000e+00	0.000000e+00	0.000000e+00	0.000000e+00	0.000000e+00	0.000000e+00	0.000000e+00	0.000000e+00	0.000000e+00	0.000000e+00	0.000000e+00	0.000000e+00	0.000000e+00	0.000000e+00	0.000000e+00	0.000000e+00	0.000000e+00	0.000000e+00	0.000000e+00	0.000000e+00	0.000000e+00	0.000000e+00	0.000000e+00	0.000000e+00	0.000000e+00	0.000000e+00	0.000000e+00	0.000000e+00	0.000000e+00	0.000000e+00	0.000000e+00	0.000000e+00	0.000000e+00	0.000000e+00	0.000000e+00	0.000000e+00	0.000000e+00	0.000000e+00	0.000000e+00	0.000000e+00	0.000000e+00	0.000000e+00	
1124.444873	1118.735592	1130.154155	216.990690	8.133440e+03	1.882696e-90	0.000000e+00	3.274544e-50	6.826316e-67	0.000000e+00	0.000000e+00	8.446941e-03	1.882696e-90	1.165950e-03	9.436963e-57	1.882696e-90	1.703516e-87	1.882696e-90	1.882696e-90	0.000000e+00	1.882696e-90	1.882696e-90	1.882696e-90	1.882696e-90	3.230700e-42	4.973573e-03	2.654002e-47	0.000000e+00	0.000000e+00	0.000000e+00	1.882696e-90	1.485402e-83	0.000000e+00	5.706533e-48	0.000000e+00	0.000000e+00	0.000000e+00	0.000000e+00	0.000000e+00	0.000000e+00	0.000000e+00	3.434237e-55	1.882696e-90	1.882696e-90	2.082088e-70	4.179898e-44	1.859430e-65	8.135017e-55	1.882696e-90	2.273579e-04	1.234693e-39	0.000000e+00	0.000000e+00	1.891889e-46	7.170172e-85	0.000000e+00	8.883722e-37	8.419220e-01	1.882696e-90	6.133680e-17	0.000000e+00	1.882696e-90	1.882696e-90	1.882696e-90	3.780160e-52	1.081891e-81	0.000000e+00	0.000000e+00	1.882696e-90	0.000000e+00	0.000000e+00	0.000000e+00	0.000000e+00	0.000000e+00	0.000000e+00	0.000000e+00	1.079437e-59	2.037587e-81	0.000000e+00	0.000000e+00	0.000000e+00	0.000000e+00	0.000000e+00	0.000000e+00	0.000000e+00	0.000000e+00	0.000000e+00	0.000000e+00	0.000000e+00	0.000000e+00	0.000000e+00	0.000000e+00	0.000000e+00	0.000000e+00	0.000000e+00	0.000000e+00	0.000000e+00	0.000000e+00	0.000000e+00	0.000000e+00	0.000000e+00	0.000000e+00	0.000000e+00	0.000000e+00	0.000000e+00	0.000000e+00	0.000000e+00	0.000000e+00	0.000000e+00	0.000000e+00	0.000000e+00	0.000000e+00	0.000000e+00	0.000000e+00	0.000000e+00	0.000000e+00	0.000000e+00	0.000000e+00	0.000000e+00	0.000000e+00	
1135.745317	1130.154155	1141.336479	212.501998	6.674710e+03	1.882756e-90	0.000000e+00	2.887108e-51	2.854628e-68	0.000000e+00	0.000000e+00	8.447030e-03	1.882756e-90	1.166002e-03	6.482135e-58	1.882756e-90	2.850211e-89	1.882756e-90	1.882756e-90	0.000000e+00	1.882756e-90	1.882756e-90	1.882756e-90	1.882756e-90	4.318453e-43	4.973678e-03	3.161500e-48	0.000000e+00	0.000000e+00	0.000000e+00	1.882756e-90	2.659184e-85	0.000000e+00	6.577432e-49	0.000000e+00	0.000000e+00	0.000000e+00	0.000000e+00	0.000000e+00	0.000000e+00	0.000000e+00	2.565079e-56	1.882756e-90	1.882756e-90	7.836178e-72	7.029380e-45	1.005965e-66	9.284281e-56	1.882756e-90	2.273585e-04	2.092330e-40	0.000000e+00	0.000000e+00	2.801042e-47	1.297578e-86	0.000000e+00	1.956615e-37	8.419170e-01	1.882756e-90	3.182040e-17	0.000000e+00	1.882756e-90	1.882756e-90	1.882756e-90	3.124154e-53	2.182956e-83	0.000000e+00	0.000000e+00	1.882756e-90	0.000000e+00	0.000000e+00	0.000000e+00	0.000000e+00	0.000000e+00	0.000000e+00	0.000000e+00	7.840043e-61	1.255594e-82	0.000000e+00	0.000000e+00	0.000000e+00	0.000000e+00	0.000000e+00	0.000000e+00	0.000000e+00	0.000000e+00	0.000000e+00	0.000000e+00	0.000000e+00	0.000000e+00	0.000000e+00	0.000000e+00	0.000000e+00	0.000000e+00	0.000000e+00	0.000000e+00	0.000000e+00	0.000000e+00	0.000000e+00	0.000000e+00	0.000000e+00	0.000000e+00	0.000000e+00	0.000000e+00	0.000000e+00	0.000000e+00	0.000000e+00	0.000000e+00	0.000000e+00	0.000000e+00	0.000000e+00	0.000000e+00	0.000000e+00	0.000000e+00	0.000000e+00	0.000000e+00	0.000000e+00	0.000000e+00	0.000000e+00	0.000000e+00	
1146.833857	1141.336479	1152.331236	208.937512	5.477602e+03	1.882710e-90	0.000000e+00	3.970502e-52	2.122494e-69	0.000000e+00	0.000000e+00	8.447322e-03	1.882710e-90	1.165993e-03	7.251443e-59	1.882710e-90	1.882710e-90	1.882710e-90	1.882710e-90	0.000000e+00	1.882710e-90	1.882710e-90	1.882710e-90	1.882710e-90	8.852939e-44	4.974220e-03	5.683565e-49	0.000000e+00	0.000000e+00	0.000000e+00	1.882710e-90	1.039889e-86	0.000000e+00	1.151354e-49	0.000000e+00	0.000000e+00	0.000000e+00	0.000000e+00	0.000000e+00	0.000000e+00	0.000000e+00	3.255969e-57	1.882710e-90	1.882710e-90	5.437270e-73	1.677317e-45	9.423533e-68	1.613726e-56	1.882710e-90	2.273398e-04	4.929777e-41	0.000000e+00	0.000000e+00	6.258588e-48	5.110777e-88	0.000000e+00	6.065819e-38	8.419198e-01	1.882710e-90	1.996246e-17	0.000000e+00	1.882710e-90	1.882710e-90	1.882710e-90	4.074188e-54	9.243973e-85	0.000000e+00	0.000000e+00	1.882710e-90	0.000000e+00	0.000000e+00	0.000000e+00	0.000000e+00	0.000000e+00	0.000000e+00	0.000000e+00	9.744394e-62	1.275442e-83	0.000000e+00	0.000000e+00	0.000000e+00	0.000000e+00	0.000000e+00	0.000000e+00	0.000000e+00	0.000000e+00	0.000000e+00	0.000000e+00	0.000000e+00	0.000000e+00	0.000000e+00	0.000000e+00	0.000000e+00	0.000000e+00	0.000000e+00	0.000000e+00	0.000000e+00	0.000000e+00	0.000000e+00	0.000000e+00	0.000000e+00	0.000000e+00	0.000000e+00	0.000000e+00	0.000000e+00	0.000000e+00	0.000000e+00	0.000000e+00	0.000000e+00	0.000000e+00	0.000000e+00	0.000000e+00	0.000000e+00	0.000000e+00	0.000000e+00	0.000000e+00	0.000000e+00	0.000000e+00	0.000000e+00	0.000000e+00	
1157.755682	1152.331236	1163.180128	206.164972	4.495195e+03	1.882718e-90	0.000000e+00	8.260488e-53	2.697146e-70	0.000000e+00	0.000000e+00	8.447179e-03	1.882718e-90	1.166066e-03	1.278110e-59	1.882718e-90	1.882718e-90	1.882718e-90	1.882718e-90	0.000000e+00	1.882718e-90	1.882718e-90	1.882718e-90	1.882718e-90	2.696929e-44	4.974385e-03	1.496881e-49	0.000000e+00	0.000000e+00	0.000000e+00	1.882718e-90	8.399392e-88	0.000000e+00	2.969062e-50	0.000000e+00	0.000000e+00	0.000000e+00	0.000000e+00	0.000000e+00	0.000000e+00	0.000000e+00	6.757822e-58	1.882718e-90	1.882718e-90	6.669711e-74	5.541643e-46	1.471213e-68	4.141955e-57	1.882718e-90	2.273498e-04	1.579016e-41	0.000000e+00	0.000000e+00	2.045642e-48	4.148290e-89	0.000000e+00	2.577252e-38	8.419190e-01	1.882718e-90	1.491485e-17	0.000000e+00	1.882718e-90	1.882718e-90	1.882718e-90	8.123022e-55	7.795782e-86	0.000000e+00	0.000000e+00	1.882718e-90	0.000000e+00	0.000000e+00	0.000000e+00	0.000000e+00	0.000000e+00	0.000000e+00	0.000000e+00	1.991133e-62	2.053943e-84	0.000000e+00	0.000000e+00	0.000000e+00	0.000000e+00	0.000000e+00	0.000000e+00	0.000000e+00	0.000000e+00	0.000000e+00	0.000000e+00	0.000000e+00	0.000000e+00	0.000000e+00	0.000000e+00	0.000000e+00	0.000000e+00	0.000000e+00	0.000000e+00	0.000000e+00	0.000000e+00	0.000000e+00	0.000000e+00	0.000000e+00	0.000000e+00	0.000000e+00	0.000000e+00	0.000000e+00	0.000000e+00	0.000000e+00	0.000000e+00	0.000000e+00	0.000000e+00	0.000000e+00	0.000000e+00	0.000000e+00	0.000000e+00	0.000000e+00	0.000000e+00	0.000000e+00	0.000000e+00	0.000000e+00	0.000000e+00	
1168.548053	1163.180128	1173.915978	204.016470	3.688983e+03	1.882701e-90	0.000000e+00	2.426749e-53	5.358353e-71	0.000000e+00	0.000000e+00	8.446952e-03	1.882701e-90	1.165926e-03	3.290513e-60	1.882701e-90	1.882701e-90	1.882701e-90	1.882701e-90	0.000000e+00	1.882701e-90	1.882701e-90	1.882701e-90	1.882701e-90	1.141704e-44	4.973881e-03	5.416112e-50	0.000000e+00	0.000000e+00	0.000000e+00	1.882701e-90	1.240410e-88	0.000000e+00	1.056538e-50	0.000000e+00	0.000000e+00	0.000000e+00	0.000000e+00	0.000000e+00	0.000000e+00	0.000000e+00	2.110033e-58	1.882701e-90	1.882701e-90	1.315205e-74	2.399341e-46	3.514222e-69	1.469438e-57	1.882701e-90	2.273383e-04	6.531631e-42	0.000000e+00	0.000000e+00	9.163850e-49	6.146187e-90	0.000000e+00	1.421709e-38	8.419212e-01	1.882701e-90	1.286702e-17	0.000000e+00	1.882701e-90	1.882701e-90	1.882701e-90	2.306930e-55	1.166653e-86	0.000000e+00	0.000000e+00	1.882701e-90	0.000000e+00	0.000000e+00	0.000000e+00	0.000000e+00	0.000000e+00	0.000000e+00	0.000000e+00	6.145445e-63	4.843606e-85	0.000000e+00	0.000000e+00	0.000000e+00	0.000000e+00	0.000000e+00	0.000000e+00	0.000000e+00	0.000000e+00	0.000000e+00	0.000000e+00	0.000000e+00	0.000000e+00	0.000000e+00	0.000000e+00	0.000000e+00	0.000000e+00	0.000000e+00	0.000000e+00	0.000000e+00	0.000000e+00	0.000000e+00	0.000000e+00	0.000000e+00	0.000000e+00	0.000000e+00	0.000000e+00	0.000000e+00	0.000000e+00	0.000000e+00	0.000000e+00	0.000000e+00	0.000000e+00	0.000000e+00	0.000000e+00	0.000000e+00	0.000000e+00	0.000000e+00	0.000000e+00	0.000000e+00	0.000000e+00	0.000000e+00	0.000000e+00	
1179.239231	1173.915978	1184.562483	202.319718	3.027364e+03	1.882619e-90	0.000000e+00	9.235822e-54	1.488573e-71	0.000000e+00	0.000000e+00	8.446614e-03	1.882619e-90	1.165900e-03	1.126034e-60	1.882619e-90	1.882619e-90	1.882619e-90	1.882619e-90	0.000000e+00	1.882619e-90	1.882619e-90	1.882619e-90	1.882619e-90	6.183894e-45	4.973306e-03	2.486413e-50	0.000000e+00	0.000000e+00	0.000000e+00	1.882619e-90	2.879673e-89	0.000000e+00	4.786234e-51	0.000000e+00	0.000000e+00	0.000000e+00	0.000000e+00	0.000000e+00	0.000000e+00	0.000000e+00	8.948105e-59	1.882619e-90	1.882619e-90	3.703425e-75	1.272548e-46	1.154880e-69	6.643314e-58	1.882619e-90	2.273424e-04	3.273787e-42	0.000000e+00	0.000000e+00	5.197532e-49	1.882619e-90	0.000000e+00	9.533024e-39	8.419283e-01	1.882619e-90	1.236274e-17	0.000000e+00	1.882619e-90	1.882619e-90	1.882619e-90	8.543812e-56	2.684060e-87	0.000000e+00	0.000000e+00	1.882619e-90	0.000000e+00	0.000000e+00	0.000000e+00	0.000000e+00	0.000000e+00	0.000000e+00	0.000000e+00	2.583257e-63	1.518967e-85	0.000000e+00	0.000000e+00	0.000000e+00	0.000000e+00	0.000000e+00	0.000000e+00	0.000000e+00	0.000000e+00	0.000000e+00	0.000000e+00	0.000000e+00	0.000000e+00	0.000000e+00	0.000000e+00	0.000000e+00	0.000000e+00	0.000000e+00	0.000000e+00	0.000000e+00	0.000000e+00	0.000000e+00	0.000000e+00	0.000000e+00	0.000000e+00	0.000000e+00	0.000000e+00	0.000000e+00	0.000000e+00	0.000000e+00	0.000000e+00	0.000000e+00	0.000000e+00	0.000000e+00	0.000000e+00	0.000000e+00	0.000000e+00	0.000000e+00	0.000000e+00	0.000000e+00	0.000000e+00	0.000000e+00	0.000000e+00	
1189.848039	1184.562483	1195.133595	200.887578	2.484407e+03	1.882659e-90	0.000000e+00	4.093471e-54	5.037700e-72	0.000000e+00	0.000000e+00	8.446641e-03	1.882659e-90	1.165936e-03	4.555959e-61	1.882659e-90	1.882659e-90	1.882659e-90	1.882659e-90	0.000000e+00	1.882659e-90	1.882659e-90	1.882659e-90	1.882659e-90	3.872917e-45	4.973357e-03	1.313372e-50	0.000000e+00	0.000000e+00	0.000000e+00	1.882659e-90	8.726941e-90	0.000000e+00	2.499912e-51	0.000000e+00	0.000000e+00	0.000000e+00	0.000000e+00	0.000000e+00	0.000000e+00	0.000000e+00	4.544423e-59	1.882659e-90	1.882659e-90	1.286040e-75	7.604727e-47	4.579254e-70	3.464267e-58	1.882659e-90	2.273443e-04	1.837126e-42	0.000000e+00	0.000000e+00	3.387532e-49	1.882659e-90	0.000000e+00	7.172017e-39	8.419253e-01	1.882659e-90	1.265532e-17	0.000000e+00	1.882659e-90	1.882659e-90	1.882659e-90	3.699877e-56	7.955132e-88	0.000000e+00	0.000000e+00	1.882659e-90	0.000000e+00	0.000000e+00	0.000000e+00	0.000000e+00	0.000000e+00	0.000000e+00	0.000000e+00	1.302625e-63	5.634542e-86	0.000000e+00	0.000000e+00	0.000000e+00	0.000000e+00	0.000000e+00	0.000000e+00	0.000000e+00	0.000000e+00	0.000000e+00	0.000000e+00	0.000000e+00	0.000000e+00	0.000000e+00	0.000000e+00	0.000000e+00	0.000000e+00	0.000000e+00	0.000000e+00	0.000000e+00	0.000000e+00	0.000000e+00	0.000000e+00	0.000000e+00	0.000000e+00	0.000000e+00	0.000000e+00	0.000000e+00	0.000000e+00	0.000000e+00	0.000000e+00	0.000000e+00	0.000000e+00	0.000000e+00	0.000000e+00	0.000000e+00	0.000000e+00	0.000000e+00	0.000000e+00	0.000000e+00	0.000000e+00	0.000000e+00	0.000000e+00	
1200.383929	1195.133595	1205.634264	199.547643	2.038829e+03	1.882637e-90	0.000000e+00	1.901880e-54	1.812078e-72	0.000000e+00	0.000000e+00	8.446241e-03	1.882637e-90	1.165986e-03	1.941262e-61	1.882637e-90	1.882637e-90	1.882637e-90	1.882637e-90	0.000000e+00	1.882637e-90	1.882637e-90	1.882637e-90	1.882637e-90	2.537715e-45	4.973383e-03	7.246064e-51	0.000000e+00	0.000000e+00	0.000000e+00	1.882637e-90	2.872857e-90	0.000000e+00	1.364766e-51	0.000000e+00	0.000000e+00	0.000000e+00	0.000000e+00	0.000000e+00	0.000000e+00	0.000000e+00	2.441235e-59	1.882637e-90	1.882637e-90	4.765064e-76	4.715994e-47	1.924384e-70	1.888486e-58	1.882637e-90	2.273400e-04	1.067572e-42	0.000000e+00	0.000000e+00	2.305831e-49	1.882637e-90	0.000000e+00	5.593519e-39	8.419272e-01	1.882637e-90	1.321754e-17	0.000000e+00	1.882637e-90	1.882637e-90	1.882637e-90	1.681594e-56	2.550287e-88	0.000000e+00	0.000000e+00	1.882637e-90	0.000000e+00	0.000000e+00	0.000000e+00	0.000000e+00	0.000000e+00	0.000000e+00	0.000000e+00	6.952299e-64	2.202849e-86	0.000000e+00	0.000000e+00	0.000000e+00	0.000000e+00	0.000000e+00	0.000000e+00	0.000000e+00	0.000000e+00	0.000000e+00	0.000000e+00	0.000000e+00	0.000000e+00	0.000000e+00	0.000000e+00	0.000000e+00	0.000000e+00	0.000000e+00	0.000000e+00	0.000000e+00	0.000000e+00	0.000000e+00	0.000000e+00	0.000000e+00	0.000000e+00	0.000000e+00	0.000000e+00	0.000000e+00	0.000000e+00	0.000000e+00	0.000000e+00	0.000000e+00	0.000000e+00	0.000000e+00	0.000000e+00	0.000000e+00	0.000000e+00	0.000000e+00	0.000000e+00	0.000000e+00	0.000000e+00	0.000000e+00	0.000000e+00	
1210.850557	1205.634264	1216.066851	198.253152	1.673166e+03	1.882746e-90	0.000000e+00	9.001054e-55	6.676555e-73	0.000000e+00	0.000000e+00	8.446868e-03	1.882746e-90	1.166019e-03	8.440436e-62	1.882746e-90	1.882746e-90	1.882746e-90	1.882746e-90	0.000000e+00	1.882746e-90	1.882746e-90	1.882746e-90	1.882746e-90	1.693752e-45	4.974357e-03	4.068833e-51	0.000000e+00	0.000000e+00	0.000000e+00	1.882746e-90	1.882746e-90	0.000000e+00	7.585806e-52	0.000000e+00	0.000000e+00	0.000000e+00	0.000000e+00	0.000000e+00	0.000000e+00	0.000000e+00	1.341372e-59	1.882746e-90	1.882746e-90	1.811239e-76	2.968461e-47	8.276453e-71	1.048364e-58	1.882746e-90	2.273577e-04	6.289978e-43	0.000000e+00	0.000000e+00	1.598078e-49	1.882746e-90	0.000000e+00	4.429039e-39	8.419173e-01	1.882746e-90	1.391986e-17	0.000000e+00	1.882746e-90	1.882746e-90	1.882746e-90	7.790642e-57	8.436066e-89	0.000000e+00	0.000000e+00	1.882746e-90	0.000000e+00	0.000000e+00	0.000000e+00	0.000000e+00	0.000000e+00	0.000000e+00	0.000000e+00	3.797487e-64	8.805036e-87	0.000000e+00	0.000000e+00	0.000000e+00	0.000000e+00	0.000000e+00	0.000000e+00	0.000000e+00	0.000000e+00	0.000000e+00	0.000000e+00	0.000000e+00	0.000000e+00	0.000000e+00	0.000000e+00	0.000000e+00	0.000000e+00	0.000000e+00	0.000000e+00	0.000000e+00	0.000000e+00	0.000000e+00	0.000000e+00	0.000000e+00	0.000000e+00	0.000000e+00	0.000000e+00	0.000000e+00	0.000000e+00	0.000000e+00	0.000000e+00	0.000000e+00	0.000000e+00	0.000000e+00	0.000000e+00	0.000000e+00	0.000000e+00	0.000000e+00	0.000000e+00	0.000000e+00	0.000000e+00	0.000000e+00	0.000000e+00	
1221.253945	1216.066851	1226.441040	197.143432	1.373084e+03	1.882682e-90	0.000000e+00	4.765889e-55	2.844559e-73	0.000000e+00	0.000000e+00	8.446667e-03	1.882682e-90	1.165962e-03	4.151359e-62	1.882682e-90	1.882682e-90	1.882682e-90	1.882682e-90	0.000000e+00	1.882682e-90	1.882682e-90	1.882682e-90	1.882682e-90	1.256836e-45	4.973501e-03	2.531336e-51	0.000000e+00	0.000000e+00	0.000000e+00	1.882682e-90	1.882682e-90	0.000000e+00	4.676882e-52	0.000000e+00	0.000000e+00	0.000000e+00	0.000000e+00	0.000000e+00	0.000000e+00	0.000000e+00	8.408678e-60	1.882682e-90	1.882682e-90	8.032841e-77	2.039263e-47	4.085888e-71	6.459860e-59	1.882682e-90	2.273455e-04	4.026949e-43	0.000000e+00	0.000000e+00	1.225367e-49	1.882682e-90	0.000000e+00	3.812271e-39	8.419232e-01	1.882682e-90	1.534888e-17	0.000000e+00	1.882682e-90	1.882682e-90	1.882682e-90	4.048009e-57	3.360021e-89	0.000000e+00	0.000000e+00	1.882682e-90	0.000000e+00	0.000000e+00	0.000000e+00	0.000000e+00	0.000000e+00	0.000000e+00	0.000000e+00	2.368662e-64	3.976707e-87	0.000000e+00	0.000000e+00	0.000000e+00	0.000000e+00	0.000000e+00	0.000000e+00	0.000000e+00	0.000000e+00	0.000000e+00	0.000000e+00	0.000000e+00	0.000000e+00	0.000000e+00	0.000000e+00	0.000000e+00	0.000000e+00	0.000000e+00	0.000000e+00	0.000000e+00	0.000000e+00	0.000000e+00	0.000000e+00	0.000000e+00	0.000000e+00	0.000000e+00	0.000000e+00	0.000000e+00	0.000000e+00	0.000000e+00	0.000000e+00	0.000000e+00	0.000000e+00	0.000000e+00	0.000000e+00	0.000000e+00	0.000000e+00	0.000000e+00	0.000000e+00	0.000000e+00	0.000000e+00	0.000000e+00	0.000000e+00	
1231.606812	1226.441040	1236.772585	196.332134	1.126821e+03	1.882625e-90	0.000000e+00	3.058887e-55	1.554946e-73	0.000000e+00	0.000000e+00	8.445680e-03	1.882625e-90	1.165885e-03	2.523118e-62	1.882625e-90	1.882625e-90	1.882625e-90	1.882625e-90	0.000000e+00	1.882625e-90	1.882625e-90	1.882625e-90	1.882625e-90	1.118739e-45	4.973292e-03	1.878312e-51	0.000000e+00	0.000000e+00	0.000000e+00	1.882625e-90	1.882625e-90	0.000000e+00	3.448029e-52	0.000000e+00	0.000000e+00	0.000000e+00	0.000000e+00	0.000000e+00	0.000000e+00	0.000000e+00	6.609282e-60	1.882625e-90	1.882625e-90	4.642511e-77	1.628164e-47	2.555745e-71	4.759466e-59	1.882625e-90	2.273471e-04	2.973656e-43	0.000000e+00	0.000000e+00	1.117656e-49	1.882625e-90	0.000000e+00	3.786350e-39	8.419289e-01	1.882625e-90	1.830218e-17	0.000000e+00	1.882625e-90	1.882625e-90	1.882625e-90	2.562483e-57	1.840993e-89	0.000000e+00	0.000000e+00	1.882625e-90	0.000000e+00	0.000000e+00	0.000000e+00	0.000000e+00	0.000000e+00	0.000000e+00	0.000000e+00	1.855007e-64	2.212489e-87	0.000000e+00	0.000000e+00	0.000000e+00	0.000000e+00	0.000000e+00	0.000000e+00	0.000000e+00	0.000000e+00	0.000000e+00	0.000000e+00	0.000000e+00	0.000000e+00	0.000000e+00	0.000000e+00	0.000000e+00	0.000000e+00	0.000000e+00	0.000000e+00	0.000000e+00	0.000000e+00	0.000000e+00	0.000000e+00	0.000000e+00	0.000000e+00	0.000000e+00	0.000000e+00	0.000000e+00	0.000000e+00	0.000000e+00	0.000000e+00	0.000000e+00	0.000000e+00	0.000000e+00	0.000000e+00	0.000000e+00	0.000000e+00	0.000000e+00	0.000000e+00	0.000000e+00	0.000000e+00	0.000000e+00	0.000000e+00	
1241.920255	1236.772585	1247.067925	195.646041	9.247263e+02	1.882654e-90	0.000000e+00	2.127318e-55	9.433427e-74	0.000000e+00	0.000000e+00	8.446559e-03	1.882654e-90	1.166041e-03	1.675366e-62	1.882654e-90	1.882654e-90	1.882654e-90	1.882654e-90	0.000000e+00	1.882654e-90	1.882654e-90	1.882654e-90	1.882654e-90	1.074715e-45	4.973590e-03	1.500568e-51	0.000000e+00	0.000000e+00	0.000000e+00	1.882654e-90	1.882654e-90	0.000000e+00	2.739255e-52	0.000000e+00	0.000000e+00	0.000000e+00	0.000000e+00	0.000000e+00	0.000000e+00	0.000000e+00	5.710733e-60	1.882654e-90	1.882654e-90	2.996232e-77	1.383945e-47	1.764899e-71	3.780043e-59	1.882654e-90	2.273430e-04	2.330436e-43	0.000000e+00	0.000000e+00	1.096307e-49	1.882654e-90	0.000000e+00	3.994531e-39	8.419253e-01	1.882654e-90	2.255849e-17	0.000000e+00	1.882654e-90	1.882654e-90	1.882654e-90	1.761433e-57	1.152600e-89	0.000000e+00	0.000000e+00	1.882654e-90	0.000000e+00	0.000000e+00	0.000000e+00	0.000000e+00	0.000000e+00	0.000000e+00	0.000000e+00	1.598337e-64	1.344276e-87	0.000000e+00	0.000000e+00	0.000000e+00	0.000000e+00	0.000000e+00	0.000000e+00	0.000000e+00	0.000000e+00	0.000000e+00	0.000000e+00	0.000000e+00	0.000000e+00	0.000000e+00	0.000000e+00	0.000000e+00	0.000000e+00	0.000000e+00	0.000000e+00	0.000000e+00	0.000000e+00	0.000000e+00	0.000000e+00	0.000000e+00	0.000000e+00	0.000000e+00	0.000000e+00	0.000000e+00	0.000000e+00	0.000000e+00	0.000000e+00	0.000000e+00	0.000000e+00	0.000000e+00	0.000000e+00	0.000000e+00	0.000000e+00	0.000000e+00	0.000000e+00	0.000000e+00	0.000000e+00	0.000000e+00	0.000000e+00	
1252.191816	1247.067925	1257.315708	194.743553	7.588768e+02	1.882610e-90	0.000000e+00	1.272661e-55	4.707744e-74	0.000000e+00	0.000000e+00	8.446200e-03	1.882610e-90	1.165919e-03	9.423158e-63	1.882610e-90	1.882610e-90	1.882610e-90	1.882610e-90	0.000000e+00	1.882610e-90	1.882610e-90	1.882610e-90	1.882610e-90	8.958183e-46	4.973501e-03	1.044566e-51	0.000000e+00	0.000000e+00	0.000000e+00	1.882610e-90	1.882610e-90	0.000000e+00	1.892976e-52	0.000000e+00	0.000000e+00	0.000000e+00	0.000000e+00	0.000000e+00	0.000000e+00	0.000000e+00	4.135778e-60	1.882610e-90	1.882610e-90	1.571942e-77	1.046135e-47	1.012711e-71	2.610949e-59	1.882610e-90	2.273323e-04	1.633383e-43	0.000000e+00	0.000000e+00	9.395398e-50	1.882610e-90	0.000000e+00	3.769716e-39	8.419291e-01	1.882610e-90	2.616162e-17	0.000000e+00	1.882610e-90	1.882610e-90	1.882610e-90	1.037500e-57	5.623560e-90	0.000000e+00	0.000000e+00	1.882610e-90	0.000000e+00	0.000000e+00	0.000000e+00	0.000000e+00	0.000000e+00	0.000000e+00	0.000000e+00	1.153187e-64	6.942610e-88	0.000000e+00	0.000000e+00	0.000000e+00	0.000000e+00	0.000000e+00	0.000000e+00	0.000000e+00	0.000000e+00	0.000000e+00	0.000000e+00	0.000000e+00	0.000000e+00	0.000000e+00	0.000000e+00	0.000000e+00	0.000000e+00	0.000000e+00	0.000000e+00	0.000000e+00	0.000000e+00	0.000000e+00	0.000000e+00	0.000000e+00	0.000000e+00	0.000000e+00	0.000000e+00	0.000000e+00	0.000000e+00	0.000000e+00	0.000000e+00	0.000000e+00	0.000000e+00	0.000000e+00	0.000000e+00	0.000000e+00	0.000000e+00	0.000000e+00	0.000000e+00	0.000000e+00	0.000000e+00	0.000000e+00	0.000000e+00	
1262.404088	1257.315708	1267.492468	193.392539	6.227724e+02	1.882695e-90	0.000000e+00	5.556867e-56	1.562276e-74	0.000000e+00	0.000000e+00	8.446661e-03	1.882695e-90	1.165961e-03	3.747951e-63	1.882695e-90	1.882695e-90	1.882695e-90	1.882695e-90	0.000000e+00	1.882695e-90	1.882695e-90	1.882695e-90	1.882695e-90	5.554027e-46	4.973681e-03	5.455951e-52	0.000000e+00	0.000000e+00	0.000000e+00	1.882695e-90	1.882695e-90	0.000000e+00	9.778838e-53	0.000000e+00	0.000000e+00	0.000000e+00	0.000000e+00	0.000000e+00	0.000000e+00	0.000000e+00	2.072771e-60	1.882695e-90	1.882695e-90	5.348848e-78	6.190733e-48	3.947680e-72	1.348471e-59	1.882695e-90	2.273583e-04	9.066026e-44	0.000000e+00	0.000000e+00	6.078169e-50	1.882695e-90	0.000000e+00	2.821761e-39	8.419220e-01	1.882695e-90	2.675308e-17	0.000000e+00	1.882695e-90	1.882695e-90	1.882695e-90	4.425006e-58	1.882695e-90	0.000000e+00	0.000000e+00	1.882695e-90	0.000000e+00	0.000000e+00	0.000000e+00	0.000000e+00	0.000000e+00	0.000000e+00	0.000000e+00	5.749205e-65	2.558494e-88	0.000000e+00	0.000000e+00	0.000000e+00	0.000000e+00	0.000000e+00	0.000000e+00	0.000000e+00	0.000000e+00	0.000000e+00	0.000000e+00	0.000000e+00	0.000000e+00	0.000000e+00	0.000000e+00	0.000000e+00	0.000000e+00	0.000000e+00	0.000000e+00	0.000000e+00	0.000000e+00	0.000000e+00	0.000000e+00	0.000000e+00	0.000000e+00	0.000000e+00	0.000000e+00	0.000000e+00	0.000000e+00	0.000000e+00	0.000000e+00	0.000000e+00	0.000000e+00	0.000000e+00	0.000000e+00	0.000000e+00	0.000000e+00	0.000000e+00	0.000000e+00	0.000000e+00	0.000000e+00	0.000000e+00	0.000000e+00	
1272.532947	1267.492468	1277.573426	191.570937	5.110783e+02	1.882667e-90	0.000000e+00	1.721259e-56	3.322068e-75	0.000000e+00	0.000000e+00	8.446577e-03	1.882667e-90	1.165963e-03	1.021358e-63	1.882667e-90	1.882667e-90	1.882667e-90	1.882667e-90	0.000000e+00	1.882667e-90	1.882667e-90	1.882667e-90	1.882667e-90	2.495002e-46	4.974081e-03	2.083989e-52	0.000000e+00	0.000000e+00	0.000000e+00	1.882667e-90	1.882667e-90	0.000000e+00	3.680032e-53	0.000000e+00	0.000000e+00	0.000000e+00	0.000000e+00	0.000000e+00	0.000000e+00	0.000000e+00	6.957935e-61	1.882667e-90	1.882667e-90	1.134797e-78	2.804045e-48	1.009206e-72	5.072581e-60	1.882667e-90	2.273415e-04	3.900473e-44	0.000000e+00	0.000000e+00	2.895251e-50	1.882667e-90	0.000000e+00	1.641769e-39	8.419240e-01	1.882667e-90	2.386308e-17	0.000000e+00	1.882667e-90	1.882667e-90	1.882667e-90	1.327352e-58	1.882667e-90	0.000000e+00	0.000000e+00	1.882667e-90	0.000000e+00	0.000000e+00	0.000000e+00	0.000000e+00	0.000000e+00	0.000000e+00	0.000000e+00	1.916969e-65	6.530209e-89	0.000000e+00	0.000000e+00	0.000000e+00	0.000000e+00	0.000000e+00	0.000000e+00	0.000000e+00	0.000000e+00	0.000000e+00	0.000000e+00	0.000000e+00	0.000000e+00	0.000000e+00	0.000000e+00	0.000000e+00	0.000000e+00	0.000000e+00	0.000000e+00	0.000000e+00	0.000000e+00	0.000000e+00	0.000000e+00	0.000000e+00	0.000000e+00	0.000000e+00	0.000000e+00	0.000000e+00	0.000000e+00	0.000000e+00	0.000000e+00	0.000000e+00	0.000000e+00	0.000000e+00	0.000000e+00	0.000000e+00	0.000000e+00	0.000000e+00	0.000000e+00	0.000000e+00	0.000000e+00	0.000000e+00	0.000000e+00	
1282.554788	1277.573426	1287.536150	189.324361	4.194165e+02	1.882630e-90	0.000000e+00	3.835323e-57	4.608643e-76	0.000000e+00	0.000000e+00	8.446112e-03	1.882630e-90	1.165953e-03	1.936120e-64	1.882630e-90	1.882630e-90	1.882630e-90	1.882630e-90	0.000000e+00	1.882630e-90	1.882630e-90	1.882630e-90	1.882630e-90	8.236141e-47	4.973891e-03	5.898771e-53	0.000000e+00	0.000000e+00	0.000000e+00	1.882630e-90	1.882630e-90	0.000000e+00	1.022425e-53	0.000000e+00	0.000000e+00	0.000000e+00	0.000000e+00	0.000000e+00	0.000000e+00	0.000000e+00	1.591794e-61	1.882630e-90	1.882630e-90	1.530592e-79	9.836972e-49	1.722266e-73	1.409884e-60	1.882630e-90	2.273420e-04	1.314587e-44	0.000000e+00	0.000000e+00	1.030007e-50	1.882630e-90	0.000000e+00	7.513115e-40	8.419274e-01	1.882630e-90	1.869773e-17	0.000000e+00	1.882630e-90	1.882630e-90	1.882630e-90	2.840163e-59	1.882630e-90	0.000000e+00	0.000000e+00	1.882630e-90	0.000000e+00	0.000000e+00	0.000000e+00	0.000000e+00	0.000000e+00	0.000000e+00	0.000000e+00	4.352520e-66	1.175267e-89	0.000000e+00	0.000000e+00	0.000000e+00	0.000000e+00	0.000000e+00	0.000000e+00	0.000000e+00	0.000000e+00	0.000000e+00	0.000000e+00	0.000000e+00	0.000000e+00	0.000000e+00	0.000000e+00	0.000000e+00	0.000000e+00	0.000000e+00	0.000000e+00	0.000000e+00	0.000000e+00	0.000000e+00	0.000000e+00	0.000000e+00	0.000000e+00	0.000000e+00	0.000000e+00	0.000000e+00	0.000000e+00	0.000000e+00	0.000000e+00	0.000000e+00	0.000000e+00	0.000000e+00	0.000000e+00	0.000000e+00	0.000000e+00	0.000000e+00	0.000000e+00	0.000000e+00	0.000000e+00	0.000000e+00	0.000000e+00	
1292.448290	1287.536150	1297.360429	186.694161	3.441943e+02	1.882635e-90	0.000000e+00	6.198782e-58	4.216575e-77	0.000000e+00	0.000000e+00	8.446590e-03	1.882635e-90	1.165974e-03	2.576050e-65	1.882635e-90	1.882635e-90	1.882635e-90	1.882635e-90	0.000000e+00	1.882635e-90	1.882635e-90	1.882635e-90	1.882635e-90	2.016781e-47	4.973602e-03	1.248041e-53	0.000000e+00	0.000000e+00	0.000000e+00	1.882635e-90	1.882635e-90	0.000000e+00	2.115756e-54	0.000000e+00	0.000000e+00	0.000000e+00	0.000000e+00	0.000000e+00	0.000000e+00	0.000000e+00	2.510094e-62	1.882635e-90	1.882635e-90	1.327571e-80	2.691523e-49	1.983228e-74	2.922573e-61	1.882635e-90	2.273514e-04	3.492202e-45	0.000000e+00	0.000000e+00	2.763285e-51	1.882635e-90	0.000000e+00	2.727476e-40	8.419267e-01	1.882635e-90	1.293554e-17	0.000000e+00	1.882635e-90	1.882635e-90	1.882635e-90	4.372667e-60	1.882635e-90	0.000000e+00	0.000000e+00	1.882635e-90	0.000000e+00	0.000000e+00	0.000000e+00	0.000000e+00	0.000000e+00	0.000000e+00	0.000000e+00	6.812021e-67	1.882635e-90	0.000000e+00	0.000000e+00	0.000000e+00	0.000000e+00	0.000000e+00	0.000000e+00	0.000000e+00	0.000000e+00	0.000000e+00	0.000000e+00	0.000000e+00	0.000000e+00	0.000000e+00	0.000000e+00	0.000000e+00	0.000000e+00	0.000000e+00	0.000000e+00	0.000000e+00	0.000000e+00	0.000000e+00	0.000000e+00	0.000000e+00	0.000000e+00	0.000000e+00	0.000000e+00	0.000000e+00	0.000000e+00	0.000000e+00	0.000000e+00	0.000000e+00	0.000000e+00	0.000000e+00	0.000000e+00	0.000000e+00	0.000000e+00	0.000000e+00	0.000000e+00	0.000000e+00	0.000000e+00	0.000000e+00	0.000000e+00	
1302.196355	1297.360429	1307.032281	183.795889	2.824631e+02	1.882712e-90	0.000000e+00	7.739885e-59	2.760296e-78	0.000000e+00	0.000000e+00	8.446953e-03	1.882712e-90	1.165956e-03	2.577878e-66	1.882712e-90	1.882712e-90	1.882712e-90	1.882712e-90	0.000000e+00	1.882712e-90	1.882712e-90	1.882712e-90	1.882712e-90	3.891882e-48	4.973680e-03	2.092201e-54	0.000000e+00	0.000000e+00	0.000000e+00	1.882712e-90	1.882712e-90	0.000000e+00	3.460475e-55	0.000000e+00	0.000000e+00	0.000000e+00	0.000000e+00	0.000000e+00	0.000000e+00	0.000000e+00	2.941203e-63	1.882712e-90	1.882712e-90	8.075289e-82	6.034995e-50	1.665386e-75	4.794151e-62	1.882712e-90	2.273536e-04	7.661543e-46	0.000000e+00	0.000000e+00	5.925071e-52	1.882712e-90	0.000000e+00	8.242596e-41	8.419206e-01	1.882712e-90	8.115738e-18	0.000000e+00	1.882712e-90	1.882712e-90	1.882712e-90	5.167963e-61	1.882712e-90	0.000000e+00	0.000000e+00	1.882712e-90	0.000000e+00	0.000000e+00	0.000000e+00	0.000000e+00	0.000000e+00	0.000000e+00	0.000000e+00	7.928884e-68	1.882712e-90	0.000000e+00	0.000000e+00	0.000000e+00	0.000000e+00	0.000000e+00	0.000000e+00	0.000000e+00	0.000000e+00	0.000000e+00	0.000000e+00	0.000000e+00	0.000000e+00	0.000000e+00	0.000000e+00	0.000000e+00	0.000000e+00	0.000000e+00	0.000000e+00	0.000000e+00	0.000000e+00	0.000000e+00	0.000000e+00	0.000000e+00	0.000000e+00	0.000000e+00	0.000000e+00	0.000000e+00	0.000000e+00	0.000000e+00	0.000000e+00	0.000000e+00	0.000000e+00	0.000000e+00	0.000000e+00	0.000000e+00	0.000000e+00	0.000000e+00	0.000000e+00	0.000000e+00	0.000000e+00	0.000000e+00	0.000000e+00	
1311.790209	1307.032281	1316.548136	180.832436	2.318034e+02	1.882719e-90	0.000000e+00	8.575049e-60	1.546985e-79	0.000000e+00	0.000000e+00	8.447046e-03	1.882719e-90	1.165955e-03	2.259720e-67	1.882719e-90	1.882719e-90	1.882719e-90	1.882719e-90	0.000000e+00	1.882719e-90	1.882719e-90	1.882719e-90	1.882719e-90	6.744861e-49	4.973866e-03	3.154074e-55	0.000000e+00	0.000000e+00	0.000000e+00	1.882719e-90	1.882719e-90	0.000000e+00	5.085594e-56	0.000000e+00	0.000000e+00	0.000000e+00	0.000000e+00	0.000000e+00	0.000000e+00	0.000000e+00	3.012814e-64	1.882719e-90	1.882719e-90	4.167678e-83	1.235366e-50	1.209126e-76	7.076308e-63	1.882719e-90	2.273458e-04	1.538259e-46	0.000000e+00	0.000000e+00	1.149983e-52	1.882719e-90	0.000000e+00	2.297803e-41	8.419199e-01	1.882719e-90	4.884551e-18	0.000000e+00	1.882719e-90	1.882719e-90	1.882719e-90	5.403965e-62	1.882719e-90	0.000000e+00	0.000000e+00	1.882719e-90	0.000000e+00	0.000000e+00	0.000000e+00	0.000000e+00	0.000000e+00	0.000000e+00	0.000000e+00	8.082088e-69	1.882719e-90	0.000000e+00	0.000000e+00	0.000000e+00	0.000000e+00	0.000000e+00	0.000000e+00	0.000000e+00	0.000000e+00	0.000000e+00	0.000000e+00	0.000000e+00	0.000000e+00	0.000000e+00	0.000000e+00	0.000000e+00	0.000000e+00	0.000000e+00	0.000000e+00	0.000000e+00	0.000000e+00	0.000000e+00	0.000000e+00	0.000000e+00	0.000000e+00	0.000000e+00	0.000000e+00	0.000000e+00	0.000000e+00	0.000000e+00	0.000000e+00	0.000000e+00	0.000000e+00	0.000000e+00	0.000000e+00	0.000000e+00	0.000000e+00	0.000000e+00	0.000000e+00	0.000000e+00	0.000000e+00	0.000000e+00	0.000000e+00	
1321.234518	1316.548136	1325.920900	178.111292	1.902295e+02	1.882774e-90	0.000000e+00	1.073494e-60	1.015515e-80	0.000000e+00	0.000000e+00	8.447222e-03	1.882774e-90	1.166030e-03	2.264859e-68	1.882774e-90	1.882774e-90	1.882774e-90	1.882774e-90	0.000000e+00	1.882774e-90	1.882774e-90	1.882774e-90	1.882774e-90	1.315978e-49	4.974520e-03	5.327556e-56	0.000000e+00	0.000000e+00	0.000000e+00	1.882774e-90	1.882774e-90	0.000000e+00	8.389873e-57	0.000000e+00	0.000000e+00	0.000000e+00	0.000000e+00	0.000000e+00	0.000000e+00	0.000000e+00	3.574375e-65	1.882774e-90	1.882774e-90	2.545166e-84	2.785743e-51	1.021243e-77	1.173700e-63	1.882774e-90	2.273592e-04	3.381702e-47	0.000000e+00	0.000000e+00	2.502994e-53	1.882774e-90	0.000000e+00	7.046467e-42	8.419147e-01	1.882774e-90	3.101396e-18	0.000000e+00	1.882774e-90	1.882774e-90	1.882774e-90	6.406077e-63	1.882774e-90	0.000000e+00	0.000000e+00	1.882774e-90	0.000000e+00	0.000000e+00	0.000000e+00	0.000000e+00	0.000000e+00	0.000000e+00	0.000000e+00	9.563728e-70	1.882774e-90	0.000000e+00	0.000000e+00	0.000000e+00	0.000000e+00	0.000000e+00	0.000000e+00	0.000000e+00	0.000000e+00	0.000000e+00	0.000000e+00	0.000000e+00	0.000000e+00	0.000000e+00	0.000000e+00	0.000000e+00	0.000000e+00	0.000000e+00	0.000000e+00	0.000000e+00	0.000000e+00	0.000000e+00	0.000000e+00	0.000000e+00	0.000000e+00	0.000000e+00	0.000000e+00	0.000000e+00	0.000000e+00	0.000000e+00	0.000000e+00	0.000000e+00	0.000000e+00	0.000000e+00	0.000000e+00	0.000000e+00	0.000000e+00	0.000000e+00	0.000000e+00	0.000000e+00	0.000000e+00	0.000000e+00	0.000000e+00	
1330.554822	1325.920900	1335.188744	176.115335	1.561119e+02	1.882658e-90	0.000000e+00	2.302343e-61	1.339353e-81	0.000000e+00	0.000000e+00	8.446384e-03	1.882658e-90	1.165987e-03	4.106599e-69	1.882658e-90	1.882658e-90	1.882658e-90	1.882658e-90	0.000000e+00	1.882658e-90	1.882658e-90	1.882658e-90	1.882658e-90	4.251417e-50	4.974137e-03	1.468908e-56	0.000000e+00	0.000000e+00	0.000000e+00	1.882658e-90	1.882658e-90	0.000000e+00	2.273062e-57	0.000000e+00	0.000000e+00	0.000000e+00	0.000000e+00	0.000000e+00	0.000000e+00	0.000000e+00	7.943016e-66	1.882658e-90	1.882658e-90	3.258816e-85	9.543523e-52	1.670060e-78	3.195646e-64	1.882658e-90	2.273525e-04	1.107994e-47	0.000000e+00	0.000000e+00	8.790594e-54	1.882658e-90	0.000000e+00	3.203311e-42	8.419249e-01	1.882658e-90	2.437431e-18	0.000000e+00	1.882658e-90	1.882658e-90	1.882658e-90	1.318510e-63	1.882658e-90	0.000000e+00	0.000000e+00	1.882658e-90	0.000000e+00	0.000000e+00	0.000000e+00	0.000000e+00	0.000000e+00	0.000000e+00	0.000000e+00	2.123647e-70	1.882658e-90	0.000000e+00	0.000000e+00	0.000000e+00	0.000000e+00	0.000000e+00	0.000000e+00	0.000000e+00	0.000000e+00	0.000000e+00	0.000000e+00	0.000000e+00	0.000000e+00	0.000000e+00	0.000000e+00	0.000000e+00	0.000000e+00	0.000000e+00	0.000000e+00	0.000000e+00	0.000000e+00	0.000000e+00	0.000000e+00	0.000000e+00	0.000000e+00	0.000000e+00	0.000000e+00	0.000000e+00	0.000000e+00	0.000000e+00	0.000000e+00	0.000000e+00	0.000000e+00	0.000000e+00	0.000000e+00	0.000000e+00	0.000000e+00	0.000000e+00	0.000000e+00	0.000000e+00	0.000000e+00	0.000000e+00	0.000000e+00	
1339.801195	1335.188744	1344.413647	175.299359	1.281132e+02	1.882550e-90	0.000000e+00	1.287208e-61	6.118711e-82	0.000000e+00	0.000000e+00	8.445789e-03	1.882550e-90	1.165924e-03	2.140972e-69	1.882550e-90	1.882550e-90	1.882550e-90	1.882550e-90	0.000000e+00	1.882550e-90	1.882550e-90	1.882550e-90	1.882550e-90	3.352756e-50	4.973199e-03	9.659764e-57	0.000000e+00	0.000000e+00	0.000000e+00	1.882550e-90	1.882550e-90	0.000000e+00	1.483883e-57	0.000000e+00	0.000000e+00	0.000000e+00	0.000000e+00	0.000000e+00	0.000000e+00	0.000000e+00	5.362934e-66	1.882550e-90	1.882550e-90	1.558063e-85	6.867101e-52	8.839770e-79	2.091199e-64	1.882550e-90	2.273264e-04	7.385570e-48	0.000000e+00	0.000000e+00	7.178657e-54	1.882550e-90	0.000000e+00	2.912018e-42	8.419345e-01	1.882550e-90	2.781242e-18	0.000000e+00	1.882550e-90	1.882550e-90	1.882550e-90	7.245624e-64	1.882550e-90	0.000000e+00	0.000000e+00	1.882550e-90	0.000000e+00	0.000000e+00	0.000000e+00	0.000000e+00	0.000000e+00	0.000000e+00	0.000000e+00	1.433810e-70	1.882550e-90	0.000000e+00	0.000000e+00	0.000000e+00	0.000000e+00	0.000000e+00	0.000000e+00	0.000000e+00	0.000000e+00	0.000000e+00	0.000000e+00	0.000000e+00	0.000000e+00	0.000000e+00	0.000000e+00	0.000000e+00	0.000000e+00	0.000000e+00	0.000000e+00	0.000000e+00	0.000000e+00	0.000000e+00	0.000000e+00	0.000000e+00	0.000000e+00	0.000000e+00	0.000000e+00	0.000000e+00	0.000000e+00	0.000000e+00	0.000000e+00	0.000000e+00	0.000000e+00	0.000000e+00	0.000000e+00	0.000000e+00	0.000000e+00	0.000000e+00	0.000000e+00	0.000000e+00	0.000000e+00	0.000000e+00	0.000000e+00	
1349.030877	1344.413647	1353.648106	175.477009	1.051362e+02	1.882677e-90	0.000000e+00	1.648601e-61	8.191424e-82	0.000000e+00	0.000000e+00	8.447135e-03	1.882677e-90	1.165996e-03	2.784438e-69	1.882677e-90	1.882677e-90	1.882677e-90	1.882677e-90	0.000000e+00	1.882677e-90	1.882677e-90	1.882677e-90	1.882677e-90	5.717603e-50	4.973783e-03	1.347181e-56	0.000000e+00	0.000000e+00	0.000000e+00	1.882677e-90	1.882677e-90	0.000000e+00	2.072638e-57	0.000000e+00	0.000000e+00	0.000000e+00	0.000000e+00	0.000000e+00	0.000000e+00	0.000000e+00	9.460403e-66	1.882677e-90	1.882677e-90	2.329276e-85	9.389399e-52	1.292667e-78	2.919905e-64	1.882677e-90	2.273424e-04	9.103104e-48	0.000000e+00	0.000000e+00	1.214957e-53	1.882677e-90	0.000000e+00	4.814814e-42	8.419229e-01	1.882677e-90	4.374620e-18	0.000000e+00	1.882677e-90	1.882677e-90	1.882677e-90	9.315702e-64	1.882677e-90	0.000000e+00	0.000000e+00	1.882677e-90	0.000000e+00	0.000000e+00	0.000000e+00	0.000000e+00	0.000000e+00	0.000000e+00	0.000000e+00	2.529650e-70	1.882677e-90	0.000000e+00	0.000000e+00	0.000000e+00	0.000000e+00	0.000000e+00	0.000000e+00	0.000000e+00	0.000000e+00	0.000000e+00	0.000000e+00	0.000000e+00	0.000000e+00	0.000000e+00	0.000000e+00	0.000000e+00	0.000000e+00	0.000000e+00	0.000000e+00	0.000000e+00	0.000000e+00	0.000000e+00	0.000000e+00	0.000000e+00	0.000000e+00	0.000000e+00	0.000000e+00	0.000000e+00	0.000000e+00	0.000000e+00	0.000000e+00	0.000000e+00	0.000000e+00	0.000000e+00	0.000000e+00	0.000000e+00	0.000000e+00	0.000000e+00	0.000000e+00	0.000000e+00	0.000000e+00	0.000000e+00	0.000000e+00	
1358.276233	1353.648106	1362.904360	175.885770	8.628001e+01	1.882648e-90	0.000000e+00	2.559076e-61	1.406782e-81	0.000000e+00	0.000000e+00	8.446482e-03	1.882648e-90	1.165985e-03	4.476041e-69	1.882648e-90	1.882648e-90	1.882648e-90	1.882648e-90	0.000000e+00	1.882648e-90	1.882648e-90	1.882648e-90	1.882648e-90	1.165273e-49	4.972872e-03	2.235212e-56	0.000000e+00	0.000000e+00	0.000000e+00	1.882648e-90	1.882648e-90	0.000000e+00	3.450958e-57	0.000000e+00	0.000000e+00	0.000000e+00	0.000000e+00	0.000000e+00	0.000000e+00	0.000000e+00	2.084276e-65	1.882648e-90	1.882648e-90	4.535722e-85	1.489628e-51	2.391763e-78	4.857144e-64	1.882648e-90	2.273466e-04	1.293806e-47	0.000000e+00	0.000000e+00	2.433086e-53	1.882648e-90	0.000000e+00	9.137095e-42	8.419264e-01	1.882648e-90	7.411351e-18	0.000000e+00	1.882648e-90	1.882648e-90	1.882648e-90	1.458176e-63	1.882648e-90	0.000000e+00	0.000000e+00	1.882648e-90	0.000000e+00	0.000000e+00	0.000000e+00	0.000000e+00	0.000000e+00	0.000000e+00	0.000000e+00	5.572571e-70	1.882648e-90	0.000000e+00	0.000000e+00	0.000000e+00	0.000000e+00	0.000000e+00	0.000000e+00	0.000000e+00	0.000000e+00	0.000000e+00	0.000000e+00	0.000000e+00	0.000000e+00	0.000000e+00	0.000000e+00	0.000000e+00	0.000000e+00	0.000000e+00	0.000000e+00	0.000000e+00	0.000000e+00	0.000000e+00	0.000000e+00	0.000000e+00	0.000000e+00	0.000000e+00	0.000000e+00	0.000000e+00	0.000000e+00	0.000000e+00	0.000000e+00	0.000000e+00	0.000000e+00	0.000000e+00	0.000000e+00	0.000000e+00	0.000000e+00	0.000000e+00	0.000000e+00	0.000000e+00	0.000000e+00	0.000000e+00	0.000000e+00	
1367.532375	1362.904360	1372.160390	175.876681	7.080571e+01	1.882668e-90	0.000000e+00	2.803636e-61	1.537786e-81	0.000000e+00	0.000000e+00	8.446557e-03	1.882668e-90	1.165963e-03	4.899916e-69	1.882668e-90	1.882668e-90	1.882668e-90	1.882668e-90	0.000000e+00	1.882668e-90	1.882668e-90	1.882668e-90	1.882668e-90	1.718701e-49	4.974288e-03	2.705949e-56	0.000000e+00	0.000000e+00	0.000000e+00	1.882668e-90	1.882668e-90	0.000000e+00	4.178550e-57	0.000000e+00	0.000000e+00	0.000000e+00	0.000000e+00	0.000000e+00	0.000000e+00	0.000000e+00	3.068779e-65	1.882668e-90	1.882668e-90	5.469833e-85	1.804581e-51	2.887637e-78	5.878074e-64	1.882668e-90	2.273441e-04	1.420214e-47	0.000000e+00	0.000000e+00	3.590009e-53	1.882668e-90	0.000000e+00	1.349809e-41	8.419235e-01	1.882668e-90	1.097258e-17	0.000000e+00	1.882668e-90	1.882668e-90	1.882668e-90	1.597686e-63	1.882668e-90	0.000000e+00	0.000000e+00	1.882668e-90	0.000000e+00	0.000000e+00	0.000000e+00	0.000000e+00	0.000000e+00	0.000000e+00	0.000000e+00	8.204864e-70	1.882668e-90	0.000000e+00	0.000000e+00	0.000000e+00	0.000000e+00	0.000000e+00	0.000000e+00	0.000000e+00	0.000000e+00	0.000000e+00	0.000000e+00	0.000000e+00	0.000000e+00	0.000000e+00	0.000000e+00	0.000000e+00	0.000000e+00	0.000000e+00	0.000000e+00	0.000000e+00	0.000000e+00	0.000000e+00	0.000000e+00	0.000000e+00	0.000000e+00	0.000000e+00	0.000000e+00	0.000000e+00	0.000000e+00	0.000000e+00	0.000000e+00	0.000000e+00	0.000000e+00	0.000000e+00	0.000000e+00	0.000000e+00	0.000000e+00	0.000000e+00	0.000000e+00	0.000000e+00	0.000000e+00	0.000000e+00	0.000000e+00	
1376.776788	1372.160390	1381.393185	175.427354	5.810672e+01	1.882556e-90	0.000000e+00	2.127424e-61	1.044010e-81	0.000000e+00	0.000000e+00	8.446410e-03	1.882556e-90	1.165872e-03	3.577453e-69	1.882556e-90	1.882556e-90	1.882556e-90	1.882556e-90	0.000000e+00	1.882556e-90	1.882556e-90	1.882556e-90	1.882556e-90	1.800627e-49	4.973328e-03	2.347101e-56	0.000000e+00	0.000000e+00	0.000000e+00	1.882556e-90	1.882556e-90	0.000000e+00	3.609411e-57	0.000000e+00	0.000000e+00	0.000000e+00	0.000000e+00	0.000000e+00	0.000000e+00	0.000000e+00	2.951171e-65	1.882556e-90	1.882556e-90	3.980644e-85	1.645140e-51	2.222674e-78	5.085599e-64	1.882556e-90	2.273418e-04	1.187368e-47	0.000000e+00	0.000000e+00	3.834372e-53	1.882556e-90	0.000000e+00	1.529387e-41	8.419334e-01	1.882556e-90	1.409039e-17	0.000000e+00	1.882556e-90	1.882556e-90	1.882556e-90	1.200764e-63	1.882556e-90	0.000000e+00	0.000000e+00	1.882556e-90	0.000000e+00	0.000000e+00	0.000000e+00	0.000000e+00	0.000000e+00	0.000000e+00	0.000000e+00	7.890525e-70	1.882556e-90	0.000000e+00	0.000000e+00	0.000000e+00	0.000000e+00	0.000000e+00	0.000000e+00	0.000000e+00	0.000000e+00	0.000000e+00	0.000000e+00	0.000000e+00	0.000000e+00	0.000000e+00	0.000000e+00	0.000000e+00	0.000000e+00	0.000000e+00	0.000000e+00	0.000000e+00	0.000000e+00	0.000000e+00	0.000000e+00	0.000000e+00	0.000000e+00	0.000000e+00	0.000000e+00	0.000000e+00	0.000000e+00	0.000000e+00	0.000000e+00	0.000000e+00	0.000000e+00	0.000000e+00	0.000000e+00	0.000000e+00	0.000000e+00	0.000000e+00	0.000000e+00	0.000000e+00	0.000000e+00	0.000000e+00	0.000000e+00	
1385.995866	1381.393185	1390.598547	174.899597	4.768529e+01	1.882597e-90	0.000000e+00	1.508426e-61	6.491067e-82	0.000000e+00	0.000000e+00	8.446374e-03	1.882597e-90	1.165805e-03	2.423692e-69	1.882597e-90	1.882597e-90	1.882597e-90	1.882597e-90	0.000000e+00	1.882597e-90	1.882597e-90	1.882597e-90	1.882597e-90	1.771887e-49	4.973354e-03	1.915104e-56	0.000000e+00	0.000000e+00	0.000000e+00	1.882597e-90	1.882597e-90	0.000000e+00	2.931371e-57	0.000000e+00	0.000000e+00	0.000000e+00	0.000000e+00	0.000000e+00	0.000000e+00	0.000000e+00	2.624790e-65	1.882597e-90	1.882597e-90	2.638885e-85	1.423133e-51	1.574478e-78	4.136454e-64	1.882597e-90	2.273330e-04	9.439940e-48	0.000000e+00	0.000000e+00	3.860343e-53	1.882597e-90	0.000000e+00	1.651034e-41	8.419307e-01	1.882597e-90	1.763036e-17	0.000000e+00	1.882597e-90	1.882597e-90	1.882597e-90	8.420120e-64	1.882597e-90	0.000000e+00	0.000000e+00	1.882597e-90	0.000000e+00	0.000000e+00	0.000000e+00	0.000000e+00	0.000000e+00	0.000000e+00	0.000000e+00	7.018763e-70	1.882597e-90	0.000000e+00	0.000000e+00	0.000000e+00	0.000000e+00	0.000000e+00	0.000000e+00	0.000000e+00	0.000000e+00	0.000000e+00	0.000000e+00	0.000000e+00	0.000000e+00	0.000000e+00	0.000000e+00	0.000000e+00	0.000000e+00	0.000000e+00	0.000000e+00	0.000000e+00	0.000000e+00	0.000000e+00	0.000000e+00	0.000000e+00	0.000000e+00	0.000000e+00	0.000000e+00	0.000000e+00	0.000000e+00	0.000000e+00	0.000000e+00	0.000000e+00	0.000000e+00	0.000000e+00	0.000000e+00	0.000000e+00	0.000000e+00	0.000000e+00	0.000000e+00	0.000000e+00	0.000000e+00	0.000000e+00	0.000000e+00	
1395.191861	1390.598547	1399.785175	174.532783	3.913295e+01	1.882713e-90	0.000000e+00	1.222229e-61	4.798856e-82	0.000000e+00	0.000000e+00	8.447282e-03	1.882713e-90	1.166070e-03	1.902883e-69	1.882713e-90	1.882713e-90	1.882713e-90	1.882713e-90	0.000000e+00	1.882713e-90	1.882713e-90	1.882713e-90	1.882713e-90	1.974649e-49	4.974138e-03	1.764077e-56	0.000000e+00	0.000000e+00	0.000000e+00	1.882713e-90	1.882713e-90	0.000000e+00	2.691561e-57	0.000000e+00	0.000000e+00	0.000000e+00	0.000000e+00	0.000000e+00	0.000000e+00	0.000000e+00	2.726133e-65	1.882713e-90	1.882713e-90	2.102018e-85	1.365374e-51	1.313801e-78	3.802198e-64	1.882713e-90	2.273463e-04	8.286399e-48	0.000000e+00	0.000000e+00	4.371916e-53	1.882713e-90	0.000000e+00	1.963285e-41	8.419196e-01	1.882713e-90	2.324438e-17	0.000000e+00	1.882713e-90	1.882713e-90	1.882713e-90	6.771111e-64	1.882713e-90	0.000000e+00	0.000000e+00	1.882713e-90	0.000000e+00	0.000000e+00	0.000000e+00	0.000000e+00	0.000000e+00	0.000000e+00	0.000000e+00	7.291641e-70	1.882713e-90	0.000000e+00	0.000000e+00	0.000000e+00	0.000000e+00	0.000000e+00	0.000000e+00	0.000000e+00	0.000000e+00	0.000000e+00	0.000000e+00	0.000000e+00	0.000000e+00	0.000000e+00	0.000000e+00	0.000000e+00	0.000000e+00	0.000000e+00	0.000000e+00	0.000000e+00	0.000000e+00	0.000000e+00	0.000000e+00	0.000000e+00	0.000000e+00	0.000000e+00	0.000000e+00	0.000000e+00	0.000000e+00	0.000000e+00	0.000000e+00	0.000000e+00	0.000000e+00	0.000000e+00	0.000000e+00	0.000000e+00	0.000000e+00	0.000000e+00	0.000000e+00	0.000000e+00	0.000000e+00	0.000000e+00	0.000000e+00	
1404.378068	1399.785175	1408.970962	174.505789	3.211446e+01	1.882677e-90	0.000000e+00	1.318770e-61	5.142668e-82	0.000000e+00	0.000000e+00	8.446821e-03	1.882677e-90	1.166025e-03	2.048291e-69	1.882677e-90	1.882677e-90	1.882677e-90	1.882677e-90	0.000000e+00	1.882677e-90	1.882677e-90	1.882677e-90	1.882677e-90	2.870036e-49	4.973549e-03	2.105266e-56	0.000000e+00	0.000000e+00	0.000000e+00	1.882677e-90	1.882677e-90	0.000000e+00	3.211159e-57	0.000000e+00	0.000000e+00	0.000000e+00	0.000000e+00	0.000000e+00	0.000000e+00	0.000000e+00	3.941764e-65	1.882677e-90	1.882677e-90	2.482412e-85	1.634794e-51	1.556775e-78	4.537338e-64	1.882677e-90	2.273564e-04	8.994176e-48	0.000000e+00	0.000000e+00	6.362098e-53	1.882677e-90	0.000000e+00	2.867014e-41	8.419237e-01	1.882677e-90	3.420860e-17	0.000000e+00	1.882677e-90	1.882677e-90	1.882677e-90	7.300877e-64	1.882677e-90	0.000000e+00	0.000000e+00	1.882677e-90	0.000000e+00	0.000000e+00	0.000000e+00	0.000000e+00	0.000000e+00	0.000000e+00	0.000000e+00	1.054261e-69	1.882677e-90	0.000000e+00	0.000000e+00	0.000000e+00	0.000000e+00	0.000000e+00	0.000000e+00	0.000000e+00	0.000000e+00	0.000000e+00	0.000000e+00	0.000000e+00	0.000000e+00	0.000000e+00	0.000000e+00	0.000000e+00	0.000000e+00	0.000000e+00	0.000000e+00	0.000000e+00	0.000000e+00	0.000000e+00	0.000000e+00	0.000000e+00	0.000000e+00	0.000000e+00	0.000000e+00	0.000000e+00	0.000000e+00	0.000000e+00	0.000000e+00	0.000000e+00	0.000000e+00	0.000000e+00	0.000000e+00	0.000000e+00	0.000000e+00	0.000000e+00	0.000000e+00	0.000000e+00	0.000000e+00	0.000000e+00	0.000000e+00	
1413.577836	1408.970962	1418.184710	175.022434	2.635474e+01	1.882589e-90	0.000000e+00	2.249753e-61	9.982254e-82	0.000000e+00	0.000000e+00	8.446197e-03	1.882589e-90	1.165920e-03	3.653740e-69	1.882589e-90	1.882589e-90	1.882589e-90	1.882589e-90	0.000000e+00	1.882589e-90	1.882589e-90	1.882589e-90	1.882589e-90	6.385312e-49	4.973689e-03	3.805116e-56	0.000000e+00	0.000000e+00	0.000000e+00	1.882589e-90	1.882589e-90	0.000000e+00	5.831194e-57	0.000000e+00	0.000000e+00	0.000000e+00	0.000000e+00	0.000000e+00	0.000000e+00	0.000000e+00	9.685684e-65	1.882589e-90	1.882589e-90	5.503326e-85	2.789284e-51	3.233058e-78	8.224105e-64	1.882589e-90	2.273382e-04	1.370847e-47	0.000000e+00	0.000000e+00	1.383762e-52	1.882589e-90	0.000000e+00	5.822449e-41	8.419305e-01	1.882589e-90	6.007889e-17	0.000000e+00	1.882589e-90	1.882589e-90	1.882589e-90	1.259160e-63	1.882589e-90	0.000000e+00	0.000000e+00	1.882589e-90	0.000000e+00	0.000000e+00	0.000000e+00	0.000000e+00	0.000000e+00	0.000000e+00	0.000000e+00	2.589830e-69	1.882589e-90	0.000000e+00	0.000000e+00	0.000000e+00	0.000000e+00	0.000000e+00	0.000000e+00	0.000000e+00	0.000000e+00	0.000000e+00	0.000000e+00	0.000000e+00	0.000000e+00	0.000000e+00	0.000000e+00	0.000000e+00	0.000000e+00	0.000000e+00	0.000000e+00	0.000000e+00	0.000000e+00	0.000000e+00	0.000000e+00	0.000000e+00	0.000000e+00	0.000000e+00	0.000000e+00	0.000000e+00	0.000000e+00	0.000000e+00	0.000000e+00	0.000000e+00	0.000000e+00	0.000000e+00	0.000000e+00	0.000000e+00	0.000000e+00	0.000000e+00	0.000000e+00	0.000000e+00	0.000000e+00	0.000000e+00	0.000000e+00	
1422.826783	1418.184710	1427.468856	176.346225	2.162802e+01	1.882568e-90	0.000000e+00	7.490258e-61	4.611819e-81	0.000000e+00	0.000000e+00	8.446208e-03	1.882568e-90	1.165941e-03	1.362426e-68	1.882568e-90	1.882568e-90	1.882568e-90	1.882568e-90	0.000000e+00	1.882568e-90	1.882568e-90	1.882568e-90	1.882568e-90	2.645868e-48	4.973113e-03	1.260809e-55	0.000000e+00	0.000000e+00	0.000000e+00	1.882568e-90	1.882568e-90	0.000000e+00	1.954655e-56	0.000000e+00	0.000000e+00	0.000000e+00	0.000000e+00	0.000000e+00	0.000000e+00	0.000000e+00	5.164071e-64	1.882568e-90	1.882568e-90	3.059731e-84	7.985374e-51	1.523739e-77	2.746750e-63	1.882568e-90	2.273088e-04	3.429870e-47	0.000000e+00	0.000000e+00	5.416279e-52	1.882568e-90	0.000000e+00	1.915407e-40	8.419329e-01	1.882568e-90	1.367487e-16	0.000000e+00	1.882568e-90	1.882568e-90	1.882568e-90	4.309227e-63	1.882568e-90	0.000000e+00	0.000000e+00	1.882568e-90	0.000000e+00	0.000000e+00	0.000000e+00	0.000000e+00	0.000000e+00	0.000000e+00	0.000000e+00	1.380649e-68	1.882568e-90	0.000000e+00	0.000000e+00	0.000000e+00	0.000000e+00	0.000000e+00	0.000000e+00	0.000000e+00	0.000000e+00	0.000000e+00	0.000000e+00	0.000000e+00	0.000000e+00	0.000000e+00	0.000000e+00	0.000000e+00	0.000000e+00	0.000000e+00	0.000000e+00	0.000000e+00	0.000000e+00	0.000000e+00	0.000000e+00	0.000000e+00	0.000000e+00	0.000000e+00	0.000000e+00	0.000000e+00	0.000000e+00	0.000000e+00	0.000000e+00	0.000000e+00	0.000000e+00	0.000000e+00	0.000000e+00	0.000000e+00	0.000000e+00	0.000000e+00	0.000000e+00	0.000000e+00	0.000000e+00	0.000000e+00	0.000000e+00	
1432.177732	1427.468856	1436.886608	178.869829	1.774904e+01	1.882584e-90	0.000000e+00	6.489373e-60	7.362608e-80	0.000000e+00	0.000000e+00	8.446137e-03	1.882584e-90	1.165880e-03	1.457566e-67	1.882584e-90	1.882584e-90	1.882584e-90	1.882584e-90	0.000000e+00	1.882584e-90	1.882584e-90	1.882584e-90	1.882584e-90	2.675893e-47	4.973692e-03	9.958272e-55	0.000000e+00	0.000000e+00	0.000000e+00	1.882584e-90	1.882584e-90	0.000000e+00	1.578610e-55	0.000000e+00	0.000000e+00	0.000000e+00	0.000000e+00	0.000000e+00	0.000000e+00	0.000000e+00	8.361424e-63	1.882584e-90	1.882584e-90	6.339391e-83	4.800960e-50	2.320983e-76	2.204609e-62	1.882584e-90	2.273409e-04	1.744228e-46	0.000000e+00	0.000000e+00	4.933750e-51	1.882584e-90	0.000000e+00	1.260988e-39	8.419311e-01	1.882584e-90	4.522309e-16	0.000000e+00	1.882584e-90	1.882584e-90	1.882584e-90	3.931872e-62	1.882584e-90	0.000000e+00	0.000000e+00	1.882584e-90	0.000000e+00	0.000000e+00	0.000000e+00	0.000000e+00	0.000000e+00	0.000000e+00	0.000000e+00	2.238078e-67	1.882584e-90	0.000000e+00	0.000000e+00	0.000000e+00	0.000000e+00	0.000000e+00	0.000000e+00	0.000000e+00	0.000000e+00	0.000000e+00	0.000000e+00	0.000000e+00	0.000000e+00	0.000000e+00	0.000000e+00	0.000000e+00	0.000000e+00	0.000000e+00	0.000000e+00	0.000000e+00	0.000000e+00	0.000000e+00	0.000000e+00	0.000000e+00	0.000000e+00	0.000000e+00	0.000000e+00	0.000000e+00	0.000000e+00	0.000000e+00	0.000000e+00	0.000000e+00	0.000000e+00	0.000000e+00	0.000000e+00	0.000000e+00	0.000000e+00	0.000000e+00	0.000000e+00	0.000000e+00	0.000000e+00	0.000000e+00	0.000000e+00	
1441.705695	1436.886608	1446.524781	183.043255	1.456575e+01	1.882565e-90	0.000000e+00	1.914147e-58	5.752294e-78	0.000000e+00	0.000000e+00	8.445420e-03	1.882565e-90	1.165886e-03	6.011383e-66	1.882565e-90	1.882565e-90	1.882565e-90	1.882565e-90	0.000000e+00	1.882565e-90	1.882565e-90	1.882565e-90	1.882565e-90	8.530453e-46	4.973348e-03	2.400027e-53	0.000000e+00	0.000000e+00	0.000000e+00	1.882565e-90	1.882565e-90	0.000000e+00	3.944565e-54	0.000000e+00	0.000000e+00	0.000000e+00	0.000000e+00	0.000000e+00	0.000000e+00	0.000000e+00	5.650167e-61	1.882565e-90	1.882565e-90	7.081659e-81	7.477043e-49	1.590578e-74	5.468457e-61	1.882565e-90	2.273389e-04	2.199524e-45	0.000000e+00	0.000000e+00	1.335762e-49	1.882565e-90	0.000000e+00	2.034729e-38	8.419340e-01	1.882565e-90	2.431355e-15	0.000000e+00	1.882565e-90	1.882565e-90	1.882565e-90	1.259545e-60	1.882565e-90	0.000000e+00	0.000000e+00	1.882565e-90	0.000000e+00	0.000000e+00	0.000000e+00	0.000000e+00	0.000000e+00	0.000000e+00	0.000000e+00	1.520668e-65	1.882565e-90	0.000000e+00	0.000000e+00	0.000000e+00	0.000000e+00	0.000000e+00	0.000000e+00	0.000000e+00	0.000000e+00	0.000000e+00	0.000000e+00	0.000000e+00	0.000000e+00	0.000000e+00	0.000000e+00	0.000000e+00	0.000000e+00	0.000000e+00	0.000000e+00	0.000000e+00	0.000000e+00	0.000000e+00	0.000000e+00	0.000000e+00	0.000000e+00	0.000000e+00	0.000000e+00	0.000000e+00	0.000000e+00	0.000000e+00	0.000000e+00	0.000000e+00	0.000000e+00	0.000000e+00	0.000000e+00	0.000000e+00	0.000000e+00	0.000000e+00	0.000000e+00	0.000000e+00	0.000000e+00	0.000000e+00	0.000000e+00	
1451.488933	1446.524781	1456.453085	188.536839	1.195339e+01	1.882596e-90	0.000000e+00	1.285082e-56	1.304488e-75	0.000000e+00	0.000000e+00	8.446512e-03	1.882596e-90	1.165868e-03	6.123449e-64	1.882596e-90	1.882596e-90	1.882596e-90	1.882596e-90	0.000000e+00	1.882596e-90	1.882596e-90	1.882596e-90	1.882596e-90	5.938963e-44	4.973113e-03	1.231084e-51	0.000000e+00	0.000000e+00	0.000000e+00	1.882596e-90	1.882596e-90	0.000000e+00	2.119393e-52	0.000000e+00	0.000000e+00	0.000000e+00	0.000000e+00	0.000000e+00	0.000000e+00	0.000000e+00	1.007241e-58	1.882596e-90	1.882596e-90	2.452715e-78	2.215808e-47	3.001647e-72	2.924578e-59	1.882596e-90	2.273331e-04	5.103774e-44	0.000000e+00	0.000000e+00	7.629437e-48	1.882596e-90	0.000000e+00	6.087783e-37	8.419302e-01	1.882596e-90	1.834339e-14	0.000000e+00	1.882596e-90	1.882596e-90	1.882596e-90	9.378836e-59	2.070488e-90	0.000000e+00	0.000000e+00	1.882596e-90	0.000000e+00	0.000000e+00	0.000000e+00	0.000000e+00	0.000000e+00	0.000000e+00	0.000000e+00	2.747640e-63	6.391304e-90	0.000000e+00	0.000000e+00	0.000000e+00	0.000000e+00	0.000000e+00	0.000000e+00	0.000000e+00	0.000000e+00	0.000000e+00	0.000000e+00	0.000000e+00	0.000000e+00	0.000000e+00	0.000000e+00	0.000000e+00	0.000000e+00	0.000000e+00	0.000000e+00	0.000000e+00	0.000000e+00	0.000000e+00	0.000000e+00	0.000000e+00	0.000000e+00	0.000000e+00	0.000000e+00	0.000000e+00	0.000000e+00	0.000000e+00	0.000000e+00	0.000000e+00	0.000000e+00	0.000000e+00	0.000000e+00	0.000000e+00	0.000000e+00	0.000000e+00	0.000000e+00	0.000000e+00	0.000000e+00	0.000000e+00	0.000000e+00	
1461.558727	1456.453085	1466.664370	193.899246	9.809551e+00	1.882706e-90	0.000000e+00	6.278934e-55	1.957700e-73	0.000000e+00	0.000000e+00	8.447276e-03	1.882706e-90	1.165991e-03	4.386700e-62	1.882706e-90	1.882706e-90	1.882706e-90	1.882706e-90	0.000000e+00	1.882706e-90	1.882706e-90	1.882706e-90	1.882706e-90	3.111093e-42	4.974461e-03	4.766724e-50	0.000000e+00	0.000000e+00	0.000000e+00	1.882706e-90	1.746072e-88	0.000000e+00	8.579685e-51	0.000000e+00	0.000000e+00	0.000000e+00	0.000000e+00	0.000000e+00	0.000000e+00	0.000000e+00	1.257855e-56	1.882706e-90	1.882706e-90	5.490611e-76	5.159126e-46	3.850352e-70	1.183024e-57	1.882706e-90	2.273523e-04	9.359024e-43	0.000000e+00	0.000000e+00	3.350524e-46	8.715952e-90	0.000000e+00	1.472415e-35	8.419199e-01	1.882706e-90	1.240890e-13	0.000000e+00	1.882706e-90	1.882706e-90	1.882706e-90	5.045267e-57	1.470222e-87	0.000000e+00	0.000000e+00	1.882706e-90	0.000000e+00	0.000000e+00	0.000000e+00	0.000000e+00	0.000000e+00	0.000000e+00	0.000000e+00	3.496010e-61	3.727083e-88	0.000000e+00	0.000000e+00	0.000000e+00	0.000000e+00	0.000000e+00	0.000000e+00	0.000000e+00	0.000000e+00	0.000000e+00	0.000000e+00	0.000000e+00	0.000000e+00	0.000000e+00	0.000000e+00	0.000000e+00	0.000000e+00	0.000000e+00	0.000000e+00	0.000000e+00	0.000000e+00	0.000000e+00	0.000000e+00	0.000000e+00	0.000000e+00	0.000000e+00	0.000000e+00	0.000000e+00	0.000000e+00	0.000000e+00	0.000000e+00	0.000000e+00	0.000000e+00	0.000000e+00	0.000000e+00	0.000000e+00	0.000000e+00	0.000000e+00	0.000000e+00	0.000000e+00	0.000000e+00	0.000000e+00	0.000000e+00	
1471.871896	1466.664370	1477.079423	197.756749	8.050210e+00	1.882707e-90	0.000000e+00	9.351160e-54	6.295536e-72	0.000000e+00	0.000000e+00	8.446792e-03	1.882707e-90	1.165975e-03	8.484997e-61	1.882707e-90	1.882707e-90	1.882707e-90	1.882707e-90	0.000000e+00	1.882707e-90	1.882707e-90	1.882707e-90	1.882707e-90	5.369071e-41	4.973522e-03	6.265304e-49	0.000000e+00	0.000000e+00	0.000000e+00	1.882707e-90	2.387611e-86	0.000000e+00	1.163270e-49	0.000000e+00	0.000000e+00	0.000000e+00	0.000000e+00	0.000000e+00	0.000000e+00	0.000000e+00	3.943864e-55	1.882707e-90	1.882707e-90	2.398548e-74	4.778007e-45	1.149661e-68	1.607505e-56	1.882707e-90	2.273511e-04	7.112134e-42	0.000000e+00	0.000000e+00	5.140237e-45	1.190613e-87	0.000000e+00	1.499986e-34	8.419210e-01	1.882707e-90	5.265196e-13	0.000000e+00	1.882707e-90	1.882707e-90	1.882707e-90	8.025196e-56	1.468801e-85	0.000000e+00	0.000000e+00	1.882707e-90	0.000000e+00	0.000000e+00	0.000000e+00	0.000000e+00	0.000000e+00	0.000000e+00	0.000000e+00	1.114009e-59	6.176186e-87	0.000000e+00	0.000000e+00	0.000000e+00	0.000000e+00	0.000000e+00	0.000000e+00	0.000000e+00	0.000000e+00	0.000000e+00	0.000000e+00	0.000000e+00	0.000000e+00	0.000000e+00	0.000000e+00	0.000000e+00	0.000000e+00	0.000000e+00	0.000000e+00	0.000000e+00	0.000000e+00	0.000000e+00	0.000000e+00	0.000000e+00	0.000000e+00	0.000000e+00	0.000000e+00	0.000000e+00	0.000000e+00	0.000000e+00	0.000000e+00	0.000000e+00	0.000000e+00	0.000000e+00	0.000000e+00	0.000000e+00	0.000000e+00	0.000000e+00	0.000000e+00	0.000000e+00	0.000000e+00	0.000000e+00	0.000000e+00	
1482.342975	1477.079423	1487.606527	199.874252	6.606406e+00	1.882723e-90	0.000000e+00	4.130007e-53	4.189762e-71	0.000000e+00	0.000000e+00	8.446593e-03	1.882723e-90	1.165987e-03	4.305976e-60	1.882723e-90	1.882723e-90	1.882723e-90	1.882723e-90	0.000000e+00	1.882723e-90	1.882723e-90	1.882723e-90	1.882723e-90	2.953277e-40	4.973484e-03	2.715350e-48	0.000000e+00	0.000000e+00	0.000000e+00	1.882723e-90	3.957337e-85	0.000000e+00	5.127406e-49	0.000000e+00	0.000000e+00	0.000000e+00	0.000000e+00	0.000000e+00	0.000000e+00	0.000000e+00	2.982593e-54	1.882723e-90	1.882723e-90	1.968650e-73	1.717549e-44	7.709144e-68	7.098134e-56	1.882723e-90	2.273588e-04	2.194825e-41	0.000000e+00	0.000000e+00	2.658656e-44	1.970393e-86	0.000000e+00	6.237657e-34	8.419202e-01	1.882723e-90	1.372128e-12	0.000000e+00	1.882723e-90	1.882723e-90	1.882723e-90	3.671489e-55	1.964668e-84	0.000000e+00	0.000000e+00	1.882723e-90	0.000000e+00	0.000000e+00	0.000000e+00	0.000000e+00	0.000000e+00	0.000000e+00	0.000000e+00	8.507619e-59	2.772911e-86	0.000000e+00	0.000000e+00	0.000000e+00	0.000000e+00	0.000000e+00	0.000000e+00	0.000000e+00	0.000000e+00	0.000000e+00	0.000000e+00	0.000000e+00	0.000000e+00	0.000000e+00	0.000000e+00	0.000000e+00	0.000000e+00	0.000000e+00	0.000000e+00	0.000000e+00	0.000000e+00	0.000000e+00	0.000000e+00	0.000000e+00	0.000000e+00	0.000000e+00	0.000000e+00	0.000000e+00	0.000000e+00	0.000000e+00	0.000000e+00	0.000000e+00	0.000000e+00	0.000000e+00	0.000000e+00	0.000000e+00	0.000000e+00	0.000000e+00	0.000000e+00	0.000000e+00	0.000000e+00	0.000000e+00	0.000000e+00	
1492.900931	1487.606527	1498.195335	201.037537	5.421549e+00	1.882604e-90	0.000000e+00	9.647124e-53	1.221394e-70	0.000000e+00	0.000000e+00	8.446141e-03	1.882604e-90	1.165935e-03	1.084073e-59	1.882604e-90	7.133447e-90	1.882604e-90	1.882604e-90	0.000000e+00	1.882604e-90	1.882604e-90	1.882604e-90	1.882604e-90	8.906680e-40	4.973653e-03	6.572394e-48	0.000000e+00	0.000000e+00	0.000000e+00	1.882604e-90	2.166748e-84	0.000000e+00	1.252638e-48	0.000000e+00	0.000000e+00	0.000000e+00	0.000000e+00	0.000000e+00	0.000000e+00	0.000000e+00	1.068496e-53	1.882604e-90	1.882604e-90	6.726539e-73	3.756397e-44	2.361733e-67	1.735699e-55	1.882604e-90	2.273433e-04	4.223230e-41	0.000000e+00	0.000000e+00	7.757588e-44	1.077543e-85	0.000000e+00	1.617683e-33	8.419295e-01	1.882604e-90	2.763538e-12	0.000000e+00	1.882604e-90	1.882604e-90	1.882604e-90	8.741371e-55	9.151562e-84	0.000000e+00	0.000000e+00	1.882604e-90	0.000000e+00	0.000000e+00	0.000000e+00	0.000000e+00	0.000000e+00	0.000000e+00	0.000000e+00	3.064820e-58	6.253043e-86	0.000000e+00	0.000000e+00	0.000000e+00	0.000000e+00	0.000000e+00	0.000000e+00	0.000000e+00	0.000000e+00	0.000000e+00	0.000000e+00	0.000000e+00	0.000000e+00	0.000000e+00	0.000000e+00	0.000000e+00	0.000000e+00	0.000000e+00	0.000000e+00	0.000000e+00	0.000000e+00	0.000000e+00	0.000000e+00	0.000000e+00	0.000000e+00	0.000000e+00	0.000000e+00	0.000000e+00	0.000000e+00	0.000000e+00	0.000000e+00	0.000000e+00	0.000000e+00	0.000000e+00	0.000000e+00	0.000000e+00	0.000000e+00	0.000000e+00	0.000000e+00	0.000000e+00	0.000000e+00	0.000000e+00	0.000000e+00	
1503.513755	1498.195335	1508.832175	201.941248	4.449195e+00	1.882679e-90	0.000000e+00	1.895256e-52	2.845642e-70	0.000000e+00	0.000000e+00	8.446925e-03	1.882679e-90	1.165915e-03	2.256027e-59	1.882679e-90	2.604012e-89	1.882679e-90	1.882679e-90	0.000000e+00	1.882679e-90	1.882679e-90	1.882679e-90	1.882679e-90	2.281714e-39	4.973555e-03	1.358086e-47	0.000000e+00	0.000000e+00	0.000000e+00	1.882679e-90	8.779308e-84	0.000000e+00	2.606548e-48	0.000000e+00	0.000000e+00	0.000000e+00	0.000000e+00	0.000000e+00	0.000000e+00	0.000000e+00	3.124502e-53	1.882679e-90	1.882679e-90	1.811420e-72	7.178648e-44	5.849355e-67	3.616023e-55	1.882679e-90	2.273309e-04	7.147654e-41	0.000000e+00	0.000000e+00	1.937814e-43	4.361621e-85	0.000000e+00	3.691220e-33	8.419235e-01	1.882679e-90	5.190096e-12	0.000000e+00	1.882679e-90	1.882679e-90	1.882679e-90	1.742671e-54	3.200880e-83	0.000000e+00	0.000000e+00	1.882679e-90	0.000000e+00	0.000000e+00	0.000000e+00	0.000000e+00	0.000000e+00	0.000000e+00	0.000000e+00	9.003398e-58	1.170278e-85	0.000000e+00	0.000000e+00	0.000000e+00	0.000000e+00	0.000000e+00	0.000000e+00	0.000000e+00	0.000000e+00	0.000000e+00	0.000000e+00	0.000000e+00	0.000000e+00	0.000000e+00	0.000000e+00	0.000000e+00	0.000000e+00	0.000000e+00	0.000000e+00	0.000000e+00	0.000000e+00	0.000000e+00	0.000000e+00	0.000000e+00	0.000000e+00	0.000000e+00	0.000000e+00	0.000000e+00	0.000000e+00	0.000000e+00	0.000000e+00	0.000000e+00	0.000000e+00	0.000000e+00	0.000000e+00	0.000000e+00	0.000000e+00	0.000000e+00	0.000000e+00	0.000000e+00	0.000000e+00	0.000000e+00	0.000000e+00	
1514.175516	1508.832175	1519.518857	202.879654	3.651233e+00	1.882614e-90	0.000000e+00	3.786537e-52	6.774388e-70	0.000000e+00	0.000000e+00	8.446105e-03	1.882614e-90	1.165835e-03	4.782058e-59	1.882614e-90	9.785718e-89	1.882614e-90	1.882614e-90	0.000000e+00	1.882614e-90	1.882614e-90	1.882614e-90	1.882614e-90	5.940202e-39	4.974071e-03	2.850088e-47	0.000000e+00	0.000000e+00	0.000000e+00	1.882614e-90	3.664795e-83	0.000000e+00	5.511538e-48	0.000000e+00	0.000000e+00	0.000000e+00	0.000000e+00	0.000000e+00	0.000000e+00	0.000000e+00	9.322488e-53	1.882614e-90	1.882614e-90	4.992664e-72	1.390405e-43	1.478958e-66	7.651943e-55	1.882614e-90	2.273399e-04	1.224998e-40	0.000000e+00	0.000000e+00	4.916664e-43	1.818547e-84	0.000000e+00	8.530024e-33	8.419286e-01	1.882614e-90	9.816802e-12	0.000000e+00	1.882614e-90	1.882614e-90	1.882614e-90	3.535026e-54	1.151291e-82	0.000000e+00	0.000000e+00	1.882614e-90	0.000000e+00	0.000000e+00	0.000000e+00	0.000000e+00	0.000000e+00	0.000000e+00	0.000000e+00	2.698873e-57	2.230549e-85	0.000000e+00	0.000000e+00	0.000000e+00	0.000000e+00	0.000000e+00	0.000000e+00	0.000000e+00	0.000000e+00	0.000000e+00	0.000000e+00	0.000000e+00	0.000000e+00	0.000000e+00	0.000000e+00	0.000000e+00	0.000000e+00	0.000000e+00	0.000000e+00	0.000000e+00	0.000000e+00	0.000000e+00	0.000000e+00	0.000000e+00	0.000000e+00	0.000000e+00	0.000000e+00	0.000000e+00	0.000000e+00	0.000000e+00	0.000000e+00	0.000000e+00	0.000000e+00	0.000000e+00	0.000000e+00	0.000000e+00	0.000000e+00	0.000000e+00	0.000000e+00	0.000000e+00	0.000000e+00	0.000000e+00	0.000000e+00	
1524.894333	1519.518857	1530.269809	204.095562	2.996385e+00	1.882676e-90	0.000000e+00	8.944451e-52	2.003795e-69	0.000000e+00	0.000000e+00	8.446519e-03	1.882676e-90	1.166010e-03	1.218860e-58	1.882676e-90	4.918322e-88	1.882676e-90	1.882676e-90	0.000000e+00	1.882676e-90	1.882676e-90	1.882676e-90	1.882676e-90	1.813041e-38	4.974040e-03	6.975611e-47	0.000000e+00	0.000000e+00	0.000000e+00	1.882676e-90	2.048606e-82	0.000000e+00	1.361703e-47	0.000000e+00	0.000000e+00	0.000000e+00	0.000000e+00	0.000000e+00	0.000000e+00	0.000000e+00	3.389297e-52	1.882676e-90	1.882676e-90	1.732793e-71	3.070296e-43	4.596843e-66	1.893923e-54	1.882676e-90	2.273594e-04	2.377188e-40	0.000000e+00	0.000000e+00	1.452285e-42	1.015028e-83	0.000000e+00	2.235429e-32	8.419236e-01	1.882676e-90	1.990231e-11	0.000000e+00	1.882676e-90	1.882676e-90	1.882676e-90	8.513747e-54	5.468150e-82	0.000000e+00	0.000000e+00	1.882676e-90	0.000000e+00	0.000000e+00	0.000000e+00	0.000000e+00	0.000000e+00	0.000000e+00	0.000000e+00	9.874860e-57	5.109888e-85	0.000000e+00	0.000000e+00	0.000000e+00	0.000000e+00	0.000000e+00	0.000000e+00	0.000000e+00	0.000000e+00	0.000000e+00	0.000000e+00	0.000000e+00	0.000000e+00	0.000000e+00	0.000000e+00	0.000000e+00	0.000000e+00	0.000000e+00	0.000000e+00	0.000000e+00	0.000000e+00	0.000000e+00	0.000000e+00	0.000000e+00	0.000000e+00	0.000000e+00	0.000000e+00	0.000000e+00	0.000000e+00	0.000000e+00	0.000000e+00	0.000000e+00	0.000000e+00	0.000000e+00	0.000000e+00	0.000000e+00	0.000000e+00	0.000000e+00	0.000000e+00	0.000000e+00	0.000000e+00	0.000000e+00	0.000000e+00	
1535.688189	1530.269809	1541.106569	205.719357	2.458984e+00	1.882606e-90	0.000000e+00	2.689879e-51	8.102498e-69	0.000000e+00	0.000000e+00	8.445969e-03	1.882606e-90	1.165864e-03	4.049875e-58	1.882606e-90	3.755973e-87	1.882606e-90	1.882606e-90	0.000000e+00	1.882606e-90	1.882606e-90	1.882606e-90	1.882606e-90	6.958360e-38	4.973156e-03	2.130548e-46	0.000000e+00	0.000000e+00	0.000000e+00	1.882606e-90	1.744838e-81	0.000000e+00	4.211055e-47	0.000000e+00	0.000000e+00	0.000000e+00	0.000000e+00	0.000000e+00	0.000000e+00	0.000000e+00	1.637714e-51	1.882606e-90	1.882606e-90	8.382502e-71	8.187466e-43	1.923061e-65	5.871664e-54	1.882606e-90	2.273480e-04	5.516746e-40	0.000000e+00	0.000000e+00	5.339377e-42	8.625574e-83	0.000000e+00	7.020287e-32	8.419301e-01	1.882606e-90	4.455295e-11	0.000000e+00	1.882606e-90	1.882606e-90	1.882606e-90	2.626123e-53	3.876570e-81	0.000000e+00	0.000000e+00	1.882606e-90	0.000000e+00	0.000000e+00	0.000000e+00	0.000000e+00	0.000000e+00	0.000000e+00	0.000000e+00	4.812888e-56	1.524497e-84	0.000000e+00	0.000000e+00	0.000000e+00	0.000000e+00	0.000000e+00	0.000000e+00	0.000000e+00	0.000000e+00	0.000000e+00	0.000000e+00	0.000000e+00	0.000000e+00	0.000000e+00	0.000000e+00	0.000000e+00	0.000000e+00	0.000000e+00	0.000000e+00	0.000000e+00	0.000000e+00	0.000000e+00	0.000000e+00	0.000000e+00	0.000000e+00	0.000000e+00	0.000000e+00	0.000000e+00	0.000000e+00	0.000000e+00	0.000000e+00	0.000000e+00	0.000000e+00	0.000000e+00	0.000000e+00	0.000000e+00	0.000000e+00	0.000000e+00	0.000000e+00	0.000000e+00	0.000000e+00	0.000000e+00	0.000000e+00	
1546.580442	1541.106569	1552.054315	207.821484	2.017966e+00	1.882654e-90	0.000000e+00	1.062252e-50	4.663310e-68	0.000000e+00	0.000000e+00	8.446661e-03	1.882654e-90	1.165997e-03	1.815738e-57	1.882654e-90	4.604335e-86	1.882654e-90	1.882654e-90	0.000000e+00	1.882654e-90	1.882654e-90	1.882654e-90	1.882654e-90	3.463504e-37	4.973953e-03	8.364861e-46	0.000000e+00	0.000000e+00	0.000000e+00	1.882654e-90	2.394218e-80	0.000000e+00	1.680270e-46	0.000000e+00	0.000000e+00	0.000000e+00	0.000000e+00	0.000000e+00	0.000000e+00	0.000000e+00	1.092849e-50	1.882654e-90	1.882654e-90	5.899659e-70	2.703170e-42	1.125701e-64	2.350439e-53	1.882654e-90	2.273479e-04	1.566960e-39	0.000000e+00	0.000000e+00	2.518024e-41	1.179221e-81	0.000000e+00	2.709739e-31	8.419246e-01	1.882654e-90	1.117532e-10	0.000000e+00	1.882654e-90	1.882654e-90	1.882654e-90	1.071535e-52	4.323829e-80	0.000000e+00	0.000000e+00	1.882654e-90	0.000000e+00	0.000000e+00	0.000000e+00	0.000000e+00	0.000000e+00	0.000000e+00	0.000000e+00	3.249621e-55	6.144688e-84	0.000000e+00	0.000000e+00	0.000000e+00	0.000000e+00	0.000000e+00	0.000000e+00	0.000000e+00	0.000000e+00	0.000000e+00	0.000000e+00	0.000000e+00	0.000000e+00	0.000000e+00	0.000000e+00	0.000000e+00	0.000000e+00	0.000000e+00	0.000000e+00	0.000000e+00	0.000000e+00	0.000000e+00	0.000000e+00	0.000000e+00	0.000000e+00	0.000000e+00	0.000000e+00	0.000000e+00	0.000000e+00	0.000000e+00	0.000000e+00	0.000000e+00	0.000000e+00	0.000000e+00	0.000000e+00	0.000000e+00	0.000000e+00	0.000000e+00	0.000000e+00	0.000000e+00	0.000000e+00	0.000000e+00	0.000000e+00	
1557.598812	1552.054315	1563.143308	210.499880	1.656044e+00	1.882739e-90	0.000000e+00	5.738150e-50	4.026627e-67	0.000000e+00	0.000000e+00	8.447096e-03	1.882739e-90	1.166102e-03	1.148408e-56	1.882739e-90	9.725869e-85	1.882739e-90	1.882739e-90	0.000000e+00	1.882739e-90	1.882739e-90	1.882739e-90	1.882739e-90	2.324556e-36	4.973878e-03	4.382182e-45	0.000000e+00	0.000000e+00	0.000000e+00	1.882739e-90	5.682680e-79	0.000000e+00	8.982029e-46	0.000000e+00	0.000000e+00	0.000000e+00	0.000000e+00	0.000000e+00	0.000000e+00	0.000000e+00	1.056961e-49	1.882739e-90	1.882739e-90	6.390130e-69	1.141243e-41	9.696533e-64	1.262764e-52	1.882739e-90	2.273601e-04	5.614823e-39	0.000000e+00	0.000000e+00	1.581657e-40	2.784729e-80	0.000000e+00	1.326087e-30	8.419179e-01	1.882739e-90	3.196013e-10	0.000000e+00	1.882739e-90	1.882739e-90	1.882739e-90	6.027851e-52	8.118225e-79	0.000000e+00	0.000000e+00	1.882739e-90	0.000000e+00	0.000000e+00	0.000000e+00	0.000000e+00	0.000000e+00	0.000000e+00	0.000000e+00	3.192109e-54	3.504169e-83	0.000000e+00	0.000000e+00	0.000000e+00	0.000000e+00	0.000000e+00	0.000000e+00	0.000000e+00	0.000000e+00	0.000000e+00	0.000000e+00	0.000000e+00	0.000000e+00	0.000000e+00	0.000000e+00	0.000000e+00	0.000000e+00	0.000000e+00	0.000000e+00	0.000000e+00	0.000000e+00	0.000000e+00	0.000000e+00	0.000000e+00	0.000000e+00	0.000000e+00	0.000000e+00	0.000000e+00	0.000000e+00	0.000000e+00	0.000000e+00	0.000000e+00	0.000000e+00	0.000000e+00	0.000000e+00	0.000000e+00	0.000000e+00	0.000000e+00	0.000000e+00	0.000000e+00	0.000000e+00	0.000000e+00	0.000000e+00	
1568.774482	1563.143308	1574.405656	213.788503	1.359033e+00	1.882632e-90	0.000000e+00	4.219598e-49	5.183165e-66	0.000000e+00	0.000000e+00	8.447258e-03	1.882632e-90	1.165891e-03	1.018732e-55	1.882632e-90	3.512183e-83	1.882632e-90	1.882632e-90	0.000000e+00	1.882632e-90	1.882632e-90	1.882632e-90	1.882632e-90	2.097100e-35	4.974031e-03	3.052609e-44	0.000000e+00	0.000000e+00	0.000000e+00	1.882632e-90	2.317302e-77	0.000000e+00	6.411949e-45	0.000000e+00	0.000000e+00	0.000000e+00	0.000000e+00	0.000000e+00	0.000000e+00	0.000000e+00	1.475128e-48	1.882632e-90	1.882632e-90	1.057932e-67	6.138445e-41	1.221937e-62	9.073361e-52	1.882632e-90	2.273370e-04	2.528540e-38	0.000000e+00	0.000000e+00	1.319893e-39	1.127250e-78	0.000000e+00	8.215068e-30	8.419257e-01	1.882632e-90	1.041198e-09	0.000000e+00	1.882632e-90	1.882632e-90	1.882632e-90	4.653010e-51	2.547766e-77	0.000000e+00	0.000000e+00	1.882632e-90	0.000000e+00	0.000000e+00	0.000000e+00	0.000000e+00	0.000000e+00	0.000000e+00	0.000000e+00	4.544353e-53	2.819937e-82	0.000000e+00	0.000000e+00	0.000000e+00	0.000000e+00	0.000000e+00	0.000000e+00	0.000000e+00	0.000000e+00	0.000000e+00	0.000000e+00	0.000000e+00	0.000000e+00	0.000000e+00	0.000000e+00	0.000000e+00	0.000000e+00	0.000000e+00	0.000000e+00	0.000000e+00	0.000000e+00	0.000000e+00	0.000000e+00	0.000000e+00	0.000000e+00	0.000000e+00	0.000000e+00	0.000000e+00	0.000000e+00	0.000000e+00	0.000000e+00	0.000000e+00	0.000000e+00	0.000000e+00	0.000000e+00	0.000000e+00	0.000000e+00	0.000000e+00	0.000000e+00	0.000000e+00	0.000000e+00	0.000000e+00	0.000000e+00	
1580.131234	1574.405656	1585.856812	217.368018	1.115291e+00	1.882696e-90	0.000000e+00	3.442206e-48	7.629083e-65	0.000000e+00	0.000000e+00	8.446417e-03	1.882696e-90	1.165936e-03	1.012538e-54	1.882696e-90	1.521791e-81	1.882696e-90	1.882696e-90	0.000000e+00	5.366690e-89	1.882696e-90	1.882696e-90	1.882696e-90	2.094888e-34	4.973995e-03	2.343640e-43	0.000000e+00	0.000000e+00	0.000000e+00	1.882696e-90	1.136468e-75	0.000000e+00	5.053747e-44	0.000000e+00	0.000000e+00	0.000000e+00	0.000000e+00	0.000000e+00	0.000000e+00	0.000000e+00	2.336186e-47	1.882696e-90	1.882696e-90	2.020901e-66	3.587450e-40	1.751742e-61	7.208496e-51	5.741604e-90	2.273508e-04	1.229993e-37	0.000000e+00	0.000000e+00	1.216599e-38	5.479806e-77	0.000000e+00	5.529098e-29	8.419219e-01	1.882696e-90	3.557740e-09	0.000000e+00	1.882696e-90	1.882696e-90	1.882696e-90	3.995265e-50	9.518047e-76	0.000000e+00	0.000000e+00	1.882696e-90	0.000000e+00	0.000000e+00	0.000000e+00	0.000000e+00	0.000000e+00	0.000000e+00	0.000000e+00	7.360343e-52	2.563003e-81	0.000000e+00	0.000000e+00	0.000000e+00	0.000000e+00	0.000000e+00	0.000000e+00	0.000000e+00	0.000000e+00	0.000000e+00	0.000000e+00	0.000000e+00	0.000000e+00	0.000000e+00	0.000000e+00	0.000000e+00	0.000000e+00	0.000000e+00	0.000000e+00	0.000000e+00	0.000000e+00	0.000000e+00	0.000000e+00	0.000000e+00	0.000000e+00	0.000000e+00	0.000000e+00	0.000000e+00	0.000000e+00	0.000000e+00	0.000000e+00	0.000000e+00	0.000000e+00	0.000000e+00	0.000000e+00	0.000000e+00	0.000000e+00	0.000000e+00	0.000000e+00	0.000000e+00	0.000000e+00	0.000000e+00	0.000000e+00	
1591.669240	1585.856812	1597.481668	220.662578	9.152635e-01	1.882682e-90	0.000000e+00	2.263693e-47	8.493901e-64	0.000000e+00	0.000000e+00	8.446616e-03	1.882682e-90	1.165905e-03	7.937717e-54	4.313875e-89	4.543898e-80	1.882682e-90	1.882682e-90	0.000000e+00	1.559554e-87	1.882682e-90	1.882682e-90	1.882682e-90	1.709048e-33	4.973630e-03	1.478239e-42	0.000000e+00	0.000000e+00	0.000000e+00	1.882682e-90	3.834001e-74	0.000000e+00	3.263594e-43	0.000000e+00	0.000000e+00	0.000000e+00	0.000000e+00	0.000000e+00	0.000000e+00	0.000000e+00	2.875446e-46	1.882682e-90	1.882682e-90	2.869969e-65	1.772655e-39	1.927279e-60	4.693935e-50	1.177656e-88	2.273519e-04	5.099447e-37	0.000000e+00	0.000000e+00	9.250108e-38	1.832195e-75	0.000000e+00	3.176112e-28	8.419231e-01	1.882682e-90	1.115133e-08	0.000000e+00	1.882682e-90	1.882682e-90	1.882682e-90	2.750239e-49	2.489874e-74	0.000000e+00	0.000000e+00	1.882682e-90	0.000000e+00	0.000000e+00	0.000000e+00	0.000000e+00	0.000000e+00	0.000000e+00	0.000000e+00	9.256459e-51	1.849711e-80	0.000000e+00	0.000000e+00	0.000000e+00	0.000000e+00	0.000000e+00	0.000000e+00	0.000000e+00	0.000000e+00	0.000000e+00	0.000000e+00	0.000000e+00	0.000000e+00	0.000000e+00	0.000000e+00	0.000000e+00	0.000000e+00	0.000000e+00	0.000000e+00	0.000000e+00	0.000000e+00	0.000000e+00	0.000000e+00	0.000000e+00	0.000000e+00	0.000000e+00	0.000000e+00	0.000000e+00	0.000000e+00	0.000000e+00	0.000000e+00	0.000000e+00	0.000000e+00	0.000000e+00	0.000000e+00	0.000000e+00	0.000000e+00	0.000000e+00	0.000000e+00	0.000000e+00	0.000000e+00	0.000000e+00	0.000000e+00	
1603.363397	1597.481668	1609.245126	223.292903	7.511111e-01	1.882652e-90	0.000000e+00	1.000967e-46	5.655238e-63	0.000000e+00	0.000000e+00	8.446775e-03	1.882652e-90	1.165906e-03	4.022559e-53	8.967026e-88	6.816579e-79	1.882652e-90	1.882652e-90	0.000000e+00	2.240223e-86	1.882652e-90	1.882652e-90	1.882652e-90	9.563751e-33	4.973900e-03	6.476280e-42	0.000000e+00	0.000000e+00	0.000000e+00	1.882652e-90	6.470846e-73	0.000000e+00	1.456682e-42	0.000000e+00	0.000000e+00	0.000000e+00	0.000000e+00	0.000000e+00	0.000000e+00	0.000000e+00	2.215846e-45	1.882652e-90	1.882652e-90	2.360589e-64	6.419972e-39	1.300469e-59	2.109378e-49	1.292668e-87	2.273424e-04	1.575105e-36	0.000000e+00	0.000000e+00	4.904576e-37	3.068154e-74	0.000000e+00	1.354277e-27	8.419252e-01	1.882652e-90	2.967199e-08	0.000000e+00	1.882652e-90	1.882652e-90	1.882652e-90	1.260283e-48	3.370488e-73	0.000000e+00	0.000000e+00	1.882652e-90	0.000000e+00	0.000000e+00	0.000000e+00	0.000000e+00	0.000000e+00	0.000000e+00	0.000000e+00	7.260094e-50	8.638823e-80	0.000000e+00	0.000000e+00	0.000000e+00	0.000000e+00	0.000000e+00	0.000000e+00	0.000000e+00	0.000000e+00	0.000000e+00	0.000000e+00	0.000000e+00	0.000000e+00	0.000000e+00	0.000000e+00	0.000000e+00	0.000000e+00	0.000000e+00	0.000000e+00	0.000000e+00	0.000000e+00	0.000000e+00	0.000000e+00	0.000000e+00	0.000000e+00	0.000000e+00	0.000000e+00	0.000000e+00	0.000000e+00	0.000000e+00	0.000000e+00	0.000000e+00	0.000000e+00	0.000000e+00	0.000000e+00	0.000000e+00	0.000000e+00	0.000000e+00	0.000000e+00	0.000000e+00	0.000000e+00	0.000000e+00	0.000000e+00	
1615.179449	1609.245126	1621.113772	225.288624	6.163995e-01	1.882745e-90	0.000000e+00	3.100279e-46	2.374394e-62	0.000000e+00	0.000000e+00	8.447056e-03	1.882745e-90	1.165805e-03	1.378439e-52	9.484022e-87	5.511380e-78	1.882745e-90	1.882745e-90	0.000000e+00	1.709524e-85	1.882745e-90	1.882745e-90	1.882745e-90	3.811564e-32	4.973405e-03	2.044392e-41	0.000000e+00	0.000000e+00	0.000000e+00	1.882745e-90	5.858665e-72	0.000000e+00	4.662246e-42	0.000000e+00	0.000000e+00	0.000000e+00	0.000000e+00	0.000000e+00	0.000000e+00	0.000000e+00	1.120255e-44	1.882745e-90	1.882745e-90	1.189766e-63	1.759331e-38	5.659116e-59	6.790488e-49	8.087386e-87	2.273535e-04	3.736725e-36	0.000000e+00	0.000000e+00	1.878994e-36	2.761233e-73	0.000000e+00	4.412171e-27	8.419182e-01	1.882745e-90	6.806112e-08	0.000000e+00	1.882745e-90	1.882745e-90	1.882745e-90	4.007949e-48	2.524605e-72	0.000000e+00	0.000000e+00	1.882745e-90	0.000000e+00	0.000000e+00	0.000000e+00	0.000000e+00	0.000000e+00	0.000000e+00	0.000000e+00	3.720934e-49	2.724282e-79	0.000000e+00	0.000000e+00	0.000000e+00	0.000000e+00	0.000000e+00	0.000000e+00	0.000000e+00	0.000000e+00	0.000000e+00	0.000000e+00	0.000000e+00	0.000000e+00	0.000000e+00	0.000000e+00	0.000000e+00	0.000000e+00	0.000000e+00	0.000000e+00	0.000000e+00	0.000000e+00	0.000000e+00	0.000000e+00	0.000000e+00	0.000000e+00	0.000000e+00	0.000000e+00	0.000000e+00	0.000000e+00	0.000000e+00	0.000000e+00	0.000000e+00	0.000000e+00	0.000000e+00	0.000000e+00	0.000000e+00	0.000000e+00	0.000000e+00	0.000000e+00	0.000000e+00	0.000000e+00	0.000000e+00	0.000000e+00	
1627.088762	1621.113772	1633.063752	226.829260	5.058484e-01	1.882588e-90	0.000000e+00	7.497567e-46	7.234579e-62	0.000000e+00	0.000000e+00	8.446057e-03	1.882588e-90	1.165586e-03	3.598930e-52	6.265835e-86	2.898298e-77	1.882588e-90	1.882588e-90	0.000000e+00	8.401109e-85	1.882588e-90	1.882588e-90	1.882588e-90	1.199146e-31	4.972787e-03	5.136891e-41	0.000000e+00	0.000000e+00	0.000000e+00	1.882588e-90	3.439530e-71	0.000000e+00	1.184010e-41	0.000000e+00	0.000000e+00	0.000000e+00	0.000000e+00	0.000000e+00	0.000000e+00	0.000000e+00	4.223211e-44	1.882588e-90	1.882588e-90	4.265549e-63	3.969704e-38	1.814541e-58	1.731928e-48	3.418610e-86	2.273436e-04	7.378045e-36	0.000000e+00	0.000000e+00	5.737704e-36	1.613258e-72	0.000000e+00	1.191088e-26	8.419321e-01	1.882588e-90	1.407141e-07	0.000000e+00	7.659349e-90	1.882588e-90	1.882588e-90	9.888655e-48	1.252790e-71	0.000000e+00	0.000000e+00	1.882588e-90	0.000000e+00	0.000000e+00	0.000000e+00	0.000000e+00	0.000000e+00	0.000000e+00	0.000000e+00	1.417563e-48	6.526974e-79	0.000000e+00	0.000000e+00	0.000000e+00	0.000000e+00	0.000000e+00	0.000000e+00	0.000000e+00	0.000000e+00	0.000000e+00	0.000000e+00	0.000000e+00	0.000000e+00	0.000000e+00	0.000000e+00	0.000000e+00	0.000000e+00	0.000000e+00	0.000000e+00	0.000000e+00	0.000000e+00	0.000000e+00	0.000000e+00	0.000000e+00	0.000000e+00	0.000000e+00	0.000000e+00	0.000000e+00	0.000000e+00	0.000000e+00	0.000000e+00	0.000000e+00	0.000000e+00	0.000000e+00	0.000000e+00	0.000000e+00	0.000000e+00	0.000000e+00	0.000000e+00	0.000000e+00	0.000000e+00	0.000000e+00	0.000000e+00	
1639.067862	1633.063752	1645.071972	227.935638	4.151246e-01	1.882666e-90	0.000000e+00	1.444253e-45	1.642304e-61	0.000000e+00	0.000000e+00	8.446939e-03	1.882666e-90	1.165445e-03	7.319889e-52	2.686855e-85	1.026768e-76	1.882666e-90	1.882666e-90	0.000000e+00	2.756127e-84	1.882666e-90	1.882666e-90	1.882666e-90	3.037103e-31	4.974109e-03	1.047154e-40	0.000000e+00	0.000000e+00	0.000000e+00	1.882666e-90	1.356764e-70	0.000000e+00	2.432397e-41	0.000000e+00	0.000000e+00	0.000000e+00	0.000000e+00	0.000000e+00	0.000000e+00	0.000000e+00	1.216008e-43	1.882666e-90	1.882666e-90	1.118362e-62	7.493342e-38	4.396154e-58	3.568329e-48	1.008581e-85	2.273472e-04	1.230750e-35	0.000000e+00	0.000000e+00	1.423059e-35	6.339161e-72	0.000000e+00	2.707047e-26	8.419241e-01	1.882666e-90	2.644195e-07	0.000000e+00	2.767661e-89	1.882666e-90	1.882666e-90	1.932854e-47	4.260574e-71	0.000000e+00	0.000000e+00	1.882666e-90	0.000000e+00	0.000000e+00	0.000000e+00	0.000000e+00	0.000000e+00	0.000000e+00	0.000000e+00	4.113716e-48	1.215670e-78	0.000000e+00	0.000000e+00	0.000000e+00	0.000000e+00	0.000000e+00	0.000000e+00	0.000000e+00	0.000000e+00	0.000000e+00	0.000000e+00	0.000000e+00	0.000000e+00	0.000000e+00	0.000000e+00	0.000000e+00	0.000000e+00	0.000000e+00	0.000000e+00	0.000000e+00	0.000000e+00	0.000000e+00	0.000000e+00	0.000000e+00	0.000000e+00	0.000000e+00	0.000000e+00	0.000000e+00	0.000000e+00	0.000000e+00	0.000000e+00	0.000000e+00	0.000000e+00	0.000000e+00	0.000000e+00	0.000000e+00	0.000000e+00	0.000000e+00	0.000000e+00	0.000000e+00	0.000000e+00	0.000000e+00	0.000000e+00	
1651.092060	1645.071972	1657.112148	228.541277	3.406721e-01	1.882561e-90	0.000000e+00	2.157547e-45	2.681924e-61	0.000000e+00	0.000000e+00	8.446137e-03	1.882561e-90	1.164938e-03	1.125833e-51	7.093436e-85	2.336428e-76	1.882561e-90	1.882561e-90	0.000000e+00	5.749676e-84	1.882561e-90	1.882561e-90	1.882561e-90	6.025416e-31	4.973284e-03	1.686932e-40	0.000000e+00	0.000000e+00	0.000000e+00	1.882561e-90	3.423882e-70	0.000000e+00	3.934488e-41	0.000000e+00	0.000000e+00	0.000000e+00	0.000000e+00	0.000000e+00	0.000000e+00	0.000000e+00	2.586088e-43	1.882561e-90	1.882561e-90	2.066415e-62	1.158145e-37	7.780519e-58	5.782604e-48	1.986304e-85	2.273368e-04	1.700192e-35	0.000000e+00	0.000000e+00	2.791234e-35	1.596718e-71	0.000000e+00	5.063092e-26	8.419341e-01	1.882561e-90	4.459376e-07	0.000000e+00	6.085657e-89	1.882561e-90	1.882561e-90	2.909506e-47	9.482765e-71	0.000000e+00	0.000000e+00	1.882561e-90	0.000000e+00	0.000000e+00	0.000000e+00	0.000000e+00	0.000000e+00	0.000000e+00	0.000000e+00	8.784909e-48	1.703654e-78	0.000000e+00	0.000000e+00	0.000000e+00	0.000000e+00	0.000000e+00	0.000000e+00	0.000000e+00	0.000000e+00	0.000000e+00	0.000000e+00	0.000000e+00	0.000000e+00	0.000000e+00	0.000000e+00	0.000000e+00	0.000000e+00	0.000000e+00	0.000000e+00	0.000000e+00	0.000000e+00	0.000000e+00	0.000000e+00	0.000000e+00	0.000000e+00	0.000000e+00	0.000000e+00	0.000000e+00	0.000000e+00	0.000000e+00	0.000000e+00	0.000000e+00	0.000000e+00	0.000000e+00	0.000000e+00	0.000000e+00	0.000000e+00	0.000000e+00	0.000000e+00	0.000000e+00	0.000000e+00	0.000000e+00	0.000000e+00	
1663.134071	1657.112148	1669.155994	228.610756	2.795726e-01	1.882634e-90	0.000000e+00	2.465518e-45	3.096514e-61	0.000000e+00	0.000000e+00	8.447025e-03	1.882634e-90	1.164628e-03	1.290563e-51	1.124626e-84	3.337319e-76	1.882634e-90	1.882634e-90	0.000000e+00	7.450051e-84	1.882634e-90	1.882634e-90	1.882634e-90	9.250717e-31	4.973740e-03	2.122829e-40	0.000000e+00	0.000000e+00	0.000000e+00	1.882634e-90	5.403273e-70	0.000000e+00	4.953424e-41	0.000000e+00	0.000000e+00	0.000000e+00	0.000000e+00	0.000000e+00	0.000000e+00	0.000000e+00	4.000734e-43	1.882634e-90	1.882634e-90	2.640894e-62	1.450238e-37	9.895968e-58	7.282005e-48	2.558085e-85	2.273401e-04	1.925621e-35	0.000000e+00	0.000000e+00	4.279882e-35	2.519024e-71	0.000000e+00	7.722017e-26	8.419269e-01	1.882634e-90	6.715945e-07	0.000000e+00	7.931976e-89	1.882634e-90	1.882634e-90	3.328109e-47	1.351520e-70	0.000000e+00	0.000000e+00	1.882634e-90	0.000000e+00	0.000000e+00	0.000000e+00	0.000000e+00	0.000000e+00	0.000000e+00	0.000000e+00	1.359862e-47	1.771656e-78	0.000000e+00	0.000000e+00	0.000000e+00	0.000000e+00	0.000000e+00	0.000000e+00	0.000000e+00	0.000000e+00	0.000000e+00	0.000000e+00	0.000000e+00	0.000000e+00	0.000000e+00	0.000000e+00	0.000000e+00	0.000000e+00	0.000000e+00	0.000000e+00	0.000000e+00	0.000000e+00	0.000000e+00	0.000000e+00	0.000000e+00	0.000000e+00	0.000000e+00	0.000000e+00	0.000000e+00	0.000000e+00	0.000000e+00	0.000000e+00	0.000000e+00	0.000000e+00	0.000000e+00	0.000000e+00	0.000000e+00	0.000000e+00	0.000000e+00	0.000000e+00	0.000000e+00	0.000000e+00	0.000000e+00	0.000000e+00	
1675.165473	1669.155994	1681.174952	228.137524	2.294313e-01	1.882656e-90	0.000000e+00	2.149222e-45	2.517731e-61	0.000000e+00	0.000000e+00	8.446713e-03	1.882656e-90	1.164104e-03	1.098833e-51	1.063835e-84	2.975522e-76	1.882656e-90	1.882656e-90	0.000000e+00	5.961557e-84	1.882656e-90	1.882656e-90	1.882656e-90	1.095152e-30	4.973196e-03	2.079537e-40	0.000000e+00	0.000000e+00	0.000000e+00	1.882656e-90	5.300927e-70	0.000000e+00	4.836399e-41	0.000000e+00	0.000000e+00	0.000000e+00	0.000000e+00	0.000000e+00	0.000000e+00	0.000000e+00	4.483214e-43	1.882656e-90	1.882656e-90	2.325304e-62	1.467839e-37	9.010059e-58	7.101302e-48	2.142200e-85	2.273446e-04	1.784269e-35	0.000000e+00	0.000000e+00	5.111916e-35	2.475512e-71	0.000000e+00	9.571070e-26	8.419266e-01	1.882656e-90	9.014251e-07	0.000000e+00	6.092603e-89	1.882656e-90	1.882656e-90	2.883267e-47	1.226677e-70	0.000000e+00	0.000000e+00	1.882656e-90	0.000000e+00	0.000000e+00	0.000000e+00	0.000000e+00	0.000000e+00	0.000000e+00	0.000000e+00	1.518755e-47	1.360694e-78	0.000000e+00	0.000000e+00	0.000000e+00	0.000000e+00	0.000000e+00	0.000000e+00	0.000000e+00	0.000000e+00	0.000000e+00	0.000000e+00	0.000000e+00	0.000000e+00	0.000000e+00	0.000000e+00	0.000000e+00	0.000000e+00	0.000000e+00	0.000000e+00	0.000000e+00	0.000000e+00	0.000000e+00	0.000000e+00	0.000000e+00	0.000000e+00	0.000000e+00	0.000000e+00	0.000000e+00	0.000000e+00	0.000000e+00	0.000000e+00	0.000000e+00	0.000000e+00	0.000000e+00	0.000000e+00	0.000000e+00	0.000000e+00	0.000000e+00	0.000000e+00	0.000000e+00	0.000000e+00	0.000000e+00	0.000000e+00	
1687.158599	1681.174952	1693.142246	227.154254	1.882829e-01	1.882665e-90	0.000000e+00	1.448085e-45	1.466480e-61	0.000000e+00	0.000000e+00	8.445665e-03	1.882665e-90	1.163784e-03	7.052652e-52	6.163107e-85	1.695222e-76	1.882665e-90	1.882665e-90	0.000000e+00	3.017386e-84	1.882665e-90	1.882665e-90	1.882665e-90	1.013154e-30	4.973937e-03	1.606229e-40	0.000000e+00	0.000000e+00	0.000000e+00	1.882665e-90	3.312191e-70	0.000000e+00	3.711539e-41	0.000000e+00	0.000000e+00	0.000000e+00	0.000000e+00	0.000000e+00	0.000000e+00	0.000000e+00	3.700333e-43	1.882665e-90	1.882665e-90	1.436435e-62	1.213469e-37	5.969435e-58	5.431441e-48	1.191667e-85	2.273542e-04	1.365889e-35	0.000000e+00	0.000000e+00	4.818070e-35	1.551608e-71	0.000000e+00	9.746455e-26	8.419260e-01	1.882665e-90	1.085386e-06	0.000000e+00	2.830675e-89	1.882665e-90	1.882665e-90	1.918436e-47	7.251977e-71	0.000000e+00	0.000000e+00	1.882665e-90	0.000000e+00	0.000000e+00	0.000000e+00	0.000000e+00	0.000000e+00	0.000000e+00	0.000000e+00	1.244815e-47	7.837637e-79	0.000000e+00	0.000000e+00	0.000000e+00	0.000000e+00	0.000000e+00	0.000000e+00	0.000000e+00	0.000000e+00	0.000000e+00	0.000000e+00	0.000000e+00	0.000000e+00	0.000000e+00	0.000000e+00	0.000000e+00	0.000000e+00	0.000000e+00	0.000000e+00	0.000000e+00	0.000000e+00	0.000000e+00	0.000000e+00	0.000000e+00	0.000000e+00	0.000000e+00	0.000000e+00	0.000000e+00	0.000000e+00	0.000000e+00	0.000000e+00	0.000000e+00	0.000000e+00	0.000000e+00	0.000000e+00	0.000000e+00	0.000000e+00	0.000000e+00	0.000000e+00	0.000000e+00	0.000000e+00	0.000000e+00	0.000000e+00	
1699.088631	1693.142246	1705.035017	225.740991	1.545144e-01	1.882652e-90	0.000000e+00	7.804234e-46	6.398531e-62	0.000000e+00	0.000000e+00	8.446696e-03	1.882652e-90	1.163535e-03	3.542503e-52	2.335338e-85	6.552998e-77	1.882652e-90	1.882652e-90	0.000000e+00	1.027059e-84	1.882652e-90	1.882652e-90	1.882652e-90	7.569996e-31	4.973642e-03	1.009706e-40	0.000000e+00	0.000000e+00	0.000000e+00	1.882652e-90	1.398813e-70	0.000000e+00	2.310083e-41	0.000000e+00	0.000000e+00	0.000000e+00	0.000000e+00	0.000000e+00	0.000000e+00	0.000000e+00	2.342412e-43	1.882652e-90	1.882652e-90	6.524945e-63	8.415562e-38	3.002931e-58	3.367862e-48	4.655587e-86	2.273293e-04	8.859231e-36	0.000000e+00	0.000000e+00	3.698635e-35	6.582278e-72	0.000000e+00	8.375598e-26	8.419264e-01	1.882652e-90	1.189643e-06	0.000000e+00	8.504471e-90	1.882652e-90	1.882652e-90	1.014965e-47	2.956641e-71	0.000000e+00	0.000000e+00	1.882652e-90	0.000000e+00	0.000000e+00	0.000000e+00	0.000000e+00	0.000000e+00	0.000000e+00	0.000000e+00	7.804195e-48	3.524353e-79	0.000000e+00	0.000000e+00	0.000000e+00	0.000000e+00	0.000000e+00	0.000000e+00	0.000000e+00	0.000000e+00	0.000000e+00	0.000000e+00	0.000000e+00	0.000000e+00	0.000000e+00	0.000000e+00	0.000000e+00	0.000000e+00	0.000000e+00	0.000000e+00	0.000000e+00	0.000000e+00	0.000000e+00	0.000000e+00	0.000000e+00	0.000000e+00	0.000000e+00	0.000000e+00	0.000000e+00	0.000000e+00	0.000000e+00	0.000000e+00	0.000000e+00	0.000000e+00	0.000000e+00	0.000000e+00	0.000000e+00	0.000000e+00	0.000000e+00	0.000000e+00	0.000000e+00	0.000000e+00	0.000000e+00	0.000000e+00	
1710.935678	1705.035017	1716.836339	224.004690	1.268022e-01	1.882669e-90	0.000000e+00	3.527064e-46	2.222438e-62	0.000000e+00	0.000000e+00	8.446806e-03	1.882669e-90	1.163519e-03	1.466806e-52	6.335827e-86	1.865955e-77	1.882669e-90	1.882669e-90	0.000000e+00	2.557008e-85	1.882669e-90	1.882669e-90	1.882669e-90	4.781118e-31	4.973718e-03	5.396887e-41	0.000000e+00	0.000000e+00	0.000000e+00	1.882669e-90	4.341898e-71	0.000000e+00	1.219916e-41	0.000000e+00	0.000000e+00	0.000000e+00	0.000000e+00	0.000000e+00	0.000000e+00	0.000000e+00	1.203967e-43	1.882669e-90	1.882669e-90	2.326701e-63	5.085268e-38	1.215971e-58	1.770071e-48	1.376570e-86	2.273415e-04	5.043817e-36	0.000000e+00	0.000000e+00	2.417235e-35	2.054317e-72	0.000000e+00	6.297779e-26	8.419251e-01	1.882669e-90	1.211811e-06	0.000000e+00	1.882669e-90	1.882669e-90	1.882669e-90	4.483054e-48	8.994938e-72	0.000000e+00	0.000000e+00	1.882669e-90	0.000000e+00	0.000000e+00	0.000000e+00	0.000000e+00	0.000000e+00	0.000000e+00	0.000000e+00	3.963860e-48	1.303825e-79	0.000000e+00	0.000000e+00	0.000000e+00	0.000000e+00	0.000000e+00	0.000000e+00	0.000000e+00	0.000000e+00	0.000000e+00	0.000000e+00	0.000000e+00	0.000000e+00	0.000000e+00	0.000000e+00	0.000000e+00	0.000000e+00	0.000000e+00	0.000000e+00	0.000000e+00	0.000000e+00	0.000000e+00	0.000000e+00	0.000000e+00	0.000000e+00	0.000000e+00	0.000000e+00	0.000000e+00	0.000000e+00	0.000000e+00	0.000000e+00	0.000000e+00	0.000000e+00	0.000000e+00	0.000000e+00	0.000000e+00	0.000000e+00	0.000000e+00	0.000000e+00	0.000000e+00	0.000000e+00	0.000000e+00	0.000000e+00	
1722.685491	1716.836339	1728.534643	222.049385	1.040603e-01	1.882561e-90	0.000000e+00	1.401043e-46	6.530517e-63	0.000000e+00	0.000000e+00	8.446277e-03	1.882561e-90	1.163624e-03	5.270782e-53	1.346177e-86	4.247436e-78	1.882561e-90	1.882561e-90	0.000000e+00	5.062328e-86	1.882561e-90	1.882561e-90	1.882561e-90	2.670133e-31	4.972959e-03	2.561317e-41	0.000000e+00	0.000000e+00	0.000000e+00	1.882561e-90	1.075343e-71	0.000000e+00	5.710100e-42	0.000000e+00	0.000000e+00	0.000000e+00	0.000000e+00	0.000000e+00	0.000000e+00	0.000000e+00	5.312698e-44	1.882561e-90	1.882561e-90	6.946072e-64	2.776936e-38	4.199243e-59	8.242970e-49	3.319784e-87	2.273315e-04	2.609268e-36	0.000000e+00	0.000000e+00	1.404213e-35	5.118444e-73	0.000000e+00	4.295503e-26	8.419346e-01	1.882561e-90	1.170352e-06	0.000000e+00	1.882561e-90	1.882561e-90	1.882561e-90	1.734367e-48	2.207998e-72	0.000000e+00	0.000000e+00	1.882561e-90	0.000000e+00	0.000000e+00	0.000000e+00	0.000000e+00	0.000000e+00	0.000000e+00	0.000000e+00	1.726026e-48	4.184111e-80	0.000000e+00	0.000000e+00	0.000000e+00	0.000000e+00	0.000000e+00	0.000000e+00	0.000000e+00	0.000000e+00	0.000000e+00	0.000000e+00	0.000000e+00	0.000000e+00	0.000000e+00	0.000000e+00	0.000000e+00	0.000000e+00	0.000000e+00	0.000000e+00	0.000000e+00	0.000000e+00	0.000000e+00	0.000000e+00	0.000000e+00	0.000000e+00	0.000000e+00	0.000000e+00	0.000000e+00	0.000000e+00	0.000000e+00	0.000000e+00	0.000000e+00	0.000000e+00	0.000000e+00	0.000000e+00	0.000000e+00	0.000000e+00	0.000000e+00	0.000000e+00	0.000000e+00	0.000000e+00	0.000000e+00	0.000000e+00	
1734.329120	1728.534643	1740.123597	219.974584	8.539710e-02	1.882673e-90	0.000000e+00	5.127389e-47	1.725833e-63	0.000000e+00	0.000000e+00	8.446589e-03	1.882673e-90	1.163869e-03	1.730931e-53	2.451894e-87	8.392325e-79	1.882673e-90	1.882673e-90	0.000000e+00	8.669483e-87	1.882673e-90	1.882673e-90	1.882673e-90	1.380778e-31	4.973479e-03	1.128227e-41	0.000000e+00	0.000000e+00	0.000000e+00	1.882673e-90	2.310765e-72	0.000000e+00	2.478599e-42	0.000000e+00	0.000000e+00	0.000000e+00	0.000000e+00	0.000000e+00	0.000000e+00	0.000000e+00	2.130300e-44	1.882673e-90	1.882673e-90	1.852890e-64	1.422954e-38	1.311513e-59	3.558853e-49	7.045287e-88	2.273508e-04	1.270438e-36	0.000000e+00	0.000000e+00	7.581978e-36	1.106453e-73	0.000000e+00	2.758435e-26	8.419240e-01	1.882673e-90	1.093738e-06	0.000000e+00	1.882673e-90	1.882673e-90	1.882673e-90	6.170652e-49	4.734000e-73	0.000000e+00	0.000000e+00	1.882673e-90	0.000000e+00	0.000000e+00	0.000000e+00	0.000000e+00	0.000000e+00	0.000000e+00	0.000000e+00	6.826596e-49	1.229450e-80	0.000000e+00	0.000000e+00	0.000000e+00	0.000000e+00	0.000000e+00	0.000000e+00	0.000000e+00	0.000000e+00	0.000000e+00	0.000000e+00	0.000000e+00	0.000000e+00	0.000000e+00	0.000000e+00	0.000000e+00	0.000000e+00	0.000000e+00	0.000000e+00	0.000000e+00	0.000000e+00	0.000000e+00	0.000000e+00	0.000000e+00	0.000000e+00	0.000000e+00	0.000000e+00	0.000000e+00	0.000000e+00	0.000000e+00	0.000000e+00	0.000000e+00	0.000000e+00	0.000000e+00	0.000000e+00	0.000000e+00	0.000000e+00	0.000000e+00	0.000000e+00	0.000000e+00	0.000000e+00	0.000000e+00	0.000000e+00	
1745.862971	1740.123597	1751.602344	217.881969	7.008115e-02	1.882618e-90	0.000000e+00	1.820352e-47	4.384314e-64	0.000000e+00	0.000000e+00	8.446305e-03	1.882618e-90	1.163933e-03	5.496002e-54	4.219668e-88	1.573553e-79	1.882618e-90	1.882618e-90	0.000000e+00	1.406932e-87	1.882618e-90	1.882618e-90	1.882618e-90	6.942217e-32	4.973788e-03	4.834863e-42	0.000000e+00	0.000000e+00	0.000000e+00	1.882618e-90	4.712671e-73	0.000000e+00	1.046426e-42	0.000000e+00	0.000000e+00	0.000000e+00	0.000000e+00	0.000000e+00	0.000000e+00	0.000000e+00	8.247300e-45	1.882618e-90	1.882618e-90	4.739552e-65	7.120006e-39	3.945665e-60	1.494337e-49	1.426578e-88	2.273280e-04	6.046802e-37	0.000000e+00	0.000000e+00	3.986273e-36	2.269133e-74	0.000000e+00	1.733313e-26	8.419296e-01	1.882618e-90	1.010186e-06	0.000000e+00	1.882618e-90	1.882618e-90	1.882618e-90	2.128041e-49	9.654543e-74	0.000000e+00	0.000000e+00	1.882618e-90	0.000000e+00	0.000000e+00	0.000000e+00	0.000000e+00	0.000000e+00	0.000000e+00	0.000000e+00	2.606933e-49	3.499892e-81	0.000000e+00	0.000000e+00	0.000000e+00	0.000000e+00	0.000000e+00	0.000000e+00	0.000000e+00	0.000000e+00	0.000000e+00	0.000000e+00	0.000000e+00	0.000000e+00	0.000000e+00	0.000000e+00	0.000000e+00	0.000000e+00	0.000000e+00	0.000000e+00	0.000000e+00	0.000000e+00	0.000000e+00	0.000000e+00	0.000000e+00	0.000000e+00	0.000000e+00	0.000000e+00	0.000000e+00	0.000000e+00	0.000000e+00	0.000000e+00	0.000000e+00	0.000000e+00	0.000000e+00	0.000000e+00	0.000000e+00	0.000000e+00	0.000000e+00	0.000000e+00	0.000000e+00	0.000000e+00	0.000000e+00	0.000000e+00	
1757.288630	1751.602344	1762.974916	215.867044	5.751211e-02	1.882704e-90	0.000000e+00	6.604604e-48	1.145578e-64	0.000000e+00	0.000000e+00	8.446599e-03	1.882704e-90	1.164140e-03	1.787136e-54	7.581929e-89	3.066508e-80	1.882704e-90	1.882704e-90	0.000000e+00	2.374729e-88	1.882704e-90	1.882704e-90	1.882704e-90	3.567125e-32	4.973420e-03	2.115047e-42	0.000000e+00	0.000000e+00	0.000000e+00	1.882704e-90	9.991765e-74	0.000000e+00	4.510702e-43	0.000000e+00	0.000000e+00	0.000000e+00	0.000000e+00	0.000000e+00	0.000000e+00	0.000000e+00	3.279946e-45	1.882704e-90	1.882704e-90	1.249408e-65	3.626791e-39	1.219988e-60	6.413115e-50	2.995681e-89	2.273444e-04	2.925325e-37	0.000000e+00	0.000000e+00	2.141548e-36	4.836822e-75	0.000000e+00	1.109043e-26	8.419225e-01	1.882704e-90	9.430542e-07	0.000000e+00	1.882704e-90	1.882704e-90	1.882704e-90	7.503444e-50	2.042638e-74	0.000000e+00	0.000000e+00	1.882704e-90	0.000000e+00	0.000000e+00	0.000000e+00	0.000000e+00	0.000000e+00	0.000000e+00	0.000000e+00	1.023559e-49	1.023672e-81	0.000000e+00	0.000000e+00	0.000000e+00	0.000000e+00	0.000000e+00	0.000000e+00	0.000000e+00	0.000000e+00	0.000000e+00	0.000000e+00	0.000000e+00	0.000000e+00	0.000000e+00	0.000000e+00	0.000000e+00	0.000000e+00	0.000000e+00	0.000000e+00	0.000000e+00	0.000000e+00	0.000000e+00	0.000000e+00	0.000000e+00	0.000000e+00	0.000000e+00	0.000000e+00	0.000000e+00	0.000000e+00	0.000000e+00	0.000000e+00	0.000000e+00	0.000000e+00	0.000000e+00	0.000000e+00	0.000000e+00	0.000000e+00	0.000000e+00	0.000000e+00	0.000000e+00	0.000000e+00	0.000000e+00	0.000000e+00	
1768.611887	1762.974916	1774.248859	213.994331	4.719732e-02	1.882697e-90	0.000000e+00	2.544762e-48	3.235354e-65	0.000000e+00	0.000000e+00	8.446815e-03	1.882697e-90	1.164224e-03	6.206281e-55	1.528704e-89	6.636480e-81	1.882697e-90	1.882697e-90	0.000000e+00	4.461330e-89	1.882697e-90	1.882697e-90	1.882697e-90	1.943364e-32	4.974312e-03	9.786882e-43	0.000000e+00	0.000000e+00	0.000000e+00	1.882697e-90	2.356745e-74	0.000000e+00	2.059064e-43	0.000000e+00	0.000000e+00	0.000000e+00	0.000000e+00	0.000000e+00	0.000000e+00	0.000000e+00	1.402314e-45	1.882697e-90	1.882697e-90	3.577543e-66	1.937138e-39	4.063191e-61	2.914547e-50	6.926893e-90	2.273496e-04	1.479652e-37	0.000000e+00	0.000000e+00	1.217416e-36	1.145882e-75	0.000000e+00	7.438644e-27	8.419218e-01	1.882697e-90	9.036572e-07	0.000000e+00	1.882697e-90	1.882697e-90	1.882697e-90	2.814718e-50	4.779775e-75	0.000000e+00	0.000000e+00	1.882697e-90	0.000000e+00	0.000000e+00	0.000000e+00	0.000000e+00	0.000000e+00	0.000000e+00	0.000000e+00	4.325323e-50	3.206714e-82	0.000000e+00	0.000000e+00	0.000000e+00	0.000000e+00	0.000000e+00	0.000000e+00	0.000000e+00	0.000000e+00	0.000000e+00	0.000000e+00	0.000000e+00	0.000000e+00	0.000000e+00	0.000000e+00	0.000000e+00	0.000000e+00	0.000000e+00	0.000000e+00	0.000000e+00	0.000000e+00	0.000000e+00	0.000000e+00	0.000000e+00	0.000000e+00	0.000000e+00	0.000000e+00	0.000000e+00	0.000000e+00	0.000000e+00	0.000000e+00	0.000000e+00	0.000000e+00	0.000000e+00	0.000000e+00	0.000000e+00	0.000000e+00	0.000000e+00	0.000000e+00	0.000000e+00	0.000000e+00	0.000000e+00	0.000000e+00	
1779.840911	1774.248859	1785.432964	212.288922	3.873249e-02	1.882635e-90	0.000000e+00	1.060257e-48	1.010954e-65	0.000000e+00	0.000000e+00	8.446167e-03	1.882635e-90	1.164183e-03	2.348078e-55	3.578166e-90	1.645545e-81	1.882635e-90	1.882635e-90	0.000000e+00	9.631708e-90	1.882635e-90	1.882635e-90	1.882635e-90	1.141116e-32	4.973685e-03	4.866921e-43	0.000000e+00	0.000000e+00	0.000000e+00	1.882635e-90	6.374524e-75	0.000000e+00	1.011055e-43	0.000000e+00	0.000000e+00	0.000000e+00	0.000000e+00	0.000000e+00	0.000000e+00	0.000000e+00	6.579817e-46	1.882635e-90	1.882635e-90	1.140744e-66	1.100337e-39	1.490307e-61	1.426125e-50	1.882635e-90	2.273456e-04	7.930681e-38	0.000000e+00	0.000000e+00	7.438283e-37	3.111808e-76	0.000000e+00	5.296697e-27	8.419279e-01	1.882635e-90	8.953110e-07	0.000000e+00	1.882635e-90	1.882635e-90	1.882635e-90	1.143705e-50	1.273802e-75	0.000000e+00	0.000000e+00	1.882635e-90	0.000000e+00	0.000000e+00	0.000000e+00	0.000000e+00	0.000000e+00	0.000000e+00	0.000000e+00	2.008265e-50	1.096648e-82	0.000000e+00	0.000000e+00	0.000000e+00	0.000000e+00	0.000000e+00	0.000000e+00	0.000000e+00	0.000000e+00	0.000000e+00	0.000000e+00	0.000000e+00	0.000000e+00	0.000000e+00	0.000000e+00	0.000000e+00	0.000000e+00	0.000000e+00	0.000000e+00	0.000000e+00	0.000000e+00	0.000000e+00	0.000000e+00	0.000000e+00	0.000000e+00	0.000000e+00	0.000000e+00	0.000000e+00	0.000000e+00	0.000000e+00	0.000000e+00	0.000000e+00	0.000000e+00	0.000000e+00	0.000000e+00	0.000000e+00	0.000000e+00	0.000000e+00	0.000000e+00	0.000000e+00	0.000000e+00	0.000000e+00	0.000000e+00	
1790.984517	1785.432964	1796.536070	210.748373	3.178583e-02	1.882645e-90	0.000000e+00	4.789651e-49	3.508219e-66	0.000000e+00	0.000000e+00	8.446746e-03	1.882645e-90	1.164063e-03	9.707796e-56	1.882645e-90	4.697529e-82	1.882645e-90	1.882645e-90	0.000000e+00	2.401636e-90	1.882645e-90	1.882645e-90	1.882645e-90	7.243612e-33	4.973544e-03	2.608931e-43	0.000000e+00	0.000000e+00	0.000000e+00	1.882645e-90	1.987746e-75	0.000000e+00	5.357289e-44	0.000000e+00	0.000000e+00	0.000000e+00	0.000000e+00	0.000000e+00	0.000000e+00	0.000000e+00	3.399816e-46	1.882645e-90	1.882645e-90	4.065715e-67	6.660892e-40	6.041245e-62	7.534921e-51	1.882645e-90	2.273401e-04	4.513455e-38	0.000000e+00	0.000000e+00	4.898595e-37	9.735526e-77	0.000000e+00	4.014503e-27	8.419268e-01	1.882645e-90	9.180247e-07	0.000000e+00	1.882645e-90	1.882645e-90	1.882645e-90	5.049794e-51	3.885571e-76	0.000000e+00	0.000000e+00	1.882645e-90	0.000000e+00	0.000000e+00	0.000000e+00	0.000000e+00	0.000000e+00	0.000000e+00	0.000000e+00	1.028228e-50	4.109104e-83	0.000000e+00	0.000000e+00	0.000000e+00	0.000000e+00	0.000000e+00	0.000000e+00	0.000000e+00	0.000000e+00	0.000000e+00	0.000000e+00	0.000000e+00	0.000000e+00	0.000000e+00	0.000000e+00	0.000000e+00	0.000000e+00	0.000000e+00	0.000000e+00	0.000000e+00	0.000000e+00	0.000000e+00	0.000000e+00	0.000000e+00	0.000000e+00	0.000000e+00	0.000000e+00	0.000000e+00	0.000000e+00	0.000000e+00	0.000000e+00	0.000000e+00	0.000000e+00	0.000000e+00	0.000000e+00	0.000000e+00	0.000000e+00	0.000000e+00	0.000000e+00	0.000000e+00	0.000000e+00	0.000000e+00	0.000000e+00	
1802.050742	1796.536070	1807.565415	209.350237	2.608505e-02	1.882569e-90	0.000000e+00	2.323964e-49	1.335289e-66	0.000000e+00	0.000000e+00	8.446586e-03	1.882569e-90	1.163928e-03	4.340923e-56	1.882569e-90	1.518369e-82	1.882569e-90	1.882569e-90	0.000000e+00	1.882569e-90	1.882569e-90	1.882569e-90	1.882569e-90	4.924280e-33	4.973629e-03	1.493928e-43	0.000000e+00	0.000000e+00	0.000000e+00	1.882569e-90	7.027066e-76	0.000000e+00	3.035701e-44	0.000000e+00	0.000000e+00	0.000000e+00	0.000000e+00	0.000000e+00	0.000000e+00	0.000000e+00	1.912734e-46	1.882569e-90	1.882569e-90	1.598800e-67	4.265321e-40	2.674521e-62	4.258113e-51	1.882569e-90	2.273366e-04	2.708453e-38	0.000000e+00	0.000000e+00	3.445724e-37	3.451242e-77	0.000000e+00	3.213328e-27	8.419323e-01	1.882569e-90	9.703180e-07	0.000000e+00	1.882569e-90	1.882569e-90	1.882569e-90	2.399284e-51	1.335009e-76	0.000000e+00	0.000000e+00	1.882569e-90	0.000000e+00	0.000000e+00	0.000000e+00	0.000000e+00	0.000000e+00	0.000000e+00	0.000000e+00	5.737469e-51	1.667166e-83	0.000000e+00	0.000000e+00	0.000000e+00	0.000000e+00	0.000000e+00	0.000000e+00	0.000000e+00	0.000000e+00	0.000000e+00	0.000000e+00	0.000000e+00	0.000000e+00	0.000000e+00	0.000000e+00	0.000000e+00	0.000000e+00	0.000000e+00	0.000000e+00	0.000000e+00	0.000000e+00	0.000000e+00	0.000000e+00	0.000000e+00	0.000000e+00	0.000000e+00	0.000000e+00	0.000000e+00	0.000000e+00	0.000000e+00	0.000000e+00	0.000000e+00	0.000000e+00	0.000000e+00	0.000000e+00	0.000000e+00	0.000000e+00	0.000000e+00	0.000000e+00	0.000000e+00	0.000000e+00	0.000000e+00	0.000000e+00	
1813.046103	1807.565415	1818.526791	208.060057	2.140670e-02	1.882725e-90	0.000000e+00	1.189986e-49	5.449488e-67	0.000000e+00	0.000000e+00	8.446499e-03	1.882725e-90	1.163984e-03	2.059649e-56	1.882725e-90	5.391215e-83	1.882725e-90	1.882725e-90	0.000000e+00	1.882725e-90	1.882725e-90	1.882725e-90	1.882725e-90	3.525407e-33	4.973725e-03	8.991680e-44	0.000000e+00	0.000000e+00	0.000000e+00	1.882725e-90	2.730689e-76	0.000000e+00	1.809413e-44	0.000000e+00	0.000000e+00	0.000000e+00	0.000000e+00	0.000000e+00	0.000000e+00	0.000000e+00	1.147632e-46	1.882725e-90	1.882725e-90	6.771803e-68	2.850342e-40	1.265663e-62	2.532421e-51	1.882725e-90	2.273619e-04	1.691755e-38	0.000000e+00	0.000000e+00	2.547822e-37	1.344510e-77	0.000000e+00	2.680611e-27	8.419208e-01	1.882725e-90	1.049750e-06	0.000000e+00	1.882725e-90	1.882725e-90	1.882725e-90	1.204728e-51	5.017789e-77	0.000000e+00	0.000000e+00	1.882725e-90	0.000000e+00	0.000000e+00	0.000000e+00	0.000000e+00	0.000000e+00	0.000000e+00	0.000000e+00	3.417085e-51	7.186540e-84	0.000000e+00	0.000000e+00	0.000000e+00	0.000000e+00	0.000000e+00	0.000000e+00	0.000000e+00	0.000000e+00	0.000000e+00	0.000000e+00	0.000000e+00	0.000000e+00	0.000000e+00	0.000000e+00	0.000000e+00	0.000000e+00	0.000000e+00	0.000000e+00	0.000000e+00	0.000000e+00	0.000000e+00	0.000000e+00	0.000000e+00	0.000000e+00	0.000000e+00	0.000000e+00	0.000000e+00	0.000000e+00	0.000000e+00	0.000000e+00	0.000000e+00	0.000000e+00	0.000000e+00	0.000000e+00	0.000000e+00	0.000000e+00	0.000000e+00	0.000000e+00	0.000000e+00	0.000000e+00	0.000000e+00	0.000000e+00	
1823.975363	1818.526791	1829.423936	206.840607	1.756741e-02	1.882623e-90	0.000000e+00	6.300849e-50	2.322460e-67	0.000000e+00	0.000000e+00	8.446358e-03	1.882623e-90	1.163653e-03	1.013454e-56	1.882623e-90	2.028425e-83	1.882623e-90	1.882623e-90	0.000000e+00	1.882623e-90	1.882623e-90	1.882623e-90	1.882623e-90	2.606678e-33	4.974221e-03	5.582611e-44	0.000000e+00	0.000000e+00	0.000000e+00	1.882623e-90	1.125605e-76	0.000000e+00	1.113130e-44	0.000000e+00	0.000000e+00	0.000000e+00	0.000000e+00	0.000000e+00	0.000000e+00	0.000000e+00	7.164454e-47	1.882623e-90	1.882623e-90	3.002819e-68	1.954830e-40	6.240898e-63	1.554249e-51	1.882623e-90	2.273419e-04	1.083037e-38	0.000000e+00	0.000000e+00	1.942953e-37	5.552933e-78	0.000000e+00	2.294663e-27	8.419287e-01	1.882623e-90	1.151305e-06	0.000000e+00	1.882623e-90	1.882623e-90	1.882623e-90	6.260978e-52	1.994375e-77	0.000000e+00	0.000000e+00	1.882623e-90	0.000000e+00	0.000000e+00	0.000000e+00	0.000000e+00	0.000000e+00	0.000000e+00	0.000000e+00	2.118606e-51	3.216163e-84	0.000000e+00	0.000000e+00	0.000000e+00	0.000000e+00	0.000000e+00	0.000000e+00	0.000000e+00	0.000000e+00	0.000000e+00	0.000000e+00	0.000000e+00	0.000000e+00	0.000000e+00	0.000000e+00	0.000000e+00	0.000000e+00	0.000000e+00	0.000000e+00	0.000000e+00	0.000000e+00	0.000000e+00	0.000000e+00	0.000000e+00	0.000000e+00	0.000000e+00	0.000000e+00	0.000000e+00	0.000000e+00	0.000000e+00	0.000000e+00	0.000000e+00	0.000000e+00	0.000000e+00	0.000000e+00	0.000000e+00	0.000000e+00	0.000000e+00	0.000000e+00	0.000000e+00	0.000000e+00	0.000000e+00	0.000000e+00	
1834.841438	1829.423936	1840.258941	205.661388	1.441670e-02	1.882694e-90	0.000000e+00	3.390414e-50	1.010637e-67	0.000000e+00	0.000000e+00	8.446164e-03	1.882694e-90	1.163519e-03	5.076389e-57	1.882694e-90	7.851811e-84	1.882694e-90	1.882694e-90	0.000000e+00	1.882694e-90	1.882694e-90	1.882694e-90	1.882694e-90	1.957493e-33	4.973392e-03	3.517780e-44	0.000000e+00	0.000000e+00	0.000000e+00	1.882694e-90	4.771889e-77	0.000000e+00	6.950006e-45	0.000000e+00	0.000000e+00	0.000000e+00	0.000000e+00	0.000000e+00	0.000000e+00	0.000000e+00	4.560381e-47	1.882694e-90	1.882694e-90	1.361636e-68	1.358363e-40	3.139977e-63	9.689767e-52	1.882694e-90	2.273552e-04	7.017904e-39	0.000000e+00	0.000000e+00	1.504383e-37	2.359152e-78	0.000000e+00	1.989041e-27	8.419237e-01	1.882694e-90	1.272285e-06	0.000000e+00	1.882694e-90	1.882694e-90	1.882694e-90	3.307239e-52	8.142047e-78	0.000000e+00	0.000000e+00	1.882694e-90	0.000000e+00	0.000000e+00	0.000000e+00	0.000000e+00	0.000000e+00	0.000000e+00	0.000000e+00	1.339816e-51	1.466738e-84	0.000000e+00	0.000000e+00	0.000000e+00	0.000000e+00	0.000000e+00	0.000000e+00	0.000000e+00	0.000000e+00	0.000000e+00	0.000000e+00	0.000000e+00	0.000000e+00	0.000000e+00	0.000000e+00	0.000000e+00	0.000000e+00	0.000000e+00	0.000000e+00	0.000000e+00	0.000000e+00	0.000000e+00	0.000000e+00	0.000000e+00	0.000000e+00	0.000000e+00	0.000000e+00	0.000000e+00	0.000000e+00	0.000000e+00	0.000000e+00	0.000000e+00	0.000000e+00	0.000000e+00	0.000000e+00	0.000000e+00	0.000000e+00	0.000000e+00	0.000000e+00	0.000000e+00	0.000000e+00	0.000000e+00	0.000000e+00	
1845.646020	1840.258941	1851.033099	204.506040	1.183107e-02	1.882773e-90	0.000000e+00	1.836567e-50	4.436629e-68	0.000000e+00	0.000000e+00	8.447274e-03	1.882773e-90	1.163172e-03	2.560849e-57	1.882773e-90	3.075498e-84	1.882773e-90	1.882773e-90	0.000000e+00	1.882773e-90	1.882773e-90	1.882773e-90	1.882773e-90	1.480378e-33	4.973056e-03	2.231460e-44	0.000000e+00	0.000000e+00	0.000000e+00	1.882773e-90	2.048022e-77	0.000000e+00	4.368637e-45	0.000000e+00	0.000000e+00	0.000000e+00	0.000000e+00	0.000000e+00	0.000000e+00	0.000000e+00	2.926943e-47	1.882773e-90	1.882773e-90	6.231325e-69	9.489633e-41	1.593279e-63	6.083190e-52	1.882773e-90	2.273622e-04	4.569956e-39	0.000000e+00	0.000000e+00	1.172924e-37	1.014365e-78	0.000000e+00	1.734646e-27	8.419175e-01	1.882773e-90	1.410138e-06	0.000000e+00	1.882773e-90	1.882773e-90	1.882773e-90	1.759185e-52	3.362827e-78	0.000000e+00	0.000000e+00	1.882773e-90	0.000000e+00	0.000000e+00	0.000000e+00	0.000000e+00	0.000000e+00	0.000000e+00	0.000000e+00	8.547146e-52	6.748994e-85	0.000000e+00	0.000000e+00	0.000000e+00	0.000000e+00	0.000000e+00	0.000000e+00	0.000000e+00	0.000000e+00	0.000000e+00	0.000000e+00	0.000000e+00	0.000000e+00	0.000000e+00	0.000000e+00	0.000000e+00	0.000000e+00	0.000000e+00	0.000000e+00	0.000000e+00	0.000000e+00	0.000000e+00	0.000000e+00	0.000000e+00	0.000000e+00	0.000000e+00	0.000000e+00	0.000000e+00	0.000000e+00	0.000000e+00	0.000000e+00	0.000000e+00	0.000000e+00	0.000000e+00	0.000000e+00	0.000000e+00	0.000000e+00	0.000000e+00	0.000000e+00	0.000000e+00	0.000000e+00	0.000000e+00	0.000000e+00	
1856.390351	1851.033099	1861.747603	203.374019	9.709169e-03	1.882593e-90	0.000000e+00	1.001540e-50	1.964080e-68	0.000000e+00	0.000000e+00	8.446553e-03	1.882593e-90	1.162771e-03	1.301212e-57	1.882593e-90	1.218593e-84	1.882593e-90	1.882593e-90	0.000000e+00	1.882593e-90	1.882593e-90	1.882593e-90	1.882593e-90	1.127006e-33	4.973641e-03	1.424441e-44	0.000000e+00	0.000000e+00	0.000000e+00	1.882593e-90	8.899090e-78	0.000000e+00	2.764855e-45	0.000000e+00	0.000000e+00	0.000000e+00	0.000000e+00	0.000000e+00	0.000000e+00	0.000000e+00	1.894377e-47	1.882593e-90	1.882593e-90	2.877598e-69	6.663315e-41	8.149132e-64	3.842062e-52	1.882593e-90	2.273393e-04	2.990243e-39	0.000000e+00	0.000000e+00	9.203653e-38	4.413499e-79	0.000000e+00	1.520781e-27	8.419314e-01	1.882593e-90	1.567767e-06	0.000000e+00	1.882593e-90	1.882593e-90	1.882593e-90	9.423516e-53	1.404623e-78	0.000000e+00	0.000000e+00	1.882593e-90	0.000000e+00	0.000000e+00	0.000000e+00	0.000000e+00	0.000000e+00	0.000000e+00	0.000000e+00	5.498532e-52	3.127944e-85	0.000000e+00	0.000000e+00	0.000000e+00	0.000000e+00	0.000000e+00	0.000000e+00	0.000000e+00	0.000000e+00	0.000000e+00	0.000000e+00	0.000000e+00	0.000000e+00	0.000000e+00	0.000000e+00	0.000000e+00	0.000000e+00	0.000000e+00	0.000000e+00	0.000000e+00	0.000000e+00	0.000000e+00	0.000000e+00	0.000000e+00	0.000000e+00	0.000000e+00	0.000000e+00	0.000000e+00	0.000000e+00	0.000000e+00	0.000000e+00	0.000000e+00	0.000000e+00	0.000000e+00	0.000000e+00	0.000000e+00	0.000000e+00	0.000000e+00	0.000000e+00	0.000000e+00	0.000000e+00	0.000000e+00	0.000000e+00	
1867.075813	1861.747603	1872.404024	202.272847	7.967831e-03	1.882700e-90	0.000000e+00	5.526540e-51	8.830341e-69	0.000000e+00	0.000000e+00	8.447295e-03	1.882700e-90	1.162516e-03	6.698582e-58	1.882700e-90	4.931307e-85	1.882700e-90	1.882700e-90	0.000000e+00	1.882700e-90	1.882700e-90	1.882700e-90	1.882700e-90	8.681485e-34	4.973684e-03	9.195310e-45	0.000000e+00	0.000000e+00	0.000000e+00	1.882700e-90	3.948431e-78	0.000000e+00	1.769398e-45	0.000000e+00	0.000000e+00	0.000000e+00	0.000000e+00	0.000000e+00	0.000000e+00	0.000000e+00	1.243958e-47	1.882700e-90	1.882700e-90	1.350794e-69	4.723960e-41	4.230885e-64	2.455731e-52	1.882700e-90	2.273329e-04	1.973985e-39	0.000000e+00	0.000000e+00	7.305904e-38	1.960825e-79	0.000000e+00	1.346439e-27	8.419232e-01	1.882700e-90	1.753026e-06	0.000000e+00	1.882700e-90	1.882700e-90	1.882700e-90	5.109014e-53	5.985429e-79	0.000000e+00	0.000000e+00	1.882700e-90	0.000000e+00	0.000000e+00	0.000000e+00	0.000000e+00	0.000000e+00	0.000000e+00	0.000000e+00	3.590680e-52	1.471187e-85	0.000000e+00	0.000000e+00	0.000000e+00	0.000000e+00	0.000000e+00	0.000000e+00	0.000000e+00	0.000000e+00	0.000000e+00	0.000000e+00	0.000000e+00	0.000000e+00	0.000000e+00	0.000000e+00	0.000000e+00	0.000000e+00	0.000000e+00	0.000000e+00	0.000000e+00	0.000000e+00	0.000000e+00	0.000000e+00	0.000000e+00	0.000000e+00	0.000000e+00	0.000000e+00	0.000000e+00	0.000000e+00	0.000000e+00	0.000000e+00	0.000000e+00	0.000000e+00	0.000000e+00	0.000000e+00	0.000000e+00	0.000000e+00	0.000000e+00	0.000000e+00	0.000000e+00	0.000000e+00	0.000000e+00	0.000000e+00	
1877.703687	1872.404024	1883.003350	201.187608	6.538802e-03	1.882636e-90	0.000000e+00	3.058005e-51	3.983323e-69	0.000000e+00	0.000000e+00	8.446390e-03	1.882636e-90	1.162023e-03	3.457893e-58	1.882636e-90	2.004708e-85	1.882636e-90	1.882636e-90	0.000000e+00	1.882636e-90	1.882636e-90	1.882636e-90	1.882636e-90	6.706556e-34	4.974207e-03	5.951569e-45	0.000000e+00	0.000000e+00	0.000000e+00	1.882636e-90	1.761250e-78	0.000000e+00	1.135749e-45	0.000000e+00	0.000000e+00	0.000000e+00	0.000000e+00	0.000000e+00	0.000000e+00	0.000000e+00	8.197262e-48	1.882636e-90	1.882636e-90	6.365238e-70	3.357065e-41	2.203937e-64	1.573702e-52	1.882636e-90	2.273387e-04	1.305834e-39	0.000000e+00	0.000000e+00	5.816676e-38	8.756341e-80	0.000000e+00	1.194815e-27	8.419284e-01	1.882636e-90	1.962462e-06	0.000000e+00	1.882636e-90	1.882636e-90	1.882636e-90	2.777989e-53	2.562477e-79	0.000000e+00	0.000000e+00	1.882636e-90	0.000000e+00	0.000000e+00	0.000000e+00	0.000000e+00	0.000000e+00	0.000000e+00	0.000000e+00	2.353072e-52	6.941581e-86	0.000000e+00	0.000000e+00	0.000000e+00	0.000000e+00	0.000000e+00	0.000000e+00	0.000000e+00	0.000000e+00	0.000000e+00	0.000000e+00	0.000000e+00	0.000000e+00	0.000000e+00	0.000000e+00	0.000000e+00	0.000000e+00	0.000000e+00	0.000000e+00	0.000000e+00	0.000000e+00	0.000000e+00	0.000000e+00	0.000000e+00	0.000000e+00	0.000000e+00	0.000000e+00	0.000000e+00	0.000000e+00	0.000000e+00	0.000000e+00	0.000000e+00	0.000000e+00	0.000000e+00	0.000000e+00	0.000000e+00	0.000000e+00	0.000000e+00	0.000000e+00	0.000000e+00	0.000000e+00	0.000000e+00	0.000000e+00	
1888.273253	1883.003350	1893.543156	200.057961	5.366069e-03	1.882703e-90	0.000000e+00	1.632153e-51	1.715077e-69	0.000000e+00	0.000000e+00	8.446836e-03	1.882703e-90	1.161575e-03	1.715549e-58	1.882703e-90	7.660090e-86	1.882703e-90	1.882703e-90	0.000000e+00	1.882703e-90	1.882703e-90	1.882703e-90	1.882703e-90	5.009358e-34	4.973829e-03	3.727909e-45	0.000000e+00	0.000000e+00	0.000000e+00	1.882703e-90	7.378866e-79	0.000000e+00	7.049962e-46	0.000000e+00	0.000000e+00	0.000000e+00	0.000000e+00	0.000000e+00	0.000000e+00	0.000000e+00	5.179349e-48	1.882703e-90	1.882703e-90	2.854579e-70	2.320286e-41	1.098677e-64	9.760669e-53	1.882703e-90	2.273621e-04	8.411214e-40	0.000000e+00	0.000000e+00	4.486078e-38	3.673202e-80	0.000000e+00	1.033018e-27	8.419234e-01	1.882703e-90	2.166281e-06	0.000000e+00	1.882703e-90	1.882703e-90	1.882703e-90	1.455440e-53	1.033680e-79	0.000000e+00	0.000000e+00	1.882703e-90	0.000000e+00	0.000000e+00	0.000000e+00	0.000000e+00	0.000000e+00	0.000000e+00	0.000000e+00	1.478705e-52	3.155106e-86	0.000000e+00	0.000000e+00	0.000000e+00	0.000000e+00	0.000000e+00	0.000000e+00	0.000000e+00	0.000000e+00	0.000000e+00	0.000000e+00	0.000000e+00	0.000000e+00	0.000000e+00	0.000000e+00	0.000000e+00	0.000000e+00	0.000000e+00	0.000000e+00	0.000000e+00	0.000000e+00	0.000000e+00	0.000000e+00	0.000000e+00	0.000000e+00	0.000000e+00	0.000000e+00	0.000000e+00	0.000000e+00	0.000000e+00	0.000000e+00	0.000000e+00	0.000000e+00	0.000000e+00	0.000000e+00	0.000000e+00	0.000000e+00	0.000000e+00	0.000000e+00	0.000000e+00	0.000000e+00	0.000000e+00	0.000000e+00	
1898.779503	1893.543156	1904.015850	198.784433	4.403666e-03	1.882673e-90	0.000000e+00	7.864659e-52	6.467242e-70	0.000000e+00	0.000000e+00	8.446338e-03	1.882673e-90	1.161376e-03	7.606741e-59	1.882673e-90	2.453092e-86	1.882673e-90	1.882673e-90	0.000000e+00	1.882673e-90	1.882673e-90	1.882673e-90	1.882673e-90	3.398555e-34	4.973795e-03	2.126941e-45	0.000000e+00	0.000000e+00	0.000000e+00	1.882673e-90	2.589045e-79	0.000000e+00	3.982047e-46	0.000000e+00	0.000000e+00	0.000000e+00	0.000000e+00	0.000000e+00	0.000000e+00	0.000000e+00	2.904518e-48	1.882673e-90	1.882673e-90	1.111963e-70	1.480337e-41	4.828745e-65	5.505519e-53	1.882673e-90	2.273345e-04	5.021205e-40	0.000000e+00	0.000000e+00	3.156843e-38	1.290018e-80	0.000000e+00	8.282221e-28	8.419262e-01	1.882673e-90	2.296376e-06	0.000000e+00	1.882673e-90	1.882673e-90	1.882673e-90	6.866834e-54	3.520811e-80	0.000000e+00	0.000000e+00	1.882673e-90	0.000000e+00	0.000000e+00	0.000000e+00	0.000000e+00	0.000000e+00	0.000000e+00	0.000000e+00	8.242303e-53	1.284171e-86	0.000000e+00	0.000000e+00	0.000000e+00	0.000000e+00	0.000000e+00	0.000000e+00	0.000000e+00	0.000000e+00	0.000000e+00	0.000000e+00	0.000000e+00	0.000000e+00	0.000000e+00	0.000000e+00	0.000000e+00	0.000000e+00	0.000000e+00	0.000000e+00	0.000000e+00	0.000000e+00	0.000000e+00	0.000000e+00	0.000000e+00	0.000000e+00	0.000000e+00	0.000000e+00	0.000000e+00	0.000000e+00	0.000000e+00	0.000000e+00	0.000000e+00	0.000000e+00	0.000000e+00	0.000000e+00	0.000000e+00	0.000000e+00	0.000000e+00	0.000000e+00	0.000000e+00	0.000000e+00	0.000000e+00	0.000000e+00	
1909.211115	1904.015850	1914.406380	197.224484	3.613869e-03	1.882692e-90	0.000000e+00	3.100474e-52	1.880270e-70	0.000000e+00	0.000000e+00	8.446526e-03	1.882692e-90	1.161538e-03	2.705038e-59	1.882692e-90	5.555070e-87	1.882692e-90	1.882692e-90	0.000000e+00	1.882692e-90	1.882692e-90	1.882692e-90	1.882692e-90	1.909402e-34	4.974457e-03	1.010575e-45	0.000000e+00	0.000000e+00	0.000000e+00	1.882692e-90	6.413021e-80	0.000000e+00	1.868739e-46	0.000000e+00	0.000000e+00	0.000000e+00	0.000000e+00	0.000000e+00	0.000000e+00	0.000000e+00	1.288483e-48	1.882692e-90	1.882692e-90	3.287309e-71	8.081971e-42	1.658938e-65	2.580394e-53	1.882692e-90	2.273608e-04	2.583642e-40	0.000000e+00	0.000000e+00	1.857220e-38	3.198413e-81	0.000000e+00	5.728745e-28	8.419240e-01	1.882692e-90	2.247455e-06	0.000000e+00	1.882692e-90	1.882692e-90	1.882692e-90	2.637567e-54	8.605775e-81	0.000000e+00	0.000000e+00	1.882692e-90	0.000000e+00	0.000000e+00	0.000000e+00	0.000000e+00	0.000000e+00	0.000000e+00	0.000000e+00	3.630794e-53	4.215435e-87	0.000000e+00	0.000000e+00	0.000000e+00	0.000000e+00	0.000000e+00	0.000000e+00	0.000000e+00	0.000000e+00	0.000000e+00	0.000000e+00	0.000000e+00	0.000000e+00	0.000000e+00	0.000000e+00	0.000000e+00	0.000000e+00	0.000000e+00	0.000000e+00	0.000000e+00	0.000000e+00	0.000000e+00	0.000000e+00	0.000000e+00	0.000000e+00	0.000000e+00	0.000000e+00	0.000000e+00	0.000000e+00	0.000000e+00	0.000000e+00	0.000000e+00	0.000000e+00	0.000000e+00	0.000000e+00	0.000000e+00	0.000000e+00	0.000000e+00	0.000000e+00	0.000000e+00	0.000000e+00	0.000000e+00	0.000000e+00	
1919.546936	1914.406380	1924.687492	195.148679	2.965723e-03	1.882627e-90	0.000000e+00	8.481179e-53	3.403920e-71	0.000000e+00	0.000000e+00	8.446165e-03	1.882627e-90	1.162032e-03	6.434705e-60	1.882627e-90	6.690464e-88	1.882627e-90	1.882627e-90	0.000000e+00	1.882627e-90	1.882627e-90	1.882627e-90	1.882627e-90	7.605632e-35	4.973805e-03	3.438763e-46	0.000000e+00	0.000000e+00	0.000000e+00	1.882627e-90	8.419134e-81	0.000000e+00	6.252709e-47	0.000000e+00	0.000000e+00	0.000000e+00	0.000000e+00	0.000000e+00	0.000000e+00	0.000000e+00	3.728115e-49	1.882627e-90	1.882627e-90	5.877693e-72	3.319012e-42	3.636907e-66	8.625384e-54	1.882627e-90	2.273555e-04	1.013718e-40	0.000000e+00	0.000000e+00	7.878260e-39	4.202598e-82	0.000000e+00	3.026499e-28	8.419299e-01	1.882627e-90	1.901410e-06	0.000000e+00	1.882627e-90	1.882627e-90	1.882627e-90	6.962967e-55	1.148870e-81	0.000000e+00	0.000000e+00	1.882627e-90	0.000000e+00	0.000000e+00	0.000000e+00	0.000000e+00	0.000000e+00	0.000000e+00	0.000000e+00	1.041231e-53	9.345691e-88	0.000000e+00	0.000000e+00	0.000000e+00	0.000000e+00	0.000000e+00	0.000000e+00	0.000000e+00	0.000000e+00	0.000000e+00	0.000000e+00	0.000000e+00	0.000000e+00	0.000000e+00	0.000000e+00	0.000000e+00	0.000000e+00	0.000000e+00	0.000000e+00	0.000000e+00	0.000000e+00	0.000000e+00	0.000000e+00	0.000000e+00	0.000000e+00	0.000000e+00	0.000000e+00	0.000000e+00	0.000000e+00	0.000000e+00	0.000000e+00	0.000000e+00	0.000000e+00	0.000000e+00	0.000000e+00	0.000000e+00	0.000000e+00	0.000000e+00	0.000000e+00	0.000000e+00	0.000000e+00	0.000000e+00	0.000000e+00	
1929.742641	1924.687492	1934.797791	191.906105	2.433821e-03	1.882625e-90	0.000000e+00	9.983075e-54	2.065812e-72	0.000000e+00	0.000000e+00	8.446152e-03	1.882625e-90	1.163633e-03	6.054044e-61	1.882625e-90	1.879557e-89	1.882625e-90	1.882625e-90	0.000000e+00	1.882625e-90	1.882625e-90	1.882625e-90	1.882625e-90	1.372905e-35	4.973917e-03	5.425410e-47	0.000000e+00	0.000000e+00	0.000000e+00	1.882625e-90	2.561256e-82	0.000000e+00	9.607193e-48	0.000000e+00	0.000000e+00	0.000000e+00	0.000000e+00	0.000000e+00	0.000000e+00	0.000000e+00	4.033278e-50	1.882625e-90	1.882625e-90	3.294884e-73	7.073022e-43	2.830422e-67	1.324167e-54	1.882625e-90	2.273358e-04	2.128449e-41	0.000000e+00	0.000000e+00	1.575782e-39	1.278222e-83	0.000000e+00	8.610113e-29	8.419290e-01	1.882625e-90	1.151730e-06	0.000000e+00	1.882625e-90	1.882625e-90	1.882625e-90	7.744218e-56	3.805618e-83	0.000000e+00	0.000000e+00	1.882625e-90	0.000000e+00	0.000000e+00	0.000000e+00	0.000000e+00	0.000000e+00	0.000000e+00	0.000000e+00	1.112466e-54	8.407133e-89	0.000000e+00	0.000000e+00	0.000000e+00	0.000000e+00	0.000000e+00	0.000000e+00	0.000000e+00	0.000000e+00	0.000000e+00	0.000000e+00	0.000000e+00	0.000000e+00	0.000000e+00	0.000000e+00	0.000000e+00	0.000000e+00	0.000000e+00	0.000000e+00	0.000000e+00	0.000000e+00	0.000000e+00	0.000000e+00	0.000000e+00	0.000000e+00	0.000000e+00	0.000000e+00	0.000000e+00	0.000000e+00	0.000000e+00	0.000000e+00	0.000000e+00	0.000000e+00	0.000000e+00	0.000000e+00	0.000000e+00	0.000000e+00	0.000000e+00	0.000000e+00	0.000000e+00	0.000000e+00	0.000000e+00	0.000000e+00	
1939.707059	1934.797791	1944.616328	186.367898	1.997316e-03	1.882510e-90	0.000000e+00	2.020118e-55	1.278916e-74	0.000000e+00	0.000000e+00	8.445740e-03	1.882510e-90	1.165169e-03	8.185775e-63	1.882510e-90	1.882510e-90	1.882510e-90	1.882510e-90	0.000000e+00	1.882510e-90	1.882510e-90	1.882510e-90	1.882510e-90	4.773394e-37	4.973843e-03	1.725150e-48	0.000000e+00	0.000000e+00	0.000000e+00	1.882510e-90	3.698151e-85	0.000000e+00	2.916966e-49	0.000000e+00	0.000000e+00	0.000000e+00	0.000000e+00	0.000000e+00	0.000000e+00	0.000000e+00	5.617411e-52	1.882510e-90	1.882510e-90	1.639780e-75	3.841925e-44	2.538502e-69	4.028558e-56	1.882510e-90	2.273216e-04	1.211408e-42	0.000000e+00	0.000000e+00	6.615629e-41	1.837553e-86	0.000000e+00	6.783712e-30	8.419374e-01	1.882510e-90	3.485138e-07	0.000000e+00	1.882510e-90	1.882510e-90	1.882510e-90	1.416380e-57	6.886832e-86	0.000000e+00	0.000000e+00	1.882510e-90	0.000000e+00	0.000000e+00	0.000000e+00	0.000000e+00	0.000000e+00	0.000000e+00	0.000000e+00	1.523021e-56	1.882510e-90	0.000000e+00	0.000000e+00	0.000000e+00	0.000000e+00	0.000000e+00	0.000000e+00	0.000000e+00	0.000000e+00	0.000000e+00	0.000000e+00	0.000000e+00	0.000000e+00	0.000000e+00	0.000000e+00	0.000000e+00	0.000000e+00	0.000000e+00	0.000000e+00	0.000000e+00	0.000000e+00	0.000000e+00	0.000000e+00	0.000000e+00	0.000000e+00	0.000000e+00	0.000000e+00	0.000000e+00	0.000000e+00	0.000000e+00	0.000000e+00	0.000000e+00	0.000000e+00	0.000000e+00	0.000000e+00	0.000000e+00	0.000000e+00	0.000000e+00	0.000000e+00	0.000000e+00	0.000000e+00	0.000000e+00	0.000000e+00	
1949.310503	1944.616328	1954.004677	178.201874	1.639098e-03	1.882639e-90	0.000000e+00	3.936047e-58	3.805063e-78	0.000000e+00	0.000000e+00	8.446264e-03	1.882639e-90	1.165912e-03	8.366025e-66	1.882639e-90	1.882639e-90	1.882639e-90	1.882639e-90	0.000000e+00	1.882639e-90	1.882639e-90	1.882639e-90	1.882639e-90	1.897545e-39	4.973760e-03	6.607463e-51	0.000000e+00	0.000000e+00	0.000000e+00	1.882639e-90	9.484876e-90	0.000000e+00	1.041332e-51	0.000000e+00	0.000000e+00	0.000000e+00	0.000000e+00	0.000000e+00	0.000000e+00	0.000000e+00	5.241345e-55	1.882639e-90	1.882639e-90	3.267861e-79	3.422153e-46	1.296756e-72	1.456509e-58	1.882639e-90	2.273510e-04	1.216516e-44	0.000000e+00	0.000000e+00	3.595548e-43	1.882639e-90	0.000000e+00	1.000493e-31	8.419261e-01	1.882639e-90	4.297499e-08	0.000000e+00	1.882639e-90	1.882639e-90	1.882639e-90	2.352782e-60	2.648826e-90	0.000000e+00	0.000000e+00	1.882639e-90	0.000000e+00	0.000000e+00	0.000000e+00	0.000000e+00	0.000000e+00	0.000000e+00	0.000000e+00	1.402293e-59	1.882639e-90	0.000000e+00	0.000000e+00	0.000000e+00	0.000000e+00	0.000000e+00	0.000000e+00	0.000000e+00	0.000000e+00	0.000000e+00	0.000000e+00	0.000000e+00	0.000000e+00	0.000000e+00	0.000000e+00	0.000000e+00	0.000000e+00	0.000000e+00	0.000000e+00	0.000000e+00	0.000000e+00	0.000000e+00	0.000000e+00	0.000000e+00	0.000000e+00	0.000000e+00	0.000000e+00	0.000000e+00	0.000000e+00	0.000000e+00	0.000000e+00	0.000000e+00	0.000000e+00	0.000000e+00	0.000000e+00	0.000000e+00	0.000000e+00	0.000000e+00	0.000000e+00	0.000000e+00	0.000000e+00	0.000000e+00	0.000000e+00	
1958.498976	1954.004677	1962.993274	170.614838	1.345126e-03	1.882653e-90	0.000000e+00	7.072239e-61	1.016593e-81	0.000000e+00	0.000000e+00	8.446065e-03	1.882653e-90	1.165921e-03	7.769299e-69	1.882653e-90	1.882653e-90	1.882653e-90	1.882653e-90	0.000000e+00	1.882653e-90	1.882653e-90	1.882653e-90	1.882653e-90	7.247062e-42	4.974565e-03	2.402107e-53	0.000000e+00	0.000000e+00	0.000000e+00	1.882653e-90	1.882653e-90	0.000000e+00	3.539676e-54	0.000000e+00	0.000000e+00	0.000000e+00	0.000000e+00	0.000000e+00	0.000000e+00	0.000000e+00	4.623807e-58	1.882653e-90	1.882653e-90	5.832703e-83	2.904783e-48	6.060990e-76	5.068250e-61	1.882653e-90	2.273490e-04	1.150553e-46	0.000000e+00	0.000000e+00	1.917123e-45	1.882653e-90	0.000000e+00	1.467188e-33	8.419246e-01	1.882653e-90	5.364112e-09	0.000000e+00	1.882653e-90	1.882653e-90	1.882653e-90	3.600676e-63	1.882653e-90	0.000000e+00	0.000000e+00	1.882653e-90	0.000000e+00	0.000000e+00	0.000000e+00	0.000000e+00	0.000000e+00	0.000000e+00	0.000000e+00	1.241700e-62	1.882653e-90	0.000000e+00	0.000000e+00	0.000000e+00	0.000000e+00	0.000000e+00	0.000000e+00	0.000000e+00	0.000000e+00	0.000000e+00	0.000000e+00	0.000000e+00	0.000000e+00	0.000000e+00	0.000000e+00	0.000000e+00	0.000000e+00	0.000000e+00	0.000000e+00	0.000000e+00	0.000000e+00	0.000000e+00	0.000000e+00	0.000000e+00	0.000000e+00	0.000000e+00	0.000000e+00	0.000000e+00	0.000000e+00	0.000000e+00	0.000000e+00	0.000000e+00	0.000000e+00	0.000000e+00	0.000000e+00	0.000000e+00	0.000000e+00	0.000000e+00	0.000000e+00	0.000000e+00	0.000000e+00	0.000000e+00	0.000000e+00	
1967.313364	1962.993274	1971.633453	163.999785	1.103878e-03	1.882627e-90	0.000000e+00	1.803520e-63	4.267263e-85	0.000000e+00	0.000000e+00	8.446030e-03	1.882627e-90	1.166013e-03	1.055873e-71	1.882627e-90	1.882627e-90	1.882627e-90	1.882627e-90	0.000000e+00	1.882627e-90	1.882627e-90	1.882627e-90	1.882627e-90	3.959380e-44	4.973548e-03	1.222901e-55	0.000000e+00	0.000000e+00	0.000000e+00	1.882627e-90	1.882627e-90	0.000000e+00	1.696435e-56	0.000000e+00	0.000000e+00	0.000000e+00	0.000000e+00	0.000000e+00	0.000000e+00	0.000000e+00	6.339010e-61	1.882627e-90	1.882627e-90	1.687109e-86	3.278275e-50	4.394531e-79	2.511495e-63	1.882627e-90	2.273539e-04	1.411071e-48	0.000000e+00	0.000000e+00	1.458941e-47	1.882627e-90	0.000000e+00	2.907640e-35	8.419275e-01	1.882627e-90	7.995129e-10	0.000000e+00	1.882627e-90	1.882627e-90	1.882627e-90	7.893685e-66	1.882627e-90	0.000000e+00	0.000000e+00	1.882627e-90	0.000000e+00	0.000000e+00	0.000000e+00	0.000000e+00	0.000000e+00	0.000000e+00	0.000000e+00	1.736079e-65	1.882627e-90	0.000000e+00	0.000000e+00	0.000000e+00	0.000000e+00	0.000000e+00	0.000000e+00	0.000000e+00	0.000000e+00	0.000000e+00	0.000000e+00	0.000000e+00	0.000000e+00	0.000000e+00	0.000000e+00	0.000000e+00	0.000000e+00	0.000000e+00	0.000000e+00	0.000000e+00	0.000000e+00	0.000000e+00	0.000000e+00	0.000000e+00	0.000000e+00	0.000000e+00	0.000000e+00	0.000000e+00	0.000000e+00	0.000000e+00	0.000000e+00	0.000000e+00	0.000000e+00	0.000000e+00	0.000000e+00	0.000000e+00	0.000000e+00	0.000000e+00	0.000000e+00	0.000000e+00	0.000000e+00	0.000000e+00	0.000000e+00	
