z		z0		z1		T		P		1		2		3		4		5		6		7		8		9		10		11		12		13		14		15		16		17		18		19		20		21		22		23		24		25		26		27		28		29		30		31		32		33		34		35		36		37		38		39		40		41		42		43		44		45		46		47		48		49		50		51		52		53		54		55		56		57		58		59		60		61		62		63		64		65		66		67		68		69		70		71		72		73		74		75		76		77		78		79		80		81		82		83		84		85		86		87		88		89		90		91		92		93		94		95		96		97		98		99		100		101		102		103		104		105		106		107		108		109		110		111		112		113		114		115		
km		km		km		K		Pa		
26.060435	0.000000	52.120869	998.166967	1.811795e+07	4.107649e-25	0.000000e+00	1.167870e-10	2.531030e-15	0.000000e+00	0.000000e+00	8.444807e-03	1.318480e-25	9.347369e-04	1.466037e-13	4.417784e-25	3.986878e-20	3.126866e-33	4.351274e-52	0.000000e+00	1.357715e-22	3.184102e-29	5.089074e-43	4.508311e-36	4.411324e-08	4.972711e-03	8.968015e-12	0.000000e+00	0.000000e+00	0.000000e+00	6.600343e-44	1.230931e-16	0.000000e+00	9.860840e-12	0.000000e+00	0.000000e+00	0.000000e+00	0.000000e+00	0.000000e+00	0.000000e+00	0.000000e+00	1.595638e-11	7.175747e-25	2.412023e-26	5.168388e-17	1.659730e-14	1.572033e-17	7.456232e-18	9.546549e-30	2.272924e-04	9.200218e-11	0.000000e+00	0.000000e+00	3.768041e-13	8.502723e-19	0.000000e+00	6.655693e-10	8.420756e-01	2.301760e-27	1.154847e-04	0.000000e+00	1.503566e-21	8.845446e-31	9.424196e-22	1.460677e-11	2.763666e-17	0.000000e+00	0.000000e+00	4.507326e-27	0.000000e+00	0.000000e+00	0.000000e+00	0.000000e+00	0.000000e+00	0.000000e+00	0.000000e+00	9.298603e-15	6.482378e-32	0.000000e+00	0.000000e+00	0.000000e+00	0.000000e+00	0.000000e+00	0.000000e+00	0.000000e+00	0.000000e+00	0.000000e+00	0.000000e+00	0.000000e+00	0.000000e+00	0.000000e+00	0.000000e+00	0.000000e+00	0.000000e+00	0.000000e+00	0.000000e+00	0.000000e+00	0.000000e+00	0.000000e+00	0.000000e+00	0.000000e+00	0.000000e+00	0.000000e+00	0.000000e+00	0.000000e+00	0.000000e+00	0.000000e+00	0.000000e+00	0.000000e+00	0.000000e+00	0.000000e+00	0.000000e+00	0.000000e+00	0.000000e+00	0.000000e+00	0.000000e+00	0.000000e+00	0.000000e+00	0.000000e+00	0.000000e+00	
77.089265	52.120869	102.057661	956.277157	1.486850e+07	3.485382e-26	0.000000e+00	3.943677e-11	6.098211e-16	0.000000e+00	0.000000e+00	8.444997e-03	1.079501e-26	9.643040e-04	4.659715e-14	6.579206e-26	6.782765e-21	1.932351e-34	5.735878e-54	0.000000e+00	2.024935e-23	3.230088e-30	1.842235e-44	9.085466e-38	1.963532e-08	4.972722e-03	3.504606e-12	0.000000e+00	0.000000e+00	0.000000e+00	5.315187e-46	2.138248e-17	0.000000e+00	3.760029e-12	0.000000e+00	0.000000e+00	0.000000e+00	0.000000e+00	0.000000e+00	0.000000e+00	0.000000e+00	5.541054e-12	5.593654e-26	2.126324e-27	1.238605e-17	7.757085e-15	4.349265e-18	2.731752e-18	1.560652e-30	2.273008e-04	4.239754e-11	0.000000e+00	0.000000e+00	1.673598e-13	1.546180e-19	0.000000e+00	3.541432e-10	8.420565e-01	1.999242e-28	1.007159e-04	0.000000e+00	1.905125e-22	3.167521e-32	9.369605e-23	4.821667e-12	4.986628e-18	0.000000e+00	0.000000e+00	2.288634e-28	0.000000e+00	0.000000e+00	0.000000e+00	0.000000e+00	0.000000e+00	0.000000e+00	0.000000e+00	3.044202e-15	1.383189e-32	0.000000e+00	0.000000e+00	0.000000e+00	0.000000e+00	0.000000e+00	0.000000e+00	0.000000e+00	0.000000e+00	0.000000e+00	0.000000e+00	0.000000e+00	0.000000e+00	0.000000e+00	0.000000e+00	0.000000e+00	0.000000e+00	0.000000e+00	0.000000e+00	0.000000e+00	0.000000e+00	0.000000e+00	0.000000e+00	0.000000e+00	0.000000e+00	0.000000e+00	0.000000e+00	0.000000e+00	0.000000e+00	0.000000e+00	0.000000e+00	0.000000e+00	0.000000e+00	0.000000e+00	0.000000e+00	0.000000e+00	0.000000e+00	0.000000e+00	0.000000e+00	0.000000e+00	0.000000e+00	0.000000e+00	0.000000e+00	
125.930934	102.057661	149.804207	915.753571	1.220184e+07	2.301488e-27	0.000000e+00	1.191589e-11	1.272940e-16	0.000000e+00	0.000000e+00	8.445345e-03	6.793242e-28	9.984309e-04	1.317152e-14	7.910961e-27	9.506207e-22	8.947046e-36	4.904046e-56	0.000000e+00	2.480015e-24	2.598403e-31	4.804427e-46	1.219824e-39	7.804238e-09	4.972918e-03	1.230996e-12	0.000000e+00	0.000000e+00	0.000000e+00	2.565961e-48	3.036159e-18	0.000000e+00	1.285833e-12	0.000000e+00	0.000000e+00	0.000000e+00	0.000000e+00	0.000000e+00	0.000000e+00	0.000000e+00	1.679790e-12	3.272320e-27	1.425686e-28	2.546572e-18	3.312636e-15	1.046916e-18	8.950764e-19	2.117266e-31	2.273071e-04	1.799105e-11	0.000000e+00	0.000000e+00	6.644013e-14	2.305734e-20	0.000000e+00	1.713760e-10	8.420343e-01	1.354696e-29	8.368839e-05	0.000000e+00	1.950485e-23	8.052788e-34	7.349628e-24	1.419886e-12	7.446176e-19	0.000000e+00	0.000000e+00	8.371176e-30	0.000000e+00	0.000000e+00	0.000000e+00	0.000000e+00	0.000000e+00	0.000000e+00	0.000000e+00	8.658660e-16	2.566089e-33	0.000000e+00	0.000000e+00	0.000000e+00	0.000000e+00	0.000000e+00	0.000000e+00	0.000000e+00	0.000000e+00	0.000000e+00	0.000000e+00	0.000000e+00	0.000000e+00	0.000000e+00	0.000000e+00	0.000000e+00	0.000000e+00	0.000000e+00	0.000000e+00	0.000000e+00	0.000000e+00	0.000000e+00	0.000000e+00	0.000000e+00	0.000000e+00	0.000000e+00	0.000000e+00	0.000000e+00	0.000000e+00	0.000000e+00	0.000000e+00	0.000000e+00	0.000000e+00	0.000000e+00	0.000000e+00	0.000000e+00	0.000000e+00	0.000000e+00	0.000000e+00	0.000000e+00	0.000000e+00	0.000000e+00	0.000000e+00	
172.665432	149.804207	195.526657	880.472419	1.001344e+07	1.481174e-28	0.000000e+00	3.560565e-12	2.617851e-17	0.000000e+00	0.000000e+00	8.445677e-03	4.138182e-29	1.028792e-03	3.657007e-15	9.219898e-28	1.299529e-22	4.003015e-37	3.996189e-58	0.000000e+00	2.961325e-25	2.033035e-32	1.207811e-47	1.568965e-41	3.066780e-09	4.973158e-03	4.278382e-13	0.000000e+00	0.000000e+00	0.000000e+00	1.173387e-50	4.224542e-19	0.000000e+00	4.350365e-13	0.000000e+00	0.000000e+00	0.000000e+00	0.000000e+00	0.000000e+00	0.000000e+00	0.000000e+00	4.997411e-13	1.847537e-28	9.253748e-30	5.153489e-19	1.401730e-15	2.485148e-19	2.903274e-19	2.824661e-32	2.273159e-04	7.568504e-12	0.000000e+00	0.000000e+00	2.610838e-14	3.367404e-21	0.000000e+00	8.225848e-11	8.420145e-01	8.950953e-31	6.851029e-05	0.000000e+00	1.942252e-24	1.974338e-35	5.621117e-25	4.130612e-13	1.090400e-19	0.000000e+00	0.000000e+00	2.958306e-31	0.000000e+00	0.000000e+00	0.000000e+00	0.000000e+00	0.000000e+00	0.000000e+00	0.000000e+00	2.417356e-16	4.716005e-34	0.000000e+00	0.000000e+00	0.000000e+00	0.000000e+00	0.000000e+00	0.000000e+00	0.000000e+00	0.000000e+00	0.000000e+00	0.000000e+00	0.000000e+00	0.000000e+00	0.000000e+00	0.000000e+00	0.000000e+00	0.000000e+00	0.000000e+00	0.000000e+00	0.000000e+00	0.000000e+00	0.000000e+00	0.000000e+00	0.000000e+00	0.000000e+00	0.000000e+00	0.000000e+00	0.000000e+00	0.000000e+00	0.000000e+00	0.000000e+00	0.000000e+00	0.000000e+00	0.000000e+00	0.000000e+00	0.000000e+00	0.000000e+00	0.000000e+00	0.000000e+00	0.000000e+00	0.000000e+00	0.000000e+00	0.000000e+00	
217.467735	195.526657	239.408812	850.041702	8.217531e+06	9.848868e-30	0.000000e+00	1.079772e-12	5.484018e-18	0.000000e+00	0.000000e+00	8.445792e-03	2.594306e-30	1.054072e-03	1.024814e-15	1.094968e-28	1.812874e-23	1.851168e-38	3.433613e-60	0.000000e+00	3.609435e-26	1.633302e-33	3.160109e-49	2.124535e-43	1.223389e-09	4.973013e-03	1.508337e-13	0.000000e+00	0.000000e+00	0.000000e+00	5.723999e-53	6.036842e-20	0.000000e+00	1.493524e-13	0.000000e+00	0.000000e+00	0.000000e+00	0.000000e+00	0.000000e+00	0.000000e+00	0.000000e+00	1.506020e-13	1.076171e-29	6.197986e-31	1.063776e-19	6.002008e-16	6.009300e-20	9.569755e-20	3.871495e-33	2.273218e-04	3.217529e-12	0.000000e+00	0.000000e+00	1.042631e-14	5.043609e-22	0.000000e+00	4.004638e-11	8.419967e-01	6.110207e-32	5.589048e-05	0.000000e+00	1.976661e-25	5.054564e-37	4.428696e-26	1.218911e-13	1.636396e-20	0.000000e+00	0.000000e+00	1.090024e-32	0.000000e+00	0.000000e+00	0.000000e+00	0.000000e+00	0.000000e+00	0.000000e+00	0.000000e+00	6.846088e-17	8.876144e-35	0.000000e+00	0.000000e+00	0.000000e+00	0.000000e+00	0.000000e+00	0.000000e+00	0.000000e+00	0.000000e+00	0.000000e+00	0.000000e+00	0.000000e+00	0.000000e+00	0.000000e+00	0.000000e+00	0.000000e+00	0.000000e+00	0.000000e+00	0.000000e+00	0.000000e+00	0.000000e+00	0.000000e+00	0.000000e+00	0.000000e+00	0.000000e+00	0.000000e+00	0.000000e+00	0.000000e+00	0.000000e+00	0.000000e+00	0.000000e+00	0.000000e+00	0.000000e+00	0.000000e+00	0.000000e+00	0.000000e+00	0.000000e+00	0.000000e+00	0.000000e+00	0.000000e+00	0.000000e+00	0.000000e+00	0.000000e+00	
260.498288	239.408812	281.587763	821.733736	6.743719e+06	6.492234e-31	0.000000e+00	3.262712e-13	1.142927e-18	0.000000e+00	0.000000e+00	8.445704e-03	1.604479e-31	1.075521e-03	2.846305e-16	1.281513e-29	2.502128e-24	8.444794e-40	2.898558e-62	0.000000e+00	4.351564e-27	1.297770e-34	8.156833e-51	2.833990e-45	4.863979e-10	4.973512e-03	5.301031e-14	0.000000e+00	0.000000e+00	0.000000e+00	2.740230e-55	8.573862e-21	0.000000e+00	5.112317e-14	0.000000e+00	0.000000e+00	0.000000e+00	0.000000e+00	0.000000e+00	0.000000e+00	0.000000e+00	4.501104e-14	6.177304e-31	4.099542e-32	2.184003e-20	2.562333e-16	1.446584e-20	3.146400e-20	5.284264e-34	2.273261e-04	1.363696e-12	0.000000e+00	0.000000e+00	4.154100e-15	7.501325e-23	0.000000e+00	1.946699e-11	8.419843e-01	4.136258e-33	4.516481e-05	0.000000e+00	1.987258e-26	1.277645e-38	3.458252e-27	3.581790e-14	2.440231e-21	0.000000e+00	0.000000e+00	3.969944e-34	0.000000e+00	0.000000e+00	0.000000e+00	0.000000e+00	0.000000e+00	0.000000e+00	0.000000e+00	1.923846e-17	1.670273e-35	0.000000e+00	0.000000e+00	0.000000e+00	0.000000e+00	0.000000e+00	0.000000e+00	0.000000e+00	0.000000e+00	0.000000e+00	0.000000e+00	0.000000e+00	0.000000e+00	0.000000e+00	0.000000e+00	0.000000e+00	0.000000e+00	0.000000e+00	0.000000e+00	0.000000e+00	0.000000e+00	0.000000e+00	0.000000e+00	0.000000e+00	0.000000e+00	0.000000e+00	0.000000e+00	0.000000e+00	0.000000e+00	0.000000e+00	0.000000e+00	0.000000e+00	0.000000e+00	0.000000e+00	0.000000e+00	0.000000e+00	0.000000e+00	0.000000e+00	0.000000e+00	0.000000e+00	0.000000e+00	0.000000e+00	0.000000e+00	
301.872869	281.587763	322.157976	795.789484	5.534234e+06	4.019979e-32	0.000000e+00	9.590415e-14	2.297988e-19	0.000000e+00	0.000000e+00	8.446196e-03	9.255598e-33	1.094261e-03	7.644359e-17	1.413003e-30	3.279260e-25	3.573772e-41	2.191398e-64	0.000000e+00	4.976996e-28	9.707134e-36	1.936449e-52	3.412514e-47	1.880946e-10	4.973547e-03	1.814870e-14	0.000000e+00	0.000000e+00	0.000000e+00	1.153140e-57	1.158445e-21	0.000000e+00	1.703634e-14	0.000000e+00	0.000000e+00	0.000000e+00	0.000000e+00	0.000000e+00	0.000000e+00	0.000000e+00	1.296214e-14	3.286666e-32	2.525676e-33	4.315326e-21	1.069782e-16	3.364646e-21	1.007432e-20	6.899966e-35	2.273326e-04	5.661313e-13	0.000000e+00	0.000000e+00	1.611589e-15	1.061601e-23	0.000000e+00	9.256535e-12	8.419706e-01	2.632581e-34	3.581733e-05	0.000000e+00	1.886367e-27	2.961956e-40	2.543364e-28	1.022540e-14	3.471557e-22	0.000000e+00	0.000000e+00	1.331553e-35	0.000000e+00	0.000000e+00	0.000000e+00	0.000000e+00	0.000000e+00	0.000000e+00	0.000000e+00	5.206505e-18	3.047975e-36	0.000000e+00	0.000000e+00	0.000000e+00	0.000000e+00	0.000000e+00	0.000000e+00	0.000000e+00	0.000000e+00	0.000000e+00	0.000000e+00	0.000000e+00	0.000000e+00	0.000000e+00	0.000000e+00	0.000000e+00	0.000000e+00	0.000000e+00	0.000000e+00	0.000000e+00	0.000000e+00	0.000000e+00	0.000000e+00	0.000000e+00	0.000000e+00	0.000000e+00	0.000000e+00	0.000000e+00	0.000000e+00	0.000000e+00	0.000000e+00	0.000000e+00	0.000000e+00	0.000000e+00	0.000000e+00	0.000000e+00	0.000000e+00	0.000000e+00	0.000000e+00	0.000000e+00	0.000000e+00	0.000000e+00	0.000000e+00	
341.686806	322.157976	361.215637	766.091098	4.541670e+06	2.379718e-33	0.000000e+00	2.763917e-14	4.502373e-20	0.000000e+00	0.000000e+00	8.446333e-03	5.074063e-34	1.109942e-03	2.001937e-17	1.490471e-31	4.137470e-26	1.431872e-42	1.529741e-66	0.000000e+00	5.475995e-29	6.948002e-37	4.326987e-54	3.817731e-49	7.132637e-11	4.973750e-03	6.099119e-15	0.000000e+00	0.000000e+00	0.000000e+00	4.423954e-60	1.510974e-22	0.000000e+00	5.571565e-15	0.000000e+00	0.000000e+00	0.000000e+00	0.000000e+00	0.000000e+00	0.000000e+00	0.000000e+00	3.632594e-15	1.654521e-33	1.478083e-34	8.295148e-22	4.395774e-17	7.635508e-22	3.165766e-21	8.732014e-36	2.273339e-04	2.315472e-13	0.000000e+00	0.000000e+00	6.137294e-16	1.450003e-24	0.000000e+00	4.334732e-12	8.419587e-01	1.602934e-35	2.797903e-05	0.000000e+00	1.716427e-28	6.452733e-42	1.791664e-29	2.859401e-15	4.775480e-23	0.000000e+00	0.000000e+00	4.210769e-37	0.000000e+00	0.000000e+00	0.000000e+00	0.000000e+00	0.000000e+00	0.000000e+00	0.000000e+00	1.370910e-18	5.446532e-37	0.000000e+00	0.000000e+00	0.000000e+00	0.000000e+00	0.000000e+00	0.000000e+00	0.000000e+00	0.000000e+00	0.000000e+00	0.000000e+00	0.000000e+00	0.000000e+00	0.000000e+00	0.000000e+00	0.000000e+00	0.000000e+00	0.000000e+00	0.000000e+00	0.000000e+00	0.000000e+00	0.000000e+00	0.000000e+00	0.000000e+00	0.000000e+00	0.000000e+00	0.000000e+00	0.000000e+00	0.000000e+00	0.000000e+00	0.000000e+00	0.000000e+00	0.000000e+00	0.000000e+00	0.000000e+00	0.000000e+00	0.000000e+00	0.000000e+00	0.000000e+00	0.000000e+00	0.000000e+00	0.000000e+00	0.000000e+00	
380.037544	361.215637	398.859451	731.956694	3.727123e+06	1.379168e-34	0.000000e+00	7.892584e-15	8.713693e-21	0.000000e+00	0.000000e+00	8.446195e-03	2.711736e-35	1.122632e-03	5.171956e-18	1.536674e-32	5.121701e-27	5.585544e-44	1.027955e-68	0.000000e+00	5.908616e-30	4.867719e-38	9.393956e-56	4.123266e-51	2.680809e-11	4.973631e-03	2.032343e-15	0.000000e+00	0.000000e+00	0.000000e+00	1.623798e-62	1.938947e-23	0.000000e+00	1.806517e-15	0.000000e+00	0.000000e+00	0.000000e+00	0.000000e+00	0.000000e+00	0.000000e+00	0.000000e+00	1.004043e-15	8.101259e-35	8.437289e-36	1.573957e-22	1.793032e-17	1.713109e-22	9.868479e-22	1.090282e-36	2.273324e-04	9.403317e-14	0.000000e+00	0.000000e+00	2.318908e-16	1.947595e-25	0.000000e+00	2.017284e-12	8.419538e-01	9.559579e-37	2.165262e-05	0.000000e+00	1.528432e-29	1.364386e-43	1.236231e-30	7.916587e-16	6.466603e-24	0.000000e+00	0.000000e+00	1.294825e-38	0.000000e+00	0.000000e+00	0.000000e+00	0.000000e+00	0.000000e+00	0.000000e+00	0.000000e+00	3.561171e-19	9.660535e-38	0.000000e+00	0.000000e+00	0.000000e+00	0.000000e+00	0.000000e+00	0.000000e+00	0.000000e+00	0.000000e+00	0.000000e+00	0.000000e+00	0.000000e+00	0.000000e+00	0.000000e+00	0.000000e+00	0.000000e+00	0.000000e+00	0.000000e+00	0.000000e+00	0.000000e+00	0.000000e+00	0.000000e+00	0.000000e+00	0.000000e+00	0.000000e+00	0.000000e+00	0.000000e+00	0.000000e+00	0.000000e+00	0.000000e+00	0.000000e+00	0.000000e+00	0.000000e+00	0.000000e+00	0.000000e+00	0.000000e+00	0.000000e+00	0.000000e+00	0.000000e+00	0.000000e+00	0.000000e+00	0.000000e+00	0.000000e+00	
417.022612	398.859451	435.185772	699.294038	3.058664e+06	7.957473e-36	0.000000e+00	2.249715e-15	1.681924e-21	0.000000e+00	0.000000e+00	8.446363e-03	1.438552e-36	1.132548e-03	1.329151e-18	1.572681e-33	6.305242e-28	2.164102e-45	6.849546e-71	0.000000e+00	6.338821e-31	3.392445e-39	2.026883e-57	4.417425e-53	1.006492e-11	4.973655e-03	6.764160e-16	0.000000e+00	0.000000e+00	0.000000e+00	5.901316e-65	2.481712e-24	0.000000e+00	5.850960e-16	0.000000e+00	0.000000e+00	0.000000e+00	0.000000e+00	0.000000e+00	0.000000e+00	0.000000e+00	2.763906e-16	3.935468e-36	4.788056e-37	2.978274e-23	7.304706e-18	3.835828e-23	3.075129e-22	1.360368e-37	2.273339e-04	3.812763e-14	0.000000e+00	0.000000e+00	8.761016e-17	2.607174e-26	0.000000e+00	9.392042e-13	8.419473e-01	5.678011e-38	1.667372e-05	0.000000e+00	1.351716e-30	2.864850e-45	8.488574e-32	2.186835e-16	8.731179e-25	0.000000e+00	0.000000e+00	3.958259e-40	0.000000e+00	0.000000e+00	0.000000e+00	0.000000e+00	0.000000e+00	0.000000e+00	0.000000e+00	9.219797e-20	1.717440e-38	0.000000e+00	0.000000e+00	0.000000e+00	0.000000e+00	0.000000e+00	0.000000e+00	0.000000e+00	0.000000e+00	0.000000e+00	0.000000e+00	0.000000e+00	0.000000e+00	0.000000e+00	0.000000e+00	0.000000e+00	0.000000e+00	0.000000e+00	0.000000e+00	0.000000e+00	0.000000e+00	0.000000e+00	0.000000e+00	0.000000e+00	0.000000e+00	0.000000e+00	0.000000e+00	0.000000e+00	0.000000e+00	0.000000e+00	0.000000e+00	0.000000e+00	0.000000e+00	0.000000e+00	0.000000e+00	0.000000e+00	0.000000e+00	0.000000e+00	0.000000e+00	0.000000e+00	0.000000e+00	0.000000e+00	0.000000e+00	
452.727178	435.185772	470.268584	668.557411	2.510093e+06	4.420915e-37	0.000000e+00	6.307050e-16	3.176612e-22	0.000000e+00	0.000000e+00	8.446399e-03	7.317666e-38	1.140507e-03	3.346604e-19	1.553890e-34	7.525841e-29	8.016650e-47	4.273209e-73	0.000000e+00	6.588705e-32	2.280962e-40	4.161317e-59	4.448351e-55	3.718332e-12	4.973525e-03	2.216821e-16	0.000000e+00	0.000000e+00	0.000000e+00	1.984303e-67	3.084396e-25	0.000000e+00	1.865584e-16	0.000000e+00	0.000000e+00	0.000000e+00	0.000000e+00	0.000000e+00	0.000000e+00	0.000000e+00	7.444683e-17	1.826532e-37	2.605621e-38	5.506894e-24	2.936879e-18	8.414003e-24	9.436485e-23	1.654215e-38	2.273350e-04	1.526742e-14	0.000000e+00	0.000000e+00	3.260419e-17	3.388259e-27	0.000000e+00	4.319106e-13	8.419415e-01	3.249512e-39	1.270342e-05	0.000000e+00	1.154561e-31	5.708201e-47	5.621020e-33	5.936439e-17	1.146263e-25	0.000000e+00	0.000000e+00	1.151714e-41	0.000000e+00	0.000000e+00	0.000000e+00	0.000000e+00	0.000000e+00	0.000000e+00	0.000000e+00	2.335611e-20	3.002331e-39	0.000000e+00	0.000000e+00	0.000000e+00	0.000000e+00	0.000000e+00	0.000000e+00	0.000000e+00	0.000000e+00	0.000000e+00	0.000000e+00	0.000000e+00	0.000000e+00	0.000000e+00	0.000000e+00	0.000000e+00	0.000000e+00	0.000000e+00	0.000000e+00	0.000000e+00	0.000000e+00	0.000000e+00	0.000000e+00	0.000000e+00	0.000000e+00	0.000000e+00	0.000000e+00	0.000000e+00	0.000000e+00	0.000000e+00	0.000000e+00	0.000000e+00	0.000000e+00	0.000000e+00	0.000000e+00	0.000000e+00	0.000000e+00	0.000000e+00	0.000000e+00	0.000000e+00	0.000000e+00	0.000000e+00	0.000000e+00	
487.220677	470.268584	504.172771	640.068653	2.059909e+06	2.344301e-38	0.000000e+00	1.732222e-16	5.841327e-23	0.000000e+00	0.000000e+00	8.446975e-03	3.537054e-39	1.146811e-03	8.222973e-20	1.471871e-35	8.652427e-30	2.811624e-48	2.459331e-75	0.000000e+00	6.591286e-33	1.468085e-41	8.039406e-61	4.150892e-57	1.346610e-12	4.973490e-03	7.128357e-17	0.000000e+00	0.000000e+00	0.000000e+00	6.063930e-70	3.696691e-26	0.000000e+00	5.834506e-17	0.000000e+00	0.000000e+00	0.000000e+00	0.000000e+00	0.000000e+00	0.000000e+00	0.000000e+00	1.953350e-17	8.020107e-39	1.347258e-39	9.896813e-25	1.161764e-18	1.799473e-24	2.841132e-23	1.948209e-39	2.273471e-04	6.020331e-15	0.000000e+00	0.000000e+00	1.190804e-17	4.245816e-28	0.000000e+00	1.955876e-13	8.419346e-01	1.776516e-40	9.563890e-06	0.000000e+00	9.454988e-33	1.066365e-48	3.559953e-34	1.577433e-17	1.453776e-26	0.000000e+00	0.000000e+00	3.153455e-43	0.000000e+00	0.000000e+00	0.000000e+00	0.000000e+00	0.000000e+00	0.000000e+00	0.000000e+00	5.763153e-21	5.137588e-40	0.000000e+00	0.000000e+00	0.000000e+00	0.000000e+00	0.000000e+00	0.000000e+00	0.000000e+00	0.000000e+00	0.000000e+00	0.000000e+00	0.000000e+00	0.000000e+00	0.000000e+00	0.000000e+00	0.000000e+00	0.000000e+00	0.000000e+00	0.000000e+00	0.000000e+00	0.000000e+00	0.000000e+00	0.000000e+00	0.000000e+00	0.000000e+00	0.000000e+00	0.000000e+00	0.000000e+00	0.000000e+00	0.000000e+00	0.000000e+00	0.000000e+00	0.000000e+00	0.000000e+00	0.000000e+00	0.000000e+00	0.000000e+00	0.000000e+00	0.000000e+00	0.000000e+00	0.000000e+00	0.000000e+00	0.000000e+00	
520.561597	504.172771	536.950423	614.286107	1.690464e+06	1.158141e-39	0.000000e+00	4.611400e-17	1.031335e-23	0.000000e+00	0.000000e+00	8.446482e-03	1.584133e-40	1.151791e-03	1.949684e-20	1.309266e-36	9.404202e-31	9.078424e-50	1.251979e-77	0.000000e+00	6.226584e-34	8.843078e-43	1.415510e-62	3.452309e-59	4.728614e-13	4.973354e-03	2.225751e-17	0.000000e+00	0.000000e+00	0.000000e+00	1.603723e-72	4.190910e-27	0.000000e+00	1.771164e-17	0.000000e+00	0.000000e+00	0.000000e+00	0.000000e+00	0.000000e+00	0.000000e+00	0.000000e+00	4.928319e-18	3.241389e-40	6.446852e-41	1.703365e-25	4.481841e-19	3.701378e-25	8.299635e-24	2.181436e-40	2.273412e-04	2.319129e-15	0.000000e+00	0.000000e+00	4.221612e-18	5.033281e-29	0.000000e+00	8.639964e-14	8.419361e-01	9.056365e-42	7.082669e-06	0.000000e+00	7.273687e-34	1.807454e-50	2.107990e-35	4.058268e-18	1.748954e-27	0.000000e+00	0.000000e+00	7.874141e-45	0.000000e+00	0.000000e+00	0.000000e+00	0.000000e+00	0.000000e+00	0.000000e+00	0.000000e+00	1.366467e-21	8.483446e-41	0.000000e+00	0.000000e+00	0.000000e+00	0.000000e+00	0.000000e+00	0.000000e+00	0.000000e+00	0.000000e+00	0.000000e+00	0.000000e+00	0.000000e+00	0.000000e+00	0.000000e+00	0.000000e+00	0.000000e+00	0.000000e+00	0.000000e+00	0.000000e+00	0.000000e+00	0.000000e+00	0.000000e+00	0.000000e+00	0.000000e+00	0.000000e+00	0.000000e+00	0.000000e+00	0.000000e+00	0.000000e+00	0.000000e+00	0.000000e+00	0.000000e+00	0.000000e+00	0.000000e+00	0.000000e+00	0.000000e+00	0.000000e+00	0.000000e+00	0.000000e+00	0.000000e+00	0.000000e+00	0.000000e+00	0.000000e+00	
552.786024	536.950423	568.621625	591.438751	1.387280e+06	4.863264e-41	0.000000e+00	1.142358e-17	1.659151e-24	0.000000e+00	0.000000e+00	8.446453e-03	5.964536e-42	1.155824e-03	4.269179e-21	1.009834e-37	8.995422e-32	2.426932e-51	4.809665e-80	0.000000e+00	5.164421e-35	4.577041e-44	2.013743e-64	2.205993e-61	1.545627e-13	4.973778e-03	6.492858e-18	0.000000e+00	0.000000e+00	0.000000e+00	3.045160e-75	4.176756e-28	0.000000e+00	5.017167e-18	0.000000e+00	0.000000e+00	0.000000e+00	0.000000e+00	0.000000e+00	0.000000e+00	0.000000e+00	1.137074e-18	1.084894e-41	2.582155e-42	2.654748e-26	1.631944e-19	6.960861e-26	2.259588e-24	2.170770e-41	2.273375e-04	8.468654e-16	0.000000e+00	0.000000e+00	1.395311e-18	5.252151e-30	0.000000e+00	3.598904e-14	8.419318e-01	3.932242e-43	5.061167e-06	0.000000e+00	4.857358e-35	2.452252e-52	1.070259e-36	9.696706e-19	1.863245e-28	0.000000e+00	0.000000e+00	1.591013e-46	0.000000e+00	0.000000e+00	0.000000e+00	0.000000e+00	0.000000e+00	0.000000e+00	0.000000e+00	2.956341e-22	1.285423e-41	0.000000e+00	0.000000e+00	0.000000e+00	0.000000e+00	0.000000e+00	0.000000e+00	0.000000e+00	0.000000e+00	0.000000e+00	0.000000e+00	0.000000e+00	0.000000e+00	0.000000e+00	0.000000e+00	0.000000e+00	0.000000e+00	0.000000e+00	0.000000e+00	0.000000e+00	0.000000e+00	0.000000e+00	0.000000e+00	0.000000e+00	0.000000e+00	0.000000e+00	0.000000e+00	0.000000e+00	0.000000e+00	0.000000e+00	0.000000e+00	0.000000e+00	0.000000e+00	0.000000e+00	0.000000e+00	0.000000e+00	0.000000e+00	0.000000e+00	0.000000e+00	0.000000e+00	0.000000e+00	0.000000e+00	0.000000e+00	
583.891486	568.621625	599.161347	568.867417	1.138472e+06	1.471367e-42	0.000000e+00	2.447236e-18	2.212608e-25	0.000000e+00	0.000000e+00	8.446772e-03	1.584333e-43	1.159219e-03	7.974402e-22	5.845312e-39	6.653121e-33	4.433502e-53	1.046503e-82	0.000000e+00	3.296962e-36	1.744099e-45	1.861666e-66	8.286247e-64	4.366612e-14	4.973720e-03	1.649653e-18	0.000000e+00	0.000000e+00	0.000000e+00	2.963520e-78	3.204780e-29	0.000000e+00	1.234333e-18	0.000000e+00	0.000000e+00	0.000000e+00	0.000000e+00	0.000000e+00	0.000000e+00	0.000000e+00	2.190180e-19	2.484336e-43	7.218175e-44	3.387177e-27	5.287160e-20	1.092153e-26	5.328981e-25	1.698734e-42	2.273471e-04	2.776707e-16	0.000000e+00	0.000000e+00	3.995374e-19	4.234769e-31	0.000000e+00	1.328518e-14	8.419260e-01	1.234748e-44	3.368879e-06	0.000000e+00	2.441916e-36	2.124564e-54	3.985119e-38	1.995658e-19	1.552085e-29	0.000000e+00	0.000000e+00	2.095925e-48	0.000000e+00	0.000000e+00	0.000000e+00	0.000000e+00	0.000000e+00	0.000000e+00	0.000000e+00	5.312067e-23	1.630819e-42	0.000000e+00	0.000000e+00	0.000000e+00	0.000000e+00	0.000000e+00	0.000000e+00	0.000000e+00	0.000000e+00	0.000000e+00	0.000000e+00	0.000000e+00	0.000000e+00	0.000000e+00	0.000000e+00	0.000000e+00	0.000000e+00	0.000000e+00	0.000000e+00	0.000000e+00	0.000000e+00	0.000000e+00	0.000000e+00	0.000000e+00	0.000000e+00	0.000000e+00	0.000000e+00	0.000000e+00	0.000000e+00	0.000000e+00	0.000000e+00	0.000000e+00	0.000000e+00	0.000000e+00	0.000000e+00	0.000000e+00	0.000000e+00	0.000000e+00	0.000000e+00	0.000000e+00	0.000000e+00	0.000000e+00	0.000000e+00	
613.835061	599.161347	628.508774	543.144305	9.342870e+05	2.689806e-44	0.000000e+00	4.193692e-19	2.211656e-26	0.000000e+00	0.000000e+00	8.446612e-03	2.462925e-45	1.161918e-03	1.167241e-22	2.177029e-40	3.314638e-34	4.511404e-55	9.502630e-86	0.000000e+00	1.407933e-37	4.150580e-47	8.870783e-69	1.376452e-66	9.859171e-15	4.973834e-03	3.389486e-19	0.000000e+00	0.000000e+00	0.000000e+00	1.033371e-81	1.645695e-30	0.000000e+00	2.445874e-19	0.000000e+00	0.000000e+00	0.000000e+00	0.000000e+00	0.000000e+00	0.000000e+00	0.000000e+00	3.197678e-20	3.176844e-45	1.161220e-45	3.177466e-28	1.431018e-20	1.296789e-27	1.007297e-25	9.180464e-44	2.273453e-04	7.714952e-17	0.000000e+00	0.000000e+00	9.173314e-20	2.297565e-32	0.000000e+00	4.071588e-15	8.419264e-01	2.355811e-46	2.011408e-06	0.000000e+00	7.938790e-38	9.243879e-57	9.217908e-40	3.266347e-20	8.859325e-31	0.000000e+00	0.000000e+00	1.431651e-50	0.000000e+00	0.000000e+00	0.000000e+00	0.000000e+00	0.000000e+00	0.000000e+00	0.000000e+00	7.175711e-24	1.572587e-43	0.000000e+00	0.000000e+00	0.000000e+00	0.000000e+00	0.000000e+00	0.000000e+00	0.000000e+00	0.000000e+00	0.000000e+00	0.000000e+00	0.000000e+00	0.000000e+00	0.000000e+00	0.000000e+00	0.000000e+00	0.000000e+00	0.000000e+00	0.000000e+00	0.000000e+00	0.000000e+00	0.000000e+00	0.000000e+00	0.000000e+00	0.000000e+00	0.000000e+00	0.000000e+00	0.000000e+00	0.000000e+00	0.000000e+00	0.000000e+00	0.000000e+00	0.000000e+00	0.000000e+00	0.000000e+00	0.000000e+00	0.000000e+00	0.000000e+00	0.000000e+00	0.000000e+00	0.000000e+00	0.000000e+00	0.000000e+00	
642.558328	628.508774	656.607881	517.069535	7.667228e+05	2.761198e-46	0.000000e+00	5.564956e-20	1.588946e-27	0.000000e+00	0.000000e+00	8.446500e-03	2.072860e-47	1.163836e-03	1.291986e-23	4.898219e-42	1.050757e-35	2.350117e-57	3.174525e-89	0.000000e+00	3.794702e-39	5.765487e-49	1.980748e-71	8.975841e-70	1.723004e-15	4.973383e-03	5.462478e-20	0.000000e+00	0.000000e+00	0.000000e+00	1.111611e-85	5.336743e-32	0.000000e+00	3.783317e-20	0.000000e+00	0.000000e+00	0.000000e+00	0.000000e+00	0.000000e+00	0.000000e+00	0.000000e+00	3.400981e-21	2.084306e-47	9.930224e-48	2.095777e-29	3.153407e-21	1.119341e-28	1.479145e-26	3.251331e-45	2.273430e-04	1.773279e-17	0.000000e+00	0.000000e+00	1.637108e-20	7.920085e-34	0.000000e+00	1.009443e-15	8.419274e-01	2.540706e-48	1.061254e-06	0.000000e+00	1.566369e-39	1.826350e-59	1.235481e-41	4.111480e-21	3.280761e-32	0.000000e+00	0.000000e+00	4.608187e-53	0.000000e+00	0.000000e+00	0.000000e+00	0.000000e+00	0.000000e+00	0.000000e+00	0.000000e+00	6.998157e-25	1.109998e-44	0.000000e+00	0.000000e+00	0.000000e+00	0.000000e+00	0.000000e+00	0.000000e+00	0.000000e+00	0.000000e+00	0.000000e+00	0.000000e+00	0.000000e+00	0.000000e+00	0.000000e+00	0.000000e+00	0.000000e+00	0.000000e+00	0.000000e+00	0.000000e+00	0.000000e+00	0.000000e+00	0.000000e+00	0.000000e+00	0.000000e+00	0.000000e+00	0.000000e+00	0.000000e+00	0.000000e+00	0.000000e+00	0.000000e+00	0.000000e+00	0.000000e+00	0.000000e+00	0.000000e+00	0.000000e+00	0.000000e+00	0.000000e+00	0.000000e+00	0.000000e+00	0.000000e+00	0.000000e+00	0.000000e+00	0.000000e+00	
670.026232	656.607881	683.444582	494.195399	6.292112e+05	1.713384e-48	0.000000e+00	5.908736e-21	8.557797e-29	0.000000e+00	0.000000e+00	8.446493e-03	1.021585e-49	1.164934e-03	1.120194e-24	7.114187e-44	2.247210e-37	6.834786e-60	1.882644e-90	0.000000e+00	6.849521e-41	5.015086e-51	2.288090e-74	2.588664e-73	2.412148e-16	4.973601e-03	7.130669e-21	0.000000e+00	0.000000e+00	0.000000e+00	4.288924e-90	1.161201e-33	0.000000e+00	4.722265e-21	0.000000e+00	0.000000e+00	0.000000e+00	0.000000e+00	0.000000e+00	0.000000e+00	0.000000e+00	2.748390e-22	7.645030e-50	4.905111e-50	1.016765e-30	5.812146e-22	7.319788e-30	1.745690e-27	7.985380e-47	2.273526e-04	3.454610e-18	0.000000e+00	0.000000e+00	2.351238e-21	1.840027e-35	0.000000e+00	2.085486e-16	8.419268e-01	1.666538e-50	5.034713e-07	0.000000e+00	1.998663e-41	1.811704e-62	1.028701e-43	4.116656e-22	8.338972e-34	0.000000e+00	0.000000e+00	7.702655e-56	0.000000e+00	0.000000e+00	0.000000e+00	0.000000e+00	0.000000e+00	0.000000e+00	0.000000e+00	5.149393e-26	5.993924e-46	0.000000e+00	0.000000e+00	0.000000e+00	0.000000e+00	0.000000e+00	0.000000e+00	0.000000e+00	0.000000e+00	0.000000e+00	0.000000e+00	0.000000e+00	0.000000e+00	0.000000e+00	0.000000e+00	0.000000e+00	0.000000e+00	0.000000e+00	0.000000e+00	0.000000e+00	0.000000e+00	0.000000e+00	0.000000e+00	0.000000e+00	0.000000e+00	0.000000e+00	0.000000e+00	0.000000e+00	0.000000e+00	0.000000e+00	0.000000e+00	0.000000e+00	0.000000e+00	0.000000e+00	0.000000e+00	0.000000e+00	0.000000e+00	0.000000e+00	0.000000e+00	0.000000e+00	0.000000e+00	0.000000e+00	0.000000e+00	
696.260151	683.444582	709.075719	474.216370	5.163623e+05	8.337054e-51	0.000000e+00	5.634237e-22	4.009677e-30	0.000000e+00	0.000000e+00	8.446557e-03	3.889009e-52	1.165505e-03	8.625581e-26	8.394593e-46	3.980052e-39	1.503289e-62	1.882650e-90	0.000000e+00	1.019774e-42	3.489531e-53	1.930066e-77	5.030009e-77	3.041296e-17	4.973686e-03	8.420563e-22	0.000000e+00	0.000000e+00	0.000000e+00	1.882650e-90	2.088815e-35	0.000000e+00	5.323353e-22	0.000000e+00	0.000000e+00	0.000000e+00	0.000000e+00	0.000000e+00	0.000000e+00	0.000000e+00	1.950074e-23	2.118879e-52	1.865967e-52	4.252805e-32	9.835335e-23	4.189484e-31	1.859330e-28	1.650824e-48	2.273419e-04	6.212596e-19	0.000000e+00	0.000000e+00	3.052407e-22	3.537127e-37	0.000000e+00	3.961747e-17	8.419259e-01	8.602863e-53	2.275811e-07	0.000000e+00	2.065396e-43	1.286941e-65	6.801514e-46	3.689935e-23	1.769884e-35	0.000000e+00	0.000000e+00	9.390168e-59	0.000000e+00	0.000000e+00	0.000000e+00	0.000000e+00	0.000000e+00	0.000000e+00	0.000000e+00	3.320292e-27	2.865445e-47	0.000000e+00	0.000000e+00	0.000000e+00	0.000000e+00	0.000000e+00	0.000000e+00	0.000000e+00	0.000000e+00	0.000000e+00	0.000000e+00	0.000000e+00	0.000000e+00	0.000000e+00	0.000000e+00	0.000000e+00	0.000000e+00	0.000000e+00	0.000000e+00	0.000000e+00	0.000000e+00	0.000000e+00	0.000000e+00	0.000000e+00	0.000000e+00	0.000000e+00	0.000000e+00	0.000000e+00	0.000000e+00	0.000000e+00	0.000000e+00	0.000000e+00	0.000000e+00	0.000000e+00	0.000000e+00	0.000000e+00	0.000000e+00	0.000000e+00	0.000000e+00	0.000000e+00	0.000000e+00	0.000000e+00	0.000000e+00	
721.342875	709.075719	733.610032	455.395707	4.237528e+05	4.183005e-53	0.000000e+00	5.447651e-23	1.911519e-31	0.000000e+00	0.000000e+00	8.446699e-03	1.530115e-54	1.165757e-03	6.732245e-27	1.023617e-47	7.238590e-41	3.438711e-65	1.882682e-90	0.000000e+00	1.558515e-44	2.510371e-55	1.706158e-80	1.025915e-80	3.904175e-18	4.973960e-03	1.010163e-22	0.000000e+00	0.000000e+00	0.000000e+00	1.882682e-90	3.867989e-37	0.000000e+00	6.100831e-23	0.000000e+00	0.000000e+00	0.000000e+00	0.000000e+00	0.000000e+00	0.000000e+00	0.000000e+00	1.413450e-24	6.092305e-55	7.390407e-55	1.813021e-33	1.686035e-23	2.442971e-32	2.017721e-29	3.518092e-50	2.273520e-04	1.128640e-19	0.000000e+00	0.000000e+00	4.044741e-23	6.982706e-39	0.000000e+00	7.666869e-18	8.419228e-01	4.582607e-55	1.040579e-07	0.000000e+00	2.190255e-45	9.516813e-69	4.625352e-48	3.353740e-24	3.854235e-37	0.000000e+00	0.000000e+00	1.193708e-61	0.000000e+00	0.000000e+00	0.000000e+00	0.000000e+00	0.000000e+00	0.000000e+00	0.000000e+00	2.193414e-28	1.411103e-48	0.000000e+00	0.000000e+00	0.000000e+00	0.000000e+00	0.000000e+00	0.000000e+00	0.000000e+00	0.000000e+00	0.000000e+00	0.000000e+00	0.000000e+00	0.000000e+00	0.000000e+00	0.000000e+00	0.000000e+00	0.000000e+00	0.000000e+00	0.000000e+00	0.000000e+00	0.000000e+00	0.000000e+00	0.000000e+00	0.000000e+00	0.000000e+00	0.000000e+00	0.000000e+00	0.000000e+00	0.000000e+00	0.000000e+00	0.000000e+00	0.000000e+00	0.000000e+00	0.000000e+00	0.000000e+00	0.000000e+00	0.000000e+00	0.000000e+00	0.000000e+00	0.000000e+00	0.000000e+00	0.000000e+00	0.000000e+00	
745.390645	733.610032	757.171258	436.996884	3.477529e+05	2.549753e-55	0.000000e+00	5.743717e-24	1.018381e-32	0.000000e+00	0.000000e+00	8.446312e-03	7.407771e-57	1.165883e-03	5.766222e-28	1.488630e-49	1.537263e-42	9.895162e-68	1.882643e-90	0.000000e+00	2.786665e-46	2.175917e-57	1.960500e-83	2.864671e-84	5.487807e-19	4.973838e-03	1.318880e-23	0.000000e+00	0.000000e+00	0.000000e+00	1.882643e-90	8.401141e-39	0.000000e+00	7.625152e-24	0.000000e+00	0.000000e+00	0.000000e+00	0.000000e+00	0.000000e+00	0.000000e+00	0.000000e+00	1.145149e-25	2.196556e-57	3.647028e-57	8.705846e-35	3.103172e-24	1.588704e-33	2.396430e-30	8.713623e-52	2.273396e-04	2.185631e-20	0.000000e+00	0.000000e+00	5.875497e-24	1.609996e-40	0.000000e+00	1.605192e-18	8.419263e-01	2.962119e-57	4.985399e-08	0.000000e+00	2.747015e-47	9.167968e-72	3.777558e-50	3.329935e-25	9.737603e-39	0.000000e+00	0.000000e+00	1.959327e-64	0.000000e+00	0.000000e+00	0.000000e+00	0.000000e+00	0.000000e+00	0.000000e+00	0.000000e+00	1.628499e-29	7.820914e-50	0.000000e+00	0.000000e+00	0.000000e+00	0.000000e+00	0.000000e+00	0.000000e+00	0.000000e+00	0.000000e+00	0.000000e+00	0.000000e+00	0.000000e+00	0.000000e+00	0.000000e+00	0.000000e+00	0.000000e+00	0.000000e+00	0.000000e+00	0.000000e+00	0.000000e+00	0.000000e+00	0.000000e+00	0.000000e+00	0.000000e+00	0.000000e+00	0.000000e+00	0.000000e+00	0.000000e+00	0.000000e+00	0.000000e+00	0.000000e+00	0.000000e+00	0.000000e+00	0.000000e+00	0.000000e+00	0.000000e+00	0.000000e+00	0.000000e+00	0.000000e+00	0.000000e+00	0.000000e+00	0.000000e+00	0.000000e+00	
768.524931	757.171258	779.878604	420.314484	2.853835e+05	2.052718e-57	0.000000e+00	6.852064e-25	6.360698e-34	0.000000e+00	0.000000e+00	8.446513e-03	4.821551e-59	1.165873e-03	5.643195e-29	2.775338e-51	4.068852e-44	3.945414e-70	1.882645e-90	0.000000e+00	6.229642e-48	2.455638e-59	3.266423e-86	1.253828e-87	8.763451e-20	4.973571e-03	1.940916e-24	0.000000e+00	0.000000e+00	0.000000e+00	1.882645e-90	2.286601e-40	0.000000e+00	1.077029e-24	0.000000e+00	0.000000e+00	0.000000e+00	0.000000e+00	0.000000e+00	0.000000e+00	0.000000e+00	1.085150e-26	1.093498e-59	2.455675e-59	4.955559e-36	6.318625e-25	1.206820e-34	3.230958e-31	2.666083e-53	2.273487e-04	4.638004e-21	0.000000e+00	0.000000e+00	9.701295e-25	4.629758e-42	0.000000e+00	3.747960e-19	8.419262e-01	2.523513e-59	2.546189e-08	0.000000e+00	4.379553e-49	1.289903e-74	4.009780e-52	3.751860e-26	3.038341e-40	0.000000e+00	0.000000e+00	4.629339e-67	0.000000e+00	0.000000e+00	0.000000e+00	0.000000e+00	0.000000e+00	0.000000e+00	0.000000e+00	1.423649e-30	5.101384e-51	0.000000e+00	0.000000e+00	0.000000e+00	0.000000e+00	0.000000e+00	0.000000e+00	0.000000e+00	0.000000e+00	0.000000e+00	0.000000e+00	0.000000e+00	0.000000e+00	0.000000e+00	0.000000e+00	0.000000e+00	0.000000e+00	0.000000e+00	0.000000e+00	0.000000e+00	0.000000e+00	0.000000e+00	0.000000e+00	0.000000e+00	0.000000e+00	0.000000e+00	0.000000e+00	0.000000e+00	0.000000e+00	0.000000e+00	0.000000e+00	0.000000e+00	0.000000e+00	0.000000e+00	0.000000e+00	0.000000e+00	0.000000e+00	0.000000e+00	0.000000e+00	0.000000e+00	0.000000e+00	0.000000e+00	0.000000e+00	
790.868551	779.878604	801.858498	406.197117	2.342000e+05	2.563682e-59	0.000000e+00	9.932673e-26	5.106775e-35	0.000000e+00	0.000000e+00	8.446493e-03	5.006240e-61	1.165926e-03	6.822843e-30	7.626356e-53	1.521855e-45	2.625368e-72	1.882639e-90	0.000000e+00	1.978914e-49	4.189230e-61	9.737124e-89	1.882639e-90	1.706416e-20	4.973421e-03	3.443624e-25	0.000000e+00	0.000000e+00	0.000000e+00	1.882639e-90	8.860623e-42	0.000000e+00	1.841383e-25	0.000000e+00	0.000000e+00	0.000000e+00	0.000000e+00	0.000000e+00	0.000000e+00	0.000000e+00	1.312942e-27	9.052131e-62	2.688094e-61	3.688471e-37	1.506529e-25	1.169906e-35	5.300205e-32	1.132081e-54	2.273457e-04	1.136917e-21	0.000000e+00	0.000000e+00	1.950933e-25	1.883467e-43	0.000000e+00	1.034176e-19	8.419269e-01	3.321176e-61	1.433709e-08	0.000000e+00	1.020265e-50	3.304468e-77	6.442253e-54	5.161581e-27	1.320405e-41	0.000000e+00	0.000000e+00	1.941699e-69	0.000000e+00	0.000000e+00	0.000000e+00	0.000000e+00	0.000000e+00	0.000000e+00	0.000000e+00	1.603042e-31	4.262444e-52	0.000000e+00	0.000000e+00	0.000000e+00	0.000000e+00	0.000000e+00	0.000000e+00	0.000000e+00	0.000000e+00	0.000000e+00	0.000000e+00	0.000000e+00	0.000000e+00	0.000000e+00	0.000000e+00	0.000000e+00	0.000000e+00	0.000000e+00	0.000000e+00	0.000000e+00	0.000000e+00	0.000000e+00	0.000000e+00	0.000000e+00	0.000000e+00	0.000000e+00	0.000000e+00	0.000000e+00	0.000000e+00	0.000000e+00	0.000000e+00	0.000000e+00	0.000000e+00	0.000000e+00	0.000000e+00	0.000000e+00	0.000000e+00	0.000000e+00	0.000000e+00	0.000000e+00	0.000000e+00	0.000000e+00	0.000000e+00	
812.519191	801.858498	823.179884	394.675539	1.921963e+05	3.781326e-61	0.000000e+00	1.550199e-26	4.509032e-36	0.000000e+00	0.000000e+00	8.446944e-03	6.205187e-63	1.165947e-03	8.933537e-31	2.433052e-54	6.495466e-47	2.124142e-74	1.882693e-90	0.000000e+00	7.186433e-51	8.372723e-63	1.882693e-90	1.882693e-90	3.588499e-21	4.974064e-03	6.566241e-26	0.000000e+00	0.000000e+00	0.000000e+00	1.882693e-90	3.932748e-43	0.000000e+00	3.389386e-26	0.000000e+00	0.000000e+00	0.000000e+00	0.000000e+00	0.000000e+00	0.000000e+00	0.000000e+00	1.745848e-28	9.092209e-64	3.546753e-63	3.039241e-38	3.816049e-26	1.244673e-36	9.383629e-33	5.458216e-56	2.273439e-04	2.943528e-22	0.000000e+00	0.000000e+00	4.239106e-26	8.748067e-45	0.000000e+00	3.048568e-20	8.419216e-01	5.156230e-63	8.393171e-09	0.000000e+00	2.743647e-52	1.061790e-79	1.210865e-55	7.660175e-28	6.513413e-43	0.000000e+00	0.000000e+00	1.013248e-71	0.000000e+00	0.000000e+00	0.000000e+00	0.000000e+00	0.000000e+00	0.000000e+00	0.000000e+00	1.992173e-32	3.929790e-53	0.000000e+00	0.000000e+00	0.000000e+00	0.000000e+00	0.000000e+00	0.000000e+00	0.000000e+00	0.000000e+00	0.000000e+00	0.000000e+00	0.000000e+00	0.000000e+00	0.000000e+00	0.000000e+00	0.000000e+00	0.000000e+00	0.000000e+00	0.000000e+00	0.000000e+00	0.000000e+00	0.000000e+00	0.000000e+00	0.000000e+00	0.000000e+00	0.000000e+00	0.000000e+00	0.000000e+00	0.000000e+00	0.000000e+00	0.000000e+00	0.000000e+00	0.000000e+00	0.000000e+00	0.000000e+00	0.000000e+00	0.000000e+00	0.000000e+00	0.000000e+00	0.000000e+00	0.000000e+00	0.000000e+00	0.000000e+00	
833.498898	823.179884	843.817911	385.316038	1.577259e+05	3.521774e-63	0.000000e+00	1.973826e-27	3.059881e-37	0.000000e+00	0.000000e+00	8.447233e-03	4.723830e-65	1.165987e-03	9.362599e-32	5.229748e-56	1.939701e-48	1.012018e-76	1.882677e-90	0.000000e+00	1.812966e-52	1.094673e-64	1.882677e-90	1.882677e-90	6.176240e-22	4.973868e-03	1.034107e-26	0.000000e+00	0.000000e+00	0.000000e+00	1.882677e-90	1.214872e-44	0.000000e+00	5.135000e-27	0.000000e+00	0.000000e+00	0.000000e+00	0.000000e+00	0.000000e+00	0.000000e+00	0.000000e+00	1.812070e-29	5.379094e-66	2.846923e-65	1.892070e-39	8.219086e-27	1.028437e-37	1.363993e-33	1.890407e-57	2.273395e-04	6.552897e-23	0.000000e+00	0.000000e+00	7.578077e-27	2.837599e-46	0.000000e+00	7.632939e-21	8.419227e-01	5.085882e-65	4.478844e-09	0.000000e+00	4.959257e-54	1.817038e-82	1.472974e-57	9.223255e-29	2.281604e-44	0.000000e+00	0.000000e+00	2.909146e-74	0.000000e+00	0.000000e+00	0.000000e+00	0.000000e+00	0.000000e+00	0.000000e+00	0.000000e+00	1.922258e-33	2.852088e-54	0.000000e+00	0.000000e+00	0.000000e+00	0.000000e+00	0.000000e+00	0.000000e+00	0.000000e+00	0.000000e+00	0.000000e+00	0.000000e+00	0.000000e+00	0.000000e+00	0.000000e+00	0.000000e+00	0.000000e+00	0.000000e+00	0.000000e+00	0.000000e+00	0.000000e+00	0.000000e+00	0.000000e+00	0.000000e+00	0.000000e+00	0.000000e+00	0.000000e+00	0.000000e+00	0.000000e+00	0.000000e+00	0.000000e+00	0.000000e+00	0.000000e+00	0.000000e+00	0.000000e+00	0.000000e+00	0.000000e+00	0.000000e+00	0.000000e+00	0.000000e+00	0.000000e+00	0.000000e+00	0.000000e+00	0.000000e+00	
853.763761	843.817911	863.709610	378.247587	1.294378e+05	1.428803e-65	0.000000e+00	1.739467e-28	1.290332e-38	0.000000e+00	0.000000e+00	8.446784e-03	1.489661e-67	1.165988e-03	6.562618e-33	5.496820e-58	3.035150e-50	1.849485e-79	1.882697e-90	0.000000e+00	2.366260e-54	6.637645e-67	1.882697e-90	1.882697e-90	7.395464e-23	4.973845e-03	1.152284e-27	0.000000e+00	0.000000e+00	0.000000e+00	1.882697e-90	1.948663e-46	0.000000e+00	5.471522e-28	0.000000e+00	0.000000e+00	0.000000e+00	0.000000e+00	0.000000e+00	0.000000e+00	0.000000e+00	1.200985e-30	1.222412e-68	9.294427e-68	7.096945e-41	1.320216e-27	5.379511e-39	1.386697e-34	3.594407e-59	2.273509e-04	1.110487e-23	0.000000e+00	0.000000e+00	9.509856e-28	4.809890e-48	0.000000e+00	1.420869e-21	8.419216e-01	2.208887e-67	2.018917e-09	0.000000e+00	4.371874e-56	9.964451e-86	8.165432e-60	7.612747e-30	4.303516e-46	0.000000e+00	0.000000e+00	2.837390e-77	0.000000e+00	0.000000e+00	0.000000e+00	0.000000e+00	0.000000e+00	0.000000e+00	0.000000e+00	1.172396e-34	1.339293e-55	0.000000e+00	0.000000e+00	0.000000e+00	0.000000e+00	0.000000e+00	0.000000e+00	0.000000e+00	0.000000e+00	0.000000e+00	0.000000e+00	0.000000e+00	0.000000e+00	0.000000e+00	0.000000e+00	0.000000e+00	0.000000e+00	0.000000e+00	0.000000e+00	0.000000e+00	0.000000e+00	0.000000e+00	0.000000e+00	0.000000e+00	0.000000e+00	0.000000e+00	0.000000e+00	0.000000e+00	0.000000e+00	0.000000e+00	0.000000e+00	0.000000e+00	0.000000e+00	0.000000e+00	0.000000e+00	0.000000e+00	0.000000e+00	0.000000e+00	0.000000e+00	0.000000e+00	0.000000e+00	0.000000e+00	0.000000e+00	
873.266748	863.709610	882.823885	365.548642	1.062232e+05	2.864133e-68	0.000000e+00	1.121956e-29	3.633955e-40	0.000000e+00	0.000000e+00	8.446598e-03	2.225096e-70	1.165978e-03	3.268518e-34	3.161070e-60	2.749499e-52	1.502811e-82	1.882606e-90	0.000000e+00	1.767974e-56	2.103348e-69	1.882606e-90	1.882606e-90	6.525955e-24	4.973448e-03	9.588905e-29	0.000000e+00	0.000000e+00	0.000000e+00	1.882606e-90	1.796848e-48	0.000000e+00	4.332301e-29	0.000000e+00	0.000000e+00	0.000000e+00	0.000000e+00	0.000000e+00	0.000000e+00	0.000000e+00	5.455202e-32	1.234870e-71	1.420222e-70	1.731847e-42	1.654694e-28	1.910697e-40	1.043870e-35	4.126728e-61	2.273381e-04	1.492817e-24	0.000000e+00	0.000000e+00	8.872509e-29	4.706962e-50	0.000000e+00	2.065287e-22	8.419291e-01	4.787054e-70	7.912793e-10	0.000000e+00	2.095628e-58	2.078689e-89	2.322673e-62	4.560818e-31	4.808536e-48	0.000000e+00	0.000000e+00	1.108425e-80	0.000000e+00	0.000000e+00	0.000000e+00	0.000000e+00	0.000000e+00	0.000000e+00	0.000000e+00	4.865382e-36	4.376923e-57	0.000000e+00	0.000000e+00	0.000000e+00	0.000000e+00	0.000000e+00	0.000000e+00	0.000000e+00	0.000000e+00	0.000000e+00	0.000000e+00	0.000000e+00	0.000000e+00	0.000000e+00	0.000000e+00	0.000000e+00	0.000000e+00	0.000000e+00	0.000000e+00	0.000000e+00	0.000000e+00	0.000000e+00	0.000000e+00	0.000000e+00	0.000000e+00	0.000000e+00	0.000000e+00	0.000000e+00	0.000000e+00	0.000000e+00	0.000000e+00	0.000000e+00	0.000000e+00	0.000000e+00	0.000000e+00	0.000000e+00	0.000000e+00	0.000000e+00	0.000000e+00	0.000000e+00	0.000000e+00	0.000000e+00	0.000000e+00	
891.996036	882.823885	901.168186	347.324210	8.717206e+04	3.599288e-71	0.000000e+00	5.885980e-31	7.832203e-42	0.000000e+00	0.000000e+00	8.446523e-03	2.027706e-73	1.166010e-03	1.297498e-35	1.225809e-62	1.738403e-54	7.161686e-86	1.882681e-90	0.000000e+00	9.145325e-59	4.353358e-72	1.882681e-90	1.882681e-90	4.722554e-25	4.973679e-03	6.592724e-30	0.000000e+00	0.000000e+00	0.000000e+00	1.882681e-90	1.152968e-50	0.000000e+00	2.826313e-30	0.000000e+00	0.000000e+00	0.000000e+00	0.000000e+00	0.000000e+00	0.000000e+00	0.000000e+00	1.937412e-33	7.305699e-75	1.320341e-73	3.180389e-44	1.762977e-29	5.259047e-42	6.465946e-37	3.412256e-63	2.273448e-04	1.721788e-25	0.000000e+00	0.000000e+00	6.841786e-30	3.209667e-52	0.000000e+00	2.562941e-23	8.419232e-01	6.551877e-73	2.840040e-10	0.000000e+00	6.709939e-61	1.882681e-90	4.246210e-65	2.210600e-32	3.807909e-50	0.000000e+00	0.000000e+00	2.367601e-84	0.000000e+00	0.000000e+00	0.000000e+00	0.000000e+00	0.000000e+00	0.000000e+00	0.000000e+00	1.574007e-37	1.135590e-58	0.000000e+00	0.000000e+00	0.000000e+00	0.000000e+00	0.000000e+00	0.000000e+00	0.000000e+00	0.000000e+00	0.000000e+00	0.000000e+00	0.000000e+00	0.000000e+00	0.000000e+00	0.000000e+00	0.000000e+00	0.000000e+00	0.000000e+00	0.000000e+00	0.000000e+00	0.000000e+00	0.000000e+00	0.000000e+00	0.000000e+00	0.000000e+00	0.000000e+00	0.000000e+00	0.000000e+00	0.000000e+00	0.000000e+00	0.000000e+00	0.000000e+00	0.000000e+00	0.000000e+00	0.000000e+00	0.000000e+00	0.000000e+00	0.000000e+00	0.000000e+00	0.000000e+00	0.000000e+00	0.000000e+00	0.000000e+00	
909.937170	901.168186	918.706154	331.098507	7.153777e+04	1.720887e-74	0.000000e+00	2.013325e-32	9.706074e-44	0.000000e+00	0.000000e+00	8.446558e-03	6.638785e-77	1.165970e-03	3.223092e-37	2.087873e-65	5.205313e-57	1.126288e-89	1.882661e-90	0.000000e+00	2.205026e-61	3.712233e-75	1.882661e-90	1.882661e-90	2.255630e-26	4.974040e-03	3.043500e-31	0.000000e+00	0.000000e+00	0.000000e+00	1.882661e-90	3.474797e-53	0.000000e+00	1.230126e-31	0.000000e+00	0.000000e+00	0.000000e+00	0.000000e+00	0.000000e+00	0.000000e+00	0.000000e+00	4.112263e-35	1.424767e-78	4.355166e-77	3.241199e-46	1.338805e-30	8.523940e-44	2.660835e-38	1.419141e-65	2.273449e-04	1.446006e-26	0.000000e+00	0.000000e+00	3.529457e-31	1.032916e-54	0.000000e+00	2.275463e-24	8.419245e-01	3.460179e-76	8.443699e-11	0.000000e+00	9.320757e-64	1.882661e-90	3.110455e-68	6.908227e-34	1.474077e-52	0.000000e+00	0.000000e+00	1.445657e-88	0.000000e+00	0.000000e+00	0.000000e+00	0.000000e+00	0.000000e+00	0.000000e+00	0.000000e+00	3.017285e-39	1.804521e-60	0.000000e+00	0.000000e+00	0.000000e+00	0.000000e+00	0.000000e+00	0.000000e+00	0.000000e+00	0.000000e+00	0.000000e+00	0.000000e+00	0.000000e+00	0.000000e+00	0.000000e+00	0.000000e+00	0.000000e+00	0.000000e+00	0.000000e+00	0.000000e+00	0.000000e+00	0.000000e+00	0.000000e+00	0.000000e+00	0.000000e+00	0.000000e+00	0.000000e+00	0.000000e+00	0.000000e+00	0.000000e+00	0.000000e+00	0.000000e+00	0.000000e+00	0.000000e+00	0.000000e+00	0.000000e+00	0.000000e+00	0.000000e+00	0.000000e+00	0.000000e+00	0.000000e+00	0.000000e+00	0.000000e+00	0.000000e+00	
927.037510	918.706154	935.368866	315.593447	5.870748e+04	1.802695e-78	0.000000e+00	3.516997e-34	5.042005e-46	0.000000e+00	0.000000e+00	8.446769e-03	4.353229e-81	1.165972e-03	3.833956e-39	9.770337e-69	4.818537e-60	1.882661e-90	1.882661e-90	0.000000e+00	1.602971e-64	7.862850e-79	1.882661e-90	1.882661e-90	5.609414e-28	4.973586e-03	7.514357e-33	0.000000e+00	0.000000e+00	0.000000e+00	1.882661e-90	3.194316e-56	0.000000e+00	2.834240e-33	0.000000e+00	0.000000e+00	0.000000e+00	0.000000e+00	0.000000e+00	0.000000e+00	0.000000e+00	3.888976e-37	4.860796e-83	2.821519e-81	1.309669e-48	5.973567e-32	6.013202e-46	5.760974e-40	2.005702e-68	2.273408e-04	7.377620e-28	0.000000e+00	0.000000e+00	9.683906e-33	1.021773e-57	0.000000e+00	1.193975e-25	8.419248e-01	4.093676e-80	1.868651e-11	0.000000e+00	3.487236e-67	1.882661e-90	5.414553e-72	1.083158e-35	1.853563e-55	0.000000e+00	0.000000e+00	1.882661e-90	0.000000e+00	0.000000e+00	0.000000e+00	0.000000e+00	0.000000e+00	0.000000e+00	0.000000e+00	2.542791e-41	1.327924e-62	0.000000e+00	0.000000e+00	0.000000e+00	0.000000e+00	0.000000e+00	0.000000e+00	0.000000e+00	0.000000e+00	0.000000e+00	0.000000e+00	0.000000e+00	0.000000e+00	0.000000e+00	0.000000e+00	0.000000e+00	0.000000e+00	0.000000e+00	0.000000e+00	0.000000e+00	0.000000e+00	0.000000e+00	0.000000e+00	0.000000e+00	0.000000e+00	0.000000e+00	0.000000e+00	0.000000e+00	0.000000e+00	0.000000e+00	0.000000e+00	0.000000e+00	0.000000e+00	0.000000e+00	0.000000e+00	0.000000e+00	0.000000e+00	0.000000e+00	0.000000e+00	0.000000e+00	0.000000e+00	0.000000e+00	0.000000e+00	
943.234957	935.368866	951.101047	301.168120	4.817831e+04	3.383724e-83	0.000000e+00	2.871101e-36	9.782808e-49	0.000000e+00	0.000000e+00	8.446708e-03	4.626456e-86	1.165990e-03	1.979304e-41	1.067716e-72	1.184963e-63	1.882628e-90	1.882628e-90	0.000000e+00	3.006016e-68	3.461015e-83	1.882628e-90	1.882628e-90	6.703809e-30	4.973782e-03	9.169785e-35	0.000000e+00	0.000000e+00	0.000000e+00	1.882628e-90	7.706157e-60	0.000000e+00	3.193483e-35	0.000000e+00	0.000000e+00	0.000000e+00	0.000000e+00	0.000000e+00	0.000000e+00	0.000000e+00	1.482429e-39	2.310556e-88	2.922209e-86	1.857242e-51	1.463445e-33	1.657069e-48	6.065045e-42	8.426792e-72	2.273409e-04	2.141134e-29	0.000000e+00	0.000000e+00	1.311881e-34	2.668787e-61	0.000000e+00	3.485617e-27	8.419271e-01	8.910946e-85	2.982477e-12	0.000000e+00	2.953902e-71	1.882628e-90	1.851554e-76	7.781942e-38	6.550863e-59	0.000000e+00	0.000000e+00	1.882628e-90	0.000000e+00	0.000000e+00	0.000000e+00	0.000000e+00	0.000000e+00	0.000000e+00	0.000000e+00	8.531918e-44	4.145806e-65	0.000000e+00	0.000000e+00	0.000000e+00	0.000000e+00	0.000000e+00	0.000000e+00	0.000000e+00	0.000000e+00	0.000000e+00	0.000000e+00	0.000000e+00	0.000000e+00	0.000000e+00	0.000000e+00	0.000000e+00	0.000000e+00	0.000000e+00	0.000000e+00	0.000000e+00	0.000000e+00	0.000000e+00	0.000000e+00	0.000000e+00	0.000000e+00	0.000000e+00	0.000000e+00	0.000000e+00	0.000000e+00	0.000000e+00	0.000000e+00	0.000000e+00	0.000000e+00	0.000000e+00	0.000000e+00	0.000000e+00	0.000000e+00	0.000000e+00	0.000000e+00	0.000000e+00	0.000000e+00	0.000000e+00	0.000000e+00	
958.511700	951.101047	965.922354	284.783475	3.953754e+04	2.124101e-88	0.000000e+00	1.444349e-38	1.013154e-51	0.000000e+00	0.000000e+00	8.446210e-03	1.882572e-90	1.165934e-03	5.992545e-44	4.707078e-77	1.263034e-67	1.882572e-90	1.882572e-90	0.000000e+00	2.392501e-72	5.675472e-88	1.882572e-90	1.882572e-90	5.088612e-32	4.973366e-03	7.199196e-37	0.000000e+00	0.000000e+00	0.000000e+00	1.882572e-90	8.032690e-64	0.000000e+00	2.302162e-37	0.000000e+00	0.000000e+00	0.000000e+00	0.000000e+00	0.000000e+00	0.000000e+00	0.000000e+00	3.212470e-42	1.882572e-90	1.882572e-90	1.352998e-54	2.460751e-35	2.520036e-51	4.089014e-44	1.667952e-75	2.273316e-04	4.339181e-31	0.000000e+00	0.000000e+00	1.155681e-36	3.008677e-65	0.000000e+00	7.141872e-29	8.419322e-01	6.616755e-90	3.928965e-13	0.000000e+00	9.713503e-76	1.882572e-90	2.242672e-81	3.402128e-40	1.040065e-62	0.000000e+00	0.000000e+00	1.882572e-90	0.000000e+00	0.000000e+00	0.000000e+00	0.000000e+00	0.000000e+00	0.000000e+00	0.000000e+00	1.625021e-46	7.736988e-68	0.000000e+00	0.000000e+00	0.000000e+00	0.000000e+00	0.000000e+00	0.000000e+00	0.000000e+00	0.000000e+00	0.000000e+00	0.000000e+00	0.000000e+00	0.000000e+00	0.000000e+00	0.000000e+00	0.000000e+00	0.000000e+00	0.000000e+00	0.000000e+00	0.000000e+00	0.000000e+00	0.000000e+00	0.000000e+00	0.000000e+00	0.000000e+00	0.000000e+00	0.000000e+00	0.000000e+00	0.000000e+00	0.000000e+00	0.000000e+00	0.000000e+00	0.000000e+00	0.000000e+00	0.000000e+00	0.000000e+00	0.000000e+00	0.000000e+00	0.000000e+00	0.000000e+00	0.000000e+00	0.000000e+00	0.000000e+00	
972.908947	965.922354	979.895541	269.607970	3.244649e+04	1.882609e-90	0.000000e+00	5.652052e-41	7.568007e-55	0.000000e+00	0.000000e+00	8.446515e-03	1.882609e-90	1.165912e-03	1.371923e-46	1.323138e-81	8.803996e-72	1.882609e-90	1.882609e-90	0.000000e+00	1.228517e-76	1.882609e-90	1.882609e-90	1.882609e-90	3.098024e-34	4.973436e-03	4.537293e-39	0.000000e+00	0.000000e+00	0.000000e+00	1.882609e-90	5.498895e-68	0.000000e+00	1.330582e-39	0.000000e+00	0.000000e+00	0.000000e+00	0.000000e+00	0.000000e+00	0.000000e+00	0.000000e+00	5.277776e-45	1.882609e-90	1.882609e-90	6.979969e-58	3.425069e-37	2.828363e-54	2.222044e-46	2.285688e-79	2.273320e-04	7.299304e-33	0.000000e+00	0.000000e+00	8.327020e-39	2.213184e-69	0.000000e+00	1.245734e-30	8.419291e-01	1.882609e-90	4.774391e-14	0.000000e+00	1.953479e-80	1.882609e-90	1.582159e-86	1.149833e-42	1.100340e-66	0.000000e+00	0.000000e+00	1.882609e-90	0.000000e+00	0.000000e+00	0.000000e+00	0.000000e+00	0.000000e+00	0.000000e+00	0.000000e+00	2.362112e-49	1.146447e-70	0.000000e+00	0.000000e+00	0.000000e+00	0.000000e+00	0.000000e+00	0.000000e+00	0.000000e+00	0.000000e+00	0.000000e+00	0.000000e+00	0.000000e+00	0.000000e+00	0.000000e+00	0.000000e+00	0.000000e+00	0.000000e+00	0.000000e+00	0.000000e+00	0.000000e+00	0.000000e+00	0.000000e+00	0.000000e+00	0.000000e+00	0.000000e+00	0.000000e+00	0.000000e+00	0.000000e+00	0.000000e+00	0.000000e+00	0.000000e+00	0.000000e+00	0.000000e+00	0.000000e+00	0.000000e+00	0.000000e+00	0.000000e+00	0.000000e+00	0.000000e+00	0.000000e+00	0.000000e+00	0.000000e+00	0.000000e+00	
986.489532	979.895541	993.083523	257.846390	2.662722e+04	1.882583e-90	0.000000e+00	1.779185e-43	4.256592e-58	0.000000e+00	0.000000e+00	6.635161e-03	1.882583e-90	1.165938e-03	2.462609e-49	2.541726e-86	4.264161e-76	1.882583e-90	1.882583e-90	0.000000e+00	4.326917e-81	1.882583e-90	1.882583e-90	1.882583e-90	1.568133e-36	4.973723e-03	2.373002e-41	0.000000e+00	0.000000e+00	0.000000e+00	1.882583e-90	2.632164e-72	0.000000e+00	6.379809e-42	0.000000e+00	0.000000e+00	0.000000e+00	0.000000e+00	0.000000e+00	0.000000e+00	0.000000e+00	6.870642e-48	1.882583e-90	1.882583e-90	2.670781e-61	4.058092e-39	2.444195e-57	1.008249e-48	2.299383e-83	2.273323e-04	1.044882e-34	0.000000e+00	0.000000e+00	5.089743e-41	1.129102e-73	0.000000e+00	1.908331e-32	8.419308e-01	1.882583e-90	5.456047e-15	0.000000e+00	2.565072e-85	1.882583e-90	1.882583e-90	3.109687e-45	8.221450e-71	0.000000e+00	0.000000e+00	1.882583e-90	0.000000e+00	0.000000e+00	0.000000e+00	0.000000e+00	0.000000e+00	0.000000e+00	0.000000e+00	2.744862e-52	1.412291e-73	0.000000e+00	0.000000e+00	0.000000e+00	0.000000e+00	0.000000e+00	0.000000e+00	0.000000e+00	0.000000e+00	0.000000e+00	0.000000e+00	0.000000e+00	0.000000e+00	0.000000e+00	0.000000e+00	0.000000e+00	0.000000e+00	0.000000e+00	0.000000e+00	0.000000e+00	0.000000e+00	0.000000e+00	0.000000e+00	0.000000e+00	0.000000e+00	0.000000e+00	0.000000e+00	0.000000e+00	0.000000e+00	0.000000e+00	0.000000e+00	0.000000e+00	0.000000e+00	0.000000e+00	0.000000e+00	0.000000e+00	0.000000e+00	0.000000e+00	0.000000e+00	0.000000e+00	0.000000e+00	0.000000e+00	0.000000e+00	
999.386126	993.083523	1005.688730	245.777965	2.185163e+04	1.882660e-90	0.000000e+00	1.596552e-45	9.271480e-61	0.000000e+00	0.000000e+00	2.276242e-03	1.882660e-90	1.165982e-03	1.388028e-51	3.762865e-90	1.303126e-79	1.882660e-90	1.882660e-90	0.000000e+00	9.962792e-85	1.882660e-90	1.882660e-90	1.882660e-90	2.238575e-38	4.973775e-03	3.330984e-43	0.000000e+00	0.000000e+00	0.000000e+00	1.882660e-90	8.173670e-76	0.000000e+00	8.356211e-44	0.000000e+00	0.000000e+00	0.000000e+00	0.000000e+00	0.000000e+00	0.000000e+00	0.000000e+00	3.221144e-50	1.882660e-90	1.882660e-90	4.324707e-64	1.110563e-40	7.772412e-60	1.271294e-50	1.283063e-86	2.273365e-04	3.252663e-36	0.000000e+00	0.000000e+00	8.571989e-43	3.664186e-77	0.000000e+00	6.838645e-34	8.419242e-01	1.882660e-90	1.013110e-15	0.000000e+00	2.599929e-89	1.882660e-90	1.882660e-90	2.464143e-47	3.587185e-74	0.000000e+00	0.000000e+00	1.882660e-90	0.000000e+00	0.000000e+00	0.000000e+00	0.000000e+00	0.000000e+00	0.000000e+00	0.000000e+00	1.184707e-54	6.067513e-76	0.000000e+00	0.000000e+00	0.000000e+00	0.000000e+00	0.000000e+00	0.000000e+00	0.000000e+00	0.000000e+00	0.000000e+00	0.000000e+00	0.000000e+00	0.000000e+00	0.000000e+00	0.000000e+00	0.000000e+00	0.000000e+00	0.000000e+00	0.000000e+00	0.000000e+00	0.000000e+00	0.000000e+00	0.000000e+00	0.000000e+00	0.000000e+00	0.000000e+00	0.000000e+00	0.000000e+00	0.000000e+00	0.000000e+00	0.000000e+00	0.000000e+00	0.000000e+00	0.000000e+00	0.000000e+00	0.000000e+00	0.000000e+00	0.000000e+00	0.000000e+00	0.000000e+00	0.000000e+00	0.000000e+00	0.000000e+00	
1011.806216	1005.688730	1017.923703	238.607105	1.793255e+04	1.882672e-90	0.000000e+00	6.563510e-47	1.446384e-62	0.000000e+00	0.000000e+00	1.297294e-03	1.882672e-90	1.166000e-03	4.143978e-53	1.882672e-90	5.693142e-82	1.882672e-90	1.882672e-90	0.000000e+00	3.469330e-87	1.882672e-90	1.882672e-90	1.882672e-90	1.403497e-39	4.973505e-03	1.930928e-44	0.000000e+00	0.000000e+00	0.000000e+00	1.882672e-90	3.740850e-78	0.000000e+00	4.625669e-45	0.000000e+00	0.000000e+00	0.000000e+00	0.000000e+00	0.000000e+00	0.000000e+00	0.000000e+00	9.442106e-52	1.882672e-90	1.882672e-90	5.691128e-66	1.014378e-41	1.627209e-61	6.880876e-52	8.281142e-89	2.273466e-04	3.130222e-37	0.000000e+00	0.000000e+00	6.050259e-44	1.720994e-79	0.000000e+00	8.089424e-35	8.419240e-01	1.882672e-90	3.682041e-16	0.000000e+00	1.882672e-90	1.882672e-90	1.882672e-90	9.305624e-49	1.999285e-76	0.000000e+00	0.000000e+00	1.882672e-90	0.000000e+00	0.000000e+00	0.000000e+00	0.000000e+00	0.000000e+00	0.000000e+00	0.000000e+00	3.299296e-56	1.499825e-77	0.000000e+00	0.000000e+00	0.000000e+00	0.000000e+00	0.000000e+00	0.000000e+00	0.000000e+00	0.000000e+00	0.000000e+00	0.000000e+00	0.000000e+00	0.000000e+00	0.000000e+00	0.000000e+00	0.000000e+00	0.000000e+00	0.000000e+00	0.000000e+00	0.000000e+00	0.000000e+00	0.000000e+00	0.000000e+00	0.000000e+00	0.000000e+00	0.000000e+00	0.000000e+00	0.000000e+00	0.000000e+00	0.000000e+00	0.000000e+00	0.000000e+00	0.000000e+00	0.000000e+00	0.000000e+00	0.000000e+00	0.000000e+00	0.000000e+00	0.000000e+00	0.000000e+00	0.000000e+00	0.000000e+00	0.000000e+00	
1023.983941	1017.923703	1030.044180	234.979423	1.471635e+04	1.882664e-90	0.000000e+00	2.513340e-47	4.054697e-63	0.000000e+00	0.000000e+00	1.007460e-03	1.882664e-90	1.165942e-03	1.431062e-53	1.882664e-90	1.213171e-82	1.882664e-90	1.882664e-90	0.000000e+00	6.424823e-88	1.882664e-90	1.882664e-90	1.882664e-90	7.542713e-40	4.973812e-03	8.842564e-45	0.000000e+00	0.000000e+00	0.000000e+00	1.882664e-90	8.660274e-79	0.000000e+00	2.087542e-45	0.000000e+00	0.000000e+00	0.000000e+00	0.000000e+00	0.000000e+00	0.000000e+00	0.000000e+00	3.973369e-52	1.882664e-90	1.882664e-90	1.615245e-66	5.373769e-42	5.365640e-62	3.084575e-52	1.874528e-89	2.273357e-04	1.575884e-37	0.000000e+00	0.000000e+00	3.380851e-44	4.013968e-80	0.000000e+00	5.338303e-35	8.419240e-01	1.882664e-90	3.484157e-16	0.000000e+00	1.882664e-90	1.882664e-90	1.882664e-90	3.467734e-49	4.608282e-77	0.000000e+00	0.000000e+00	1.882664e-90	0.000000e+00	0.000000e+00	0.000000e+00	0.000000e+00	0.000000e+00	0.000000e+00	0.000000e+00	1.367072e-56	4.581936e-78	0.000000e+00	0.000000e+00	0.000000e+00	0.000000e+00	0.000000e+00	0.000000e+00	0.000000e+00	0.000000e+00	0.000000e+00	0.000000e+00	0.000000e+00	0.000000e+00	0.000000e+00	0.000000e+00	0.000000e+00	0.000000e+00	0.000000e+00	0.000000e+00	0.000000e+00	0.000000e+00	0.000000e+00	0.000000e+00	0.000000e+00	0.000000e+00	0.000000e+00	0.000000e+00	0.000000e+00	0.000000e+00	0.000000e+00	0.000000e+00	0.000000e+00	0.000000e+00	0.000000e+00	0.000000e+00	0.000000e+00	0.000000e+00	0.000000e+00	0.000000e+00	0.000000e+00	0.000000e+00	0.000000e+00	0.000000e+00	
1036.067700	1030.044180	1042.091221	233.889538	1.207697e+04	1.882665e-90	0.000000e+00	1.392691e-47	1.833708e-63	0.000000e+00	0.000000e+00	1.007460e-03	1.882665e-90	1.165926e-03	7.413455e-54	1.882665e-90	4.919054e-83	1.882665e-90	1.882665e-90	0.000000e+00	2.296782e-88	1.882665e-90	1.882665e-90	1.882665e-90	5.781423e-40	4.973595e-03	5.698873e-45	0.000000e+00	0.000000e+00	0.000000e+00	1.882665e-90	3.836671e-79	0.000000e+00	1.332742e-45	0.000000e+00	0.000000e+00	0.000000e+00	0.000000e+00	0.000000e+00	0.000000e+00	0.000000e+00	2.597712e-52	1.882665e-90	1.882665e-90	7.624260e-67	3.808917e-42	2.792507e-62	1.961106e-52	7.639737e-90	2.273502e-04	1.043582e-37	0.000000e+00	0.000000e+00	2.658920e-44	1.786875e-80	0.000000e+00	4.677562e-35	8.419245e-01	1.882665e-90	3.861037e-16	0.000000e+00	1.882665e-90	1.882665e-90	1.882665e-90	1.887669e-49	1.966302e-77	0.000000e+00	0.000000e+00	1.882665e-90	0.000000e+00	0.000000e+00	0.000000e+00	0.000000e+00	0.000000e+00	0.000000e+00	0.000000e+00	8.849281e-57	2.119225e-78	0.000000e+00	0.000000e+00	0.000000e+00	0.000000e+00	0.000000e+00	0.000000e+00	0.000000e+00	0.000000e+00	0.000000e+00	0.000000e+00	0.000000e+00	0.000000e+00	0.000000e+00	0.000000e+00	0.000000e+00	0.000000e+00	0.000000e+00	0.000000e+00	0.000000e+00	0.000000e+00	0.000000e+00	0.000000e+00	0.000000e+00	0.000000e+00	0.000000e+00	0.000000e+00	0.000000e+00	0.000000e+00	0.000000e+00	0.000000e+00	0.000000e+00	0.000000e+00	0.000000e+00	0.000000e+00	0.000000e+00	0.000000e+00	0.000000e+00	0.000000e+00	0.000000e+00	0.000000e+00	0.000000e+00	0.000000e+00	
1048.013215	1042.091221	1053.935208	233.817853	9.910971e+03	1.882671e-90	0.000000e+00	2.192973e-48	1.626344e-64	0.000000e+00	0.000000e+00	1.007460e-03	1.882671e-90	1.165997e-03	9.648477e-55	1.882671e-90	2.237486e-84	1.882671e-90	1.882671e-90	0.000000e+00	8.762512e-90	1.882671e-90	1.882671e-90	1.882671e-90	1.328408e-40	4.973608e-03	1.149950e-45	0.000000e+00	0.000000e+00	0.000000e+00	1.882671e-90	1.872868e-80	0.000000e+00	2.618969e-46	0.000000e+00	0.000000e+00	0.000000e+00	0.000000e+00	0.000000e+00	0.000000e+00	0.000000e+00	3.808552e-53	1.882671e-90	1.882671e-90	6.370579e-68	1.004484e-42	3.077113e-63	3.811017e-53	1.882671e-90	2.273453e-04	2.718423e-38	0.000000e+00	0.000000e+00	6.575624e-45	8.832171e-82	0.000000e+00	1.570568e-35	8.419244e-01	1.882671e-90	2.515254e-16	0.000000e+00	1.882671e-90	1.882671e-90	1.882671e-90	2.827190e-50	1.033092e-78	0.000000e+00	0.000000e+00	1.882671e-90	0.000000e+00	0.000000e+00	0.000000e+00	0.000000e+00	0.000000e+00	0.000000e+00	0.000000e+00	1.263040e-57	2.412285e-79	0.000000e+00	0.000000e+00	0.000000e+00	0.000000e+00	0.000000e+00	0.000000e+00	0.000000e+00	0.000000e+00	0.000000e+00	0.000000e+00	0.000000e+00	0.000000e+00	0.000000e+00	0.000000e+00	0.000000e+00	0.000000e+00	0.000000e+00	0.000000e+00	0.000000e+00	0.000000e+00	0.000000e+00	0.000000e+00	0.000000e+00	0.000000e+00	0.000000e+00	0.000000e+00	0.000000e+00	0.000000e+00	0.000000e+00	0.000000e+00	0.000000e+00	0.000000e+00	0.000000e+00	0.000000e+00	0.000000e+00	0.000000e+00	0.000000e+00	0.000000e+00	0.000000e+00	0.000000e+00	0.000000e+00	0.000000e+00	
1059.665678	1053.935208	1065.396148	227.077486	8.133440e+03	1.882668e-90	0.000000e+00	5.099808e-50	1.211558e-66	0.000000e+00	0.000000e+00	7.799806e-04	1.882668e-90	1.165941e-03	1.535323e-56	1.882668e-90	3.676636e-87	1.882668e-90	1.882668e-90	0.000000e+00	1.882668e-90	1.882668e-90	1.882668e-90	1.882668e-90	4.929730e-42	4.973627e-03	3.990774e-47	0.000000e+00	0.000000e+00	0.000000e+00	1.882668e-90	3.224347e-83	0.000000e+00	8.631400e-48	0.000000e+00	0.000000e+00	0.000000e+00	0.000000e+00	0.000000e+00	0.000000e+00	0.000000e+00	5.803603e-55	1.882668e-90	1.882668e-90	3.830235e-70	5.915665e-44	3.210193e-65	1.232661e-54	1.882668e-90	2.273502e-04	1.714776e-39	0.000000e+00	0.000000e+00	2.836235e-46	1.553065e-84	0.000000e+00	1.242259e-36	8.419243e-01	1.882668e-90	7.380425e-17	0.000000e+00	1.882668e-90	1.882668e-90	1.882668e-90	5.954535e-52	2.259643e-81	0.000000e+00	0.000000e+00	1.882668e-90	0.000000e+00	0.000000e+00	0.000000e+00	0.000000e+00	0.000000e+00	0.000000e+00	0.000000e+00	1.833575e-59	3.324851e-81	0.000000e+00	0.000000e+00	0.000000e+00	0.000000e+00	0.000000e+00	0.000000e+00	0.000000e+00	0.000000e+00	0.000000e+00	0.000000e+00	0.000000e+00	0.000000e+00	0.000000e+00	0.000000e+00	0.000000e+00	0.000000e+00	0.000000e+00	0.000000e+00	0.000000e+00	0.000000e+00	0.000000e+00	0.000000e+00	0.000000e+00	0.000000e+00	0.000000e+00	0.000000e+00	0.000000e+00	0.000000e+00	0.000000e+00	0.000000e+00	0.000000e+00	0.000000e+00	0.000000e+00	0.000000e+00	0.000000e+00	0.000000e+00	0.000000e+00	0.000000e+00	0.000000e+00	0.000000e+00	0.000000e+00	0.000000e+00	
1070.820872	1065.396148	1076.245597	218.380562	6.674710e+03	1.882606e-90	0.000000e+00	6.824212e-53	2.232183e-70	0.000000e+00	0.000000e+00	3.402708e-04	1.882606e-90	1.165979e-03	1.056488e-59	1.882606e-90	1.882606e-90	1.882606e-90	1.882606e-90	0.000000e+00	1.882606e-90	1.882606e-90	1.882606e-90	1.882606e-90	1.230499e-44	4.973554e-03	1.013909e-49	0.000000e+00	0.000000e+00	0.000000e+00	1.882606e-90	3.852578e-88	0.000000e+00	2.011238e-50	0.000000e+00	0.000000e+00	0.000000e+00	0.000000e+00	0.000000e+00	0.000000e+00	0.000000e+00	3.088294e-58	1.882606e-90	1.882606e-90	4.532811e-74	3.751103e-46	9.987217e-69	2.805685e-57	1.882606e-90	2.273391e-04	1.302150e-41	0.000000e+00	0.000000e+00	9.330239e-49	1.902905e-89	0.000000e+00	1.174136e-38	8.419298e-01	1.882606e-90	6.781969e-18	0.000000e+00	1.882606e-90	1.882606e-90	1.882606e-90	6.710577e-55	4.354789e-86	0.000000e+00	0.000000e+00	1.882606e-90	0.000000e+00	0.000000e+00	0.000000e+00	0.000000e+00	0.000000e+00	0.000000e+00	0.000000e+00	9.098381e-63	2.067400e-84	0.000000e+00	0.000000e+00	0.000000e+00	0.000000e+00	0.000000e+00	0.000000e+00	0.000000e+00	0.000000e+00	0.000000e+00	0.000000e+00	0.000000e+00	0.000000e+00	0.000000e+00	0.000000e+00	0.000000e+00	0.000000e+00	0.000000e+00	0.000000e+00	0.000000e+00	0.000000e+00	0.000000e+00	0.000000e+00	0.000000e+00	0.000000e+00	0.000000e+00	0.000000e+00	0.000000e+00	0.000000e+00	0.000000e+00	0.000000e+00	0.000000e+00	0.000000e+00	0.000000e+00	0.000000e+00	0.000000e+00	0.000000e+00	0.000000e+00	0.000000e+00	0.000000e+00	0.000000e+00	0.000000e+00	0.000000e+00	
1081.359336	1076.245597	1086.473076	208.887852	5.477602e+03	1.882648e-90	0.000000e+00	3.633095e-56	1.242516e-74	0.000000e+00	0.000000e+00	1.223841e-04	1.882648e-90	1.165960e-03	2.619309e-63	1.882648e-90	1.882648e-90	1.882648e-90	1.882648e-90	0.000000e+00	1.882648e-90	1.882648e-90	1.882648e-90	1.882648e-90	1.339378e-47	4.974038e-03	1.135819e-52	0.000000e+00	0.000000e+00	0.000000e+00	1.882648e-90	1.882648e-90	0.000000e+00	2.051986e-53	0.000000e+00	0.000000e+00	0.000000e+00	0.000000e+00	0.000000e+00	0.000000e+00	0.000000e+00	5.818438e-62	1.882648e-90	1.882648e-90	1.511899e-78	1.178690e-48	1.012658e-72	2.829552e-60	1.882648e-90	2.273337e-04	4.994039e-44	0.000000e+00	0.000000e+00	1.421855e-51	1.882648e-90	0.000000e+00	5.948325e-41	8.419255e-01	1.882648e-90	4.513077e-19	0.000000e+00	1.882648e-90	1.882648e-90	1.882648e-90	2.942248e-58	1.882648e-90	0.000000e+00	0.000000e+00	1.882648e-90	0.000000e+00	0.000000e+00	0.000000e+00	0.000000e+00	0.000000e+00	0.000000e+00	0.000000e+00	1.619914e-66	5.217569e-88	0.000000e+00	0.000000e+00	0.000000e+00	0.000000e+00	0.000000e+00	0.000000e+00	0.000000e+00	0.000000e+00	0.000000e+00	0.000000e+00	0.000000e+00	0.000000e+00	0.000000e+00	0.000000e+00	0.000000e+00	0.000000e+00	0.000000e+00	0.000000e+00	0.000000e+00	0.000000e+00	0.000000e+00	0.000000e+00	0.000000e+00	0.000000e+00	0.000000e+00	0.000000e+00	0.000000e+00	0.000000e+00	0.000000e+00	0.000000e+00	0.000000e+00	0.000000e+00	0.000000e+00	0.000000e+00	0.000000e+00	0.000000e+00	0.000000e+00	0.000000e+00	0.000000e+00	0.000000e+00	0.000000e+00	0.000000e+00	
1091.375029	1086.473076	1096.276983	194.633593	4.495195e+03	1.882672e-90	0.000000e+00	1.286735e-58	8.038173e-78	0.000000e+00	0.000000e+00	1.531981e-05	1.882672e-90	1.166044e-03	5.194017e-66	1.882672e-90	1.882672e-90	1.882672e-90	1.882672e-90	0.000000e+00	1.882672e-90	1.882672e-90	1.882672e-90	1.882672e-90	9.031377e-50	4.973374e-03	7.354783e-55	0.000000e+00	0.000000e+00	0.000000e+00	1.882672e-90	1.882672e-90	0.000000e+00	1.242702e-55	0.000000e+00	0.000000e+00	0.000000e+00	0.000000e+00	0.000000e+00	0.000000e+00	0.000000e+00	1.052516e-64	1.882672e-90	1.882672e-90	6.845117e-82	1.648121e-50	1.066934e-75	1.717160e-62	1.882672e-90	2.273379e-04	7.808073e-46	0.000000e+00	0.000000e+00	1.254536e-53	1.882672e-90	0.000000e+00	1.295678e-42	8.419242e-01	1.882672e-90	6.768144e-20	0.000000e+00	1.882672e-90	1.882672e-90	1.882672e-90	9.010736e-61	1.882672e-90	0.000000e+00	0.000000e+00	1.882672e-90	0.000000e+00	0.000000e+00	0.000000e+00	0.000000e+00	0.000000e+00	0.000000e+00	0.000000e+00	2.853512e-69	1.882672e-90	0.000000e+00	0.000000e+00	0.000000e+00	0.000000e+00	0.000000e+00	0.000000e+00	0.000000e+00	0.000000e+00	0.000000e+00	0.000000e+00	0.000000e+00	0.000000e+00	0.000000e+00	0.000000e+00	0.000000e+00	0.000000e+00	0.000000e+00	0.000000e+00	0.000000e+00	0.000000e+00	0.000000e+00	0.000000e+00	0.000000e+00	0.000000e+00	0.000000e+00	0.000000e+00	0.000000e+00	0.000000e+00	0.000000e+00	0.000000e+00	0.000000e+00	0.000000e+00	0.000000e+00	0.000000e+00	0.000000e+00	0.000000e+00	0.000000e+00	0.000000e+00	0.000000e+00	0.000000e+00	0.000000e+00	0.000000e+00	
1101.154673	1096.276983	1106.032363	187.487721	3.688983e+03	1.882645e-90	0.000000e+00	7.140225e-59	3.638412e-78	0.000000e+00	0.000000e+00	5.247543e-06	1.882645e-90	1.165877e-03	2.687507e-66	1.882645e-90	1.882645e-90	1.882645e-90	1.882645e-90	0.000000e+00	1.882645e-90	1.882645e-90	1.882645e-90	1.882645e-90	7.042057e-50	4.973609e-03	4.792011e-55	0.000000e+00	0.000000e+00	0.000000e+00	1.882645e-90	1.882645e-90	0.000000e+00	8.033714e-56	0.000000e+00	0.000000e+00	0.000000e+00	0.000000e+00	0.000000e+00	0.000000e+00	0.000000e+00	7.009722e-65	1.882645e-90	1.882645e-90	3.238986e-82	1.177001e-50	5.589258e-76	1.111068e-62	1.882645e-90	2.273392e-04	5.176279e-46	0.000000e+00	0.000000e+00	1.011149e-53	1.882645e-90	0.000000e+00	1.163819e-42	8.419255e-01	1.882645e-90	7.652658e-20	0.000000e+00	1.882645e-90	1.882645e-90	1.882645e-90	4.914375e-61	1.882645e-90	0.000000e+00	0.000000e+00	1.882645e-90	0.000000e+00	0.000000e+00	0.000000e+00	0.000000e+00	0.000000e+00	0.000000e+00	0.000000e+00	1.896286e-69	1.882645e-90	0.000000e+00	0.000000e+00	0.000000e+00	0.000000e+00	0.000000e+00	0.000000e+00	0.000000e+00	0.000000e+00	0.000000e+00	0.000000e+00	0.000000e+00	0.000000e+00	0.000000e+00	0.000000e+00	0.000000e+00	0.000000e+00	0.000000e+00	0.000000e+00	0.000000e+00	0.000000e+00	0.000000e+00	0.000000e+00	0.000000e+00	0.000000e+00	0.000000e+00	0.000000e+00	0.000000e+00	0.000000e+00	0.000000e+00	0.000000e+00	0.000000e+00	0.000000e+00	0.000000e+00	0.000000e+00	0.000000e+00	0.000000e+00	0.000000e+00	0.000000e+00	0.000000e+00	0.000000e+00	0.000000e+00	0.000000e+00	
1111.014137	1106.032363	1115.995912	191.614572	3.027364e+03	1.882730e-90	0.000000e+00	1.445466e-57	1.743541e-76	0.000000e+00	0.000000e+00	2.788332e-06	1.882730e-90	1.165999e-03	7.306475e-65	1.882730e-90	1.882730e-90	1.882730e-90	1.882730e-90	0.000000e+00	1.882730e-90	1.882730e-90	1.882730e-90	1.882730e-90	1.599716e-48	4.974093e-03	8.267059e-54	0.000000e+00	0.000000e+00	0.000000e+00	1.882730e-90	1.882730e-90	0.000000e+00	1.433037e-54	0.000000e+00	0.000000e+00	0.000000e+00	0.000000e+00	0.000000e+00	0.000000e+00	0.000000e+00	3.100423e-63	1.882730e-90	1.882730e-90	2.157414e-80	1.376383e-49	2.423399e-74	1.976522e-61	1.882730e-90	2.273619e-04	4.938969e-45	0.000000e+00	0.000000e+00	1.999616e-52	1.882730e-90	0.000000e+00	1.455725e-41	8.419186e-01	1.882730e-90	3.607055e-19	0.000000e+00	1.882730e-90	1.882730e-90	1.882730e-90	1.070800e-59	1.882730e-90	0.000000e+00	0.000000e+00	1.882730e-90	0.000000e+00	0.000000e+00	0.000000e+00	0.000000e+00	0.000000e+00	0.000000e+00	0.000000e+00	8.479044e-68	1.191698e-89	0.000000e+00	0.000000e+00	0.000000e+00	0.000000e+00	0.000000e+00	0.000000e+00	0.000000e+00	0.000000e+00	0.000000e+00	0.000000e+00	0.000000e+00	0.000000e+00	0.000000e+00	0.000000e+00	0.000000e+00	0.000000e+00	0.000000e+00	0.000000e+00	0.000000e+00	0.000000e+00	0.000000e+00	0.000000e+00	0.000000e+00	0.000000e+00	0.000000e+00	0.000000e+00	0.000000e+00	0.000000e+00	0.000000e+00	0.000000e+00	0.000000e+00	0.000000e+00	0.000000e+00	0.000000e+00	0.000000e+00	0.000000e+00	0.000000e+00	0.000000e+00	0.000000e+00	0.000000e+00	0.000000e+00	0.000000e+00	
1121.090978	1115.995912	1126.186044	195.838657	2.484407e+03	1.882654e-90	0.000000e+00	3.311937e-56	9.803885e-75	0.000000e+00	0.000000e+00	2.788332e-06	1.882654e-90	1.165883e-03	2.273199e-63	1.882654e-90	1.882654e-90	1.882654e-90	1.882654e-90	0.000000e+00	1.882654e-90	1.882654e-90	1.882654e-90	1.882654e-90	4.111874e-47	4.973398e-03	1.603499e-52	0.000000e+00	0.000000e+00	0.000000e+00	1.882654e-90	1.882654e-90	0.000000e+00	2.879851e-53	0.000000e+00	0.000000e+00	0.000000e+00	0.000000e+00	0.000000e+00	0.000000e+00	0.000000e+00	1.597080e-61	1.882654e-90	1.882654e-90	1.704046e-78	1.777413e-48	1.225894e-72	3.971574e-60	1.882654e-90	2.273543e-04	5.165171e-44	0.000000e+00	0.000000e+00	4.463979e-51	1.882654e-90	0.000000e+00	2.016291e-40	8.419260e-01	1.882654e-90	1.802748e-18	0.000000e+00	1.882654e-90	1.882654e-90	1.882654e-90	2.648852e-58	1.882654e-90	0.000000e+00	0.000000e+00	1.882654e-90	0.000000e+00	0.000000e+00	0.000000e+00	0.000000e+00	0.000000e+00	0.000000e+00	0.000000e+00	4.433955e-66	3.085784e-88	0.000000e+00	0.000000e+00	0.000000e+00	0.000000e+00	0.000000e+00	0.000000e+00	0.000000e+00	0.000000e+00	0.000000e+00	0.000000e+00	0.000000e+00	0.000000e+00	0.000000e+00	0.000000e+00	0.000000e+00	0.000000e+00	0.000000e+00	0.000000e+00	0.000000e+00	0.000000e+00	0.000000e+00	0.000000e+00	0.000000e+00	0.000000e+00	0.000000e+00	0.000000e+00	0.000000e+00	0.000000e+00	0.000000e+00	0.000000e+00	0.000000e+00	0.000000e+00	0.000000e+00	0.000000e+00	0.000000e+00	0.000000e+00	0.000000e+00	0.000000e+00	0.000000e+00	0.000000e+00	0.000000e+00	0.000000e+00	
1131.351636	1126.186044	1136.517228	197.620934	2.038829e+03	1.882615e-90	0.000000e+00	2.265184e-55	1.150298e-73	0.000000e+00	0.000000e+00	2.788332e-06	1.882615e-90	1.165964e-03	1.867827e-62	1.882615e-90	1.882615e-90	1.882615e-90	1.882615e-90	0.000000e+00	1.882615e-90	1.882615e-90	1.882615e-90	1.882615e-90	3.405058e-46	4.973236e-03	1.034524e-51	0.000000e+00	0.000000e+00	0.000000e+00	1.882615e-90	1.882615e-90	0.000000e+00	1.898726e-52	0.000000e+00	0.000000e+00	0.000000e+00	0.000000e+00	0.000000e+00	0.000000e+00	0.000000e+00	2.009712e-60	1.882615e-90	1.882615e-90	2.551929e-77	8.970176e-48	1.405846e-71	2.621485e-59	1.882615e-90	2.273348e-04	2.204174e-43	0.000000e+00	0.000000e+00	3.402178e-50	1.882615e-90	0.000000e+00	1.153497e-39	8.419284e-01	1.882615e-90	5.582382e-18	0.000000e+00	1.882615e-90	1.882615e-90	1.882615e-90	1.897376e-57	7.516293e-90	0.000000e+00	0.000000e+00	1.882615e-90	0.000000e+00	0.000000e+00	0.000000e+00	0.000000e+00	0.000000e+00	0.000000e+00	0.000000e+00	5.641192e-65	2.204210e-87	0.000000e+00	0.000000e+00	0.000000e+00	0.000000e+00	0.000000e+00	0.000000e+00	0.000000e+00	0.000000e+00	0.000000e+00	0.000000e+00	0.000000e+00	0.000000e+00	0.000000e+00	0.000000e+00	0.000000e+00	0.000000e+00	0.000000e+00	0.000000e+00	0.000000e+00	0.000000e+00	0.000000e+00	0.000000e+00	0.000000e+00	0.000000e+00	0.000000e+00	0.000000e+00	0.000000e+00	0.000000e+00	0.000000e+00	0.000000e+00	0.000000e+00	0.000000e+00	0.000000e+00	0.000000e+00	0.000000e+00	0.000000e+00	0.000000e+00	0.000000e+00	0.000000e+00	0.000000e+00	0.000000e+00	0.000000e+00	
1141.729875	1136.517228	1146.942521	199.000327	1.673166e+03	1.882612e-90	0.000000e+00	8.214365e-55	5.930368e-73	0.000000e+00	0.000000e+00	2.788332e-06	1.882612e-90	1.165871e-03	7.631372e-62	1.882612e-90	1.882612e-90	1.882612e-90	1.882612e-90	0.000000e+00	1.882612e-90	1.882612e-90	1.882612e-90	1.882612e-90	1.553447e-45	4.973992e-03	3.741841e-51	0.000000e+00	0.000000e+00	0.000000e+00	1.882612e-90	1.882612e-90	0.000000e+00	6.967895e-52	0.000000e+00	0.000000e+00	0.000000e+00	0.000000e+00	0.000000e+00	0.000000e+00	0.000000e+00	1.204537e-59	1.882612e-90	1.882612e-90	1.596944e-76	2.763512e-47	7.395173e-71	9.629214e-59	1.882612e-90	2.273385e-04	5.877035e-43	0.000000e+00	0.000000e+00	1.471545e-49	1.882612e-90	0.000000e+00	4.137821e-39	8.419280e-01	1.882612e-90	1.340931e-17	0.000000e+00	1.882612e-90	1.882612e-90	1.882612e-90	7.092630e-57	7.249323e-89	0.000000e+00	0.000000e+00	1.882612e-90	0.000000e+00	0.000000e+00	0.000000e+00	0.000000e+00	0.000000e+00	0.000000e+00	0.000000e+00	3.407922e-64	7.974237e-87	0.000000e+00	0.000000e+00	0.000000e+00	0.000000e+00	0.000000e+00	0.000000e+00	0.000000e+00	0.000000e+00	0.000000e+00	0.000000e+00	0.000000e+00	0.000000e+00	0.000000e+00	0.000000e+00	0.000000e+00	0.000000e+00	0.000000e+00	0.000000e+00	0.000000e+00	0.000000e+00	0.000000e+00	0.000000e+00	0.000000e+00	0.000000e+00	0.000000e+00	0.000000e+00	0.000000e+00	0.000000e+00	0.000000e+00	0.000000e+00	0.000000e+00	0.000000e+00	0.000000e+00	0.000000e+00	0.000000e+00	0.000000e+00	0.000000e+00	0.000000e+00	0.000000e+00	0.000000e+00	0.000000e+00	0.000000e+00	
1152.196893	1146.942521	1157.451265	200.142440	1.373084e+03	1.882736e-90	0.000000e+00	2.560917e-54	2.513467e-72	0.000000e+00	0.000000e+00	2.788332e-06	1.882736e-90	1.166120e-03	2.640544e-61	1.882736e-90	1.882736e-90	1.882736e-90	1.882736e-90	0.000000e+00	1.882736e-90	1.882736e-90	1.882736e-90	1.882736e-90	6.150454e-45	4.973902e-03	1.179227e-50	0.000000e+00	0.000000e+00	0.000000e+00	1.882736e-90	7.538304e-90	0.000000e+00	2.223693e-51	0.000000e+00	0.000000e+00	0.000000e+00	0.000000e+00	0.000000e+00	0.000000e+00	0.000000e+00	6.053826e-59	1.882736e-90	1.882736e-90	8.117550e-76	7.570349e-47	3.231390e-70	3.077623e-58	1.882736e-90	2.273409e-04	1.400881e-42	0.000000e+00	0.000000e+00	5.563929e-49	1.882736e-90	0.000000e+00	1.328828e-38	8.419181e-01	1.882736e-90	3.035651e-17	0.000000e+00	1.882736e-90	1.882736e-90	1.882736e-90	2.270316e-56	5.446166e-88	0.000000e+00	0.000000e+00	1.882736e-90	0.000000e+00	0.000000e+00	0.000000e+00	0.000000e+00	0.000000e+00	0.000000e+00	0.000000e+00	1.725534e-63	2.456102e-86	0.000000e+00	0.000000e+00	0.000000e+00	0.000000e+00	0.000000e+00	0.000000e+00	0.000000e+00	0.000000e+00	0.000000e+00	0.000000e+00	0.000000e+00	0.000000e+00	0.000000e+00	0.000000e+00	0.000000e+00	0.000000e+00	0.000000e+00	0.000000e+00	0.000000e+00	0.000000e+00	0.000000e+00	0.000000e+00	0.000000e+00	0.000000e+00	0.000000e+00	0.000000e+00	0.000000e+00	0.000000e+00	0.000000e+00	0.000000e+00	0.000000e+00	0.000000e+00	0.000000e+00	0.000000e+00	0.000000e+00	0.000000e+00	0.000000e+00	0.000000e+00	0.000000e+00	0.000000e+00	0.000000e+00	0.000000e+00	
1162.748804	1157.451265	1168.046343	201.512462	1.126821e+03	1.882759e-90	0.000000e+00	8.130619e-54	1.090519e-71	0.000000e+00	0.000000e+00	2.788332e-06	1.882759e-90	1.165988e-03	9.316818e-61	1.882759e-90	1.882759e-90	1.882759e-90	1.882759e-90	0.000000e+00	1.882759e-90	1.882759e-90	1.882759e-90	1.882759e-90	2.479445e-44	4.974107e-03	3.780601e-50	0.000000e+00	0.000000e+00	0.000000e+00	1.882759e-90	7.042841e-89	0.000000e+00	7.222848e-51	0.000000e+00	0.000000e+00	0.000000e+00	0.000000e+00	0.000000e+00	0.000000e+00	0.000000e+00	3.110486e-58	1.882759e-90	1.882759e-90	4.231235e-75	2.104487e-46	1.444264e-69	1.001206e-57	1.882759e-90	2.273562e-04	3.384766e-42	0.000000e+00	0.000000e+00	2.141378e-48	3.501234e-90	0.000000e+00	4.330778e-38	8.419166e-01	1.882759e-90	6.926579e-17	0.000000e+00	1.882759e-90	1.882759e-90	1.882759e-90	7.404645e-56	4.218918e-87	0.000000e+00	0.000000e+00	1.882759e-90	0.000000e+00	0.000000e+00	0.000000e+00	0.000000e+00	0.000000e+00	0.000000e+00	0.000000e+00	8.936228e-63	7.729963e-86	0.000000e+00	0.000000e+00	0.000000e+00	0.000000e+00	0.000000e+00	0.000000e+00	0.000000e+00	0.000000e+00	0.000000e+00	0.000000e+00	0.000000e+00	0.000000e+00	0.000000e+00	0.000000e+00	0.000000e+00	0.000000e+00	0.000000e+00	0.000000e+00	0.000000e+00	0.000000e+00	0.000000e+00	0.000000e+00	0.000000e+00	0.000000e+00	0.000000e+00	0.000000e+00	0.000000e+00	0.000000e+00	0.000000e+00	0.000000e+00	0.000000e+00	0.000000e+00	0.000000e+00	0.000000e+00	0.000000e+00	0.000000e+00	0.000000e+00	0.000000e+00	0.000000e+00	0.000000e+00	0.000000e+00	0.000000e+00	
1173.382035	1168.046343	1178.717727	202.812950	9.247263e+02	1.882607e-90	0.000000e+00	2.253832e-53	3.968482e-71	0.000000e+00	0.000000e+00	2.788332e-06	1.882607e-90	1.165878e-03	2.831135e-60	1.882607e-90	1.882607e-90	1.882607e-90	1.882607e-90	0.000000e+00	1.882607e-90	1.882607e-90	1.882607e-90	1.882607e-90	8.796983e-44	4.973233e-03	1.070719e-49	0.000000e+00	0.000000e+00	0.000000e+00	1.882607e-90	5.197032e-88	0.000000e+00	2.068679e-50	0.000000e+00	0.000000e+00	0.000000e+00	0.000000e+00	0.000000e+00	0.000000e+00	0.000000e+00	1.363455e-57	1.882607e-90	1.882607e-90	1.829734e-74	5.262552e-46	5.463355e-69	2.873163e-57	1.882607e-90	2.273428e-04	7.394433e-42	0.000000e+00	0.000000e+00	7.298411e-48	2.579618e-89	0.000000e+00	1.277130e-37	8.419293e-01	1.882607e-90	1.497070e-16	0.000000e+00	1.882607e-90	1.882607e-90	1.882607e-90	2.100869e-55	2.610738e-86	0.000000e+00	0.000000e+00	1.882607e-90	0.000000e+00	0.000000e+00	0.000000e+00	0.000000e+00	0.000000e+00	0.000000e+00	0.000000e+00	3.945764e-62	2.103430e-85	0.000000e+00	0.000000e+00	0.000000e+00	0.000000e+00	0.000000e+00	0.000000e+00	0.000000e+00	0.000000e+00	0.000000e+00	0.000000e+00	0.000000e+00	0.000000e+00	0.000000e+00	0.000000e+00	0.000000e+00	0.000000e+00	0.000000e+00	0.000000e+00	0.000000e+00	0.000000e+00	0.000000e+00	0.000000e+00	0.000000e+00	0.000000e+00	0.000000e+00	0.000000e+00	0.000000e+00	0.000000e+00	0.000000e+00	0.000000e+00	0.000000e+00	0.000000e+00	0.000000e+00	0.000000e+00	0.000000e+00	0.000000e+00	0.000000e+00	0.000000e+00	0.000000e+00	0.000000e+00	0.000000e+00	0.000000e+00	
1184.072924	1178.717727	1189.428122	202.866475	7.588768e+02	1.882608e-90	0.000000e+00	3.956835e-53	7.990754e-71	0.000000e+00	0.000000e+00	2.788332e-06	1.882608e-90	1.166033e-03	5.206587e-60	1.882608e-90	1.882608e-90	1.882608e-90	1.882608e-90	0.000000e+00	1.882608e-90	1.882608e-90	1.882608e-90	1.882608e-90	2.027015e-43	4.973940e-03	1.996408e-49	0.000000e+00	0.000000e+00	0.000000e+00	1.882608e-90	1.732447e-87	0.000000e+00	3.880190e-50	0.000000e+00	0.000000e+00	0.000000e+00	0.000000e+00	0.000000e+00	0.000000e+00	0.000000e+00	3.495816e-57	1.882608e-90	1.882608e-90	4.221287e-74	9.213911e-46	1.178286e-68	5.392166e-57	1.882608e-90	2.273415e-04	1.151408e-41	0.000000e+00	0.000000e+00	1.648285e-47	8.589842e-89	0.000000e+00	2.681219e-37	8.419287e-01	1.882608e-90	2.687821e-16	0.000000e+00	1.882608e-90	1.882608e-90	1.882608e-90	3.732674e-55	7.580336e-86	0.000000e+00	0.000000e+00	1.882608e-90	0.000000e+00	0.000000e+00	0.000000e+00	0.000000e+00	0.000000e+00	0.000000e+00	0.000000e+00	1.015491e-61	3.485310e-85	0.000000e+00	0.000000e+00	0.000000e+00	0.000000e+00	0.000000e+00	0.000000e+00	0.000000e+00	0.000000e+00	0.000000e+00	0.000000e+00	0.000000e+00	0.000000e+00	0.000000e+00	0.000000e+00	0.000000e+00	0.000000e+00	0.000000e+00	0.000000e+00	0.000000e+00	0.000000e+00	0.000000e+00	0.000000e+00	0.000000e+00	0.000000e+00	0.000000e+00	0.000000e+00	0.000000e+00	0.000000e+00	0.000000e+00	0.000000e+00	0.000000e+00	0.000000e+00	0.000000e+00	0.000000e+00	0.000000e+00	0.000000e+00	0.000000e+00	0.000000e+00	0.000000e+00	0.000000e+00	0.000000e+00	0.000000e+00	
1194.789405	1189.428122	1200.150688	203.046823	6.227724e+02	1.882642e-90	0.000000e+00	5.047956e-53	1.063993e-70	0.000000e+00	0.000000e+00	2.788332e-06	1.882642e-90	1.165951e-03	6.738447e-60	1.882642e-90	1.882642e-90	1.882642e-90	1.882642e-90	0.000000e+00	1.882642e-90	1.882642e-90	1.882642e-90	1.882642e-90	3.451611e-43	4.973264e-03	2.777521e-49	0.000000e+00	0.000000e+00	0.000000e+00	1.882642e-90	3.309415e-87	0.000000e+00	5.407239e-50	0.000000e+00	0.000000e+00	0.000000e+00	0.000000e+00	0.000000e+00	0.000000e+00	0.000000e+00	6.153433e-57	1.882642e-90	1.882642e-90	6.276871e-74	1.257121e-45	1.715704e-68	7.518808e-57	1.882642e-90	2.273379e-04	1.414953e-41	0.000000e+00	0.000000e+00	2.789206e-47	1.640568e-88	0.000000e+00	4.435206e-37	8.419267e-01	1.882642e-90	4.233880e-16	0.000000e+00	1.882642e-90	1.882642e-90	1.882642e-90	4.778932e-55	1.296057e-85	0.000000e+00	0.000000e+00	1.882642e-90	0.000000e+00	0.000000e+00	0.000000e+00	0.000000e+00	0.000000e+00	0.000000e+00	0.000000e+00	1.789698e-61	4.080740e-85	0.000000e+00	0.000000e+00	0.000000e+00	0.000000e+00	0.000000e+00	0.000000e+00	0.000000e+00	0.000000e+00	0.000000e+00	0.000000e+00	0.000000e+00	0.000000e+00	0.000000e+00	0.000000e+00	0.000000e+00	0.000000e+00	0.000000e+00	0.000000e+00	0.000000e+00	0.000000e+00	0.000000e+00	0.000000e+00	0.000000e+00	0.000000e+00	0.000000e+00	0.000000e+00	0.000000e+00	0.000000e+00	0.000000e+00	0.000000e+00	0.000000e+00	0.000000e+00	0.000000e+00	0.000000e+00	0.000000e+00	0.000000e+00	0.000000e+00	0.000000e+00	0.000000e+00	0.000000e+00	0.000000e+00	0.000000e+00	
1205.501116	1200.150688	1210.851544	203.390819	5.110783e+02	1.882676e-90	0.000000e+00	4.298013e-53	8.390366e-71	0.000000e+00	0.000000e+00	2.788332e-06	1.882676e-90	1.165911e-03	5.590487e-60	1.882676e-90	1.882676e-90	1.882676e-90	1.882676e-90	0.000000e+00	1.882676e-90	1.882676e-90	1.882676e-90	1.882676e-90	4.008203e-43	4.973557e-03	2.667908e-49	0.000000e+00	0.000000e+00	0.000000e+00	1.882676e-90	3.125949e-87	0.000000e+00	5.177202e-50	0.000000e+00	0.000000e+00	0.000000e+00	0.000000e+00	0.000000e+00	0.000000e+00	0.000000e+00	6.731289e-57	1.882676e-90	1.882676e-90	5.351322e-74	1.250686e-45	1.518930e-68	7.194956e-57	1.882676e-90	2.273453e-04	1.288446e-41	0.000000e+00	0.000000e+00	3.275601e-47	1.550430e-88	0.000000e+00	5.425743e-37	8.419235e-01	1.882676e-90	5.652926e-16	0.000000e+00	1.882676e-90	1.882676e-90	1.882676e-90	4.042382e-55	1.133531e-85	0.000000e+00	0.000000e+00	1.882676e-90	0.000000e+00	0.000000e+00	0.000000e+00	0.000000e+00	0.000000e+00	0.000000e+00	0.000000e+00	1.953616e-61	3.076011e-85	0.000000e+00	0.000000e+00	0.000000e+00	0.000000e+00	0.000000e+00	0.000000e+00	0.000000e+00	0.000000e+00	0.000000e+00	0.000000e+00	0.000000e+00	0.000000e+00	0.000000e+00	0.000000e+00	0.000000e+00	0.000000e+00	0.000000e+00	0.000000e+00	0.000000e+00	0.000000e+00	0.000000e+00	0.000000e+00	0.000000e+00	0.000000e+00	0.000000e+00	0.000000e+00	0.000000e+00	0.000000e+00	0.000000e+00	0.000000e+00	0.000000e+00	0.000000e+00	0.000000e+00	0.000000e+00	0.000000e+00	0.000000e+00	0.000000e+00	0.000000e+00	0.000000e+00	0.000000e+00	0.000000e+00	0.000000e+00	
1216.176389	1210.851544	1221.501235	202.351787	4.194165e+02	1.882640e-90	0.000000e+00	2.574213e-53	4.194330e-71	0.000000e+00	0.000000e+00	2.788332e-06	1.882640e-90	1.166031e-03	3.150391e-60	1.882640e-90	1.882640e-90	1.882640e-90	1.882640e-90	0.000000e+00	1.882640e-90	1.882640e-90	1.882640e-90	1.882640e-90	3.336344e-43	4.974079e-03	1.856465e-49	0.000000e+00	0.000000e+00	0.000000e+00	1.882640e-90	1.599980e-87	0.000000e+00	3.575763e-50	0.000000e+00	0.000000e+00	0.000000e+00	0.000000e+00	0.000000e+00	0.000000e+00	0.000000e+00	4.869144e-57	1.882640e-90	1.882640e-90	2.811794e-74	9.452936e-46	8.721736e-69	4.962133e-57	1.882640e-90	2.273450e-04	9.038543e-42	0.000000e+00	0.000000e+00	2.799744e-47	7.944446e-89	0.000000e+00	5.105519e-37	8.419259e-01	1.882640e-90	6.539692e-16	0.000000e+00	1.882640e-90	1.882640e-90	1.882640e-90	2.383943e-55	5.532869e-86	0.000000e+00	0.000000e+00	1.882640e-90	0.000000e+00	0.000000e+00	0.000000e+00	0.000000e+00	0.000000e+00	0.000000e+00	0.000000e+00	1.406118e-61	1.581017e-85	0.000000e+00	0.000000e+00	0.000000e+00	0.000000e+00	0.000000e+00	0.000000e+00	0.000000e+00	0.000000e+00	0.000000e+00	0.000000e+00	0.000000e+00	0.000000e+00	0.000000e+00	0.000000e+00	0.000000e+00	0.000000e+00	0.000000e+00	0.000000e+00	0.000000e+00	0.000000e+00	0.000000e+00	0.000000e+00	0.000000e+00	0.000000e+00	0.000000e+00	0.000000e+00	0.000000e+00	0.000000e+00	0.000000e+00	0.000000e+00	0.000000e+00	0.000000e+00	0.000000e+00	0.000000e+00	0.000000e+00	0.000000e+00	0.000000e+00	0.000000e+00	0.000000e+00	0.000000e+00	0.000000e+00	0.000000e+00	
1226.811903	1221.501235	1232.122571	196.378809	3.441943e+02	1.882696e-90	0.000000e+00	2.020796e-53	2.977144e-71	0.000000e+00	0.000000e+00	2.788332e-06	1.882696e-90	1.166045e-03	2.390358e-60	1.882696e-90	1.882696e-90	1.882696e-90	1.882696e-90	0.000000e+00	1.882696e-90	1.882696e-90	1.882696e-90	1.882696e-90	3.588029e-43	4.973668e-03	1.655310e-49	0.000000e+00	0.000000e+00	0.000000e+00	1.882696e-90	1.311826e-87	0.000000e+00	3.174509e-50	0.000000e+00	0.000000e+00	0.000000e+00	0.000000e+00	0.000000e+00	0.000000e+00	0.000000e+00	4.841849e-57	1.882696e-90	1.882696e-90	2.143858e-74	8.828039e-46	6.987870e-69	4.403959e-57	1.882696e-90	2.273608e-04	7.749726e-42	0.000000e+00	0.000000e+00	3.056193e-47	6.518694e-89	0.000000e+00	5.879946e-37	8.419213e-01	1.882696e-90	8.450099e-16	0.000000e+00	1.882696e-90	1.882696e-90	1.882696e-90	1.855117e-55	4.229449e-86	0.000000e+00	0.000000e+00	1.882696e-90	0.000000e+00	0.000000e+00	0.000000e+00	0.000000e+00	0.000000e+00	0.000000e+00	0.000000e+00	1.394520e-61	1.091597e-85	0.000000e+00	0.000000e+00	0.000000e+00	0.000000e+00	0.000000e+00	0.000000e+00	0.000000e+00	0.000000e+00	0.000000e+00	0.000000e+00	0.000000e+00	0.000000e+00	0.000000e+00	0.000000e+00	0.000000e+00	0.000000e+00	0.000000e+00	0.000000e+00	0.000000e+00	0.000000e+00	0.000000e+00	0.000000e+00	0.000000e+00	0.000000e+00	0.000000e+00	0.000000e+00	0.000000e+00	0.000000e+00	0.000000e+00	0.000000e+00	0.000000e+00	0.000000e+00	0.000000e+00	0.000000e+00	0.000000e+00	0.000000e+00	0.000000e+00	0.000000e+00	0.000000e+00	0.000000e+00	0.000000e+00	0.000000e+00	
1237.436707	1232.122571	1242.750842	186.881460	2.824631e+02	1.882596e-90	0.000000e+00	2.425320e-53	3.662252e-71	0.000000e+00	0.000000e+00	2.788332e-06	1.882596e-90	1.165938e-03	2.892637e-60	1.882596e-90	1.882596e-90	1.882596e-90	1.882596e-90	0.000000e+00	1.882596e-90	1.882596e-90	1.882596e-90	1.882596e-90	5.765382e-43	4.973282e-03	2.177328e-49	0.000000e+00	0.000000e+00	0.000000e+00	1.882596e-90	2.252897e-87	0.000000e+00	4.179913e-50	0.000000e+00	0.000000e+00	0.000000e+00	0.000000e+00	0.000000e+00	0.000000e+00	0.000000e+00	7.930852e-57	1.882596e-90	1.882596e-90	2.930815e-74	1.148236e-45	9.436763e-69	5.799438e-57	1.882596e-90	2.273532e-04	9.101685e-42	0.000000e+00	0.000000e+00	4.892720e-47	1.119387e-88	0.000000e+00	9.289959e-37	8.419304e-01	1.882596e-90	1.297971e-15	0.000000e+00	1.882596e-90	1.882596e-90	1.882596e-90	2.231024e-55	6.534053e-86	0.000000e+00	0.000000e+00	1.882596e-90	0.000000e+00	0.000000e+00	0.000000e+00	0.000000e+00	0.000000e+00	0.000000e+00	0.000000e+00	2.285516e-61	1.195075e-85	0.000000e+00	0.000000e+00	0.000000e+00	0.000000e+00	0.000000e+00	0.000000e+00	0.000000e+00	0.000000e+00	0.000000e+00	0.000000e+00	0.000000e+00	0.000000e+00	0.000000e+00	0.000000e+00	0.000000e+00	0.000000e+00	0.000000e+00	0.000000e+00	0.000000e+00	0.000000e+00	0.000000e+00	0.000000e+00	0.000000e+00	0.000000e+00	0.000000e+00	0.000000e+00	0.000000e+00	0.000000e+00	0.000000e+00	0.000000e+00	0.000000e+00	0.000000e+00	0.000000e+00	0.000000e+00	0.000000e+00	0.000000e+00	0.000000e+00	0.000000e+00	0.000000e+00	0.000000e+00	0.000000e+00	0.000000e+00	
1248.075647	1242.750842	1253.400452	186.760841	2.318034e+02	1.882688e-90	0.000000e+00	3.460742e-53	5.637849e-71	0.000000e+00	0.000000e+00	2.788332e-06	1.882688e-90	1.166007e-03	4.235042e-60	1.882688e-90	1.882688e-90	1.882688e-90	1.882688e-90	0.000000e+00	1.882688e-90	1.882688e-90	1.882688e-90	1.882688e-90	1.091451e-42	4.972973e-03	3.356585e-49	0.000000e+00	0.000000e+00	0.000000e+00	1.882688e-90	5.230773e-87	0.000000e+00	6.463752e-50	0.000000e+00	0.000000e+00	0.000000e+00	0.000000e+00	0.000000e+00	0.000000e+00	0.000000e+00	1.592674e-56	1.882688e-90	1.882688e-90	5.083839e-74	1.709722e-45	1.577040e-68	8.973803e-57	1.882688e-90	2.273488e-04	1.215328e-41	0.000000e+00	0.000000e+00	9.159476e-47	2.597881e-88	0.000000e+00	1.670391e-36	8.419235e-01	1.882688e-90	2.140439e-15	0.000000e+00	1.882688e-90	1.882688e-90	1.882688e-90	3.204196e-55	1.345083e-85	0.000000e+00	0.000000e+00	1.882688e-90	0.000000e+00	0.000000e+00	0.000000e+00	0.000000e+00	0.000000e+00	0.000000e+00	0.000000e+00	4.599292e-61	1.580050e-85	0.000000e+00	0.000000e+00	0.000000e+00	0.000000e+00	0.000000e+00	0.000000e+00	0.000000e+00	0.000000e+00	0.000000e+00	0.000000e+00	0.000000e+00	0.000000e+00	0.000000e+00	0.000000e+00	0.000000e+00	0.000000e+00	0.000000e+00	0.000000e+00	0.000000e+00	0.000000e+00	0.000000e+00	0.000000e+00	0.000000e+00	0.000000e+00	0.000000e+00	0.000000e+00	0.000000e+00	0.000000e+00	0.000000e+00	0.000000e+00	0.000000e+00	0.000000e+00	0.000000e+00	0.000000e+00	0.000000e+00	0.000000e+00	0.000000e+00	0.000000e+00	0.000000e+00	0.000000e+00	0.000000e+00	0.000000e+00	
1258.745644	1253.400452	1264.090836	196.587995	1.902295e+02	1.882711e-90	0.000000e+00	6.230728e-53	1.172882e-70	0.000000e+00	0.000000e+00	2.788332e-06	1.882711e-90	1.165994e-03	8.006291e-60	1.882711e-90	1.882711e-90	1.882711e-90	1.882711e-90	0.000000e+00	1.882711e-90	1.882711e-90	1.882711e-90	1.882711e-90	2.575450e-42	4.973820e-03	6.404480e-49	0.000000e+00	0.000000e+00	0.000000e+00	1.882711e-90	1.821875e-86	0.000000e+00	1.241093e-49	0.000000e+00	0.000000e+00	0.000000e+00	0.000000e+00	0.000000e+00	0.000000e+00	0.000000e+00	4.205454e-56	1.882711e-90	1.882711e-90	1.214291e-73	3.053116e-45	3.508360e-68	1.723992e-56	1.882711e-90	2.273579e-04	1.928197e-41	0.000000e+00	0.000000e+00	2.116048e-46	9.038569e-88	0.000000e+00	3.572898e-36	8.419215e-01	1.882711e-90	3.881071e-15	0.000000e+00	1.882711e-90	1.882711e-90	1.882711e-90	5.842167e-55	4.071939e-85	0.000000e+00	0.000000e+00	1.882711e-90	0.000000e+00	0.000000e+00	0.000000e+00	0.000000e+00	0.000000e+00	0.000000e+00	0.000000e+00	1.219211e-60	2.690291e-85	0.000000e+00	0.000000e+00	0.000000e+00	0.000000e+00	0.000000e+00	0.000000e+00	0.000000e+00	0.000000e+00	0.000000e+00	0.000000e+00	0.000000e+00	0.000000e+00	0.000000e+00	0.000000e+00	0.000000e+00	0.000000e+00	0.000000e+00	0.000000e+00	0.000000e+00	0.000000e+00	0.000000e+00	0.000000e+00	0.000000e+00	0.000000e+00	0.000000e+00	0.000000e+00	0.000000e+00	0.000000e+00	0.000000e+00	0.000000e+00	0.000000e+00	0.000000e+00	0.000000e+00	0.000000e+00	0.000000e+00	0.000000e+00	0.000000e+00	0.000000e+00	0.000000e+00	0.000000e+00	0.000000e+00	0.000000e+00	
1269.487166	1264.090836	1274.883496	203.757980	1.561119e+02	1.882752e-90	0.000000e+00	2.306213e-52	6.207997e-70	0.000000e+00	0.000000e+00	2.788332e-06	1.882752e-90	1.166002e-03	3.343375e-59	1.882752e-90	3.837381e-90	1.882752e-90	1.882752e-90	0.000000e+00	1.882752e-90	1.882752e-90	1.882752e-90	1.882752e-90	1.203469e-41	4.974292e-03	2.366925e-48	0.000000e+00	0.000000e+00	0.000000e+00	1.882752e-90	2.228826e-85	0.000000e+00	4.656383e-49	0.000000e+00	0.000000e+00	0.000000e+00	0.000000e+00	0.000000e+00	0.000000e+00	0.000000e+00	2.594853e-55	1.882752e-90	1.882752e-90	7.817111e-73	9.575687e-45	1.895380e-67	6.485825e-56	1.882752e-90	2.273594e-04	5.219937e-41	0.000000e+00	0.000000e+00	9.386674e-46	1.102668e-86	0.000000e+00	1.310488e-35	8.419166e-01	1.882752e-90	9.457024e-15	0.000000e+00	1.882752e-90	1.882752e-90	1.882752e-90	2.230325e-54	4.074547e-84	0.000000e+00	0.000000e+00	1.882752e-90	0.000000e+00	0.000000e+00	0.000000e+00	0.000000e+00	0.000000e+00	0.000000e+00	0.000000e+00	7.601304e-60	1.006366e-84	0.000000e+00	0.000000e+00	0.000000e+00	0.000000e+00	0.000000e+00	0.000000e+00	0.000000e+00	0.000000e+00	0.000000e+00	0.000000e+00	0.000000e+00	0.000000e+00	0.000000e+00	0.000000e+00	0.000000e+00	0.000000e+00	0.000000e+00	0.000000e+00	0.000000e+00	0.000000e+00	0.000000e+00	0.000000e+00	0.000000e+00	0.000000e+00	0.000000e+00	0.000000e+00	0.000000e+00	0.000000e+00	0.000000e+00	0.000000e+00	0.000000e+00	0.000000e+00	0.000000e+00	0.000000e+00	0.000000e+00	0.000000e+00	0.000000e+00	0.000000e+00	0.000000e+00	0.000000e+00	0.000000e+00	0.000000e+00	
1280.367443	1274.883496	1285.851389	207.088978	1.281132e+02	1.882592e-90	0.000000e+00	1.914814e-51	9.353836e-69	0.000000e+00	0.000000e+00	2.788332e-06	1.882592e-90	1.165865e-03	3.392515e-58	1.882592e-90	1.704776e-88	1.882592e-90	1.882592e-90	0.000000e+00	1.882592e-90	1.882592e-90	1.882592e-90	1.882592e-90	1.211484e-40	4.973234e-03	1.836632e-47	0.000000e+00	0.000000e+00	0.000000e+00	1.882592e-90	1.116947e-83	0.000000e+00	3.706138e-48	0.000000e+00	0.000000e+00	0.000000e+00	0.000000e+00	0.000000e+00	0.000000e+00	0.000000e+00	4.154576e-54	1.882592e-90	1.882592e-90	1.529174e-71	5.651334e-44	2.768801e-66	5.189876e-55	1.882592e-90	2.273395e-04	2.572084e-40	0.000000e+00	0.000000e+00	8.674342e-45	5.495831e-85	0.000000e+00	8.817698e-35	8.419314e-01	1.882592e-90	3.217837e-14	0.000000e+00	1.882592e-90	1.882592e-90	1.882592e-90	1.949189e-53	1.558470e-82	0.000000e+00	0.000000e+00	1.882592e-90	0.000000e+00	0.000000e+00	0.000000e+00	0.000000e+00	0.000000e+00	0.000000e+00	0.000000e+00	1.239488e-58	9.129685e-84	0.000000e+00	0.000000e+00	0.000000e+00	0.000000e+00	0.000000e+00	0.000000e+00	0.000000e+00	0.000000e+00	0.000000e+00	0.000000e+00	0.000000e+00	0.000000e+00	0.000000e+00	0.000000e+00	0.000000e+00	0.000000e+00	0.000000e+00	0.000000e+00	0.000000e+00	0.000000e+00	0.000000e+00	0.000000e+00	0.000000e+00	0.000000e+00	0.000000e+00	0.000000e+00	0.000000e+00	0.000000e+00	0.000000e+00	0.000000e+00	0.000000e+00	0.000000e+00	0.000000e+00	0.000000e+00	0.000000e+00	0.000000e+00	0.000000e+00	0.000000e+00	0.000000e+00	0.000000e+00	0.000000e+00	0.000000e+00	
1291.420600	1285.851389	1296.989811	210.676257	1.051362e+02	1.882662e-90	0.000000e+00	1.423509e-50	1.221424e-67	0.000000e+00	0.000000e+00	2.788332e-06	1.882662e-90	1.165898e-03	3.047421e-57	1.882662e-90	6.268288e-87	1.882662e-90	1.882662e-90	0.000000e+00	1.882662e-90	1.882662e-90	1.882662e-90	1.882662e-90	1.102506e-39	4.974349e-03	1.291116e-46	0.000000e+00	0.000000e+00	0.000000e+00	1.882662e-90	4.635323e-82	0.000000e+00	2.670131e-47	0.000000e+00	0.000000e+00	0.000000e+00	0.000000e+00	0.000000e+00	0.000000e+00	0.000000e+00	5.863661e-53	1.882662e-90	1.882662e-90	2.570141e-70	3.064141e-43	3.535040e-65	3.760775e-54	1.882662e-90	2.273450e-04	1.167849e-39	0.000000e+00	0.000000e+00	7.292913e-44	2.265543e-83	0.000000e+00	5.493358e-34	8.419246e-01	1.882662e-90	1.050927e-13	0.000000e+00	1.882662e-90	1.882662e-90	1.882662e-90	1.521786e-52	4.975810e-81	0.000000e+00	0.000000e+00	1.882662e-90	0.000000e+00	0.000000e+00	0.000000e+00	0.000000e+00	0.000000e+00	0.000000e+00	0.000000e+00	1.783069e-57	7.403759e-83	0.000000e+00	0.000000e+00	0.000000e+00	0.000000e+00	0.000000e+00	0.000000e+00	0.000000e+00	0.000000e+00	0.000000e+00	0.000000e+00	0.000000e+00	0.000000e+00	0.000000e+00	0.000000e+00	0.000000e+00	0.000000e+00	0.000000e+00	0.000000e+00	0.000000e+00	0.000000e+00	0.000000e+00	0.000000e+00	0.000000e+00	0.000000e+00	0.000000e+00	0.000000e+00	0.000000e+00	0.000000e+00	0.000000e+00	0.000000e+00	0.000000e+00	0.000000e+00	0.000000e+00	0.000000e+00	0.000000e+00	0.000000e+00	0.000000e+00	0.000000e+00	0.000000e+00	0.000000e+00	0.000000e+00	0.000000e+00	
1302.614909	1296.989811	1308.240007	213.334238	8.628001e+01	1.882633e-90	0.000000e+00	5.310391e-50	6.527664e-67	0.000000e+00	0.000000e+00	2.788332e-06	1.882633e-90	1.165977e-03	1.282523e-56	1.882633e-90	6.976219e-86	1.882633e-90	1.882633e-90	0.000000e+00	1.882633e-90	1.882633e-90	1.882633e-90	1.882633e-90	5.216099e-39	4.973910e-03	4.819881e-46	0.000000e+00	0.000000e+00	0.000000e+00	1.882633e-90	5.776872e-81	0.000000e+00	1.012522e-46	0.000000e+00	0.000000e+00	0.000000e+00	0.000000e+00	0.000000e+00	0.000000e+00	0.000000e+00	3.672046e-52	1.882633e-90	1.882633e-90	1.672759e-69	9.690286e-43	1.931113e-64	1.432614e-53	1.882633e-90	2.273425e-04	3.179997e-39	0.000000e+00	0.000000e+00	3.282667e-43	2.810260e-82	0.000000e+00	2.042005e-33	8.419268e-01	1.882633e-90	2.586658e-13	0.000000e+00	1.882633e-90	1.882633e-90	1.882633e-90	5.856106e-52	5.059077e-80	0.000000e+00	0.000000e+00	1.882633e-90	0.000000e+00	0.000000e+00	0.000000e+00	0.000000e+00	0.000000e+00	0.000000e+00	0.000000e+00	1.131145e-56	2.827382e-82	0.000000e+00	0.000000e+00	0.000000e+00	0.000000e+00	0.000000e+00	0.000000e+00	0.000000e+00	0.000000e+00	0.000000e+00	0.000000e+00	0.000000e+00	0.000000e+00	0.000000e+00	0.000000e+00	0.000000e+00	0.000000e+00	0.000000e+00	0.000000e+00	0.000000e+00	0.000000e+00	0.000000e+00	0.000000e+00	0.000000e+00	0.000000e+00	0.000000e+00	0.000000e+00	0.000000e+00	0.000000e+00	0.000000e+00	0.000000e+00	0.000000e+00	0.000000e+00	0.000000e+00	0.000000e+00	0.000000e+00	0.000000e+00	0.000000e+00	0.000000e+00	0.000000e+00	0.000000e+00	0.000000e+00	0.000000e+00	
1313.899451	1308.240007	1319.558896	214.810469	7.080571e+01	1.882663e-90	0.000000e+00	1.223573e-49	1.868963e-66	0.000000e+00	0.000000e+00	2.788332e-06	1.882663e-90	1.165923e-03	3.177848e-56	1.882663e-90	3.365822e-85	1.882663e-90	1.882663e-90	0.000000e+00	1.882663e-90	1.882663e-90	1.882663e-90	1.882663e-90	1.561213e-38	4.973949e-03	1.155858e-45	0.000000e+00	0.000000e+00	0.000000e+00	1.882663e-90	3.104750e-80	0.000000e+00	2.451477e-46	0.000000e+00	0.000000e+00	0.000000e+00	0.000000e+00	0.000000e+00	0.000000e+00	0.000000e+00	1.301935e-51	1.882663e-90	1.882663e-90	5.610539e-69	2.101834e-42	5.827667e-64	3.478627e-53	1.882663e-90	2.273446e-04	6.057811e-39	0.000000e+00	0.000000e+00	9.536820e-43	1.505660e-81	0.000000e+00	5.284677e-33	8.419244e-01	1.882663e-90	5.215719e-13	0.000000e+00	1.882663e-90	1.882663e-90	1.882663e-90	1.374985e-51	2.311436e-79	0.000000e+00	0.000000e+00	1.882663e-90	0.000000e+00	0.000000e+00	0.000000e+00	0.000000e+00	0.000000e+00	0.000000e+00	0.000000e+00	4.043246e-56	6.364010e-82	0.000000e+00	0.000000e+00	0.000000e+00	0.000000e+00	0.000000e+00	0.000000e+00	0.000000e+00	0.000000e+00	0.000000e+00	0.000000e+00	0.000000e+00	0.000000e+00	0.000000e+00	0.000000e+00	0.000000e+00	0.000000e+00	0.000000e+00	0.000000e+00	0.000000e+00	0.000000e+00	0.000000e+00	0.000000e+00	0.000000e+00	0.000000e+00	0.000000e+00	0.000000e+00	0.000000e+00	0.000000e+00	0.000000e+00	0.000000e+00	0.000000e+00	0.000000e+00	0.000000e+00	0.000000e+00	0.000000e+00	0.000000e+00	0.000000e+00	0.000000e+00	0.000000e+00	0.000000e+00	0.000000e+00	0.000000e+00	
1325.231669	1319.558896	1330.904443	215.817747	5.810672e+01	1.882671e-90	0.000000e+00	1.794300e-49	2.980243e-66	0.000000e+00	0.000000e+00	2.788332e-06	1.882671e-90	1.166016e-03	4.793069e-56	1.882671e-90	7.413133e-85	1.882671e-90	1.882671e-90	0.000000e+00	1.882671e-90	1.882671e-90	1.882671e-90	1.882671e-90	3.038458e-38	4.973652e-03	1.828995e-45	0.000000e+00	0.000000e+00	0.000000e+00	1.882671e-90	7.574001e-80	0.000000e+00	3.893485e-46	0.000000e+00	0.000000e+00	0.000000e+00	0.000000e+00	0.000000e+00	0.000000e+00	0.000000e+00	2.705450e-51	1.882671e-90	1.882671e-90	1.010534e-68	3.199536e-42	1.007687e-63	5.531205e-53	1.882671e-90	2.273383e-04	8.254337e-39	0.000000e+00	0.000000e+00	1.834898e-42	3.668565e-81	0.000000e+00	9.723915e-33	8.419245e-01	1.882671e-90	8.718587e-13	0.000000e+00	1.882671e-90	1.882671e-90	1.882671e-90	2.030936e-51	4.984158e-79	0.000000e+00	0.000000e+00	1.882671e-90	0.000000e+00	0.000000e+00	0.000000e+00	0.000000e+00	0.000000e+00	0.000000e+00	0.000000e+00	8.428465e-56	8.704590e-82	0.000000e+00	0.000000e+00	0.000000e+00	0.000000e+00	0.000000e+00	0.000000e+00	0.000000e+00	0.000000e+00	0.000000e+00	0.000000e+00	0.000000e+00	0.000000e+00	0.000000e+00	0.000000e+00	0.000000e+00	0.000000e+00	0.000000e+00	0.000000e+00	0.000000e+00	0.000000e+00	0.000000e+00	0.000000e+00	0.000000e+00	0.000000e+00	0.000000e+00	0.000000e+00	0.000000e+00	0.000000e+00	0.000000e+00	0.000000e+00	0.000000e+00	0.000000e+00	0.000000e+00	0.000000e+00	0.000000e+00	0.000000e+00	0.000000e+00	0.000000e+00	0.000000e+00	0.000000e+00	0.000000e+00	0.000000e+00	
1336.578755	1330.904443	1342.253067	216.666169	4.768529e+01	1.882597e-90	0.000000e+00	2.043470e-49	3.425273e-66	0.000000e+00	0.000000e+00	2.788332e-06	1.882597e-90	1.165885e-03	5.474853e-56	1.882597e-90	1.052466e-84	1.882597e-90	1.882597e-90	0.000000e+00	1.882597e-90	1.882597e-90	1.882597e-90	1.882597e-90	4.647520e-38	4.973682e-03	2.293489e-45	0.000000e+00	0.000000e+00	0.000000e+00	1.882597e-90	1.187682e-79	0.000000e+00	4.884586e-46	0.000000e+00	0.000000e+00	0.000000e+00	0.000000e+00	0.000000e+00	0.000000e+00	0.000000e+00	4.167783e-51	1.882597e-90	1.882597e-90	1.285311e-68	3.994763e-42	1.275882e-63	6.938706e-53	1.882597e-90	2.273244e-04	9.324439e-39	0.000000e+00	0.000000e+00	2.802885e-42	5.751507e-81	0.000000e+00	1.478109e-32	8.419308e-01	1.882597e-90	1.311204e-12	0.000000e+00	1.882597e-90	1.882597e-90	1.882597e-90	2.314812e-51	7.060661e-79	0.000000e+00	0.000000e+00	1.882597e-90	0.000000e+00	0.000000e+00	0.000000e+00	0.000000e+00	0.000000e+00	0.000000e+00	0.000000e+00	1.298789e-55	9.006641e-82	0.000000e+00	0.000000e+00	0.000000e+00	0.000000e+00	0.000000e+00	0.000000e+00	0.000000e+00	0.000000e+00	0.000000e+00	0.000000e+00	0.000000e+00	0.000000e+00	0.000000e+00	0.000000e+00	0.000000e+00	0.000000e+00	0.000000e+00	0.000000e+00	0.000000e+00	0.000000e+00	0.000000e+00	0.000000e+00	0.000000e+00	0.000000e+00	0.000000e+00	0.000000e+00	0.000000e+00	0.000000e+00	0.000000e+00	0.000000e+00	0.000000e+00	0.000000e+00	0.000000e+00	0.000000e+00	0.000000e+00	0.000000e+00	0.000000e+00	0.000000e+00	0.000000e+00	0.000000e+00	0.000000e+00	0.000000e+00	
1347.924618	1342.253067	1353.596169	217.458532	3.913295e+01	1.882673e-90	0.000000e+00	2.127363e-49	3.505156e-66	0.000000e+00	0.000000e+00	2.788332e-06	1.882673e-90	1.165987e-03	5.667286e-56	1.882673e-90	1.279038e-84	1.882673e-90	1.882673e-90	0.000000e+00	1.882673e-90	1.882673e-90	1.882673e-90	1.882673e-90	6.526462e-38	4.973406e-03	2.648169e-45	0.000000e+00	0.000000e+00	0.000000e+00	1.882673e-90	1.591651e-79	0.000000e+00	5.634760e-46	0.000000e+00	0.000000e+00	0.000000e+00	0.000000e+00	0.000000e+00	0.000000e+00	0.000000e+00	5.774237e-51	1.882673e-90	1.882673e-90	1.445002e-68	4.649972e-42	1.446669e-63	8.005565e-53	1.882673e-90	2.273393e-04	9.856113e-39	0.000000e+00	0.000000e+00	3.945640e-42	7.710723e-81	0.000000e+00	2.100065e-32	8.419241e-01	1.882673e-90	1.900342e-12	0.000000e+00	1.882673e-90	1.882673e-90	1.882673e-90	2.406117e-51	8.616764e-79	0.000000e+00	0.000000e+00	1.882673e-90	0.000000e+00	0.000000e+00	0.000000e+00	0.000000e+00	0.000000e+00	0.000000e+00	0.000000e+00	1.798410e-55	8.446969e-82	0.000000e+00	0.000000e+00	0.000000e+00	0.000000e+00	0.000000e+00	0.000000e+00	0.000000e+00	0.000000e+00	0.000000e+00	0.000000e+00	0.000000e+00	0.000000e+00	0.000000e+00	0.000000e+00	0.000000e+00	0.000000e+00	0.000000e+00	0.000000e+00	0.000000e+00	0.000000e+00	0.000000e+00	0.000000e+00	0.000000e+00	0.000000e+00	0.000000e+00	0.000000e+00	0.000000e+00	0.000000e+00	0.000000e+00	0.000000e+00	0.000000e+00	0.000000e+00	0.000000e+00	0.000000e+00	0.000000e+00	0.000000e+00	0.000000e+00	0.000000e+00	0.000000e+00	0.000000e+00	0.000000e+00	0.000000e+00	
1359.268557	1353.596169	1364.940944	218.123856	3.211446e+01	1.882637e-90	0.000000e+00	2.393600e-49	3.966131e-66	0.000000e+00	0.000000e+00	2.788332e-06	1.882637e-90	1.165909e-03	6.388119e-56	1.882637e-90	1.778324e-84	1.882637e-90	1.882637e-90	0.000000e+00	1.882637e-90	1.882637e-90	1.882637e-90	1.882637e-90	9.869601e-38	4.973769e-03	3.284368e-45	0.000000e+00	0.000000e+00	0.000000e+00	1.882637e-90	2.443927e-79	0.000000e+00	6.990631e-46	0.000000e+00	0.000000e+00	0.000000e+00	0.000000e+00	0.000000e+00	0.000000e+00	0.000000e+00	8.769821e-51	1.882637e-90	1.882637e-90	1.807614e-68	5.751354e-42	1.804768e-63	9.931236e-53	1.882637e-90	2.273346e-04	1.103477e-38	0.000000e+00	0.000000e+00	5.962049e-42	1.183744e-80	0.000000e+00	3.163901e-32	8.419265e-01	1.882637e-90	2.843891e-12	0.000000e+00	1.882637e-90	1.882637e-90	1.882637e-90	2.708754e-51	1.196516e-78	0.000000e+00	0.000000e+00	1.882637e-90	0.000000e+00	0.000000e+00	0.000000e+00	0.000000e+00	0.000000e+00	0.000000e+00	0.000000e+00	2.732010e-55	8.626874e-82	0.000000e+00	0.000000e+00	0.000000e+00	0.000000e+00	0.000000e+00	0.000000e+00	0.000000e+00	0.000000e+00	0.000000e+00	0.000000e+00	0.000000e+00	0.000000e+00	0.000000e+00	0.000000e+00	0.000000e+00	0.000000e+00	0.000000e+00	0.000000e+00	0.000000e+00	0.000000e+00	0.000000e+00	0.000000e+00	0.000000e+00	0.000000e+00	0.000000e+00	0.000000e+00	0.000000e+00	0.000000e+00	0.000000e+00	0.000000e+00	0.000000e+00	0.000000e+00	0.000000e+00	0.000000e+00	0.000000e+00	0.000000e+00	0.000000e+00	0.000000e+00	0.000000e+00	0.000000e+00	0.000000e+00	0.000000e+00	
1370.624507	1364.940944	1376.308071	218.708427	2.635474e+01	1.882615e-90	0.000000e+00	3.344196e-49	5.940081e-66	0.000000e+00	0.000000e+00	2.788332e-06	1.882615e-90	1.165996e-03	9.135776e-56	1.882615e-90	3.601078e-84	1.882615e-90	1.882615e-90	0.000000e+00	1.882615e-90	1.882615e-90	1.882615e-90	1.882615e-90	1.834363e-37	4.973637e-03	4.970963e-45	0.000000e+00	0.000000e+00	0.000000e+00	1.882615e-90	5.478551e-79	0.000000e+00	1.061311e-45	0.000000e+00	0.000000e+00	0.000000e+00	0.000000e+00	0.000000e+00	0.000000e+00	0.000000e+00	1.721024e-50	1.882615e-90	1.882615e-90	3.046106e-68	8.430135e-42	2.940176e-63	1.509254e-52	1.882615e-90	2.273414e-04	1.450653e-38	0.000000e+00	0.000000e+00	1.097692e-41	2.650946e-80	0.000000e+00	5.613160e-32	8.419283e-01	1.882615e-90	4.659063e-12	0.000000e+00	1.882615e-90	1.882615e-90	1.882615e-90	3.807307e-51	2.380750e-78	0.000000e+00	0.000000e+00	1.882615e-90	0.000000e+00	0.000000e+00	0.000000e+00	0.000000e+00	0.000000e+00	0.000000e+00	0.000000e+00	5.375598e-55	1.118855e-81	0.000000e+00	0.000000e+00	0.000000e+00	0.000000e+00	0.000000e+00	0.000000e+00	0.000000e+00	0.000000e+00	0.000000e+00	0.000000e+00	0.000000e+00	0.000000e+00	0.000000e+00	0.000000e+00	0.000000e+00	0.000000e+00	0.000000e+00	0.000000e+00	0.000000e+00	0.000000e+00	0.000000e+00	0.000000e+00	0.000000e+00	0.000000e+00	0.000000e+00	0.000000e+00	0.000000e+00	0.000000e+00	0.000000e+00	0.000000e+00	0.000000e+00	0.000000e+00	0.000000e+00	0.000000e+00	0.000000e+00	0.000000e+00	0.000000e+00	0.000000e+00	0.000000e+00	0.000000e+00	0.000000e+00	0.000000e+00	
1382.018339	1376.308071	1387.728608	219.581711	2.162802e+01	1.882712e-90	0.000000e+00	6.482721e-49	1.359636e-65	0.000000e+00	0.000000e+00	2.788332e-06	1.882712e-90	1.165988e-03	1.872143e-55	1.882712e-90	1.287718e-83	1.882712e-90	1.882712e-90	0.000000e+00	1.984765e-90	1.882712e-90	1.882712e-90	1.882712e-90	4.660484e-37	4.974374e-03	1.017368e-44	0.000000e+00	0.000000e+00	0.000000e+00	1.882712e-90	2.178760e-78	0.000000e+00	2.188553e-45	0.000000e+00	0.000000e+00	0.000000e+00	0.000000e+00	0.000000e+00	0.000000e+00	0.000000e+00	4.978139e-50	1.882712e-90	1.882712e-90	8.055404e-68	1.597411e-41	7.172370e-63	3.118731e-52	1.882712e-90	2.273450e-04	2.431203e-38	0.000000e+00	0.000000e+00	2.726767e-41	1.051376e-79	0.000000e+00	1.276267e-31	8.419201e-01	1.882712e-90	8.750236e-12	0.000000e+00	1.882712e-90	1.882712e-90	1.882712e-90	7.488891e-51	8.166741e-78	0.000000e+00	0.000000e+00	1.882712e-90	0.000000e+00	0.000000e+00	0.000000e+00	0.000000e+00	0.000000e+00	0.000000e+00	0.000000e+00	1.565017e-54	2.084188e-81	0.000000e+00	0.000000e+00	0.000000e+00	0.000000e+00	0.000000e+00	0.000000e+00	0.000000e+00	0.000000e+00	0.000000e+00	0.000000e+00	0.000000e+00	0.000000e+00	0.000000e+00	0.000000e+00	0.000000e+00	0.000000e+00	0.000000e+00	0.000000e+00	0.000000e+00	0.000000e+00	0.000000e+00	0.000000e+00	0.000000e+00	0.000000e+00	0.000000e+00	0.000000e+00	0.000000e+00	0.000000e+00	0.000000e+00	0.000000e+00	0.000000e+00	0.000000e+00	0.000000e+00	0.000000e+00	0.000000e+00	0.000000e+00	0.000000e+00	0.000000e+00	0.000000e+00	0.000000e+00	0.000000e+00	0.000000e+00	
1393.480429	1387.728608	1399.232251	220.672109	1.774904e+01	1.882747e-90	0.000000e+00	1.698764e-48	4.598265e-65	0.000000e+00	0.000000e+00	2.788332e-06	1.882747e-90	1.165950e-03	5.342020e-55	1.882747e-90	7.774108e-83	1.882747e-90	1.882747e-90	0.000000e+00	1.123930e-89	1.882747e-90	1.882747e-90	1.882747e-90	1.578827e-36	4.973929e-03	2.748361e-44	0.000000e+00	0.000000e+00	0.000000e+00	1.882747e-90	1.467985e-77	0.000000e+00	5.979269e-45	0.000000e+00	0.000000e+00	0.000000e+00	0.000000e+00	0.000000e+00	0.000000e+00	0.000000e+00	2.058019e-49	1.882747e-90	1.882747e-90	3.225275e-67	3.834666e-41	2.537474e-62	8.555428e-52	1.882747e-90	2.273521e-04	5.095081e-38	0.000000e+00	0.000000e+00	8.925774e-41	7.055083e-79	0.000000e+00	3.647163e-31	8.419180e-01	1.882747e-90	1.864707e-11	0.000000e+00	1.882747e-90	1.882747e-90	1.882747e-90	2.006226e-50	4.624181e-77	0.000000e+00	0.000000e+00	1.882747e-90	0.000000e+00	0.000000e+00	0.000000e+00	0.000000e+00	0.000000e+00	0.000000e+00	0.000000e+00	6.536519e-54	5.424136e-81	0.000000e+00	0.000000e+00	0.000000e+00	0.000000e+00	0.000000e+00	0.000000e+00	0.000000e+00	0.000000e+00	0.000000e+00	0.000000e+00	0.000000e+00	0.000000e+00	0.000000e+00	0.000000e+00	0.000000e+00	0.000000e+00	0.000000e+00	0.000000e+00	0.000000e+00	0.000000e+00	0.000000e+00	0.000000e+00	0.000000e+00	0.000000e+00	0.000000e+00	0.000000e+00	0.000000e+00	0.000000e+00	0.000000e+00	0.000000e+00	0.000000e+00	0.000000e+00	0.000000e+00	0.000000e+00	0.000000e+00	0.000000e+00	0.000000e+00	0.000000e+00	0.000000e+00	0.000000e+00	0.000000e+00	0.000000e+00	
1405.032436	1399.232251	1410.832621	221.749940	1.456575e+01	1.882644e-90	0.000000e+00	5.056735e-48	1.834006e-64	0.000000e+00	0.000000e+00	2.788332e-06	1.882644e-90	1.165982e-03	1.753288e-54	1.882644e-90	5.858822e-82	1.882644e-90	1.882644e-90	0.000000e+00	7.984947e-89	1.882644e-90	1.882644e-90	1.882644e-90	6.044612e-36	4.973735e-03	8.352854e-44	0.000000e+00	0.000000e+00	0.000000e+00	1.882644e-90	1.237239e-76	0.000000e+00	1.841294e-44	0.000000e+00	0.000000e+00	0.000000e+00	0.000000e+00	0.000000e+00	0.000000e+00	0.000000e+00	9.903848e-49	1.882644e-90	1.882644e-90	1.538833e-66	1.017449e-40	1.050542e-61	2.646644e-51	6.165737e-90	2.273410e-04	1.173527e-37	0.000000e+00	0.000000e+00	3.286230e-40	5.915753e-78	0.000000e+00	1.149043e-30	8.419254e-01	1.882644e-90	4.195689e-11	0.000000e+00	1.882644e-90	1.882644e-90	1.882644e-90	6.125575e-50	3.237783e-76	0.000000e+00	0.000000e+00	1.882644e-90	0.000000e+00	0.000000e+00	0.000000e+00	0.000000e+00	0.000000e+00	0.000000e+00	0.000000e+00	3.183666e-53	1.627743e-80	0.000000e+00	0.000000e+00	0.000000e+00	0.000000e+00	0.000000e+00	0.000000e+00	0.000000e+00	0.000000e+00	0.000000e+00	0.000000e+00	0.000000e+00	0.000000e+00	0.000000e+00	0.000000e+00	0.000000e+00	0.000000e+00	0.000000e+00	0.000000e+00	0.000000e+00	0.000000e+00	0.000000e+00	0.000000e+00	0.000000e+00	0.000000e+00	0.000000e+00	0.000000e+00	0.000000e+00	0.000000e+00	0.000000e+00	0.000000e+00	0.000000e+00	0.000000e+00	0.000000e+00	0.000000e+00	0.000000e+00	0.000000e+00	0.000000e+00	0.000000e+00	0.000000e+00	0.000000e+00	0.000000e+00	0.000000e+00	
1416.677244	1410.832621	1422.521867	223.017031	1.195339e+01	1.882649e-90	0.000000e+00	1.367603e-47	6.460343e-64	0.000000e+00	0.000000e+00	2.788332e-06	1.882649e-90	1.165965e-03	5.178306e-54	1.882649e-90	3.739384e-81	1.882649e-90	1.882649e-90	0.000000e+00	4.785277e-88	1.882649e-90	1.882649e-90	1.882649e-90	2.113305e-35	4.973688e-03	2.325023e-43	0.000000e+00	0.000000e+00	0.000000e+00	1.882649e-90	8.823296e-76	0.000000e+00	5.187081e-44	0.000000e+00	0.000000e+00	0.000000e+00	0.000000e+00	0.000000e+00	0.000000e+00	0.000000e+00	4.257250e-48	1.882649e-90	1.882649e-90	6.435138e-66	2.505111e-40	3.865509e-61	7.488422e-51	3.104947e-89	2.273473e-04	2.517629e-37	0.000000e+00	0.000000e+00	1.109522e-39	4.198349e-77	0.000000e+00	3.369900e-30	8.419260e-01	1.882649e-90	9.076364e-11	0.000000e+00	1.882649e-90	1.882649e-90	1.882649e-90	1.695201e-49	1.933791e-75	0.000000e+00	0.000000e+00	1.882649e-90	0.000000e+00	0.000000e+00	0.000000e+00	0.000000e+00	0.000000e+00	0.000000e+00	0.000000e+00	1.383969e-52	4.400281e-80	0.000000e+00	0.000000e+00	0.000000e+00	0.000000e+00	0.000000e+00	0.000000e+00	0.000000e+00	0.000000e+00	0.000000e+00	0.000000e+00	0.000000e+00	0.000000e+00	0.000000e+00	0.000000e+00	0.000000e+00	0.000000e+00	0.000000e+00	0.000000e+00	0.000000e+00	0.000000e+00	0.000000e+00	0.000000e+00	0.000000e+00	0.000000e+00	0.000000e+00	0.000000e+00	0.000000e+00	0.000000e+00	0.000000e+00	0.000000e+00	0.000000e+00	0.000000e+00	0.000000e+00	0.000000e+00	0.000000e+00	0.000000e+00	0.000000e+00	0.000000e+00	0.000000e+00	0.000000e+00	0.000000e+00	0.000000e+00	
1428.397309	1422.521867	1434.272751	224.175817	9.809551e+00	1.882596e-90	0.000000e+00	2.787736e-47	1.577902e-63	0.000000e+00	0.000000e+00	2.788332e-06	1.882596e-90	1.165803e-03	1.120905e-53	5.320807e-90	1.460326e-80	1.882596e-90	1.882596e-90	0.000000e+00	1.734842e-87	1.882596e-90	1.882596e-90	1.882596e-90	5.641335e-35	4.973867e-03	4.988055e-43	0.000000e+00	0.000000e+00	0.000000e+00	1.882596e-90	3.836801e-75	0.000000e+00	1.122102e-43	0.000000e+00	0.000000e+00	0.000000e+00	0.000000e+00	0.000000e+00	0.000000e+00	0.000000e+00	1.308967e-47	1.882596e-90	1.882596e-90	1.823551e-65	4.940365e-40	1.003617e-60	1.624699e-50	9.997252e-89	2.273358e-04	4.379269e-37	0.000000e+00	0.000000e+00	2.892224e-39	1.819111e-76	0.000000e+00	7.977795e-30	8.419300e-01	1.882596e-90	1.744023e-10	0.000000e+00	1.882596e-90	1.882596e-90	1.882596e-90	3.510481e-49	7.217786e-75	0.000000e+00	0.000000e+00	1.882596e-90	0.000000e+00	0.000000e+00	0.000000e+00	0.000000e+00	0.000000e+00	0.000000e+00	0.000000e+00	4.288822e-52	8.698422e-80	0.000000e+00	0.000000e+00	0.000000e+00	0.000000e+00	0.000000e+00	0.000000e+00	0.000000e+00	0.000000e+00	0.000000e+00	0.000000e+00	0.000000e+00	0.000000e+00	0.000000e+00	0.000000e+00	0.000000e+00	0.000000e+00	0.000000e+00	0.000000e+00	0.000000e+00	0.000000e+00	0.000000e+00	0.000000e+00	0.000000e+00	0.000000e+00	0.000000e+00	0.000000e+00	0.000000e+00	0.000000e+00	0.000000e+00	0.000000e+00	0.000000e+00	0.000000e+00	0.000000e+00	0.000000e+00	0.000000e+00	0.000000e+00	0.000000e+00	0.000000e+00	0.000000e+00	0.000000e+00	0.000000e+00	0.000000e+00	
1440.163461	1434.272751	1446.054171	224.187218	8.050210e+00	1.882671e-90	0.000000e+00	4.160171e-47	2.573899e-63	0.000000e+00	0.000000e+00	2.788332e-06	1.882671e-90	1.165943e-03	1.723181e-53	1.402686e-89	3.318401e-80	1.882671e-90	1.882671e-90	0.000000e+00	3.614329e-87	1.882671e-90	1.882671e-90	1.882671e-90	1.117932e-34	4.974089e-03	8.028500e-43	0.000000e+00	0.000000e+00	0.000000e+00	1.882671e-90	9.663606e-75	0.000000e+00	1.813333e-43	0.000000e+00	0.000000e+00	0.000000e+00	0.000000e+00	0.000000e+00	0.000000e+00	0.000000e+00	2.780825e-47	1.882671e-90	1.882671e-90	3.364937e-65	7.629477e-40	1.774245e-60	2.630115e-50	1.965325e-88	2.273506e-04	6.045678e-37	0.000000e+00	0.000000e+00	5.665768e-39	4.573740e-76	0.000000e+00	1.490584e-29	8.419233e-01	1.882671e-90	2.941164e-10	0.000000e+00	1.882671e-90	1.882671e-90	1.882671e-90	5.279740e-49	1.603805e-74	0.000000e+00	0.000000e+00	1.882671e-90	0.000000e+00	0.000000e+00	0.000000e+00	0.000000e+00	0.000000e+00	0.000000e+00	0.000000e+00	9.148219e-52	1.217001e-79	0.000000e+00	0.000000e+00	0.000000e+00	0.000000e+00	0.000000e+00	0.000000e+00	0.000000e+00	0.000000e+00	0.000000e+00	0.000000e+00	0.000000e+00	0.000000e+00	0.000000e+00	0.000000e+00	0.000000e+00	0.000000e+00	0.000000e+00	0.000000e+00	0.000000e+00	0.000000e+00	0.000000e+00	0.000000e+00	0.000000e+00	0.000000e+00	0.000000e+00	0.000000e+00	0.000000e+00	0.000000e+00	0.000000e+00	0.000000e+00	0.000000e+00	0.000000e+00	0.000000e+00	0.000000e+00	0.000000e+00	0.000000e+00	0.000000e+00	0.000000e+00	0.000000e+00	0.000000e+00	0.000000e+00	0.000000e+00	
1451.943111	1446.054171	1457.832052	224.027157	6.606406e+00	1.882712e-90	0.000000e+00	4.433076e-47	2.714291e-63	0.000000e+00	0.000000e+00	2.788332e-06	1.882712e-90	1.166070e-03	1.830080e-53	1.947918e-89	4.198450e-80	1.882712e-90	1.882712e-90	0.000000e+00	4.136716e-87	1.882712e-90	1.882712e-90	1.882712e-90	1.604789e-34	4.973964e-03	9.469297e-43	0.000000e+00	0.000000e+00	0.000000e+00	1.882712e-90	1.348808e-74	0.000000e+00	2.137741e-43	0.000000e+00	0.000000e+00	0.000000e+00	0.000000e+00	0.000000e+00	0.000000e+00	0.000000e+00	3.960041e-47	1.882712e-90	1.882712e-90	3.905844e-65	9.042170e-40	2.069783e-60	3.099962e-50	2.264313e-88	2.273426e-04	6.501102e-37	0.000000e+00	0.000000e+00	8.143968e-39	6.385110e-76	0.000000e+00	2.154492e-29	8.419207e-01	1.882712e-90	4.303728e-10	0.000000e+00	1.882712e-90	1.882712e-90	1.882712e-90	5.620867e-49	2.034177e-74	0.000000e+00	0.000000e+00	1.882712e-90	0.000000e+00	0.000000e+00	0.000000e+00	0.000000e+00	0.000000e+00	0.000000e+00	0.000000e+00	1.302122e-51	1.169991e-79	0.000000e+00	0.000000e+00	0.000000e+00	0.000000e+00	0.000000e+00	0.000000e+00	0.000000e+00	0.000000e+00	0.000000e+00	0.000000e+00	0.000000e+00	0.000000e+00	0.000000e+00	0.000000e+00	0.000000e+00	0.000000e+00	0.000000e+00	0.000000e+00	0.000000e+00	0.000000e+00	0.000000e+00	0.000000e+00	0.000000e+00	0.000000e+00	0.000000e+00	0.000000e+00	0.000000e+00	0.000000e+00	0.000000e+00	0.000000e+00	0.000000e+00	0.000000e+00	0.000000e+00	0.000000e+00	0.000000e+00	0.000000e+00	0.000000e+00	0.000000e+00	0.000000e+00	0.000000e+00	0.000000e+00	0.000000e+00	
1463.713246	1457.832052	1469.594440	224.344039	5.421549e+00	1.882674e-90	0.000000e+00	4.201727e-47	2.459397e-63	0.000000e+00	0.000000e+00	2.788332e-06	1.882674e-90	1.165913e-03	1.708589e-53	2.163397e-89	4.331922e-80	1.882674e-90	1.882674e-90	0.000000e+00	3.843213e-87	1.882674e-90	1.882674e-90	1.882674e-90	2.059100e-34	4.973448e-03	1.002324e-42	0.000000e+00	0.000000e+00	0.000000e+00	1.882674e-90	1.532981e-74	0.000000e+00	2.258076e-43	0.000000e+00	0.000000e+00	0.000000e+00	0.000000e+00	0.000000e+00	0.000000e+00	0.000000e+00	4.905265e-47	1.882674e-90	1.882674e-90	3.858939e-65	9.775537e-40	2.089672e-60	3.272148e-50	2.166495e-88	2.273479e-04	6.409584e-37	0.000000e+00	0.000000e+00	1.051114e-38	7.264378e-76	0.000000e+00	2.847843e-29	8.419246e-01	1.882674e-90	5.991103e-10	0.000000e+00	1.882674e-90	1.882674e-90	1.882674e-90	5.306136e-49	2.122742e-74	0.000000e+00	0.000000e+00	1.882674e-90	0.000000e+00	0.000000e+00	0.000000e+00	0.000000e+00	0.000000e+00	0.000000e+00	0.000000e+00	1.609597e-51	9.872515e-80	0.000000e+00	0.000000e+00	0.000000e+00	0.000000e+00	0.000000e+00	0.000000e+00	0.000000e+00	0.000000e+00	0.000000e+00	0.000000e+00	0.000000e+00	0.000000e+00	0.000000e+00	0.000000e+00	0.000000e+00	0.000000e+00	0.000000e+00	0.000000e+00	0.000000e+00	0.000000e+00	0.000000e+00	0.000000e+00	0.000000e+00	0.000000e+00	0.000000e+00	0.000000e+00	0.000000e+00	0.000000e+00	0.000000e+00	0.000000e+00	0.000000e+00	0.000000e+00	0.000000e+00	0.000000e+00	0.000000e+00	0.000000e+00	0.000000e+00	0.000000e+00	0.000000e+00	0.000000e+00	0.000000e+00	0.000000e+00	
1475.466201	1469.594440	1481.337962	224.324492	4.449195e+00	1.882609e-90	0.000000e+00	3.853943e-47	2.136045e-63	0.000000e+00	0.000000e+00	2.788332e-06	1.882609e-90	1.165929e-03	1.538950e-53	2.258408e-89	4.223180e-80	1.882609e-90	1.882609e-90	0.000000e+00	3.369221e-87	1.882609e-90	1.882609e-90	1.882609e-90	2.561001e-34	4.973256e-03	1.029558e-42	0.000000e+00	0.000000e+00	0.000000e+00	1.882609e-90	1.645259e-74	0.000000e+00	2.313424e-43	0.000000e+00	0.000000e+00	0.000000e+00	0.000000e+00	0.000000e+00	0.000000e+00	0.000000e+00	5.845493e-47	1.882609e-90	1.882609e-90	3.644140e-65	1.029861e-39	2.026257e-60	3.349677e-50	1.968612e-88	2.273402e-04	6.167165e-37	0.000000e+00	0.000000e+00	1.316634e-38	7.804871e-76	0.000000e+00	3.672885e-29	8.419289e-01	1.882609e-90	8.228447e-10	0.000000e+00	1.882609e-90	1.882609e-90	1.882609e-90	4.843626e-49	2.097935e-74	0.000000e+00	0.000000e+00	1.882609e-90	0.000000e+00	0.000000e+00	0.000000e+00	0.000000e+00	0.000000e+00	0.000000e+00	0.000000e+00	1.913614e-51	8.036211e-80	0.000000e+00	0.000000e+00	0.000000e+00	0.000000e+00	0.000000e+00	0.000000e+00	0.000000e+00	0.000000e+00	0.000000e+00	0.000000e+00	0.000000e+00	0.000000e+00	0.000000e+00	0.000000e+00	0.000000e+00	0.000000e+00	0.000000e+00	0.000000e+00	0.000000e+00	0.000000e+00	0.000000e+00	0.000000e+00	0.000000e+00	0.000000e+00	0.000000e+00	0.000000e+00	0.000000e+00	0.000000e+00	0.000000e+00	0.000000e+00	0.000000e+00	0.000000e+00	0.000000e+00	0.000000e+00	0.000000e+00	0.000000e+00	0.000000e+00	0.000000e+00	0.000000e+00	0.000000e+00	0.000000e+00	0.000000e+00	
1487.203947	1481.337962	1493.069932	224.154746	3.651233e+00	1.882683e-90	0.000000e+00	3.783786e-47	2.026031e-63	0.000000e+00	0.000000e+00	2.788332e-06	1.882683e-90	1.165962e-03	1.493709e-53	2.683612e-89	4.634206e-80	1.882683e-90	1.882683e-90	0.000000e+00	3.333602e-87	1.882683e-90	1.882683e-90	1.882683e-90	3.400226e-34	4.974019e-03	1.126264e-42	0.000000e+00	0.000000e+00	0.000000e+00	1.882683e-90	1.990176e-74	0.000000e+00	2.527014e-43	0.000000e+00	0.000000e+00	0.000000e+00	0.000000e+00	0.000000e+00	0.000000e+00	0.000000e+00	7.553944e-47	1.882683e-90	1.882683e-90	3.779479e-65	1.144784e-39	2.137029e-60	3.656231e-50	1.992727e-88	2.273561e-04	6.241632e-37	0.000000e+00	0.000000e+00	1.756149e-38	9.446700e-76	0.000000e+00	4.989848e-29	8.419219e-01	1.882683e-90	1.163084e-09	0.000000e+00	1.882683e-90	1.882683e-90	1.882683e-90	4.741927e-49	2.322482e-74	0.000000e+00	0.000000e+00	1.882683e-90	0.000000e+00	0.000000e+00	0.000000e+00	0.000000e+00	0.000000e+00	0.000000e+00	0.000000e+00	2.469286e-51	7.056474e-80	0.000000e+00	0.000000e+00	0.000000e+00	0.000000e+00	0.000000e+00	0.000000e+00	0.000000e+00	0.000000e+00	0.000000e+00	0.000000e+00	0.000000e+00	0.000000e+00	0.000000e+00	0.000000e+00	0.000000e+00	0.000000e+00	0.000000e+00	0.000000e+00	0.000000e+00	0.000000e+00	0.000000e+00	0.000000e+00	0.000000e+00	0.000000e+00	0.000000e+00	0.000000e+00	0.000000e+00	0.000000e+00	0.000000e+00	0.000000e+00	0.000000e+00	0.000000e+00	0.000000e+00	0.000000e+00	0.000000e+00	0.000000e+00	0.000000e+00	0.000000e+00	0.000000e+00	0.000000e+00	0.000000e+00	0.000000e+00	
1498.934196	1493.069932	1504.798461	223.909182	2.996385e+00	1.882648e-90	0.000000e+00	4.040580e-47	2.142348e-63	0.000000e+00	0.000000e+00	2.788332e-06	1.882648e-90	1.165887e-03	1.589786e-53	3.740387e-89	5.883636e-80	1.882648e-90	1.882648e-90	0.000000e+00	3.829032e-87	1.882648e-90	1.882648e-90	1.882648e-90	4.889964e-34	4.973076e-03	1.330722e-42	0.000000e+00	0.000000e+00	0.000000e+00	1.882648e-90	2.787216e-74	0.000000e+00	2.984023e-43	0.000000e+00	0.000000e+00	0.000000e+00	0.000000e+00	0.000000e+00	0.000000e+00	0.000000e+00	1.078064e-46	1.882648e-90	1.882648e-90	4.399612e-65	1.358878e-39	2.499318e-60	4.317525e-50	2.303299e-88	2.273373e-04	6.722042e-37	0.000000e+00	0.000000e+00	2.528586e-38	1.323392e-75	0.000000e+00	7.222358e-29	8.419261e-01	1.882648e-90	1.702838e-09	0.000000e+00	1.882648e-90	1.882648e-90	1.882648e-90	5.058450e-49	2.955531e-74	0.000000e+00	0.000000e+00	1.882648e-90	0.000000e+00	0.000000e+00	0.000000e+00	0.000000e+00	0.000000e+00	0.000000e+00	0.000000e+00	3.522337e-51	6.798872e-80	0.000000e+00	0.000000e+00	0.000000e+00	0.000000e+00	0.000000e+00	0.000000e+00	0.000000e+00	0.000000e+00	0.000000e+00	0.000000e+00	0.000000e+00	0.000000e+00	0.000000e+00	0.000000e+00	0.000000e+00	0.000000e+00	0.000000e+00	0.000000e+00	0.000000e+00	0.000000e+00	0.000000e+00	0.000000e+00	0.000000e+00	0.000000e+00	0.000000e+00	0.000000e+00	0.000000e+00	0.000000e+00	0.000000e+00	0.000000e+00	0.000000e+00	0.000000e+00	0.000000e+00	0.000000e+00	0.000000e+00	0.000000e+00	0.000000e+00	0.000000e+00	0.000000e+00	0.000000e+00	0.000000e+00	0.000000e+00	
1510.656512	1504.798461	1516.514562	223.553128	2.458984e+00	1.882598e-90	0.000000e+00	3.941377e-47	2.014900e-63	0.000000e+00	0.000000e+00	2.788332e-06	1.882598e-90	1.165962e-03	1.532129e-53	4.390062e-89	6.383639e-80	1.882598e-90	1.882598e-90	0.000000e+00	3.744979e-87	1.882598e-90	1.882598e-90	1.882598e-90	6.451411e-34	4.973569e-03	1.446863e-42	0.000000e+00	0.000000e+00	0.000000e+00	1.882598e-90	3.332963e-74	0.000000e+00	3.239383e-43	0.000000e+00	0.000000e+00	0.000000e+00	0.000000e+00	0.000000e+00	0.000000e+00	0.000000e+00	1.382396e-46	1.882598e-90	1.882598e-90	4.521889e-65	1.502488e-39	2.614485e-60	4.682965e-50	2.307055e-88	2.273293e-04	6.769778e-37	0.000000e+00	0.000000e+00	3.351862e-38	1.583422e-75	0.000000e+00	9.762064e-29	8.419298e-01	1.882598e-90	2.400504e-09	0.000000e+00	1.882598e-90	1.882598e-90	1.882598e-90	4.919075e-49	3.236326e-74	0.000000e+00	0.000000e+00	1.882598e-90	0.000000e+00	0.000000e+00	0.000000e+00	0.000000e+00	0.000000e+00	0.000000e+00	0.000000e+00	4.509481e-51	5.925367e-80	0.000000e+00	0.000000e+00	0.000000e+00	0.000000e+00	0.000000e+00	0.000000e+00	0.000000e+00	0.000000e+00	0.000000e+00	0.000000e+00	0.000000e+00	0.000000e+00	0.000000e+00	0.000000e+00	0.000000e+00	0.000000e+00	0.000000e+00	0.000000e+00	0.000000e+00	0.000000e+00	0.000000e+00	0.000000e+00	0.000000e+00	0.000000e+00	0.000000e+00	0.000000e+00	0.000000e+00	0.000000e+00	0.000000e+00	0.000000e+00	0.000000e+00	0.000000e+00	0.000000e+00	0.000000e+00	0.000000e+00	0.000000e+00	0.000000e+00	0.000000e+00	0.000000e+00	0.000000e+00	0.000000e+00	0.000000e+00	
1522.364286	1516.514562	1528.214009	223.037448	2.017966e+00	1.882722e-90	0.000000e+00	3.685273e-47	1.794031e-63	0.000000e+00	0.000000e+00	2.788332e-06	1.882722e-90	1.166010e-03	1.409485e-53	4.754400e-89	6.435311e-80	1.882722e-90	1.882722e-90	0.000000e+00	3.397424e-87	1.882722e-90	1.882722e-90	1.882722e-90	8.174596e-34	4.974045e-03	1.513019e-42	0.000000e+00	0.000000e+00	0.000000e+00	1.882722e-90	3.701024e-74	0.000000e+00	3.380207e-43	0.000000e+00	0.000000e+00	0.000000e+00	0.000000e+00	0.000000e+00	0.000000e+00	0.000000e+00	1.685877e-46	1.882722e-90	1.882722e-90	4.385328e-65	1.607494e-39	2.596371e-60	4.882300e-50	2.161586e-88	2.273523e-04	6.608196e-37	0.000000e+00	0.000000e+00	4.275022e-38	1.759946e-75	0.000000e+00	1.277864e-28	8.419195e-01	1.882722e-90	3.324389e-09	0.000000e+00	1.882722e-90	1.882722e-90	1.882722e-90	4.580370e-49	3.303070e-74	0.000000e+00	0.000000e+00	1.882722e-90	0.000000e+00	0.000000e+00	0.000000e+00	0.000000e+00	0.000000e+00	0.000000e+00	0.000000e+00	5.487968e-51	4.928454e-80	0.000000e+00	0.000000e+00	0.000000e+00	0.000000e+00	0.000000e+00	0.000000e+00	0.000000e+00	0.000000e+00	0.000000e+00	0.000000e+00	0.000000e+00	0.000000e+00	0.000000e+00	0.000000e+00	0.000000e+00	0.000000e+00	0.000000e+00	0.000000e+00	0.000000e+00	0.000000e+00	0.000000e+00	0.000000e+00	0.000000e+00	0.000000e+00	0.000000e+00	0.000000e+00	0.000000e+00	0.000000e+00	0.000000e+00	0.000000e+00	0.000000e+00	0.000000e+00	0.000000e+00	0.000000e+00	0.000000e+00	0.000000e+00	0.000000e+00	0.000000e+00	0.000000e+00	0.000000e+00	0.000000e+00	0.000000e+00	
1534.050731	1528.214009	1539.887453	222.433518	1.656044e+00	1.882712e-90	0.000000e+00	3.134192e-47	1.412770e-63	0.000000e+00	0.000000e+00	2.788332e-06	1.882712e-90	1.165984e-03	1.168370e-53	4.298778e-89	5.501322e-80	1.882712e-90	1.882712e-90	0.000000e+00	2.603780e-87	1.882712e-90	1.882712e-90	1.882712e-90	9.459374e-34	4.974219e-03	1.449595e-42	0.000000e+00	0.000000e+00	0.000000e+00	1.882712e-90	3.480534e-74	0.000000e+00	3.227417e-43	0.000000e+00	0.000000e+00	0.000000e+00	0.000000e+00	0.000000e+00	0.000000e+00	0.000000e+00	1.836991e-46	1.882712e-90	1.882712e-90	3.732398e-65	1.596180e-39	2.293507e-60	4.655008e-50	1.742466e-88	2.273545e-04	6.012043e-37	0.000000e+00	0.000000e+00	4.997275e-38	1.657472e-75	0.000000e+00	1.556163e-28	8.419202e-01	1.882712e-90	4.423369e-09	0.000000e+00	1.882712e-90	1.882712e-90	1.882712e-90	3.869575e-49	2.878927e-74	0.000000e+00	0.000000e+00	1.882712e-90	0.000000e+00	0.000000e+00	0.000000e+00	0.000000e+00	0.000000e+00	0.000000e+00	0.000000e+00	5.959897e-51	3.688590e-80	0.000000e+00	0.000000e+00	0.000000e+00	0.000000e+00	0.000000e+00	0.000000e+00	0.000000e+00	0.000000e+00	0.000000e+00	0.000000e+00	0.000000e+00	0.000000e+00	0.000000e+00	0.000000e+00	0.000000e+00	0.000000e+00	0.000000e+00	0.000000e+00	0.000000e+00	0.000000e+00	0.000000e+00	0.000000e+00	0.000000e+00	0.000000e+00	0.000000e+00	0.000000e+00	0.000000e+00	0.000000e+00	0.000000e+00	0.000000e+00	0.000000e+00	0.000000e+00	0.000000e+00	0.000000e+00	0.000000e+00	0.000000e+00	0.000000e+00	0.000000e+00	0.000000e+00	0.000000e+00	0.000000e+00	0.000000e+00	
1545.710558	1539.887453	1551.533662	220.903699	1.359033e+00	1.882656e-90	0.000000e+00	2.633334e-47	1.095224e-63	0.000000e+00	0.000000e+00	2.788332e-06	1.882656e-90	1.165961e-03	9.556549e-54	3.798569e-89	4.605050e-80	1.882656e-90	1.882656e-90	0.000000e+00	1.953047e-87	1.882656e-90	1.882656e-90	1.882656e-90	1.081974e-33	4.973851e-03	1.373332e-42	0.000000e+00	0.000000e+00	0.000000e+00	1.882656e-90	3.203735e-74	0.000000e+00	3.046158e-43	0.000000e+00	0.000000e+00	0.000000e+00	0.000000e+00	0.000000e+00	0.000000e+00	0.000000e+00	1.972908e-46	1.882656e-90	1.882656e-90	3.123838e-65	1.569757e-39	1.995870e-60	4.388377e-50	1.378108e-88	2.273440e-04	5.420308e-37	0.000000e+00	0.000000e+00	5.776675e-38	1.527995e-75	0.000000e+00	1.877823e-28	8.419249e-01	1.882656e-90	5.856135e-09	0.000000e+00	1.882656e-90	1.882656e-90	1.882656e-90	3.228243e-49	2.458985e-74	0.000000e+00	0.000000e+00	1.882656e-90	0.000000e+00	0.000000e+00	0.000000e+00	0.000000e+00	0.000000e+00	0.000000e+00	0.000000e+00	6.379028e-51	2.724469e-80	0.000000e+00	0.000000e+00	0.000000e+00	0.000000e+00	0.000000e+00	0.000000e+00	0.000000e+00	0.000000e+00	0.000000e+00	0.000000e+00	0.000000e+00	0.000000e+00	0.000000e+00	0.000000e+00	0.000000e+00	0.000000e+00	0.000000e+00	0.000000e+00	0.000000e+00	0.000000e+00	0.000000e+00	0.000000e+00	0.000000e+00	0.000000e+00	0.000000e+00	0.000000e+00	0.000000e+00	0.000000e+00	0.000000e+00	0.000000e+00	0.000000e+00	0.000000e+00	0.000000e+00	0.000000e+00	0.000000e+00	0.000000e+00	0.000000e+00	0.000000e+00	0.000000e+00	0.000000e+00	0.000000e+00	0.000000e+00	
1557.338516	1551.533662	1563.143371	220.035547	1.115291e+00	1.882623e-90	0.000000e+00	2.008825e-47	7.491402e-64	0.000000e+00	0.000000e+00	2.788332e-06	1.882623e-90	1.166004e-03	7.030299e-54	2.793813e-89	3.259190e-80	1.882623e-90	1.882623e-90	0.000000e+00	1.233803e-87	1.882623e-90	1.882623e-90	1.882623e-90	1.128346e-33	4.973207e-03	1.190092e-42	0.000000e+00	0.000000e+00	0.000000e+00	1.882623e-90	2.490028e-74	0.000000e+00	2.626638e-43	0.000000e+00	0.000000e+00	0.000000e+00	0.000000e+00	0.000000e+00	0.000000e+00	0.000000e+00	1.889689e-46	1.882623e-90	1.882623e-90	2.289194e-65	1.431186e-39	1.541707e-60	3.777410e-50	9.351637e-89	2.273383e-04	4.549189e-37	0.000000e+00	0.000000e+00	6.111621e-38	1.190097e-75	0.000000e+00	2.105298e-28	8.419285e-01	1.882623e-90	7.446435e-09	0.000000e+00	1.882623e-90	1.882623e-90	1.882623e-90	2.439078e-49	1.788332e-74	0.000000e+00	0.000000e+00	1.882623e-90	0.000000e+00	0.000000e+00	0.000000e+00	0.000000e+00	0.000000e+00	0.000000e+00	0.000000e+00	6.081231e-51	1.807321e-80	0.000000e+00	0.000000e+00	0.000000e+00	0.000000e+00	0.000000e+00	0.000000e+00	0.000000e+00	0.000000e+00	0.000000e+00	0.000000e+00	0.000000e+00	0.000000e+00	0.000000e+00	0.000000e+00	0.000000e+00	0.000000e+00	0.000000e+00	0.000000e+00	0.000000e+00	0.000000e+00	0.000000e+00	0.000000e+00	0.000000e+00	0.000000e+00	0.000000e+00	0.000000e+00	0.000000e+00	0.000000e+00	0.000000e+00	0.000000e+00	0.000000e+00	0.000000e+00	0.000000e+00	0.000000e+00	0.000000e+00	0.000000e+00	0.000000e+00	0.000000e+00	0.000000e+00	0.000000e+00	0.000000e+00	0.000000e+00	
1568.921977	1563.143371	1574.700582	219.707633	9.152635e-01	1.882580e-90	0.000000e+00	1.297950e-47	4.133185e-64	0.000000e+00	0.000000e+00	2.788332e-06	1.882580e-90	1.165893e-03	4.308874e-54	1.498805e-89	1.728737e-80	1.882580e-90	1.882580e-90	0.000000e+00	5.802551e-88	1.882580e-90	1.882580e-90	1.882580e-90	1.004629e-33	4.973710e-03	8.853612e-43	0.000000e+00	0.000000e+00	0.000000e+00	1.882580e-90	1.447972e-74	0.000000e+00	1.940310e-43	0.000000e+00	0.000000e+00	0.000000e+00	0.000000e+00	0.000000e+00	0.000000e+00	0.000000e+00	1.486880e-46	1.882580e-90	1.882580e-90	1.334932e-65	1.145602e-39	9.705914e-61	2.783063e-50	4.882421e-89	2.273418e-04	3.375876e-37	0.000000e+00	0.000000e+00	5.557123e-38	6.939439e-76	0.000000e+00	2.082379e-28	8.419308e-01	1.882580e-90	8.831079e-09	0.000000e+00	1.882580e-90	1.882580e-90	1.882580e-90	1.554592e-49	9.871548e-75	0.000000e+00	0.000000e+00	1.882580e-90	0.000000e+00	0.000000e+00	0.000000e+00	0.000000e+00	0.000000e+00	0.000000e+00	0.000000e+00	4.753712e-51	9.982386e-81	0.000000e+00	0.000000e+00	0.000000e+00	0.000000e+00	0.000000e+00	0.000000e+00	0.000000e+00	0.000000e+00	0.000000e+00	0.000000e+00	0.000000e+00	0.000000e+00	0.000000e+00	0.000000e+00	0.000000e+00	0.000000e+00	0.000000e+00	0.000000e+00	0.000000e+00	0.000000e+00	0.000000e+00	0.000000e+00	0.000000e+00	0.000000e+00	0.000000e+00	0.000000e+00	0.000000e+00	0.000000e+00	0.000000e+00	0.000000e+00	0.000000e+00	0.000000e+00	0.000000e+00	0.000000e+00	0.000000e+00	0.000000e+00	0.000000e+00	0.000000e+00	0.000000e+00	0.000000e+00	0.000000e+00	0.000000e+00	
1580.448361	1574.700582	1586.196140	218.483604	7.511111e-01	1.882627e-90	0.000000e+00	7.595477e-48	2.005686e-64	0.000000e+00	0.000000e+00	2.788332e-06	1.882627e-90	1.165952e-03	2.368896e-54	6.665538e-90	7.722066e-81	1.882627e-90	1.882627e-90	0.000000e+00	2.288909e-88	1.882627e-90	1.882627e-90	1.882627e-90	8.137855e-34	4.973293e-03	6.011643e-43	0.000000e+00	0.000000e+00	0.000000e+00	1.882627e-90	7.079238e-75	0.000000e+00	1.306368e-43	0.000000e+00	0.000000e+00	0.000000e+00	0.000000e+00	0.000000e+00	0.000000e+00	0.000000e+00	1.040616e-46	1.882627e-90	1.882627e-90	6.792608e-66	8.485028e-40	5.407907e-61	1.868570e-50	2.179780e-89	2.273389e-04	2.327721e-37	0.000000e+00	0.000000e+00	4.615601e-38	3.403910e-76	0.000000e+00	1.910885e-28	8.419282e-01	1.882627e-90	1.005415e-08	0.000000e+00	1.882627e-90	1.882627e-90	1.882627e-90	8.949729e-50	4.621171e-75	0.000000e+00	0.000000e+00	1.882627e-90	0.000000e+00	0.000000e+00	0.000000e+00	0.000000e+00	0.000000e+00	0.000000e+00	0.000000e+00	3.301526e-51	4.942539e-81	0.000000e+00	0.000000e+00	0.000000e+00	0.000000e+00	0.000000e+00	0.000000e+00	0.000000e+00	0.000000e+00	0.000000e+00	0.000000e+00	0.000000e+00	0.000000e+00	0.000000e+00	0.000000e+00	0.000000e+00	0.000000e+00	0.000000e+00	0.000000e+00	0.000000e+00	0.000000e+00	0.000000e+00	0.000000e+00	0.000000e+00	0.000000e+00	0.000000e+00	0.000000e+00	0.000000e+00	0.000000e+00	0.000000e+00	0.000000e+00	0.000000e+00	0.000000e+00	0.000000e+00	0.000000e+00	0.000000e+00	0.000000e+00	0.000000e+00	0.000000e+00	0.000000e+00	0.000000e+00	0.000000e+00	0.000000e+00	
1591.910549	1586.196140	1597.624959	217.053864	6.163995e-01	1.882604e-90	0.000000e+00	4.191832e-48	9.021470e-65	0.000000e+00	0.000000e+00	2.788332e-06	1.882604e-90	1.165936e-03	1.220999e-54	2.653114e-90	3.116071e-81	1.882604e-90	1.882604e-90	0.000000e+00	8.136827e-89	1.882604e-90	1.882604e-90	1.882604e-90	6.236969e-34	4.973859e-03	3.869100e-43	0.000000e+00	0.000000e+00	0.000000e+00	1.882604e-90	3.126126e-75	0.000000e+00	8.332281e-44	0.000000e+00	0.000000e+00	0.000000e+00	0.000000e+00	0.000000e+00	0.000000e+00	0.000000e+00	6.797970e-47	1.882604e-90	1.882604e-90	3.188544e-66	6.002903e-40	2.803432e-61	1.187873e-50	8.875371e-90	2.273322e-04	1.536731e-37	0.000000e+00	0.000000e+00	3.636156e-38	1.507981e-76	0.000000e+00	1.678651e-28	8.419295e-01	1.882604e-90	1.117313e-08	0.000000e+00	1.882604e-90	1.882604e-90	1.882604e-90	4.852771e-50	1.963311e-75	0.000000e+00	0.000000e+00	1.882604e-90	0.000000e+00	0.000000e+00	0.000000e+00	0.000000e+00	0.000000e+00	0.000000e+00	0.000000e+00	2.139194e-51	2.295582e-81	0.000000e+00	0.000000e+00	0.000000e+00	0.000000e+00	0.000000e+00	0.000000e+00	0.000000e+00	0.000000e+00	0.000000e+00	0.000000e+00	0.000000e+00	0.000000e+00	0.000000e+00	0.000000e+00	0.000000e+00	0.000000e+00	0.000000e+00	0.000000e+00	0.000000e+00	0.000000e+00	0.000000e+00	0.000000e+00	0.000000e+00	0.000000e+00	0.000000e+00	0.000000e+00	0.000000e+00	0.000000e+00	0.000000e+00	0.000000e+00	0.000000e+00	0.000000e+00	0.000000e+00	0.000000e+00	0.000000e+00	0.000000e+00	0.000000e+00	0.000000e+00	0.000000e+00	0.000000e+00	0.000000e+00	0.000000e+00	
1603.300947	1597.624959	1608.976936	215.744066	5.058484e-01	1.882616e-90	0.000000e+00	2.060461e-48	3.492688e-65	0.000000e+00	0.000000e+00	2.788332e-06	1.882616e-90	1.165993e-03	5.541538e-55	1.882616e-90	1.028767e-81	1.882616e-90	1.882616e-90	0.000000e+00	2.355338e-89	1.882616e-90	1.882616e-90	1.882616e-90	4.281302e-34	4.973173e-03	2.238455e-43	0.000000e+00	0.000000e+00	0.000000e+00	1.882616e-90	1.127314e-75	0.000000e+00	4.768992e-44	0.000000e+00	0.000000e+00	0.000000e+00	0.000000e+00	0.000000e+00	0.000000e+00	0.000000e+00	3.873089e-47	1.882616e-90	1.882616e-90	1.276387e-66	3.879447e-40	1.260243e-61	6.778034e-51	3.011844e-90	2.273368e-04	9.311076e-38	0.000000e+00	0.000000e+00	2.578245e-38	5.459100e-77	0.000000e+00	1.351592e-28	8.419289e-01	1.882616e-90	1.183916e-08	0.000000e+00	1.882616e-90	1.882616e-90	1.882616e-90	2.336086e-50	6.881033e-76	0.000000e+00	0.000000e+00	1.882616e-90	0.000000e+00	0.000000e+00	0.000000e+00	0.000000e+00	0.000000e+00	0.000000e+00	0.000000e+00	1.207537e-51	9.392941e-82	0.000000e+00	0.000000e+00	0.000000e+00	0.000000e+00	0.000000e+00	0.000000e+00	0.000000e+00	0.000000e+00	0.000000e+00	0.000000e+00	0.000000e+00	0.000000e+00	0.000000e+00	0.000000e+00	0.000000e+00	0.000000e+00	0.000000e+00	0.000000e+00	0.000000e+00	0.000000e+00	0.000000e+00	0.000000e+00	0.000000e+00	0.000000e+00	0.000000e+00	0.000000e+00	0.000000e+00	0.000000e+00	0.000000e+00	0.000000e+00	0.000000e+00	0.000000e+00	0.000000e+00	0.000000e+00	0.000000e+00	0.000000e+00	0.000000e+00	0.000000e+00	0.000000e+00	0.000000e+00	0.000000e+00	0.000000e+00	
1614.615242	1608.976936	1620.253549	213.923380	4.151246e-01	1.882619e-90	0.000000e+00	1.016909e-48	1.359259e-65	0.000000e+00	0.000000e+00	2.788332e-06	1.882619e-90	1.165937e-03	2.525769e-55	1.882619e-90	3.421222e-82	1.882619e-90	1.882619e-90	0.000000e+00	6.868064e-90	1.882619e-90	1.882619e-90	1.882619e-90	2.952705e-34	4.973969e-03	1.300701e-43	0.000000e+00	0.000000e+00	0.000000e+00	1.882619e-90	4.098749e-76	0.000000e+00	2.742564e-44	0.000000e+00	0.000000e+00	0.000000e+00	0.000000e+00	0.000000e+00	0.000000e+00	0.000000e+00	2.219014e-47	1.882619e-90	1.882619e-90	5.138134e-67	2.515758e-40	5.694610e-62	3.884536e-51	1.882619e-90	2.273451e-04	5.658651e-38	0.000000e+00	0.000000e+00	1.836961e-38	1.991552e-77	0.000000e+00	1.092816e-28	8.419280e-01	1.882619e-90	1.257236e-08	0.000000e+00	1.882619e-90	1.882619e-90	1.882619e-90	1.129600e-50	2.429493e-76	0.000000e+00	0.000000e+00	1.882619e-90	0.000000e+00	0.000000e+00	0.000000e+00	0.000000e+00	0.000000e+00	0.000000e+00	0.000000e+00	6.856664e-52	3.865723e-82	0.000000e+00	0.000000e+00	0.000000e+00	0.000000e+00	0.000000e+00	0.000000e+00	0.000000e+00	0.000000e+00	0.000000e+00	0.000000e+00	0.000000e+00	0.000000e+00	0.000000e+00	0.000000e+00	0.000000e+00	0.000000e+00	0.000000e+00	0.000000e+00	0.000000e+00	0.000000e+00	0.000000e+00	0.000000e+00	0.000000e+00	0.000000e+00	0.000000e+00	0.000000e+00	0.000000e+00	0.000000e+00	0.000000e+00	0.000000e+00	0.000000e+00	0.000000e+00	0.000000e+00	0.000000e+00	0.000000e+00	0.000000e+00	0.000000e+00	0.000000e+00	0.000000e+00	0.000000e+00	0.000000e+00	0.000000e+00	
1625.856542	1620.253549	1631.459536	212.670153	3.406721e-01	1.882643e-90	0.000000e+00	5.225059e-49	5.573220e-66	0.000000e+00	0.000000e+00	2.788332e-06	1.882643e-90	1.165907e-03	1.203230e-55	1.882643e-90	1.220631e-82	1.882643e-90	1.882643e-90	0.000000e+00	2.151886e-90	1.882643e-90	1.882643e-90	1.882643e-90	2.116881e-34	4.973697e-03	7.844600e-44	0.000000e+00	0.000000e+00	0.000000e+00	1.882643e-90	1.599128e-76	0.000000e+00	1.637517e-44	0.000000e+00	0.000000e+00	0.000000e+00	0.000000e+00	0.000000e+00	0.000000e+00	0.000000e+00	1.333910e-47	1.882643e-90	1.882643e-90	2.186344e-67	1.684213e-40	2.704814e-62	2.313448e-51	1.882643e-90	2.273592e-04	3.543314e-38	0.000000e+00	0.000000e+00	1.358691e-38	7.795265e-78	0.000000e+00	9.115121e-29	8.419257e-01	1.882643e-90	1.358661e-08	0.000000e+00	1.882643e-90	1.882643e-90	1.882643e-90	5.691310e-51	9.173181e-77	0.000000e+00	0.000000e+00	1.882643e-90	0.000000e+00	0.000000e+00	0.000000e+00	0.000000e+00	0.000000e+00	0.000000e+00	0.000000e+00	4.088055e-52	1.665651e-82	0.000000e+00	0.000000e+00	0.000000e+00	0.000000e+00	0.000000e+00	0.000000e+00	0.000000e+00	0.000000e+00	0.000000e+00	0.000000e+00	0.000000e+00	0.000000e+00	0.000000e+00	0.000000e+00	0.000000e+00	0.000000e+00	0.000000e+00	0.000000e+00	0.000000e+00	0.000000e+00	0.000000e+00	0.000000e+00	0.000000e+00	0.000000e+00	0.000000e+00	0.000000e+00	0.000000e+00	0.000000e+00	0.000000e+00	0.000000e+00	0.000000e+00	0.000000e+00	0.000000e+00	0.000000e+00	0.000000e+00	0.000000e+00	0.000000e+00	0.000000e+00	0.000000e+00	0.000000e+00	0.000000e+00	0.000000e+00	
1637.032797	1631.459536	1642.606059	212.221453	2.795726e-01	1.882603e-90	0.000000e+00	3.015568e-49	2.655981e-66	0.000000e+00	0.000000e+00	2.788332e-06	1.882603e-90	1.165955e-03	6.512709e-56	1.882603e-90	5.329166e-83	1.882603e-90	1.882603e-90	0.000000e+00	1.882603e-90	1.882603e-90	1.882603e-90	1.882603e-90	1.695704e-34	4.973520e-03	5.265577e-44	0.000000e+00	0.000000e+00	0.000000e+00	1.882603e-90	7.646889e-77	0.000000e+00	1.089970e-44	0.000000e+00	0.000000e+00	0.000000e+00	0.000000e+00	0.000000e+00	0.000000e+00	0.000000e+00	9.203900e-48	1.882603e-90	1.882603e-90	1.091529e-67	1.234949e-40	1.482404e-62	1.536360e-51	1.882603e-90	2.273541e-04	2.418180e-38	0.000000e+00	0.000000e+00	1.117651e-38	3.737003e-78	0.000000e+00	8.302611e-29	8.419291e-01	1.882603e-90	1.541803e-08	0.000000e+00	1.882603e-90	1.882603e-90	1.882603e-90	3.230495e-51	4.201805e-77	0.000000e+00	0.000000e+00	1.882603e-90	0.000000e+00	0.000000e+00	0.000000e+00	0.000000e+00	0.000000e+00	0.000000e+00	0.000000e+00	2.801481e-52	8.160741e-83	0.000000e+00	0.000000e+00	0.000000e+00	0.000000e+00	0.000000e+00	0.000000e+00	0.000000e+00	0.000000e+00	0.000000e+00	0.000000e+00	0.000000e+00	0.000000e+00	0.000000e+00	0.000000e+00	0.000000e+00	0.000000e+00	0.000000e+00	0.000000e+00	0.000000e+00	0.000000e+00	0.000000e+00	0.000000e+00	0.000000e+00	0.000000e+00	0.000000e+00	0.000000e+00	0.000000e+00	0.000000e+00	0.000000e+00	0.000000e+00	0.000000e+00	0.000000e+00	0.000000e+00	0.000000e+00	0.000000e+00	0.000000e+00	0.000000e+00	0.000000e+00	0.000000e+00	0.000000e+00	0.000000e+00	0.000000e+00	
1648.154746	1642.606059	1653.703434	211.114678	2.294313e-01	1.882589e-90	0.000000e+00	1.932259e-49	1.449193e-66	0.000000e+00	0.000000e+00	2.788332e-06	1.882589e-90	1.165854e-03	3.953791e-56	1.882589e-90	2.789476e-83	1.882589e-90	1.882589e-90	0.000000e+00	1.882589e-90	1.882589e-90	1.882589e-90	1.882589e-90	1.500810e-34	4.973588e-03	3.891664e-44	0.000000e+00	0.000000e+00	0.000000e+00	1.882589e-90	4.391338e-77	0.000000e+00	8.000472e-45	0.000000e+00	0.000000e+00	0.000000e+00	0.000000e+00	0.000000e+00	0.000000e+00	0.000000e+00	7.187636e-48	1.882589e-90	1.882589e-90	6.292412e-68	9.827854e-41	9.241048e-63	1.125254e-51	1.882589e-90	2.273327e-04	1.783257e-38	0.000000e+00	0.000000e+00	1.011532e-38	2.150072e-78	0.000000e+00	8.184889e-29	8.419311e-01	1.882589e-90	1.827349e-08	0.000000e+00	1.882589e-90	1.882589e-90	1.882589e-90	2.041412e-51	2.290089e-77	0.000000e+00	0.000000e+00	1.882589e-90	0.000000e+00	0.000000e+00	0.000000e+00	0.000000e+00	0.000000e+00	0.000000e+00	0.000000e+00	2.175342e-52	4.486873e-83	0.000000e+00	0.000000e+00	0.000000e+00	0.000000e+00	0.000000e+00	0.000000e+00	0.000000e+00	0.000000e+00	0.000000e+00	0.000000e+00	0.000000e+00	0.000000e+00	0.000000e+00	0.000000e+00	0.000000e+00	0.000000e+00	0.000000e+00	0.000000e+00	0.000000e+00	0.000000e+00	0.000000e+00	0.000000e+00	0.000000e+00	0.000000e+00	0.000000e+00	0.000000e+00	0.000000e+00	0.000000e+00	0.000000e+00	0.000000e+00	0.000000e+00	0.000000e+00	0.000000e+00	0.000000e+00	0.000000e+00	0.000000e+00	0.000000e+00	0.000000e+00	0.000000e+00	0.000000e+00	0.000000e+00	0.000000e+00	
1659.227691	1653.703434	1664.751949	210.112657	1.882829e-01	1.882505e-90	0.000000e+00	1.237905e-49	7.906044e-67	0.000000e+00	0.000000e+00	2.788332e-06	1.882505e-90	1.165805e-03	2.399844e-56	1.882505e-90	1.460063e-83	1.882505e-90	1.882505e-90	0.000000e+00	1.882505e-90	1.882505e-90	1.882505e-90	1.882505e-90	1.328532e-34	4.973727e-03	2.876464e-44	0.000000e+00	0.000000e+00	0.000000e+00	1.882505e-90	2.521669e-77	0.000000e+00	5.872589e-45	0.000000e+00	0.000000e+00	0.000000e+00	0.000000e+00	0.000000e+00	0.000000e+00	0.000000e+00	5.613636e-48	1.882505e-90	1.882505e-90	3.626808e-68	7.821789e-41	5.760724e-63	8.244148e-52	1.882505e-90	2.273263e-04	1.314956e-38	0.000000e+00	0.000000e+00	9.158104e-39	1.236922e-78	0.000000e+00	8.072098e-29	8.419377e-01	1.882505e-90	2.166450e-08	0.000000e+00	1.882505e-90	1.882505e-90	1.882505e-90	1.289800e-51	1.248094e-77	0.000000e+00	0.000000e+00	1.882505e-90	0.000000e+00	0.000000e+00	0.000000e+00	0.000000e+00	0.000000e+00	0.000000e+00	0.000000e+00	1.689661e-52	2.468921e-83	0.000000e+00	0.000000e+00	0.000000e+00	0.000000e+00	0.000000e+00	0.000000e+00	0.000000e+00	0.000000e+00	0.000000e+00	0.000000e+00	0.000000e+00	0.000000e+00	0.000000e+00	0.000000e+00	0.000000e+00	0.000000e+00	0.000000e+00	0.000000e+00	0.000000e+00	0.000000e+00	0.000000e+00	0.000000e+00	0.000000e+00	0.000000e+00	0.000000e+00	0.000000e+00	0.000000e+00	0.000000e+00	0.000000e+00	0.000000e+00	0.000000e+00	0.000000e+00	0.000000e+00	0.000000e+00	0.000000e+00	0.000000e+00	0.000000e+00	0.000000e+00	0.000000e+00	0.000000e+00	0.000000e+00	0.000000e+00	
1670.251436	1664.751949	1675.750923	209.094270	1.545144e-01	1.882629e-90	0.000000e+00	7.834308e-50	4.245773e-67	0.000000e+00	0.000000e+00	2.788332e-06	1.882629e-90	1.165902e-03	1.437346e-56	1.882629e-90	7.485275e-84	1.882629e-90	1.882629e-90	0.000000e+00	1.882629e-90	1.882629e-90	1.882629e-90	1.882629e-90	1.162838e-34	4.973368e-03	2.102778e-44	0.000000e+00	0.000000e+00	0.000000e+00	1.882629e-90	1.417671e-77	0.000000e+00	4.262017e-45	0.000000e+00	0.000000e+00	0.000000e+00	0.000000e+00	0.000000e+00	0.000000e+00	0.000000e+00	4.323215e-48	1.882629e-90	1.882629e-90	2.055930e-68	6.168638e-41	3.538772e-63	5.975389e-52	1.882629e-90	2.273513e-04	9.610393e-39	0.000000e+00	0.000000e+00	8.204942e-39	6.967968e-79	0.000000e+00	7.892604e-29	8.419276e-01	1.882629e-90	2.557238e-08	0.000000e+00	1.882629e-90	1.882629e-90	1.882629e-90	8.047064e-52	6.666938e-78	0.000000e+00	0.000000e+00	1.882629e-90	0.000000e+00	0.000000e+00	0.000000e+00	0.000000e+00	0.000000e+00	0.000000e+00	0.000000e+00	1.294273e-52	1.342041e-83	0.000000e+00	0.000000e+00	0.000000e+00	0.000000e+00	0.000000e+00	0.000000e+00	0.000000e+00	0.000000e+00	0.000000e+00	0.000000e+00	0.000000e+00	0.000000e+00	0.000000e+00	0.000000e+00	0.000000e+00	0.000000e+00	0.000000e+00	0.000000e+00	0.000000e+00	0.000000e+00	0.000000e+00	0.000000e+00	0.000000e+00	0.000000e+00	0.000000e+00	0.000000e+00	0.000000e+00	0.000000e+00	0.000000e+00	0.000000e+00	0.000000e+00	0.000000e+00	0.000000e+00	0.000000e+00	0.000000e+00	0.000000e+00	0.000000e+00	0.000000e+00	0.000000e+00	0.000000e+00	0.000000e+00	0.000000e+00	
1681.221327	1675.750923	1686.691730	208.016025	1.268022e-01	1.882622e-90	0.000000e+00	4.467902e-50	1.992130e-67	0.000000e+00	0.000000e+00	2.788332e-06	1.882622e-90	1.165931e-03	7.676913e-57	1.882622e-90	3.203496e-84	1.882622e-90	1.882622e-90	0.000000e+00	1.882622e-90	1.882622e-90	1.882622e-90	1.882622e-90	9.221917e-35	4.973482e-03	1.397203e-44	0.000000e+00	0.000000e+00	0.000000e+00	1.882622e-90	6.648892e-78	0.000000e+00	2.808469e-45	0.000000e+00	0.000000e+00	0.000000e+00	0.000000e+00	0.000000e+00	0.000000e+00	0.000000e+00	2.945550e-48	1.882622e-90	1.882622e-90	1.009717e-68	4.483019e-41	1.911764e-63	3.928933e-52	1.882622e-90	2.273315e-04	6.500689e-39	0.000000e+00	0.000000e+00	6.689062e-39	3.274326e-79	0.000000e+00	7.138580e-29	8.419282e-01	1.882622e-90	2.892309e-08	0.000000e+00	1.882622e-90	1.882622e-90	1.882622e-90	4.512595e-52	2.996439e-78	0.000000e+00	0.000000e+00	1.882622e-90	0.000000e+00	0.000000e+00	0.000000e+00	0.000000e+00	0.000000e+00	0.000000e+00	0.000000e+00	8.762221e-53	6.508176e-84	0.000000e+00	0.000000e+00	0.000000e+00	0.000000e+00	0.000000e+00	0.000000e+00	0.000000e+00	0.000000e+00	0.000000e+00	0.000000e+00	0.000000e+00	0.000000e+00	0.000000e+00	0.000000e+00	0.000000e+00	0.000000e+00	0.000000e+00	0.000000e+00	0.000000e+00	0.000000e+00	0.000000e+00	0.000000e+00	0.000000e+00	0.000000e+00	0.000000e+00	0.000000e+00	0.000000e+00	0.000000e+00	0.000000e+00	0.000000e+00	0.000000e+00	0.000000e+00	0.000000e+00	0.000000e+00	0.000000e+00	0.000000e+00	0.000000e+00	0.000000e+00	0.000000e+00	0.000000e+00	0.000000e+00	0.000000e+00	
1692.129890	1686.691730	1697.568050	206.837808	1.040603e-01	1.882653e-90	0.000000e+00	2.360124e-50	8.464963e-68	0.000000e+00	0.000000e+00	2.788332e-06	1.882653e-90	1.165952e-03	3.768797e-57	1.882653e-90	1.200942e-84	1.882653e-90	1.882653e-90	0.000000e+00	1.882653e-90	1.882653e-90	1.882653e-90	1.882653e-90	6.804798e-35	4.974067e-03	8.657444e-45	0.000000e+00	0.000000e+00	0.000000e+00	1.882653e-90	2.729826e-78	0.000000e+00	1.724131e-45	0.000000e+00	0.000000e+00	0.000000e+00	0.000000e+00	0.000000e+00	0.000000e+00	0.000000e+00	1.834518e-48	1.882653e-90	1.882653e-90	4.463578e-69	3.069894e-41	9.402017e-64	2.407047e-52	1.882653e-90	2.273428e-04	4.154987e-39	0.000000e+00	0.000000e+00	5.092081e-39	1.347093e-79	0.000000e+00	6.102025e-29	8.419244e-01	1.882653e-90	3.171296e-08	0.000000e+00	1.882653e-90	1.882653e-90	1.882653e-90	2.339600e-52	1.186528e-78	0.000000e+00	0.000000e+00	1.882653e-90	0.000000e+00	0.000000e+00	0.000000e+00	0.000000e+00	0.000000e+00	0.000000e+00	0.000000e+00	5.420399e-53	2.907080e-84	0.000000e+00	0.000000e+00	0.000000e+00	0.000000e+00	0.000000e+00	0.000000e+00	0.000000e+00	0.000000e+00	0.000000e+00	0.000000e+00	0.000000e+00	0.000000e+00	0.000000e+00	0.000000e+00	0.000000e+00	0.000000e+00	0.000000e+00	0.000000e+00	0.000000e+00	0.000000e+00	0.000000e+00	0.000000e+00	0.000000e+00	0.000000e+00	0.000000e+00	0.000000e+00	0.000000e+00	0.000000e+00	0.000000e+00	0.000000e+00	0.000000e+00	0.000000e+00	0.000000e+00	0.000000e+00	0.000000e+00	0.000000e+00	0.000000e+00	0.000000e+00	0.000000e+00	0.000000e+00	0.000000e+00	0.000000e+00	
1702.972025	1697.568050	1708.376000	205.552357	8.539710e-02	1.882713e-90	0.000000e+00	1.177406e-50	3.339576e-68	0.000000e+00	0.000000e+00	2.788332e-06	1.882713e-90	1.165977e-03	1.737293e-57	1.882713e-90	4.078051e-85	1.882713e-90	1.882713e-90	0.000000e+00	1.882713e-90	1.882713e-90	1.882713e-90	1.882713e-90	4.757433e-35	4.974088e-03	5.090525e-45	0.000000e+00	0.000000e+00	0.000000e+00	1.882713e-90	1.014655e-78	0.000000e+00	1.003738e-45	0.000000e+00	0.000000e+00	0.000000e+00	0.000000e+00	0.000000e+00	0.000000e+00	0.000000e+00	1.068551e-48	1.882713e-90	1.882713e-90	1.823883e-69	2.010656e-41	4.309655e-64	1.398455e-52	1.882713e-90	2.273517e-04	2.545421e-39	0.000000e+00	0.000000e+00	3.682486e-39	5.017649e-80	0.000000e+00	4.999423e-29	8.419208e-01	1.882713e-90	3.398658e-08	0.000000e+00	1.882713e-90	1.882713e-90	1.882713e-90	1.143770e-52	4.273430e-79	0.000000e+00	0.000000e+00	1.882713e-90	0.000000e+00	0.000000e+00	0.000000e+00	0.000000e+00	0.000000e+00	0.000000e+00	0.000000e+00	3.134715e-53	1.220732e-84	0.000000e+00	0.000000e+00	0.000000e+00	0.000000e+00	0.000000e+00	0.000000e+00	0.000000e+00	0.000000e+00	0.000000e+00	0.000000e+00	0.000000e+00	0.000000e+00	0.000000e+00	0.000000e+00	0.000000e+00	0.000000e+00	0.000000e+00	0.000000e+00	0.000000e+00	0.000000e+00	0.000000e+00	0.000000e+00	0.000000e+00	0.000000e+00	0.000000e+00	0.000000e+00	0.000000e+00	0.000000e+00	0.000000e+00	0.000000e+00	0.000000e+00	0.000000e+00	0.000000e+00	0.000000e+00	0.000000e+00	0.000000e+00	0.000000e+00	0.000000e+00	0.000000e+00	0.000000e+00	0.000000e+00	0.000000e+00	
1713.744663	1708.376000	1719.113326	204.112294	7.008115e-02	1.882702e-90	0.000000e+00	5.668594e-51	1.258264e-68	0.000000e+00	0.000000e+00	2.788332e-06	1.882702e-90	1.165901e-03	7.699849e-58	1.882702e-90	1.302437e-85	1.882702e-90	1.882702e-90	0.000000e+00	1.882702e-90	1.882702e-90	1.882702e-90	1.882702e-90	3.217244e-35	4.973360e-03	2.897871e-45	0.000000e+00	0.000000e+00	0.000000e+00	1.882702e-90	3.545435e-79	0.000000e+00	5.653832e-46	0.000000e+00	0.000000e+00	0.000000e+00	0.000000e+00	0.000000e+00	0.000000e+00	0.000000e+00	5.970601e-49	1.882702e-90	1.882702e-90	7.096535e-70	1.280943e-41	1.891193e-64	7.865181e-53	1.882702e-90	2.273494e-04	1.518716e-39	0.000000e+00	0.000000e+00	2.580441e-39	1.756951e-80	0.000000e+00	3.991758e-29	8.419221e-01	1.882702e-90	3.591319e-08	0.000000e+00	1.882702e-90	1.882702e-90	1.882702e-90	5.390610e-53	1.451335e-79	0.000000e+00	0.000000e+00	1.882702e-90	0.000000e+00	0.000000e+00	0.000000e+00	0.000000e+00	0.000000e+00	0.000000e+00	0.000000e+00	1.739133e-53	4.938901e-85	0.000000e+00	0.000000e+00	0.000000e+00	0.000000e+00	0.000000e+00	0.000000e+00	0.000000e+00	0.000000e+00	0.000000e+00	0.000000e+00	0.000000e+00	0.000000e+00	0.000000e+00	0.000000e+00	0.000000e+00	0.000000e+00	0.000000e+00	0.000000e+00	0.000000e+00	0.000000e+00	0.000000e+00	0.000000e+00	0.000000e+00	0.000000e+00	0.000000e+00	0.000000e+00	0.000000e+00	0.000000e+00	0.000000e+00	0.000000e+00	0.000000e+00	0.000000e+00	0.000000e+00	0.000000e+00	0.000000e+00	0.000000e+00	0.000000e+00	0.000000e+00	0.000000e+00	0.000000e+00	0.000000e+00	0.000000e+00	
1724.446549	1719.113326	1729.779772	202.699400	5.751211e-02	1.882581e-90	0.000000e+00	2.686833e-51	4.645410e-69	0.000000e+00	0.000000e+00	2.788332e-06	1.882581e-90	1.165779e-03	3.354024e-58	1.882581e-90	4.049704e-86	1.882581e-90	1.882581e-90	0.000000e+00	1.882581e-90	1.882581e-90	1.882581e-90	1.882581e-90	2.145389e-35	4.973751e-03	1.627077e-45	0.000000e+00	0.000000e+00	0.000000e+00	1.882581e-90	1.206825e-79	0.000000e+00	3.141481e-46	0.000000e+00	0.000000e+00	0.000000e+00	0.000000e+00	0.000000e+00	0.000000e+00	0.000000e+00	3.278024e-49	1.882581e-90	1.882581e-90	2.702407e-70	8.062878e-42	8.141757e-65	4.361718e-53	1.882581e-90	2.273381e-04	8.956648e-40	0.000000e+00	0.000000e+00	1.784653e-39	5.990215e-81	0.000000e+00	3.153475e-29	8.419304e-01	1.882581e-90	3.773271e-08	0.000000e+00	1.882581e-90	1.882581e-90	1.882581e-90	2.500807e-53	4.805543e-80	0.000000e+00	0.000000e+00	1.882581e-90	0.000000e+00	0.000000e+00	0.000000e+00	0.000000e+00	0.000000e+00	0.000000e+00	0.000000e+00	9.481751e-54	1.966808e-85	0.000000e+00	0.000000e+00	0.000000e+00	0.000000e+00	0.000000e+00	0.000000e+00	0.000000e+00	0.000000e+00	0.000000e+00	0.000000e+00	0.000000e+00	0.000000e+00	0.000000e+00	0.000000e+00	0.000000e+00	0.000000e+00	0.000000e+00	0.000000e+00	0.000000e+00	0.000000e+00	0.000000e+00	0.000000e+00	0.000000e+00	0.000000e+00	0.000000e+00	0.000000e+00	0.000000e+00	0.000000e+00	0.000000e+00	0.000000e+00	0.000000e+00	0.000000e+00	0.000000e+00	0.000000e+00	0.000000e+00	0.000000e+00	0.000000e+00	0.000000e+00	0.000000e+00	0.000000e+00	0.000000e+00	0.000000e+00	
1735.077713	1729.779772	1740.375653	201.363589	4.719732e-02	1.882674e-90	0.000000e+00	1.267176e-51	1.703685e-69	0.000000e+00	0.000000e+00	2.788332e-06	1.882674e-90	1.165816e-03	1.453070e-58	1.882674e-90	1.248859e-86	1.882674e-90	1.882674e-90	0.000000e+00	1.882674e-90	1.882674e-90	1.882674e-90	1.882674e-90	1.424431e-35	4.973448e-03	9.094974e-46	0.000000e+00	0.000000e+00	0.000000e+00	1.882674e-90	4.073926e-80	0.000000e+00	1.737788e-46	0.000000e+00	0.000000e+00	0.000000e+00	0.000000e+00	0.000000e+00	0.000000e+00	0.000000e+00	1.790480e-49	1.882674e-90	1.882674e-90	1.022214e-70	5.058052e-42	3.484286e-65	2.408815e-53	1.882674e-90	2.273524e-04	5.263359e-40	0.000000e+00	0.000000e+00	1.229717e-39	2.025492e-81	0.000000e+00	2.483345e-29	8.419252e-01	1.882674e-90	3.960766e-08	0.000000e+00	1.882674e-90	1.882674e-90	1.882674e-90	1.154120e-53	1.578279e-80	0.000000e+00	0.000000e+00	1.882674e-90	0.000000e+00	0.000000e+00	0.000000e+00	0.000000e+00	0.000000e+00	0.000000e+00	0.000000e+00	5.143527e-54	7.797966e-86	0.000000e+00	0.000000e+00	0.000000e+00	0.000000e+00	0.000000e+00	0.000000e+00	0.000000e+00	0.000000e+00	0.000000e+00	0.000000e+00	0.000000e+00	0.000000e+00	0.000000e+00	0.000000e+00	0.000000e+00	0.000000e+00	0.000000e+00	0.000000e+00	0.000000e+00	0.000000e+00	0.000000e+00	0.000000e+00	0.000000e+00	0.000000e+00	0.000000e+00	0.000000e+00	0.000000e+00	0.000000e+00	0.000000e+00	0.000000e+00	0.000000e+00	0.000000e+00	0.000000e+00	0.000000e+00	0.000000e+00	0.000000e+00	0.000000e+00	0.000000e+00	0.000000e+00	0.000000e+00	0.000000e+00	0.000000e+00	
1745.636921	1740.375653	1750.898188	199.952789	3.873249e-02	1.882693e-90	0.000000e+00	5.703954e-52	5.883718e-70	0.000000e+00	0.000000e+00	2.788332e-06	1.882693e-90	1.165904e-03	5.979924e-59	1.882693e-90	3.555307e-87	1.882693e-90	1.882693e-90	0.000000e+00	1.882693e-90	1.882693e-90	1.882693e-90	1.882693e-90	9.059471e-36	4.973646e-03	4.875463e-46	0.000000e+00	0.000000e+00	0.000000e+00	1.882693e-90	1.269030e-80	0.000000e+00	9.211708e-47	0.000000e+00	0.000000e+00	0.000000e+00	0.000000e+00	0.000000e+00	0.000000e+00	0.000000e+00	9.265719e-50	1.882693e-90	1.882693e-90	3.626065e-71	3.059848e-42	1.408627e-65	1.275520e-53	1.882693e-90	2.273464e-04	2.987605e-40	0.000000e+00	0.000000e+00	8.135152e-40	6.317582e-82	0.000000e+00	1.892292e-29	8.419214e-01	1.882693e-90	4.083018e-08	0.000000e+00	1.882693e-90	1.882693e-90	1.882693e-90	5.078067e-54	4.802068e-81	0.000000e+00	0.000000e+00	1.882693e-90	0.000000e+00	0.000000e+00	0.000000e+00	0.000000e+00	0.000000e+00	0.000000e+00	0.000000e+00	2.644418e-54	2.947668e-86	0.000000e+00	0.000000e+00	0.000000e+00	0.000000e+00	0.000000e+00	0.000000e+00	0.000000e+00	0.000000e+00	0.000000e+00	0.000000e+00	0.000000e+00	0.000000e+00	0.000000e+00	0.000000e+00	0.000000e+00	0.000000e+00	0.000000e+00	0.000000e+00	0.000000e+00	0.000000e+00	0.000000e+00	0.000000e+00	0.000000e+00	0.000000e+00	0.000000e+00	0.000000e+00	0.000000e+00	0.000000e+00	0.000000e+00	0.000000e+00	0.000000e+00	0.000000e+00	0.000000e+00	0.000000e+00	0.000000e+00	0.000000e+00	0.000000e+00	0.000000e+00	0.000000e+00	0.000000e+00	0.000000e+00	0.000000e+00	
1756.122347	1750.898188	1761.346506	198.480353	3.178583e-02	1.882727e-90	0.000000e+00	2.515870e-52	1.978536e-70	0.000000e+00	0.000000e+00	2.788332e-06	1.882727e-90	1.165963e-03	2.406200e-59	1.882727e-90	9.772777e-88	1.882727e-90	1.882727e-90	0.000000e+00	1.882727e-90	1.882727e-90	1.882727e-90	1.882727e-90	5.654888e-36	4.974038e-03	2.565869e-46	0.000000e+00	0.000000e+00	0.000000e+00	1.882727e-90	3.818544e-81	0.000000e+00	4.794475e-47	0.000000e+00	0.000000e+00	0.000000e+00	0.000000e+00	0.000000e+00	0.000000e+00	0.000000e+00	4.685418e-50	1.882727e-90	1.882727e-90	1.250891e-71	1.822635e-42	5.554207e-66	6.629467e-54	1.882727e-90	2.273530e-04	1.670566e-40	0.000000e+00	0.000000e+00	5.288659e-40	1.903006e-82	0.000000e+00	1.421074e-29	8.419188e-01	1.882727e-90	4.177844e-08	0.000000e+00	1.882727e-90	1.882727e-90	1.882727e-90	2.188357e-54	1.412979e-81	0.000000e+00	0.000000e+00	1.882727e-90	0.000000e+00	0.000000e+00	0.000000e+00	0.000000e+00	0.000000e+00	0.000000e+00	0.000000e+00	1.328403e-54	1.090690e-86	0.000000e+00	0.000000e+00	0.000000e+00	0.000000e+00	0.000000e+00	0.000000e+00	0.000000e+00	0.000000e+00	0.000000e+00	0.000000e+00	0.000000e+00	0.000000e+00	0.000000e+00	0.000000e+00	0.000000e+00	0.000000e+00	0.000000e+00	0.000000e+00	0.000000e+00	0.000000e+00	0.000000e+00	0.000000e+00	0.000000e+00	0.000000e+00	0.000000e+00	0.000000e+00	0.000000e+00	0.000000e+00	0.000000e+00	0.000000e+00	0.000000e+00	0.000000e+00	0.000000e+00	0.000000e+00	0.000000e+00	0.000000e+00	0.000000e+00	0.000000e+00	0.000000e+00	0.000000e+00	0.000000e+00	0.000000e+00	
1766.533509	1761.346506	1771.720513	197.014332	2.608505e-02	1.882647e-90	0.000000e+00	1.093256e-52	6.524742e-71	0.000000e+00	0.000000e+00	2.788332e-06	1.882647e-90	1.165910e-03	9.522252e-60	1.882647e-90	2.618392e-88	1.882647e-90	1.882647e-90	0.000000e+00	1.882647e-90	1.882647e-90	1.882647e-90	1.882647e-90	3.481637e-36	4.973267e-03	1.332157e-46	0.000000e+00	0.000000e+00	0.000000e+00	1.882647e-90	1.119826e-81	0.000000e+00	2.461198e-47	0.000000e+00	0.000000e+00	0.000000e+00	0.000000e+00	0.000000e+00	0.000000e+00	0.000000e+00	2.329175e-50	1.882647e-90	1.882647e-90	4.227341e-72	1.073281e-42	2.150245e-66	3.399692e-54	1.882647e-90	2.273450e-04	9.237846e-41	0.000000e+00	0.000000e+00	3.394471e-40	5.586174e-83	0.000000e+00	1.056079e-29	8.419265e-01	1.882647e-90	4.252158e-08	0.000000e+00	1.882647e-90	1.882647e-90	1.882647e-90	9.285288e-55	4.056421e-82	0.000000e+00	0.000000e+00	1.882647e-90	0.000000e+00	0.000000e+00	0.000000e+00	0.000000e+00	0.000000e+00	0.000000e+00	0.000000e+00	6.560990e-55	3.975684e-87	0.000000e+00	0.000000e+00	0.000000e+00	0.000000e+00	0.000000e+00	0.000000e+00	0.000000e+00	0.000000e+00	0.000000e+00	0.000000e+00	0.000000e+00	0.000000e+00	0.000000e+00	0.000000e+00	0.000000e+00	0.000000e+00	0.000000e+00	0.000000e+00	0.000000e+00	0.000000e+00	0.000000e+00	0.000000e+00	0.000000e+00	0.000000e+00	0.000000e+00	0.000000e+00	0.000000e+00	0.000000e+00	0.000000e+00	0.000000e+00	0.000000e+00	0.000000e+00	0.000000e+00	0.000000e+00	0.000000e+00	0.000000e+00	0.000000e+00	0.000000e+00	0.000000e+00	0.000000e+00	0.000000e+00	0.000000e+00	
1776.871044	1771.720513	1782.021575	195.642996	2.140670e-02	1.882675e-90	0.000000e+00	4.760904e-53	2.157858e-71	0.000000e+00	0.000000e+00	2.788332e-06	1.882675e-90	1.165827e-03	3.776733e-60	1.882675e-90	7.045499e-89	1.882675e-90	1.882675e-90	0.000000e+00	1.882675e-90	1.882675e-90	1.882675e-90	1.882675e-90	2.150299e-36	4.973636e-03	6.935513e-47	0.000000e+00	0.000000e+00	0.000000e+00	1.882675e-90	3.300353e-82	0.000000e+00	1.267225e-47	0.000000e+00	0.000000e+00	0.000000e+00	0.000000e+00	0.000000e+00	0.000000e+00	0.000000e+00	1.161979e-50	1.882675e-90	1.882675e-90	1.432979e-72	6.333462e-43	8.349830e-67	1.748738e-54	1.882675e-90	2.273480e-04	5.116785e-41	0.000000e+00	0.000000e+00	2.186221e-40	1.647186e-83	0.000000e+00	7.873248e-30	8.419238e-01	1.882675e-90	4.335471e-08	0.000000e+00	1.882675e-90	1.882675e-90	1.882675e-90	3.949508e-55	1.169646e-82	0.000000e+00	0.000000e+00	1.882675e-90	0.000000e+00	0.000000e+00	0.000000e+00	0.000000e+00	0.000000e+00	0.000000e+00	0.000000e+00	3.253611e-55	1.455887e-87	0.000000e+00	0.000000e+00	0.000000e+00	0.000000e+00	0.000000e+00	0.000000e+00	0.000000e+00	0.000000e+00	0.000000e+00	0.000000e+00	0.000000e+00	0.000000e+00	0.000000e+00	0.000000e+00	0.000000e+00	0.000000e+00	0.000000e+00	0.000000e+00	0.000000e+00	0.000000e+00	0.000000e+00	0.000000e+00	0.000000e+00	0.000000e+00	0.000000e+00	0.000000e+00	0.000000e+00	0.000000e+00	0.000000e+00	0.000000e+00	0.000000e+00	0.000000e+00	0.000000e+00	0.000000e+00	0.000000e+00	0.000000e+00	0.000000e+00	0.000000e+00	0.000000e+00	0.000000e+00	0.000000e+00	0.000000e+00	
1787.137206	1782.021575	1792.252837	194.220177	1.756741e-02	1.882792e-90	0.000000e+00	2.130578e-53	7.394577e-72	0.000000e+00	0.000000e+00	2.788332e-06	1.882792e-90	1.165960e-03	1.543671e-60	1.882792e-90	1.989129e-89	1.882792e-90	1.882792e-90	0.000000e+00	1.882792e-90	1.882792e-90	1.882792e-90	1.882792e-90	1.363974e-36	4.973884e-03	3.704424e-47	0.000000e+00	0.000000e+00	0.000000e+00	1.882792e-90	1.020619e-82	0.000000e+00	6.694821e-48	0.000000e+00	0.000000e+00	0.000000e+00	0.000000e+00	0.000000e+00	0.000000e+00	0.000000e+00	5.991069e-51	1.882792e-90	1.882792e-90	5.043622e-73	3.819333e-43	3.354740e-67	9.237507e-55	1.882792e-90	2.273630e-04	2.892220e-41	0.000000e+00	0.000000e+00	1.444938e-40	5.095331e-84	0.000000e+00	5.998884e-30	8.419132e-01	1.882792e-90	4.475280e-08	0.000000e+00	1.882792e-90	1.882792e-90	1.882792e-90	1.727557e-55	3.530809e-83	0.000000e+00	0.000000e+00	1.882792e-90	0.000000e+00	0.000000e+00	0.000000e+00	0.000000e+00	0.000000e+00	0.000000e+00	0.000000e+00	1.668810e-55	5.505803e-88	0.000000e+00	0.000000e+00	0.000000e+00	0.000000e+00	0.000000e+00	0.000000e+00	0.000000e+00	0.000000e+00	0.000000e+00	0.000000e+00	0.000000e+00	0.000000e+00	0.000000e+00	0.000000e+00	0.000000e+00	0.000000e+00	0.000000e+00	0.000000e+00	0.000000e+00	0.000000e+00	0.000000e+00	0.000000e+00	0.000000e+00	0.000000e+00	0.000000e+00	0.000000e+00	0.000000e+00	0.000000e+00	0.000000e+00	0.000000e+00	0.000000e+00	0.000000e+00	0.000000e+00	0.000000e+00	0.000000e+00	0.000000e+00	0.000000e+00	0.000000e+00	0.000000e+00	0.000000e+00	0.000000e+00	0.000000e+00	
1797.334061	1792.252837	1802.415285	192.614386	1.441670e-02	1.882637e-90	0.000000e+00	9.567768e-54	2.544259e-72	0.000000e+00	0.000000e+00	2.788332e-06	1.882637e-90	1.165850e-03	6.331360e-61	1.882637e-90	5.648231e-90	1.882637e-90	1.882637e-90	0.000000e+00	1.882637e-90	1.882637e-90	1.882637e-90	1.882637e-90	8.681805e-37	4.973878e-03	1.984769e-47	0.000000e+00	0.000000e+00	0.000000e+00	1.882637e-90	3.176815e-83	0.000000e+00	3.549415e-48	0.000000e+00	0.000000e+00	0.000000e+00	0.000000e+00	0.000000e+00	0.000000e+00	0.000000e+00	3.102738e-51	1.882637e-90	1.882637e-90	1.783278e-73	2.309030e-43	1.353021e-67	4.893770e-55	1.882637e-90	2.273323e-04	1.638647e-41	0.000000e+00	0.000000e+00	9.582513e-41	1.585788e-84	0.000000e+00	4.583117e-30	8.419263e-01	1.882637e-90	4.627804e-08	0.000000e+00	1.882637e-90	1.882637e-90	1.882637e-90	7.582949e-56	1.071893e-83	0.000000e+00	0.000000e+00	1.882637e-90	0.000000e+00	0.000000e+00	0.000000e+00	0.000000e+00	0.000000e+00	0.000000e+00	0.000000e+00	8.597438e-56	2.089672e-88	0.000000e+00	0.000000e+00	0.000000e+00	0.000000e+00	0.000000e+00	0.000000e+00	0.000000e+00	0.000000e+00	0.000000e+00	0.000000e+00	0.000000e+00	0.000000e+00	0.000000e+00	0.000000e+00	0.000000e+00	0.000000e+00	0.000000e+00	0.000000e+00	0.000000e+00	0.000000e+00	0.000000e+00	0.000000e+00	0.000000e+00	0.000000e+00	0.000000e+00	0.000000e+00	0.000000e+00	0.000000e+00	0.000000e+00	0.000000e+00	0.000000e+00	0.000000e+00	0.000000e+00	0.000000e+00	0.000000e+00	0.000000e+00	0.000000e+00	0.000000e+00	0.000000e+00	0.000000e+00	0.000000e+00	0.000000e+00	
1807.460775	1802.415285	1812.506266	191.395237	1.183107e-02	1.882790e-90	0.000000e+00	4.088455e-54	8.209976e-73	0.000000e+00	0.000000e+00	2.788332e-06	1.882790e-90	1.165838e-03	2.458663e-61	1.882790e-90	1.882790e-90	1.882790e-90	1.882790e-90	0.000000e+00	1.882790e-90	1.882790e-90	1.882790e-90	1.882790e-90	5.279066e-37	4.973763e-03	1.016970e-47	0.000000e+00	0.000000e+00	0.000000e+00	1.882790e-90	9.078558e-84	0.000000e+00	1.798318e-48	0.000000e+00	0.000000e+00	0.000000e+00	0.000000e+00	0.000000e+00	0.000000e+00	0.000000e+00	1.517617e-51	1.882790e-90	1.882790e-90	5.891127e-74	1.344329e-43	5.138056e-68	2.480036e-55	1.882790e-90	2.273706e-04	8.951518e-42	0.000000e+00	0.000000e+00	6.088950e-41	4.531383e-85	0.000000e+00	3.380936e-30	8.419136e-01	1.882790e-90	4.696656e-08	0.000000e+00	1.882790e-90	1.882790e-90	1.882790e-90	3.163330e-56	2.999615e-84	0.000000e+00	0.000000e+00	1.882790e-90	0.000000e+00	0.000000e+00	0.000000e+00	0.000000e+00	0.000000e+00	0.000000e+00	0.000000e+00	4.184510e-56	7.541179e-89	0.000000e+00	0.000000e+00	0.000000e+00	0.000000e+00	0.000000e+00	0.000000e+00	0.000000e+00	0.000000e+00	0.000000e+00	0.000000e+00	0.000000e+00	0.000000e+00	0.000000e+00	0.000000e+00	0.000000e+00	0.000000e+00	0.000000e+00	0.000000e+00	0.000000e+00	0.000000e+00	0.000000e+00	0.000000e+00	0.000000e+00	0.000000e+00	0.000000e+00	0.000000e+00	0.000000e+00	0.000000e+00	0.000000e+00	0.000000e+00	0.000000e+00	0.000000e+00	0.000000e+00	0.000000e+00	0.000000e+00	0.000000e+00	0.000000e+00	0.000000e+00	0.000000e+00	0.000000e+00	0.000000e+00	0.000000e+00	
1817.510433	1812.506266	1822.514599	190.092586	9.709169e-03	1.882597e-90	0.000000e+00	1.485941e-54	2.147194e-73	0.000000e+00	0.000000e+00	2.788332e-06	1.882597e-90	1.165793e-03	7.987459e-62	1.882597e-90	1.882597e-90	1.882597e-90	1.882597e-90	0.000000e+00	1.882597e-90	1.882597e-90	1.882597e-90	1.882597e-90	2.758376e-37	4.973620e-03	4.496321e-48	0.000000e+00	0.000000e+00	0.000000e+00	1.882597e-90	1.960362e-84	0.000000e+00	7.849265e-49	0.000000e+00	0.000000e+00	0.000000e+00	0.000000e+00	0.000000e+00	0.000000e+00	0.000000e+00	6.147779e-52	1.882597e-90	1.882597e-90	1.557154e-74	6.897996e-44	1.598738e-68	1.082275e-55	1.882597e-90	2.273401e-04	4.335519e-42	0.000000e+00	0.000000e+00	3.350126e-41	9.776802e-86	0.000000e+00	2.215577e-30	8.419299e-01	1.882597e-90	4.471891e-08	0.000000e+00	1.882597e-90	1.882597e-90	1.882597e-90	1.117781e-56	6.423859e-85	0.000000e+00	0.000000e+00	1.882597e-90	0.000000e+00	0.000000e+00	0.000000e+00	0.000000e+00	0.000000e+00	0.000000e+00	0.000000e+00	1.685755e-56	2.289416e-89	0.000000e+00	0.000000e+00	0.000000e+00	0.000000e+00	0.000000e+00	0.000000e+00	0.000000e+00	0.000000e+00	0.000000e+00	0.000000e+00	0.000000e+00	0.000000e+00	0.000000e+00	0.000000e+00	0.000000e+00	0.000000e+00	0.000000e+00	0.000000e+00	0.000000e+00	0.000000e+00	0.000000e+00	0.000000e+00	0.000000e+00	0.000000e+00	0.000000e+00	0.000000e+00	0.000000e+00	0.000000e+00	0.000000e+00	0.000000e+00	0.000000e+00	0.000000e+00	0.000000e+00	0.000000e+00	0.000000e+00	0.000000e+00	0.000000e+00	0.000000e+00	0.000000e+00	0.000000e+00	0.000000e+00	0.000000e+00	
1827.469183	1822.514599	1832.423766	188.151278	7.967831e-03	1.882753e-90	0.000000e+00	4.210809e-55	4.067713e-74	0.000000e+00	0.000000e+00	2.788332e-06	1.882753e-90	1.166000e-03	1.973034e-62	1.882753e-90	1.882753e-90	1.882753e-90	1.882753e-90	0.000000e+00	1.882753e-90	1.882753e-90	1.882753e-90	1.882753e-90	1.142675e-37	4.973971e-03	1.585994e-48	0.000000e+00	0.000000e+00	0.000000e+00	1.882753e-90	2.753281e-85	0.000000e+00	2.725731e-49	0.000000e+00	0.000000e+00	0.000000e+00	0.000000e+00	0.000000e+00	0.000000e+00	0.000000e+00	1.865413e-52	1.882753e-90	1.882753e-90	2.923683e-75	2.919303e-44	3.667219e-69	3.760423e-56	1.882753e-90	2.273510e-04	1.746428e-42	0.000000e+00	0.000000e+00	1.479741e-41	1.371146e-86	0.000000e+00	1.212086e-30	8.419179e-01	1.882753e-90	3.863593e-08	0.000000e+00	1.882753e-90	1.882753e-90	1.882753e-90	3.060763e-57	9.126623e-86	0.000000e+00	0.000000e+00	1.882753e-90	0.000000e+00	0.000000e+00	0.000000e+00	0.000000e+00	0.000000e+00	0.000000e+00	0.000000e+00	5.085025e-57	5.345120e-90	0.000000e+00	0.000000e+00	0.000000e+00	0.000000e+00	0.000000e+00	0.000000e+00	0.000000e+00	0.000000e+00	0.000000e+00	0.000000e+00	0.000000e+00	0.000000e+00	0.000000e+00	0.000000e+00	0.000000e+00	0.000000e+00	0.000000e+00	0.000000e+00	0.000000e+00	0.000000e+00	0.000000e+00	0.000000e+00	0.000000e+00	0.000000e+00	0.000000e+00	0.000000e+00	0.000000e+00	0.000000e+00	0.000000e+00	0.000000e+00	0.000000e+00	0.000000e+00	0.000000e+00	0.000000e+00	0.000000e+00	0.000000e+00	0.000000e+00	0.000000e+00	0.000000e+00	0.000000e+00	0.000000e+00	0.000000e+00	
1837.321798	1832.423766	1842.219830	185.909839	6.538802e-03	1.882665e-90	0.000000e+00	9.548480e-56	5.772069e-75	0.000000e+00	0.000000e+00	2.788332e-06	1.882665e-90	1.165906e-03	3.810738e-63	1.882665e-90	1.882665e-90	1.882665e-90	1.882665e-90	0.000000e+00	1.882665e-90	1.882665e-90	1.882665e-90	1.882665e-90	3.847360e-38	4.973861e-03	4.570837e-49	0.000000e+00	0.000000e+00	0.000000e+00	1.882665e-90	2.631769e-86	0.000000e+00	7.714077e-50	0.000000e+00	0.000000e+00	0.000000e+00	0.000000e+00	0.000000e+00	0.000000e+00	0.000000e+00	4.370703e-53	1.882665e-90	1.882665e-90	4.040007e-76	1.039526e-44	6.401208e-70	1.065906e-56	1.882665e-90	2.273458e-04	5.962998e-43	0.000000e+00	0.000000e+00	5.373058e-42	1.307458e-87	0.000000e+00	5.646892e-31	8.419243e-01	1.882665e-90	3.060472e-08	0.000000e+00	1.882665e-90	1.882665e-90	1.882665e-90	6.668561e-58	8.980815e-87	0.000000e+00	0.000000e+00	1.882665e-90	0.000000e+00	0.000000e+00	0.000000e+00	0.000000e+00	0.000000e+00	0.000000e+00	0.000000e+00	1.184519e-57	1.882665e-90	0.000000e+00	0.000000e+00	0.000000e+00	0.000000e+00	0.000000e+00	0.000000e+00	0.000000e+00	0.000000e+00	0.000000e+00	0.000000e+00	0.000000e+00	0.000000e+00	0.000000e+00	0.000000e+00	0.000000e+00	0.000000e+00	0.000000e+00	0.000000e+00	0.000000e+00	0.000000e+00	0.000000e+00	0.000000e+00	0.000000e+00	0.000000e+00	0.000000e+00	0.000000e+00	0.000000e+00	0.000000e+00	0.000000e+00	0.000000e+00	0.000000e+00	0.000000e+00	0.000000e+00	0.000000e+00	0.000000e+00	0.000000e+00	0.000000e+00	0.000000e+00	0.000000e+00	0.000000e+00	0.000000e+00	0.000000e+00	
1847.055530	1842.219830	1851.891229	183.377700	5.366069e-03	1.882679e-90	0.000000e+00	1.769081e-56	6.301657e-76	0.000000e+00	0.000000e+00	2.788332e-06	1.882679e-90	1.165970e-03	5.889953e-64	1.882679e-90	1.882679e-90	1.882679e-90	1.882679e-90	0.000000e+00	1.882679e-90	1.882679e-90	1.882679e-90	1.882679e-90	1.074473e-38	4.973524e-03	1.097426e-49	0.000000e+00	0.000000e+00	0.000000e+00	1.882679e-90	1.776817e-87	0.000000e+00	1.815103e-50	0.000000e+00	0.000000e+00	0.000000e+00	0.000000e+00	0.000000e+00	0.000000e+00	0.000000e+00	8.113641e-54	1.882679e-90	1.882679e-90	4.228653e-77	3.167364e-45	8.725185e-71	2.514488e-57	1.882679e-90	2.273513e-04	1.752862e-43	0.000000e+00	0.000000e+00	1.636075e-42	8.795147e-89	0.000000e+00	2.277251e-31	8.419239e-01	1.882679e-90	2.245441e-08	0.000000e+00	1.882679e-90	1.882679e-90	1.882679e-90	1.181071e-58	6.338217e-88	0.000000e+00	0.000000e+00	1.882679e-90	0.000000e+00	0.000000e+00	0.000000e+00	0.000000e+00	0.000000e+00	0.000000e+00	0.000000e+00	2.187112e-58	1.882679e-90	0.000000e+00	0.000000e+00	0.000000e+00	0.000000e+00	0.000000e+00	0.000000e+00	0.000000e+00	0.000000e+00	0.000000e+00	0.000000e+00	0.000000e+00	0.000000e+00	0.000000e+00	0.000000e+00	0.000000e+00	0.000000e+00	0.000000e+00	0.000000e+00	0.000000e+00	0.000000e+00	0.000000e+00	0.000000e+00	0.000000e+00	0.000000e+00	0.000000e+00	0.000000e+00	0.000000e+00	0.000000e+00	0.000000e+00	0.000000e+00	0.000000e+00	0.000000e+00	0.000000e+00	0.000000e+00	0.000000e+00	0.000000e+00	0.000000e+00	0.000000e+00	0.000000e+00	0.000000e+00	0.000000e+00	0.000000e+00	
1856.666082	1851.891229	1861.440934	180.814683	4.403666e-03	1.882696e-90	0.000000e+00	3.257526e-57	6.824588e-77	0.000000e+00	0.000000e+00	2.788332e-06	1.882696e-90	1.165933e-03	9.037207e-65	1.882696e-90	1.882696e-90	1.882696e-90	1.882696e-90	0.000000e+00	1.882696e-90	1.882696e-90	1.882696e-90	1.882696e-90	2.992249e-39	4.973361e-03	2.624894e-50	0.000000e+00	0.000000e+00	0.000000e+00	1.882696e-90	1.190269e-88	0.000000e+00	4.255408e-51	0.000000e+00	0.000000e+00	0.000000e+00	0.000000e+00	0.000000e+00	0.000000e+00	0.000000e+00	1.499881e-54	1.882696e-90	1.882696e-90	4.389013e-78	9.614819e-46	1.181394e-71	5.915967e-58	1.882696e-90	2.273429e-04	5.128996e-44	0.000000e+00	0.000000e+00	4.975495e-43	5.863511e-90	0.000000e+00	9.182890e-32	8.419222e-01	1.882696e-90	1.649006e-08	0.000000e+00	1.882696e-90	1.882696e-90	1.882696e-90	2.078861e-59	4.436259e-89	0.000000e+00	0.000000e+00	1.882696e-90	0.000000e+00	0.000000e+00	0.000000e+00	0.000000e+00	0.000000e+00	0.000000e+00	0.000000e+00	4.027179e-59	1.882696e-90	0.000000e+00	0.000000e+00	0.000000e+00	0.000000e+00	0.000000e+00	0.000000e+00	0.000000e+00	0.000000e+00	0.000000e+00	0.000000e+00	0.000000e+00	0.000000e+00	0.000000e+00	0.000000e+00	0.000000e+00	0.000000e+00	0.000000e+00	0.000000e+00	0.000000e+00	0.000000e+00	0.000000e+00	0.000000e+00	0.000000e+00	0.000000e+00	0.000000e+00	0.000000e+00	0.000000e+00	0.000000e+00	0.000000e+00	0.000000e+00	0.000000e+00	0.000000e+00	0.000000e+00	0.000000e+00	0.000000e+00	0.000000e+00	0.000000e+00	0.000000e+00	0.000000e+00	0.000000e+00	0.000000e+00	0.000000e+00	
1866.161666	1861.440934	1870.882397	178.745407	3.613869e-03	1.882623e-90	0.000000e+00	7.064972e-58	9.134173e-78	0.000000e+00	0.000000e+00	2.788332e-06	1.882623e-90	1.165938e-03	1.660030e-65	1.882623e-90	1.882623e-90	1.882623e-90	1.882623e-90	0.000000e+00	1.882623e-90	1.882623e-90	1.882623e-90	1.882623e-90	9.731477e-40	4.973416e-03	7.294707e-51	0.000000e+00	0.000000e+00	0.000000e+00	1.882623e-90	1.060948e-89	0.000000e+00	1.161891e-51	0.000000e+00	0.000000e+00	0.000000e+00	0.000000e+00	0.000000e+00	0.000000e+00	0.000000e+00	3.363142e-55	1.882623e-90	1.882623e-90	5.705881e-79	3.317236e-46	1.956261e-72	1.620821e-58	1.882623e-90	2.273351e-04	1.694415e-44	0.000000e+00	0.000000e+00	1.754898e-43	1.882623e-90	0.000000e+00	4.184561e-32	8.419283e-01	1.882623e-90	1.295486e-08	0.000000e+00	1.882623e-90	1.882623e-90	1.882623e-90	4.328009e-60	4.073231e-90	0.000000e+00	0.000000e+00	1.882623e-90	0.000000e+00	0.000000e+00	0.000000e+00	0.000000e+00	0.000000e+00	0.000000e+00	0.000000e+00	9.006132e-60	1.882623e-90	0.000000e+00	0.000000e+00	0.000000e+00	0.000000e+00	0.000000e+00	0.000000e+00	0.000000e+00	0.000000e+00	0.000000e+00	0.000000e+00	0.000000e+00	0.000000e+00	0.000000e+00	0.000000e+00	0.000000e+00	0.000000e+00	0.000000e+00	0.000000e+00	0.000000e+00	0.000000e+00	0.000000e+00	0.000000e+00	0.000000e+00	0.000000e+00	0.000000e+00	0.000000e+00	0.000000e+00	0.000000e+00	0.000000e+00	0.000000e+00	0.000000e+00	0.000000e+00	0.000000e+00	0.000000e+00	0.000000e+00	0.000000e+00	0.000000e+00	0.000000e+00	0.000000e+00	0.000000e+00	0.000000e+00	0.000000e+00	
1875.564142	1870.882397	1880.245888	176.346436	2.965723e-03	1.882637e-90	0.000000e+00	2.357473e-58	2.137515e-78	0.000000e+00	0.000000e+00	2.788332e-06	1.882637e-90	1.165951e-03	4.901326e-66	1.882637e-90	1.882637e-90	1.882637e-90	1.882637e-90	0.000000e+00	1.882637e-90	1.882637e-90	1.882637e-90	1.882637e-90	4.739425e-40	4.973732e-03	3.001655e-51	0.000000e+00	0.000000e+00	0.000000e+00	1.882637e-90	1.994790e-90	0.000000e+00	4.719529e-52	0.000000e+00	0.000000e+00	0.000000e+00	0.000000e+00	0.000000e+00	0.000000e+00	0.000000e+00	1.246079e-55	1.882637e-90	1.882637e-90	1.341712e-79	1.599669e-46	5.498712e-73	6.605115e-59	1.882637e-90	2.273409e-04	7.704771e-45	0.000000e+00	0.000000e+00	9.078937e-44	1.882637e-90	0.000000e+00	2.613910e-32	8.419269e-01	1.882637e-90	1.206923e-08	0.000000e+00	1.882637e-90	1.882637e-90	1.882637e-90	1.401556e-60	1.882637e-90	0.000000e+00	0.000000e+00	1.882637e-90	0.000000e+00	0.000000e+00	0.000000e+00	0.000000e+00	0.000000e+00	0.000000e+00	0.000000e+00	3.333308e-60	1.882637e-90	0.000000e+00	0.000000e+00	0.000000e+00	0.000000e+00	0.000000e+00	0.000000e+00	0.000000e+00	0.000000e+00	0.000000e+00	0.000000e+00	0.000000e+00	0.000000e+00	0.000000e+00	0.000000e+00	0.000000e+00	0.000000e+00	0.000000e+00	0.000000e+00	0.000000e+00	0.000000e+00	0.000000e+00	0.000000e+00	0.000000e+00	0.000000e+00	0.000000e+00	0.000000e+00	0.000000e+00	0.000000e+00	0.000000e+00	0.000000e+00	0.000000e+00	0.000000e+00	0.000000e+00	0.000000e+00	0.000000e+00	0.000000e+00	0.000000e+00	0.000000e+00	0.000000e+00	0.000000e+00	0.000000e+00	0.000000e+00	
1884.907932	1880.245888	1889.569976	175.306473	2.433821e-03	1.882631e-90	0.000000e+00	1.415676e-58	1.071411e-78	0.000000e+00	0.000000e+00	2.788332e-06	1.882631e-90	1.165794e-03	2.764992e-66	1.882631e-90	1.882631e-90	1.882631e-90	1.882631e-90	0.000000e+00	1.882631e-90	1.882631e-90	1.882631e-90	1.882631e-90	3.991576e-40	4.973274e-03	2.105226e-51	0.000000e+00	0.000000e+00	0.000000e+00	1.882631e-90	1.882631e-90	0.000000e+00	3.288396e-52	0.000000e+00	0.000000e+00	0.000000e+00	0.000000e+00	0.000000e+00	0.000000e+00	0.000000e+00	9.131329e-56	1.882631e-90	1.882631e-90	7.078013e-80	1.216427e-46	3.176608e-73	4.610827e-59	1.882631e-90	2.273441e-04	5.415914e-45	0.000000e+00	0.000000e+00	7.886844e-44	1.882631e-90	0.000000e+00	2.499066e-32	8.419286e-01	1.882631e-90	1.414084e-08	0.000000e+00	1.882631e-90	1.882631e-90	1.882631e-90	8.288103e-61	1.882631e-90	0.000000e+00	0.000000e+00	1.882631e-90	0.000000e+00	0.000000e+00	0.000000e+00	0.000000e+00	0.000000e+00	0.000000e+00	0.000000e+00	2.441679e-60	1.882631e-90	0.000000e+00	0.000000e+00	0.000000e+00	0.000000e+00	0.000000e+00	0.000000e+00	0.000000e+00	0.000000e+00	0.000000e+00	0.000000e+00	0.000000e+00	0.000000e+00	0.000000e+00	0.000000e+00	0.000000e+00	0.000000e+00	0.000000e+00	0.000000e+00	0.000000e+00	0.000000e+00	0.000000e+00	0.000000e+00	0.000000e+00	0.000000e+00	0.000000e+00	0.000000e+00	0.000000e+00	0.000000e+00	0.000000e+00	0.000000e+00	0.000000e+00	0.000000e+00	0.000000e+00	0.000000e+00	0.000000e+00	0.000000e+00	0.000000e+00	0.000000e+00	0.000000e+00	0.000000e+00	0.000000e+00	0.000000e+00	
1894.231141	1889.569976	1898.892307	176.226472	1.997316e-03	1.882684e-90	0.000000e+00	1.517959e-58	1.139089e-78	0.000000e+00	0.000000e+00	2.788332e-06	1.882684e-90	1.165924e-03	2.956294e-66	1.882684e-90	1.882684e-90	1.882684e-90	1.882684e-90	0.000000e+00	1.882684e-90	1.882684e-90	1.882684e-90	1.882684e-90	5.770095e-40	4.973785e-03	2.499149e-51	0.000000e+00	0.000000e+00	0.000000e+00	1.882684e-90	1.882684e-90	0.000000e+00	3.902460e-52	0.000000e+00	0.000000e+00	0.000000e+00	0.000000e+00	0.000000e+00	0.000000e+00	0.000000e+00	1.311260e-55	1.882684e-90	1.882684e-90	8.287063e-80	1.449320e-46	3.735854e-73	5.472486e-59	1.882684e-90	2.273455e-04	5.851118e-45	0.000000e+00	0.000000e+00	1.141802e-43	1.882684e-90	0.000000e+00	3.634961e-32	8.419237e-01	1.882684e-90	2.076666e-08	0.000000e+00	1.882684e-90	1.882684e-90	1.882684e-90	8.881413e-61	1.882684e-90	0.000000e+00	0.000000e+00	1.882684e-90	0.000000e+00	0.000000e+00	0.000000e+00	0.000000e+00	0.000000e+00	0.000000e+00	0.000000e+00	3.506623e-60	1.882684e-90	0.000000e+00	0.000000e+00	0.000000e+00	0.000000e+00	0.000000e+00	0.000000e+00	0.000000e+00	0.000000e+00	0.000000e+00	0.000000e+00	0.000000e+00	0.000000e+00	0.000000e+00	0.000000e+00	0.000000e+00	0.000000e+00	0.000000e+00	0.000000e+00	0.000000e+00	0.000000e+00	0.000000e+00	0.000000e+00	0.000000e+00	0.000000e+00	0.000000e+00	0.000000e+00	0.000000e+00	0.000000e+00	0.000000e+00	0.000000e+00	0.000000e+00	0.000000e+00	0.000000e+00	0.000000e+00	0.000000e+00	0.000000e+00	0.000000e+00	0.000000e+00	0.000000e+00	0.000000e+00	0.000000e+00	0.000000e+00	
1903.580496	1898.892307	1908.268686	177.255870	1.639098e-03	1.882739e-90	0.000000e+00	3.877652e-58	3.732352e-78	0.000000e+00	0.000000e+00	2.788332e-06	1.882739e-90	1.165861e-03	8.229023e-66	1.882739e-90	1.882739e-90	1.882739e-90	1.882739e-90	0.000000e+00	1.882739e-90	1.882739e-90	1.882739e-90	1.882739e-90	1.871250e-39	4.973138e-03	6.518249e-51	0.000000e+00	0.000000e+00	0.000000e+00	1.882739e-90	9.241060e-90	0.000000e+00	1.026899e-51	0.000000e+00	0.000000e+00	0.000000e+00	0.000000e+00	0.000000e+00	0.000000e+00	0.000000e+00	5.150478e-55	1.882739e-90	1.882739e-90	3.201445e-79	3.382871e-46	1.273344e-72	1.436989e-58	1.882739e-90	2.273533e-04	1.203129e-44	0.000000e+00	0.000000e+00	3.548469e-43	1.882739e-90	0.000000e+00	9.897864e-32	8.419193e-01	1.882739e-90	4.272255e-08	0.000000e+00	1.882739e-90	1.882739e-90	1.882739e-90	2.316736e-60	2.584283e-90	0.000000e+00	0.000000e+00	1.882739e-90	0.000000e+00	0.000000e+00	0.000000e+00	0.000000e+00	0.000000e+00	0.000000e+00	0.000000e+00	1.378084e-59	1.882739e-90	0.000000e+00	0.000000e+00	0.000000e+00	0.000000e+00	0.000000e+00	0.000000e+00	0.000000e+00	0.000000e+00	0.000000e+00	0.000000e+00	0.000000e+00	0.000000e+00	0.000000e+00	0.000000e+00	0.000000e+00	0.000000e+00	0.000000e+00	0.000000e+00	0.000000e+00	0.000000e+00	0.000000e+00	0.000000e+00	0.000000e+00	0.000000e+00	0.000000e+00	0.000000e+00	0.000000e+00	0.000000e+00	0.000000e+00	0.000000e+00	0.000000e+00	0.000000e+00	0.000000e+00	0.000000e+00	0.000000e+00	0.000000e+00	0.000000e+00	0.000000e+00	0.000000e+00	0.000000e+00	0.000000e+00	0.000000e+00	
1912.952800	1908.268686	1917.636913	174.364694	1.345126e-03	1.882675e-90	0.000000e+00	3.780356e-58	3.507084e-78	0.000000e+00	0.000000e+00	2.788332e-06	1.882675e-90	1.165864e-03	7.921150e-66	1.882675e-90	1.882675e-90	1.882675e-90	1.882675e-90	0.000000e+00	1.882675e-90	1.882675e-90	1.882675e-90	1.882675e-90	2.474893e-39	4.973113e-03	7.096099e-51	0.000000e+00	0.000000e+00	0.000000e+00	1.882675e-90	1.107156e-89	0.000000e+00	1.116409e-51	0.000000e+00	0.000000e+00	0.000000e+00	0.000000e+00	0.000000e+00	0.000000e+00	0.000000e+00	6.621193e-55	1.882675e-90	1.882675e-90	3.288576e-79	3.744273e-46	1.332495e-72	1.562950e-58	1.882675e-90	2.273652e-04	1.211305e-44	0.000000e+00	0.000000e+00	4.723023e-43	1.882675e-90	0.000000e+00	1.343404e-31	8.419240e-01	1.882675e-90	6.044244e-08	0.000000e+00	1.882675e-90	1.882675e-90	1.882675e-90	2.251552e-60	2.832370e-90	0.000000e+00	0.000000e+00	1.882675e-90	0.000000e+00	0.000000e+00	0.000000e+00	0.000000e+00	0.000000e+00	0.000000e+00	0.000000e+00	1.771458e-59	1.882675e-90	0.000000e+00	0.000000e+00	0.000000e+00	0.000000e+00	0.000000e+00	0.000000e+00	0.000000e+00	0.000000e+00	0.000000e+00	0.000000e+00	0.000000e+00	0.000000e+00	0.000000e+00	0.000000e+00	0.000000e+00	0.000000e+00	0.000000e+00	0.000000e+00	0.000000e+00	0.000000e+00	0.000000e+00	0.000000e+00	0.000000e+00	0.000000e+00	0.000000e+00	0.000000e+00	0.000000e+00	0.000000e+00	0.000000e+00	0.000000e+00	0.000000e+00	0.000000e+00	0.000000e+00	0.000000e+00	0.000000e+00	0.000000e+00	0.000000e+00	0.000000e+00	0.000000e+00	0.000000e+00	0.000000e+00	0.000000e+00	
1922.295024	1917.636913	1926.953134	171.671641	1.103878e-03	1.882718e-90	0.000000e+00	1.854735e-58	1.352818e-78	0.000000e+00	0.000000e+00	2.788332e-06	1.882718e-90	1.165831e-03	3.576517e-66	1.882718e-90	1.882718e-90	1.882718e-90	1.882718e-90	0.000000e+00	1.882718e-90	1.882718e-90	1.882718e-90	1.882718e-90	1.727589e-39	4.973872e-03	4.144950e-51	0.000000e+00	0.000000e+00	0.000000e+00	1.882718e-90	4.054815e-90	0.000000e+00	6.465240e-52	0.000000e+00	0.000000e+00	0.000000e+00	0.000000e+00	0.000000e+00	0.000000e+00	0.000000e+00	3.840044e-55	1.882718e-90	1.882718e-90	1.313779e-79	2.434187e-46	6.008854e-73	9.070278e-59	1.882718e-90	2.273411e-04	7.329105e-45	0.000000e+00	0.000000e+00	3.435349e-43	1.882718e-90	0.000000e+00	1.110467e-31	8.419193e-01	1.882718e-90	6.548645e-08	0.000000e+00	1.882718e-90	1.882718e-90	1.882718e-90	1.082598e-60	1.882718e-90	0.000000e+00	0.000000e+00	1.882718e-90	0.000000e+00	0.000000e+00	0.000000e+00	0.000000e+00	0.000000e+00	0.000000e+00	0.000000e+00	1.026984e-59	1.882718e-90	0.000000e+00	0.000000e+00	0.000000e+00	0.000000e+00	0.000000e+00	0.000000e+00	0.000000e+00	0.000000e+00	0.000000e+00	0.000000e+00	0.000000e+00	0.000000e+00	0.000000e+00	0.000000e+00	0.000000e+00	0.000000e+00	0.000000e+00	0.000000e+00	0.000000e+00	0.000000e+00	0.000000e+00	0.000000e+00	0.000000e+00	0.000000e+00	0.000000e+00	0.000000e+00	0.000000e+00	0.000000e+00	0.000000e+00	0.000000e+00	0.000000e+00	0.000000e+00	0.000000e+00	0.000000e+00	0.000000e+00	0.000000e+00	0.000000e+00	0.000000e+00	0.000000e+00	0.000000e+00	0.000000e+00	0.000000e+00	
