z		z0		z1		T		P		1		2		3		4		5		6		7		8		9		10		11		12		13		14		15		16		17		18		19		20		21		22		23		24		25		26		27		28		29		30		31		32		33		34		35		36		37		38		39		40		41		42		43		44		45		46		47		48		49		50		51		52		53		54		55		56		57		58		59		60		61		62		63		64		65		66		67		68		69		70		71		72		73		74		75		76		77		78		79		80		81		82		83		84		85		86		87		88		89		90		91		92		93		94		95		96		97		98		99		100		101		102		103		104		105		106		107		108		109		110		111		112		113		114		115		
km		km		km		K		Pa		
26.953322	0.000000	53.906644	1024.409277	1.811795e+07	3.156894e-24	0.000000e+00	2.892207e-10	8.112144e-15	0.000000e+00	0.000000e+00	8.443881e-03	1.056259e-24	8.585278e-04	3.574264e-13	2.272988e-24	1.825095e-19	3.107675e-32	1.411838e-50	0.000000e+00	6.373173e-22	2.008820e-28	7.068857e-42	1.210022e-34	1.108883e-07	4.972152e-03	2.141265e-11	0.000000e+00	0.000000e+00	0.000000e+00	4.156115e-42	6.358721e-16	0.000000e+00	2.399185e-11	0.000000e+00	0.000000e+00	0.000000e+00	0.000000e+00	0.000000e+00	0.000000e+00	0.000000e+00	4.562923e-11	6.938880e-24	2.124855e-25	1.794082e-16	3.455283e-14	4.889674e-17	1.871564e-17	4.446566e-29	2.272744e-04	1.795022e-10	0.000000e+00	0.000000e+00	9.493504e-13	4.238639e-18	0.000000e+00	1.460612e-09	8.421268e-01	1.737649e-26	1.535434e-04	0.000000e+00	7.992958e-21	1.417794e-29	6.410405e-21	3.677997e-11	1.285372e-16	0.000000e+00	0.000000e+00	6.432700e-26	0.000000e+00	0.000000e+00	0.000000e+00	0.000000e+00	0.000000e+00	0.000000e+00	0.000000e+00	2.782631e-14	2.120409e-31	0.000000e+00	0.000000e+00	0.000000e+00	0.000000e+00	0.000000e+00	0.000000e+00	0.000000e+00	0.000000e+00	0.000000e+00	0.000000e+00	0.000000e+00	0.000000e+00	0.000000e+00	0.000000e+00	0.000000e+00	0.000000e+00	0.000000e+00	0.000000e+00	0.000000e+00	0.000000e+00	0.000000e+00	0.000000e+00	0.000000e+00	0.000000e+00	0.000000e+00	0.000000e+00	0.000000e+00	0.000000e+00	0.000000e+00	0.000000e+00	0.000000e+00	0.000000e+00	0.000000e+00	0.000000e+00	0.000000e+00	0.000000e+00	0.000000e+00	0.000000e+00	0.000000e+00	0.000000e+00	0.000000e+00	0.000000e+00	
79.601960	53.906644	105.297275	976.596307	1.486850e+07	2.144426e-25	0.000000e+00	8.844689e-11	1.721608e-15	0.000000e+00	0.000000e+00	8.444324e-03	6.953206e-26	9.015870e-04	1.040209e-13	2.878193e-25	2.652850e-20	1.507432e-33	1.282984e-52	0.000000e+00	8.099261e-23	1.679912e-29	1.934211e-43	1.705132e-36	4.464290e-08	4.972676e-03	7.609673e-12	0.000000e+00	0.000000e+00	0.000000e+00	2.133671e-44	9.235311e-17	0.000000e+00	8.302566e-12	0.000000e+00	0.000000e+00	0.000000e+00	0.000000e+00	0.000000e+00	0.000000e+00	0.000000e+00	1.425170e-11	4.263183e-25	1.489783e-26	3.754245e-17	1.490865e-14	1.195107e-17	6.196883e-18	6.136687e-30	2.272860e-04	7.691878e-11	0.000000e+00	0.000000e+00	3.809958e-13	6.473339e-19	0.000000e+00	7.127321e-10	8.420973e-01	1.210469e-27	1.320315e-04	0.000000e+00	8.517551e-22	3.754995e-31	5.175232e-22	1.098316e-11	1.961940e-17	0.000000e+00	0.000000e+00	2.446499e-27	0.000000e+00	0.000000e+00	0.000000e+00	0.000000e+00	0.000000e+00	0.000000e+00	0.000000e+00	8.149547e-15	3.962145e-32	0.000000e+00	0.000000e+00	0.000000e+00	0.000000e+00	0.000000e+00	0.000000e+00	0.000000e+00	0.000000e+00	0.000000e+00	0.000000e+00	0.000000e+00	0.000000e+00	0.000000e+00	0.000000e+00	0.000000e+00	0.000000e+00	0.000000e+00	0.000000e+00	0.000000e+00	0.000000e+00	0.000000e+00	0.000000e+00	0.000000e+00	0.000000e+00	0.000000e+00	0.000000e+00	0.000000e+00	0.000000e+00	0.000000e+00	0.000000e+00	0.000000e+00	0.000000e+00	0.000000e+00	0.000000e+00	0.000000e+00	0.000000e+00	0.000000e+00	0.000000e+00	0.000000e+00	0.000000e+00	0.000000e+00	0.000000e+00	
129.725335	105.297275	154.153396	928.433524	1.220184e+07	1.057654e-26	0.000000e+00	2.346900e-11	3.042322e-16	0.000000e+00	0.000000e+00	8.444787e-03	3.273684e-27	9.519456e-04	2.608531e-14	2.777139e-26	3.012882e-21	5.061122e-35	6.711821e-55	0.000000e+00	8.009774e-24	1.045382e-30	3.483803e-45	1.430681e-38	1.554928e-08	4.972637e-03	2.359433e-12	0.000000e+00	0.000000e+00	0.000000e+00	5.699021e-47	1.036491e-17	0.000000e+00	2.499284e-12	0.000000e+00	0.000000e+00	0.000000e+00	0.000000e+00	0.000000e+00	0.000000e+00	0.000000e+00	3.744428e-12	1.816801e-26	7.368132e-28	6.460228e-18	5.732606e-15	2.445260e-18	1.778774e-18	6.672508e-31	2.272956e-04	2.966667e-11	0.000000e+00	0.000000e+00	1.324307e-13	7.673119e-20	0.000000e+00	3.079635e-10	8.420644e-01	6.141367e-29	1.068822e-04	0.000000e+00	6.919854e-23	6.422048e-33	3.087046e-23	2.834574e-12	2.351327e-18	0.000000e+00	0.000000e+00	6.119565e-29	0.000000e+00	0.000000e+00	0.000000e+00	0.000000e+00	0.000000e+00	0.000000e+00	0.000000e+00	1.995239e-15	6.188567e-33	0.000000e+00	0.000000e+00	0.000000e+00	0.000000e+00	0.000000e+00	0.000000e+00	0.000000e+00	0.000000e+00	0.000000e+00	0.000000e+00	0.000000e+00	0.000000e+00	0.000000e+00	0.000000e+00	0.000000e+00	0.000000e+00	0.000000e+00	0.000000e+00	0.000000e+00	0.000000e+00	0.000000e+00	0.000000e+00	0.000000e+00	0.000000e+00	0.000000e+00	0.000000e+00	0.000000e+00	0.000000e+00	0.000000e+00	0.000000e+00	0.000000e+00	0.000000e+00	0.000000e+00	0.000000e+00	0.000000e+00	0.000000e+00	0.000000e+00	0.000000e+00	0.000000e+00	0.000000e+00	0.000000e+00	0.000000e+00	
177.393225	154.153396	200.633055	883.268882	1.001344e+07	4.643400e-28	0.000000e+00	5.915764e-12	5.029011e-17	0.000000e+00	0.000000e+00	8.445276e-03	1.353142e-28	9.990781e-04	6.143083e-15	2.391526e-27	3.103689e-22	1.475380e-36	2.853978e-57	0.000000e+00	7.173601e-25	5.802852e-32	5.358015e-47	9.929985e-41	5.139573e-09	4.972864e-03	6.964554e-13	0.000000e+00	0.000000e+00	0.000000e+00	1.198456e-49	1.059745e-18	0.000000e+00	7.155988e-13	0.000000e+00	0.000000e+00	0.000000e+00	0.000000e+00	0.000000e+00	0.000000e+00	0.000000e+00	9.168217e-13	6.718879e-28	3.186974e-29	1.035212e-18	2.113974e-15	4.691490e-19	4.853874e-19	6.668062e-32	2.273072e-04	1.101009e-11	0.000000e+00	0.000000e+00	4.374714e-14	8.290943e-21	0.000000e+00	1.275190e-10	8.420346e-01	2.777309e-30	8.333599e-05	0.000000e+00	5.049664e-24	9.358951e-35	1.648085e-24	6.934935e-13	2.580721e-19	0.000000e+00	0.000000e+00	1.313582e-30	0.000000e+00	0.000000e+00	0.000000e+00	0.000000e+00	0.000000e+00	0.000000e+00	0.000000e+00	4.545111e-16	9.100186e-34	0.000000e+00	0.000000e+00	0.000000e+00	0.000000e+00	0.000000e+00	0.000000e+00	0.000000e+00	0.000000e+00	0.000000e+00	0.000000e+00	0.000000e+00	0.000000e+00	0.000000e+00	0.000000e+00	0.000000e+00	0.000000e+00	0.000000e+00	0.000000e+00	0.000000e+00	0.000000e+00	0.000000e+00	0.000000e+00	0.000000e+00	0.000000e+00	0.000000e+00	0.000000e+00	0.000000e+00	0.000000e+00	0.000000e+00	0.000000e+00	0.000000e+00	0.000000e+00	0.000000e+00	0.000000e+00	0.000000e+00	0.000000e+00	0.000000e+00	0.000000e+00	0.000000e+00	0.000000e+00	0.000000e+00	0.000000e+00	
222.810605	200.633055	244.988155	842.893049	8.217531e+06	2.148582e-29	0.000000e+00	1.526936e-12	8.564270e-18	0.000000e+00	0.000000e+00	8.445695e-03	5.847194e-30	1.037099e-03	1.466040e-15	2.114063e-28	3.296809e-23	4.526520e-38	1.318480e-59	0.000000e+00	6.628058e-26	3.353602e-33	8.765627e-49	7.489662e-43	1.740268e-09	4.972901e-03	2.103401e-13	0.000000e+00	0.000000e+00	0.000000e+00	2.797955e-52	1.130917e-19	0.000000e+00	2.097563e-13	0.000000e+00	0.000000e+00	0.000000e+00	0.000000e+00	0.000000e+00	0.000000e+00	0.000000e+00	2.287324e-13	2.608506e-29	1.446818e-30	1.712643e-19	7.945155e-16	9.272164e-20	1.358687e-19	6.954467e-33	2.273185e-04	4.156006e-12	0.000000e+00	0.000000e+00	1.482533e-14	9.331144e-22	0.000000e+00	5.399464e-11	8.420082e-01	1.323561e-31	6.436008e-05	0.000000e+00	3.810024e-25	1.462774e-36	9.232321e-26	1.736414e-13	2.946629e-20	0.000000e+00	0.000000e+00	3.016469e-32	0.000000e+00	0.000000e+00	0.000000e+00	0.000000e+00	0.000000e+00	0.000000e+00	0.000000e+00	1.057156e-16	1.388457e-34	0.000000e+00	0.000000e+00	0.000000e+00	0.000000e+00	0.000000e+00	0.000000e+00	0.000000e+00	0.000000e+00	0.000000e+00	0.000000e+00	0.000000e+00	0.000000e+00	0.000000e+00	0.000000e+00	0.000000e+00	0.000000e+00	0.000000e+00	0.000000e+00	0.000000e+00	0.000000e+00	0.000000e+00	0.000000e+00	0.000000e+00	0.000000e+00	0.000000e+00	0.000000e+00	0.000000e+00	0.000000e+00	0.000000e+00	0.000000e+00	0.000000e+00	0.000000e+00	0.000000e+00	0.000000e+00	0.000000e+00	0.000000e+00	0.000000e+00	0.000000e+00	0.000000e+00	0.000000e+00	0.000000e+00	0.000000e+00	
266.238801	244.988155	287.489446	807.666973	6.743719e+06	1.156903e-30	0.000000e+00	4.217020e-13	1.590096e-18	0.000000e+00	0.000000e+00	8.446045e-03	2.935789e-31	1.065123e-03	3.719630e-16	2.095200e-29	3.905285e-24	1.641168e-39	7.867498e-62	0.000000e+00	6.841110e-27	2.215721e-34	1.739932e-50	7.206669e-45	6.314136e-10	4.973386e-03	6.780993e-14	0.000000e+00	0.000000e+00	0.000000e+00	8.876971e-55	1.364624e-20	0.000000e+00	6.573506e-14	0.000000e+00	0.000000e+00	0.000000e+00	0.000000e+00	0.000000e+00	0.000000e+00	0.000000e+00	6.147245e-14	1.192922e-30	7.696815e-32	3.107606e-20	3.153763e-16	1.994470e-20	4.078141e-20	8.151319e-34	2.273238e-04	1.648357e-12	0.000000e+00	0.000000e+00	5.389859e-15	1.183143e-22	0.000000e+00	2.428297e-11	8.419901e-01	7.332122e-33	5.036423e-05	0.000000e+00	3.238690e-26	2.807181e-38	5.959344e-27	4.655258e-14	3.772342e-21	0.000000e+00	0.000000e+00	8.437348e-34	0.000000e+00	0.000000e+00	0.000000e+00	0.000000e+00	0.000000e+00	0.000000e+00	0.000000e+00	2.659631e-17	2.324592e-35	0.000000e+00	0.000000e+00	0.000000e+00	0.000000e+00	0.000000e+00	0.000000e+00	0.000000e+00	0.000000e+00	0.000000e+00	0.000000e+00	0.000000e+00	0.000000e+00	0.000000e+00	0.000000e+00	0.000000e+00	0.000000e+00	0.000000e+00	0.000000e+00	0.000000e+00	0.000000e+00	0.000000e+00	0.000000e+00	0.000000e+00	0.000000e+00	0.000000e+00	0.000000e+00	0.000000e+00	0.000000e+00	0.000000e+00	0.000000e+00	0.000000e+00	0.000000e+00	0.000000e+00	0.000000e+00	0.000000e+00	0.000000e+00	0.000000e+00	0.000000e+00	0.000000e+00	0.000000e+00	0.000000e+00	0.000000e+00	
307.935182	287.489446	328.380917	777.075073	5.534234e+06	7.474271e-32	0.000000e+00	1.263128e-13	3.275639e-19	0.000000e+00	0.000000e+00	8.446028e-03	1.774116e-32	1.085044e-03	1.020999e-16	2.403870e-30	5.298378e-25	7.305711e-41	6.410834e-64	0.000000e+00	8.104352e-28	1.726572e-35	4.373306e-52	9.296756e-47	2.488541e-10	4.973294e-03	2.363537e-14	0.000000e+00	0.000000e+00	0.000000e+00	4.074042e-57	1.907576e-21	0.000000e+00	2.231064e-14	0.000000e+00	0.000000e+00	0.000000e+00	0.000000e+00	0.000000e+00	0.000000e+00	0.000000e+00	1.814604e-14	6.675667e-32	4.974989e-33	6.301745e-21	1.336876e-16	4.749197e-21	1.330330e-20	1.098077e-34	2.273261e-04	6.939340e-13	0.000000e+00	0.000000e+00	2.130516e-15	1.731495e-23	0.000000e+00	1.172958e-11	8.419772e-01	4.866592e-34	4.041365e-05	0.000000e+00	3.193452e-27	6.897383e-40	4.562575e-28	1.354959e-14	5.540811e-22	0.000000e+00	0.000000e+00	2.991543e-35	0.000000e+00	0.000000e+00	0.000000e+00	0.000000e+00	0.000000e+00	0.000000e+00	0.000000e+00	7.383051e-18	4.340955e-36	0.000000e+00	0.000000e+00	0.000000e+00	0.000000e+00	0.000000e+00	0.000000e+00	0.000000e+00	0.000000e+00	0.000000e+00	0.000000e+00	0.000000e+00	0.000000e+00	0.000000e+00	0.000000e+00	0.000000e+00	0.000000e+00	0.000000e+00	0.000000e+00	0.000000e+00	0.000000e+00	0.000000e+00	0.000000e+00	0.000000e+00	0.000000e+00	0.000000e+00	0.000000e+00	0.000000e+00	0.000000e+00	0.000000e+00	0.000000e+00	0.000000e+00	0.000000e+00	0.000000e+00	0.000000e+00	0.000000e+00	0.000000e+00	0.000000e+00	0.000000e+00	0.000000e+00	0.000000e+00	0.000000e+00	0.000000e+00	
348.145796	328.380917	367.910675	751.196464	4.541670e+06	6.305564e-33	0.000000e+00	4.260238e-14	7.858587e-20	0.000000e+00	0.000000e+00	8.445966e-03	1.413839e-33	1.097894e-03	3.162566e-17	3.449534e-31	8.812342e-26	4.413006e-42	8.277376e-66	0.000000e+00	1.180756e-28	1.720462e-36	1.558877e-53	1.844292e-48	1.107041e-10	4.973429e-03	9.234946e-15	0.000000e+00	0.000000e+00	0.000000e+00	3.215319e-59	3.307475e-22	0.000000e+00	8.510238e-15	0.000000e+00	0.000000e+00	0.000000e+00	0.000000e+00	0.000000e+00	0.000000e+00	0.000000e+00	6.176027e-15	5.049934e-33	4.296682e-34	1.503934e-21	6.238941e-17	1.312118e-21	4.897704e-21	1.810618e-35	2.273304e-04	3.188372e-13	0.000000e+00	0.000000e+00	9.511230e-16	3.127613e-24	0.000000e+00	6.284503e-12	8.419709e-01	4.208603e-35	3.397404e-05	0.000000e+00	3.935150e-28	2.436051e-41	4.488936e-29	4.450412e-15	9.954398e-23	0.000000e+00	0.000000e+00	1.502288e-36	0.000000e+00	0.000000e+00	0.000000e+00	0.000000e+00	0.000000e+00	0.000000e+00	0.000000e+00	2.377763e-18	9.479195e-37	0.000000e+00	0.000000e+00	0.000000e+00	0.000000e+00	0.000000e+00	0.000000e+00	0.000000e+00	0.000000e+00	0.000000e+00	0.000000e+00	0.000000e+00	0.000000e+00	0.000000e+00	0.000000e+00	0.000000e+00	0.000000e+00	0.000000e+00	0.000000e+00	0.000000e+00	0.000000e+00	0.000000e+00	0.000000e+00	0.000000e+00	0.000000e+00	0.000000e+00	0.000000e+00	0.000000e+00	0.000000e+00	0.000000e+00	0.000000e+00	0.000000e+00	0.000000e+00	0.000000e+00	0.000000e+00	0.000000e+00	0.000000e+00	0.000000e+00	0.000000e+00	0.000000e+00	0.000000e+00	0.000000e+00	0.000000e+00	
387.105483	367.910675	406.300291	729.528424	3.727123e+06	7.106759e-34	0.000000e+00	1.634285e-14	2.224635e-20	0.000000e+00	0.000000e+00	8.446152e-03	1.525309e-34	1.105537e-03	1.119964e-17	6.339580e-32	1.832770e-26	3.721400e-43	1.764933e-67	0.000000e+00	2.158744e-29	2.243551e-37	8.134044e-55	5.838584e-50	5.615172e-11	4.973260e-03	4.083615e-15	0.000000e+00	0.000000e+00	0.000000e+00	4.571746e-61	7.242100e-23	0.000000e+00	3.683313e-15	0.000000e+00	0.000000e+00	0.000000e+00	0.000000e+00	0.000000e+00	0.000000e+00	0.000000e+00	2.458662e-15	5.312482e-34	5.093025e-35	4.283252e-22	3.231548e-17	4.259437e-22	2.055233e-21	3.715241e-36	2.273307e-04	1.610878e-13	0.000000e+00	0.000000e+00	4.842669e-16	7.099137e-25	0.000000e+00	3.765645e-12	8.419646e-01	4.850366e-36	3.018363e-05	0.000000e+00	6.193150e-29	1.275975e-42	5.799366e-30	1.666710e-15	2.225171e-23	0.000000e+00	0.000000e+00	1.100720e-37	0.000000e+00	0.000000e+00	0.000000e+00	0.000000e+00	0.000000e+00	0.000000e+00	0.000000e+00	9.015638e-19	2.449305e-37	0.000000e+00	0.000000e+00	0.000000e+00	0.000000e+00	0.000000e+00	0.000000e+00	0.000000e+00	0.000000e+00	0.000000e+00	0.000000e+00	0.000000e+00	0.000000e+00	0.000000e+00	0.000000e+00	0.000000e+00	0.000000e+00	0.000000e+00	0.000000e+00	0.000000e+00	0.000000e+00	0.000000e+00	0.000000e+00	0.000000e+00	0.000000e+00	0.000000e+00	0.000000e+00	0.000000e+00	0.000000e+00	0.000000e+00	0.000000e+00	0.000000e+00	0.000000e+00	0.000000e+00	0.000000e+00	0.000000e+00	0.000000e+00	0.000000e+00	0.000000e+00	0.000000e+00	0.000000e+00	0.000000e+00	0.000000e+00	
425.001796	406.300291	443.703300	710.781421	3.058664e+06	9.827493e-35	0.000000e+00	6.865979e-15	7.078074e-21	0.000000e+00	0.000000e+00	8.446320e-03	2.039265e-35	1.110097e-03	4.362086e-18	1.389220e-32	4.466164e-27	3.974276e-44	5.366074e-69	0.000000e+00	4.635856e-30	3.539837e-38	5.557920e-56	2.571531e-51	3.125135e-11	4.973537e-03	1.970894e-15	0.000000e+00	0.000000e+00	0.000000e+00	9.854136e-63	1.870432e-23	0.000000e+00	1.743451e-15	0.000000e+00	0.000000e+00	0.000000e+00	0.000000e+00	0.000000e+00	0.000000e+00	0.000000e+00	1.094186e-15	7.059649e-35	7.555354e-36	1.382142e-22	1.801857e-17	1.549497e-22	9.459568e-22	8.896310e-37	2.273349e-04	8.703545e-14	0.000000e+00	0.000000e+00	2.706052e-16	1.893828e-25	0.000000e+00	2.442155e-12	8.419595e-01	6.846561e-37	2.791828e-05	0.000000e+00	1.159200e-29	8.829277e-44	9.082934e-31	6.848963e-16	5.804924e-24	0.000000e+00	0.000000e+00	1.053405e-38	0.000000e+00	0.000000e+00	0.000000e+00	0.000000e+00	0.000000e+00	0.000000e+00	0.000000e+00	3.839040e-19	7.127137e-38	0.000000e+00	0.000000e+00	0.000000e+00	0.000000e+00	0.000000e+00	0.000000e+00	0.000000e+00	0.000000e+00	0.000000e+00	0.000000e+00	0.000000e+00	0.000000e+00	0.000000e+00	0.000000e+00	0.000000e+00	0.000000e+00	0.000000e+00	0.000000e+00	0.000000e+00	0.000000e+00	0.000000e+00	0.000000e+00	0.000000e+00	0.000000e+00	0.000000e+00	0.000000e+00	0.000000e+00	0.000000e+00	0.000000e+00	0.000000e+00	0.000000e+00	0.000000e+00	0.000000e+00	0.000000e+00	0.000000e+00	0.000000e+00	0.000000e+00	0.000000e+00	0.000000e+00	0.000000e+00	0.000000e+00	0.000000e+00	
461.935229	443.703300	480.167157	692.935345	2.510093e+06	1.353353e-35	0.000000e+00	2.879509e-15	2.246525e-21	0.000000e+00	0.000000e+00	8.446478e-03	2.713463e-36	1.114321e-03	1.694585e-18	3.033808e-33	1.084745e-27	4.224506e-45	1.620720e-70	0.000000e+00	9.921113e-31	5.565707e-39	3.779901e-57	1.124487e-52	1.736727e-11	4.973576e-03	9.498147e-16	0.000000e+00	0.000000e+00	0.000000e+00	2.105045e-64	4.816603e-24	0.000000e+00	8.240038e-16	0.000000e+00	0.000000e+00	0.000000e+00	0.000000e+00	0.000000e+00	0.000000e+00	0.000000e+00	4.858894e-16	9.332228e-36	1.116179e-36	4.448556e-23	1.003337e-17	5.624916e-23	4.349206e-22	2.126339e-37	2.273361e-04	4.695782e-14	0.000000e+00	0.000000e+00	1.510628e-16	5.035677e-26	0.000000e+00	1.582872e-12	8.419566e-01	9.626112e-38	2.579818e-05	0.000000e+00	2.160827e-30	6.072053e-45	1.416477e-31	2.808628e-16	1.509872e-24	0.000000e+00	0.000000e+00	1.002536e-39	0.000000e+00	0.000000e+00	0.000000e+00	0.000000e+00	0.000000e+00	0.000000e+00	0.000000e+00	1.631676e-19	2.073902e-38	0.000000e+00	0.000000e+00	0.000000e+00	0.000000e+00	0.000000e+00	0.000000e+00	0.000000e+00	0.000000e+00	0.000000e+00	0.000000e+00	0.000000e+00	0.000000e+00	0.000000e+00	0.000000e+00	0.000000e+00	0.000000e+00	0.000000e+00	0.000000e+00	0.000000e+00	0.000000e+00	0.000000e+00	0.000000e+00	0.000000e+00	0.000000e+00	0.000000e+00	0.000000e+00	0.000000e+00	0.000000e+00	0.000000e+00	0.000000e+00	0.000000e+00	0.000000e+00	0.000000e+00	0.000000e+00	0.000000e+00	0.000000e+00	0.000000e+00	0.000000e+00	0.000000e+00	0.000000e+00	0.000000e+00	0.000000e+00	
497.915250	480.167157	515.663343	674.543797	2.059909e+06	1.546411e-36	0.000000e+00	1.111749e-15	6.408109e-22	0.000000e+00	0.000000e+00	8.446306e-03	2.964833e-37	1.120003e-03	6.024329e-19	5.639170e-34	2.278505e-28	3.618983e-46	3.543922e-72	0.000000e+00	1.831642e-31	7.357022e-40	2.012376e-58	3.635057e-54	8.877551e-12	4.973776e-03	4.229639e-16	0.000000e+00	0.000000e+00	0.000000e+00	3.074371e-66	1.068320e-24	0.000000e+00	3.593164e-16	0.000000e+00	0.000000e+00	0.000000e+00	0.000000e+00	0.000000e+00	0.000000e+00	0.000000e+00	1.948982e-16	9.954448e-37	1.344619e-37	1.277629e-23	5.226000e-18	1.841319e-23	1.841113e-22	4.426809e-38	2.273405e-04	2.382824e-14	0.000000e+00	0.000000e+00	7.764098e-17	1.155897e-26	0.000000e+00	9.567523e-13	8.419539e-01	1.125138e-38	2.295125e-05	0.000000e+00	3.432588e-31	3.236168e-46	1.852003e-32	1.058071e-16	3.412876e-25	0.000000e+00	0.000000e+00	7.478942e-41	0.000000e+00	0.000000e+00	0.000000e+00	0.000000e+00	0.000000e+00	0.000000e+00	0.000000e+00	6.243291e-20	5.443300e-39	0.000000e+00	0.000000e+00	0.000000e+00	0.000000e+00	0.000000e+00	0.000000e+00	0.000000e+00	0.000000e+00	0.000000e+00	0.000000e+00	0.000000e+00	0.000000e+00	0.000000e+00	0.000000e+00	0.000000e+00	0.000000e+00	0.000000e+00	0.000000e+00	0.000000e+00	0.000000e+00	0.000000e+00	0.000000e+00	0.000000e+00	0.000000e+00	0.000000e+00	0.000000e+00	0.000000e+00	0.000000e+00	0.000000e+00	0.000000e+00	0.000000e+00	0.000000e+00	0.000000e+00	0.000000e+00	0.000000e+00	0.000000e+00	0.000000e+00	0.000000e+00	0.000000e+00	0.000000e+00	0.000000e+00	0.000000e+00	
532.895161	515.663343	550.126979	654.924559	1.690464e+06	1.304372e-37	0.000000e+00	3.751678e-16	1.536531e-22	0.000000e+00	0.000000e+00	8.446393e-03	2.349958e-38	1.127569e-03	1.853180e-19	8.056046e-35	3.777247e-29	2.181568e-47	4.579770e-74	0.000000e+00	2.658132e-32	7.329522e-41	7.189622e-60	7.187663e-56	3.960257e-12	4.973439e-03	1.656071e-16	0.000000e+00	0.000000e+00	0.000000e+00	2.418178e-68	1.857723e-25	0.000000e+00	1.373863e-16	0.000000e+00	0.000000e+00	0.000000e+00	0.000000e+00	0.000000e+00	0.000000e+00	0.000000e+00	6.620524e-17	7.485550e-38	1.161396e-38	3.048322e-24	2.441363e-18	5.093988e-24	6.813219e-23	7.360759e-39	2.273354e-04	1.094295e-14	0.000000e+00	0.000000e+00	3.487164e-17	2.088317e-27	0.000000e+00	5.160807e-13	8.419497e-01	9.738637e-40	1.917600e-05	0.000000e+00	4.201926e-32	1.139159e-47	1.817622e-33	3.471633e-17	6.138610e-26	0.000000e+00	0.000000e+00	3.753045e-42	0.000000e+00	0.000000e+00	0.000000e+00	0.000000e+00	0.000000e+00	0.000000e+00	0.000000e+00	2.012016e-20	1.207462e-39	0.000000e+00	0.000000e+00	0.000000e+00	0.000000e+00	0.000000e+00	0.000000e+00	0.000000e+00	0.000000e+00	0.000000e+00	0.000000e+00	0.000000e+00	0.000000e+00	0.000000e+00	0.000000e+00	0.000000e+00	0.000000e+00	0.000000e+00	0.000000e+00	0.000000e+00	0.000000e+00	0.000000e+00	0.000000e+00	0.000000e+00	0.000000e+00	0.000000e+00	0.000000e+00	0.000000e+00	0.000000e+00	0.000000e+00	0.000000e+00	0.000000e+00	0.000000e+00	0.000000e+00	0.000000e+00	0.000000e+00	0.000000e+00	0.000000e+00	0.000000e+00	0.000000e+00	0.000000e+00	0.000000e+00	0.000000e+00	
566.819502	550.126979	583.512024	634.427860	1.387280e+06	8.194068e-39	0.000000e+00	1.110974e-16	3.112699e-23	0.000000e+00	0.000000e+00	8.446552e-03	1.362594e-39	1.135855e-03	4.948199e-20	8.900280e-36	4.972325e-30	9.342769e-49	3.550160e-76	0.000000e+00	3.051047e-33	5.545866e-42	1.743202e-61	8.819987e-58	1.548724e-12	4.973619e-03	5.725060e-17	0.000000e+00	0.000000e+00	0.000000e+00	1.043487e-70	2.552730e-26	0.000000e+00	4.626939e-17	0.000000e+00	0.000000e+00	0.000000e+00	0.000000e+00	0.000000e+00	0.000000e+00	0.000000e+00	1.912978e-17	4.006223e-39	7.260861e-40	6.075649e-25	1.026496e-18	1.197107e-24	2.213852e-23	9.846870e-40	2.273415e-04	4.561835e-15	0.000000e+00	0.000000e+00	1.375250e-17	2.991761e-28	0.000000e+00	2.494475e-13	8.419407e-01	6.297630e-41	1.505019e-05	0.000000e+00	3.989811e-33	2.680953e-49	1.350482e-34	9.962920e-18	8.848274e-27	0.000000e+00	0.000000e+00	1.282327e-43	0.000000e+00	0.000000e+00	0.000000e+00	0.000000e+00	0.000000e+00	0.000000e+00	0.000000e+00	5.487288e-21	2.277619e-40	0.000000e+00	0.000000e+00	0.000000e+00	0.000000e+00	0.000000e+00	0.000000e+00	0.000000e+00	0.000000e+00	0.000000e+00	0.000000e+00	0.000000e+00	0.000000e+00	0.000000e+00	0.000000e+00	0.000000e+00	0.000000e+00	0.000000e+00	0.000000e+00	0.000000e+00	0.000000e+00	0.000000e+00	0.000000e+00	0.000000e+00	0.000000e+00	0.000000e+00	0.000000e+00	0.000000e+00	0.000000e+00	0.000000e+00	0.000000e+00	0.000000e+00	0.000000e+00	0.000000e+00	0.000000e+00	0.000000e+00	0.000000e+00	0.000000e+00	0.000000e+00	0.000000e+00	0.000000e+00	0.000000e+00	0.000000e+00	
599.644810	583.512024	615.777595	613.153743	1.138472e+06	3.734970e-40	0.000000e+00	2.853937e-17	5.248290e-24	0.000000e+00	0.000000e+00	8.446382e-03	5.617382e-41	1.143880e-03	1.131438e-20	7.422367e-37	5.088580e-31	2.755739e-50	1.576807e-78	0.000000e+00	2.710697e-34	3.108231e-43	2.769973e-63	6.437640e-60	5.248146e-13	4.973591e-03	1.728253e-17	0.000000e+00	0.000000e+00	0.000000e+00	2.341825e-73	2.714638e-27	0.000000e+00	1.357076e-17	0.000000e+00	0.000000e+00	0.000000e+00	0.000000e+00	0.000000e+00	0.000000e+00	0.000000e+00	4.631252e-18	1.479278e-40	3.190812e-41	9.955406e-26	3.848240e-19	2.355416e-25	6.244955e-24	1.039860e-40	2.273392e-04	1.711392e-15	0.000000e+00	0.000000e+00	4.708424e-18	3.329240e-29	0.000000e+00	1.070154e-13	8.419399e-01	2.965067e-42	1.101771e-05	0.000000e+00	2.870563e-34	4.069747e-51	7.409941e-36	2.470923e-18	1.002211e-27	0.000000e+00	0.000000e+00	2.882879e-45	0.000000e+00	0.000000e+00	0.000000e+00	0.000000e+00	0.000000e+00	0.000000e+00	0.000000e+00	1.247031e-21	3.603334e-41	0.000000e+00	0.000000e+00	0.000000e+00	0.000000e+00	0.000000e+00	0.000000e+00	0.000000e+00	0.000000e+00	0.000000e+00	0.000000e+00	0.000000e+00	0.000000e+00	0.000000e+00	0.000000e+00	0.000000e+00	0.000000e+00	0.000000e+00	0.000000e+00	0.000000e+00	0.000000e+00	0.000000e+00	0.000000e+00	0.000000e+00	0.000000e+00	0.000000e+00	0.000000e+00	0.000000e+00	0.000000e+00	0.000000e+00	0.000000e+00	0.000000e+00	0.000000e+00	0.000000e+00	0.000000e+00	0.000000e+00	0.000000e+00	0.000000e+00	0.000000e+00	0.000000e+00	0.000000e+00	0.000000e+00	0.000000e+00	
631.322359	615.777595	646.867122	590.807594	9.342870e+05	1.120194e-41	0.000000e+00	6.089645e-18	6.964730e-25	0.000000e+00	0.000000e+00	8.446873e-03	1.483361e-42	1.151233e-03	2.112468e-21	4.287409e-38	3.748921e-32	4.996810e-52	3.386496e-81	0.000000e+00	1.723844e-35	1.177583e-44	2.536411e-65	2.385234e-62	1.475736e-13	4.973695e-03	4.372544e-18	0.000000e+00	0.000000e+00	0.000000e+00	2.239445e-76	2.066708e-28	0.000000e+00	3.324124e-18	0.000000e+00	0.000000e+00	0.000000e+00	0.000000e+00	0.000000e+00	0.000000e+00	0.000000e+00	8.900603e-19	3.364676e-42	8.853062e-43	1.263366e-26	1.242331e-19	3.676464e-26	1.465445e-24	8.070744e-42	2.273399e-04	5.595211e-16	0.000000e+00	0.000000e+00	1.341061e-18	2.664966e-30	0.000000e+00	3.931694e-14	8.419321e-01	9.228535e-44	7.362984e-06	0.000000e+00	1.437484e-35	3.485913e-53	2.737350e-37	5.065786e-19	8.290244e-29	0.000000e+00	0.000000e+00	3.754133e-47	0.000000e+00	0.000000e+00	0.000000e+00	0.000000e+00	0.000000e+00	0.000000e+00	0.000000e+00	2.234184e-22	4.535576e-42	0.000000e+00	0.000000e+00	0.000000e+00	0.000000e+00	0.000000e+00	0.000000e+00	0.000000e+00	0.000000e+00	0.000000e+00	0.000000e+00	0.000000e+00	0.000000e+00	0.000000e+00	0.000000e+00	0.000000e+00	0.000000e+00	0.000000e+00	0.000000e+00	0.000000e+00	0.000000e+00	0.000000e+00	0.000000e+00	0.000000e+00	0.000000e+00	0.000000e+00	0.000000e+00	0.000000e+00	0.000000e+00	0.000000e+00	0.000000e+00	0.000000e+00	0.000000e+00	0.000000e+00	0.000000e+00	0.000000e+00	0.000000e+00	0.000000e+00	0.000000e+00	0.000000e+00	0.000000e+00	0.000000e+00	0.000000e+00	
661.812470	646.867122	676.757818	568.022685	7.667228e+05	2.318816e-43	0.000000e+00	1.102566e-18	7.475168e-26	0.000000e+00	0.000000e+00	8.446850e-03	2.638074e-44	1.156923e-03	3.292385e-22	1.787563e-39	2.063333e-33	5.885768e-54	3.821133e-84	0.000000e+00	8.147201e-37	3.153159e-46	1.425452e-67	4.846807e-65	3.519720e-14	4.973906e-03	9.464270e-19	0.000000e+00	0.000000e+00	0.000000e+00	1.006025e-79	1.171231e-29	0.000000e+00	6.945579e-19	0.000000e+00	0.000000e+00	0.000000e+00	0.000000e+00	0.000000e+00	0.000000e+00	0.000000e+00	1.394093e-19	4.979396e-44	1.634865e-44	1.278553e-27	3.514322e-20	4.675113e-27	2.923499e-25	4.773813e-43	2.273435e-04	1.619462e-16	0.000000e+00	0.000000e+00	3.248729e-19	1.593997e-31	0.000000e+00	1.260432e-14	8.419276e-01	1.990732e-45	4.534846e-06	0.000000e+00	5.217103e-37	1.798131e-55	7.122116e-39	8.773918e-20	5.193150e-30	0.000000e+00	0.000000e+00	3.015023e-49	0.000000e+00	0.000000e+00	0.000000e+00	0.000000e+00	0.000000e+00	0.000000e+00	0.000000e+00	3.243242e-23	4.671518e-43	0.000000e+00	0.000000e+00	0.000000e+00	0.000000e+00	0.000000e+00	0.000000e+00	0.000000e+00	0.000000e+00	0.000000e+00	0.000000e+00	0.000000e+00	0.000000e+00	0.000000e+00	0.000000e+00	0.000000e+00	0.000000e+00	0.000000e+00	0.000000e+00	0.000000e+00	0.000000e+00	0.000000e+00	0.000000e+00	0.000000e+00	0.000000e+00	0.000000e+00	0.000000e+00	0.000000e+00	0.000000e+00	0.000000e+00	0.000000e+00	0.000000e+00	0.000000e+00	0.000000e+00	0.000000e+00	0.000000e+00	0.000000e+00	0.000000e+00	0.000000e+00	0.000000e+00	0.000000e+00	0.000000e+00	0.000000e+00	
691.113648	676.757818	705.469478	545.616253	6.292112e+05	3.694192e-45	0.000000e+00	1.777797e-19	6.905897e-27	0.000000e+00	0.000000e+00	8.446544e-03	3.546985e-46	1.160651e-03	4.512507e-23	5.922276e-41	9.242770e-35	5.113886e-56	2.739300e-87	0.000000e+00	3.121811e-38	6.612051e-48	5.681469e-70	6.440928e-68	7.480799e-15	4.973895e-03	1.835936e-19	0.000000e+00	0.000000e+00	0.000000e+00	2.650170e-83	5.393818e-31	0.000000e+00	1.298031e-19	0.000000e+00	0.000000e+00	0.000000e+00	0.000000e+00	0.000000e+00	0.000000e+00	0.000000e+00	1.890628e-20	5.437531e-46	2.266993e-46	1.102817e-28	9.059104e-21	5.145885e-28	5.207273e-26	2.335466e-44	2.273393e-04	4.300613e-17	0.000000e+00	0.000000e+00	7.031552e-20	7.764175e-33	0.000000e+00	3.676527e-15	8.419296e-01	3.315722e-47	2.636565e-06	0.000000e+00	1.507192e-38	6.479476e-58	1.446198e-40	1.348862e-20	2.674702e-31	0.000000e+00	0.000000e+00	1.721668e-51	0.000000e+00	0.000000e+00	0.000000e+00	0.000000e+00	0.000000e+00	0.000000e+00	0.000000e+00	4.062297e-24	4.190559e-44	0.000000e+00	0.000000e+00	0.000000e+00	0.000000e+00	0.000000e+00	0.000000e+00	0.000000e+00	0.000000e+00	0.000000e+00	0.000000e+00	0.000000e+00	0.000000e+00	0.000000e+00	0.000000e+00	0.000000e+00	0.000000e+00	0.000000e+00	0.000000e+00	0.000000e+00	0.000000e+00	0.000000e+00	0.000000e+00	0.000000e+00	0.000000e+00	0.000000e+00	0.000000e+00	0.000000e+00	0.000000e+00	0.000000e+00	0.000000e+00	0.000000e+00	0.000000e+00	0.000000e+00	0.000000e+00	0.000000e+00	0.000000e+00	0.000000e+00	0.000000e+00	0.000000e+00	0.000000e+00	0.000000e+00	0.000000e+00	
719.288691	705.469478	733.107905	525.221052	5.163623e+05	6.312512e-47	0.000000e+00	2.957601e-20	6.639905e-28	0.000000e+00	0.000000e+00	8.446637e-03	5.132251e-48	1.162858e-03	6.384206e-24	2.089157e-42	4.375601e-36	4.825281e-58	2.223528e-90	0.000000e+00	1.264776e-39	1.483180e-49	2.491173e-72	9.577434e-71	1.644674e-15	4.973804e-03	3.674680e-20	0.000000e+00	0.000000e+00	0.000000e+00	8.049849e-87	2.633822e-32	0.000000e+00	2.504997e-20	0.000000e+00	0.000000e+00	0.000000e+00	0.000000e+00	0.000000e+00	0.000000e+00	0.000000e+00	2.668676e-21	6.434301e-48	3.404624e-48	9.929298e-30	2.397168e-21	5.894255e-29	9.598222e-27	1.209343e-45	2.273446e-04	1.168627e-17	0.000000e+00	0.000000e+00	1.576453e-20	4.001212e-34	0.000000e+00	1.105706e-15	8.419266e-01	5.923246e-49	1.557150e-06	0.000000e+00	4.617958e-40	2.566047e-60	3.135160e-42	2.140413e-21	1.454233e-32	0.000000e+00	0.000000e+00	1.078076e-53	0.000000e+00	0.000000e+00	0.000000e+00	0.000000e+00	0.000000e+00	0.000000e+00	0.000000e+00	5.310682e-25	3.940592e-45	0.000000e+00	0.000000e+00	0.000000e+00	0.000000e+00	0.000000e+00	0.000000e+00	0.000000e+00	0.000000e+00	0.000000e+00	0.000000e+00	0.000000e+00	0.000000e+00	0.000000e+00	0.000000e+00	0.000000e+00	0.000000e+00	0.000000e+00	0.000000e+00	0.000000e+00	0.000000e+00	0.000000e+00	0.000000e+00	0.000000e+00	0.000000e+00	0.000000e+00	0.000000e+00	0.000000e+00	0.000000e+00	0.000000e+00	0.000000e+00	0.000000e+00	0.000000e+00	0.000000e+00	0.000000e+00	0.000000e+00	0.000000e+00	0.000000e+00	0.000000e+00	0.000000e+00	0.000000e+00	0.000000e+00	0.000000e+00	
746.459501	733.107905	759.811097	507.448538	4.237528e+05	1.414737e-48	0.000000e+00	5.550290e-21	7.454529e-29	0.000000e+00	0.000000e+00	8.446795e-03	9.900758e-50	1.164045e-03	1.027834e-24	9.365873e-44	2.564231e-37	6.248407e-60	1.882667e-90	0.000000e+00	6.363495e-41	4.297000e-51	1.566624e-74	2.207432e-73	4.091978e-16	4.974010e-03	8.262355e-21	0.000000e+00	0.000000e+00	0.000000e+00	4.248825e-90	1.601749e-33	0.000000e+00	5.444902e-21	0.000000e+00	0.000000e+00	0.000000e+00	0.000000e+00	0.000000e+00	0.000000e+00	0.000000e+00	4.382269e-22	1.041622e-49	6.910320e-50	1.055091e-30	6.996249e-22	7.852896e-30	2.000336e-27	7.686683e-47	2.273472e-04	3.471345e-18	0.000000e+00	0.000000e+00	4.000492e-21	2.556090e-35	0.000000e+00	3.694963e-16	8.419247e-01	1.384708e-50	9.764337e-07	0.000000e+00	1.786311e-41	1.470443e-62	8.776022e-44	3.841984e-22	9.708873e-34	0.000000e+00	0.000000e+00	9.626153e-56	0.000000e+00	0.000000e+00	0.000000e+00	0.000000e+00	0.000000e+00	0.000000e+00	0.000000e+00	8.126963e-26	4.336974e-46	0.000000e+00	0.000000e+00	0.000000e+00	0.000000e+00	0.000000e+00	0.000000e+00	0.000000e+00	0.000000e+00	0.000000e+00	0.000000e+00	0.000000e+00	0.000000e+00	0.000000e+00	0.000000e+00	0.000000e+00	0.000000e+00	0.000000e+00	0.000000e+00	0.000000e+00	0.000000e+00	0.000000e+00	0.000000e+00	0.000000e+00	0.000000e+00	0.000000e+00	0.000000e+00	0.000000e+00	0.000000e+00	0.000000e+00	0.000000e+00	0.000000e+00	0.000000e+00	0.000000e+00	0.000000e+00	0.000000e+00	0.000000e+00	0.000000e+00	0.000000e+00	0.000000e+00	0.000000e+00	0.000000e+00	0.000000e+00	
772.741404	759.811097	785.671710	491.438953	3.477529e+05	3.686975e-50	0.000000e+00	1.113840e-21	9.122215e-30	0.000000e+00	0.000000e+00	8.446685e-03	2.241767e-51	1.164690e-03	1.777897e-25	4.803287e-45	1.692960e-38	9.655521e-62	1.882668e-90	0.000000e+00	3.612970e-42	1.436510e-52	1.205403e-76	6.490893e-76	1.091306e-16	4.973989e-03	1.982689e-21	0.000000e+00	0.000000e+00	0.000000e+00	1.882668e-90	1.101287e-34	0.000000e+00	1.264998e-21	0.000000e+00	0.000000e+00	0.000000e+00	0.000000e+00	0.000000e+00	0.000000e+00	0.000000e+00	7.834146e-23	2.007893e-51	1.660297e-51	1.229450e-31	2.156933e-22	1.138267e-30	4.467152e-28	5.482468e-48	2.273464e-04	1.083513e-18	0.000000e+00	0.000000e+00	1.088775e-21	1.840788e-36	0.000000e+00	1.310713e-16	8.419245e-01	3.760102e-52	6.336637e-07	0.000000e+00	7.866307e-43	1.034540e-64	2.831412e-45	7.385129e-23	7.268900e-35	0.000000e+00	0.000000e+00	1.047291e-57	0.000000e+00	0.000000e+00	0.000000e+00	0.000000e+00	0.000000e+00	0.000000e+00	0.000000e+00	1.359105e-26	5.220523e-47	0.000000e+00	0.000000e+00	0.000000e+00	0.000000e+00	0.000000e+00	0.000000e+00	0.000000e+00	0.000000e+00	0.000000e+00	0.000000e+00	0.000000e+00	0.000000e+00	0.000000e+00	0.000000e+00	0.000000e+00	0.000000e+00	0.000000e+00	0.000000e+00	0.000000e+00	0.000000e+00	0.000000e+00	0.000000e+00	0.000000e+00	0.000000e+00	0.000000e+00	0.000000e+00	0.000000e+00	0.000000e+00	0.000000e+00	0.000000e+00	0.000000e+00	0.000000e+00	0.000000e+00	0.000000e+00	0.000000e+00	0.000000e+00	0.000000e+00	0.000000e+00	0.000000e+00	0.000000e+00	0.000000e+00	0.000000e+00	
798.206916	785.671710	810.742121	476.419794	2.853835e+05	9.655653e-52	0.000000e+00	2.240439e-22	1.119295e-30	0.000000e+00	0.000000e+00	8.446648e-03	5.102962e-53	1.165131e-03	3.080516e-26	2.480897e-46	1.123309e-39	1.503079e-63	1.882644e-90	0.000000e+00	2.060920e-43	4.835042e-54	9.363500e-79	1.922572e-78	2.922815e-17	4.973949e-03	4.773958e-22	0.000000e+00	0.000000e+00	0.000000e+00	1.882644e-90	7.617683e-36	0.000000e+00	2.949680e-22	0.000000e+00	0.000000e+00	0.000000e+00	0.000000e+00	0.000000e+00	0.000000e+00	0.000000e+00	1.407188e-23	3.894491e-53	4.023159e-53	1.437011e-32	6.666849e-23	1.655581e-31	1.002197e-28	3.939040e-49	2.273397e-04	3.387268e-19	0.000000e+00	0.000000e+00	2.979390e-22	1.332194e-37	0.000000e+00	4.674013e-17	8.419261e-01	1.026510e-53	4.125862e-07	0.000000e+00	3.477414e-44	7.320918e-67	9.173173e-47	1.422662e-23	5.469004e-36	0.000000e+00	0.000000e+00	1.147663e-59	0.000000e+00	0.000000e+00	0.000000e+00	0.000000e+00	0.000000e+00	0.000000e+00	0.000000e+00	2.286589e-27	6.340044e-48	0.000000e+00	0.000000e+00	0.000000e+00	0.000000e+00	0.000000e+00	0.000000e+00	0.000000e+00	0.000000e+00	0.000000e+00	0.000000e+00	0.000000e+00	0.000000e+00	0.000000e+00	0.000000e+00	0.000000e+00	0.000000e+00	0.000000e+00	0.000000e+00	0.000000e+00	0.000000e+00	0.000000e+00	0.000000e+00	0.000000e+00	0.000000e+00	0.000000e+00	0.000000e+00	0.000000e+00	0.000000e+00	0.000000e+00	0.000000e+00	0.000000e+00	0.000000e+00	0.000000e+00	0.000000e+00	0.000000e+00	0.000000e+00	0.000000e+00	0.000000e+00	0.000000e+00	0.000000e+00	0.000000e+00	0.000000e+00	
822.883422	810.742121	835.024723	461.452411	2.342000e+05	2.002418e-53	0.000000e+00	4.064221e-23	1.201615e-31	0.000000e+00	0.000000e+00	8.446659e-03	9.068160e-55	1.165466e-03	4.766527e-27	1.048270e-47	6.216348e-41	1.788019e-65	1.882686e-90	0.000000e+00	9.769649e-45	1.311820e-55	5.368403e-81	3.900617e-81	7.070833e-18	4.974054e-03	1.043200e-22	0.000000e+00	0.000000e+00	0.000000e+00	1.882686e-90	4.384099e-37	0.000000e+00	6.231574e-23	0.000000e+00	0.000000e+00	0.000000e+00	0.000000e+00	0.000000e+00	0.000000e+00	0.000000e+00	2.228572e-24	5.773059e-55	7.573665e-55	1.456894e-33	1.897932e-23	2.118144e-32	2.034329e-29	2.392788e-50	2.273461e-04	9.808361e-20	0.000000e+00	0.000000e+00	7.384425e-23	8.035125e-39	0.000000e+00	1.534224e-17	8.419226e-01	2.226060e-55	2.561996e-07	0.000000e+00	1.256302e-45	3.762926e-69	2.383065e-48	2.464763e-24	3.458464e-37	0.000000e+00	0.000000e+00	9.286880e-62	0.000000e+00	0.000000e+00	0.000000e+00	0.000000e+00	0.000000e+00	0.000000e+00	0.000000e+00	3.382709e-28	6.820084e-49	0.000000e+00	0.000000e+00	0.000000e+00	0.000000e+00	0.000000e+00	0.000000e+00	0.000000e+00	0.000000e+00	0.000000e+00	0.000000e+00	0.000000e+00	0.000000e+00	0.000000e+00	0.000000e+00	0.000000e+00	0.000000e+00	0.000000e+00	0.000000e+00	0.000000e+00	0.000000e+00	0.000000e+00	0.000000e+00	0.000000e+00	0.000000e+00	0.000000e+00	0.000000e+00	0.000000e+00	0.000000e+00	0.000000e+00	0.000000e+00	0.000000e+00	0.000000e+00	0.000000e+00	0.000000e+00	0.000000e+00	0.000000e+00	0.000000e+00	0.000000e+00	0.000000e+00	0.000000e+00	0.000000e+00	0.000000e+00	
846.774089	835.024723	858.523455	446.553314	1.921963e+05	3.233214e-55	0.000000e+00	6.599527e-24	1.117750e-32	0.000000e+00	0.000000e+00	8.446570e-03	1.235688e-56	1.165677e-03	6.532188e-28	3.572470e-49	2.832092e-42	1.594262e-67	1.882668e-90	0.000000e+00	3.797831e-46	2.825189e-57	2.222909e-83	5.273417e-84	1.534015e-18	4.973904e-03	2.054457e-23	0.000000e+00	0.000000e+00	0.000000e+00	1.882668e-90	2.071751e-38	0.000000e+00	1.184315e-23	0.000000e+00	0.000000e+00	0.000000e+00	0.000000e+00	0.000000e+00	0.000000e+00	0.000000e+00	3.084225e-25	6.414458e-57	1.087919e-56	1.267927e-34	4.946242e-24	2.361566e-33	3.709727e-30	1.214341e-51	2.273400e-04	2.615866e-20	0.000000e+00	0.000000e+00	1.646167e-23	3.985950e-40	0.000000e+00	4.609196e-18	8.419242e-01	3.771204e-57	1.512534e-07	0.000000e+00	3.655340e-47	1.372435e-71	4.884896e-50	3.810739e-25	1.815338e-38	0.000000e+00	0.000000e+00	5.428517e-64	0.000000e+00	0.000000e+00	0.000000e+00	0.000000e+00	0.000000e+00	0.000000e+00	0.000000e+00	4.360911e-29	6.444585e-50	0.000000e+00	0.000000e+00	0.000000e+00	0.000000e+00	0.000000e+00	0.000000e+00	0.000000e+00	0.000000e+00	0.000000e+00	0.000000e+00	0.000000e+00	0.000000e+00	0.000000e+00	0.000000e+00	0.000000e+00	0.000000e+00	0.000000e+00	0.000000e+00	0.000000e+00	0.000000e+00	0.000000e+00	0.000000e+00	0.000000e+00	0.000000e+00	0.000000e+00	0.000000e+00	0.000000e+00	0.000000e+00	0.000000e+00	0.000000e+00	0.000000e+00	0.000000e+00	0.000000e+00	0.000000e+00	0.000000e+00	0.000000e+00	0.000000e+00	0.000000e+00	0.000000e+00	0.000000e+00	0.000000e+00	0.000000e+00	
869.887701	858.523455	881.251947	431.916764	1.577259e+05	4.224957e-57	0.000000e+00	9.758289e-25	9.210944e-34	0.000000e+00	0.000000e+00	8.447116e-03	1.345427e-58	1.165819e-03	8.077412e-29	1.016532e-50	1.095317e-43	1.115017e-69	1.882712e-90	0.000000e+00	1.248965e-47	5.010597e-59	7.000687e-86	5.057755e-87	3.038572e-19	4.974426e-03	3.708399e-24	0.000000e+00	0.000000e+00	0.000000e+00	1.882712e-90	8.297400e-40	0.000000e+00	2.060178e-24	0.000000e+00	0.000000e+00	0.000000e+00	0.000000e+00	0.000000e+00	0.000000e+00	0.000000e+00	3.812820e-26	5.588351e-59	1.245323e-58	9.699907e-36	1.197017e-24	2.344936e-34	6.186513e-31	5.303184e-53	2.273530e-04	6.508471e-21	0.000000e+00	0.000000e+00	3.360876e-24	1.677417e-41	0.000000e+00	1.287000e-18	8.419196e-01	5.186782e-59	8.566044e-08	0.000000e+00	8.856443e-49	3.744574e-74	8.195560e-52	5.351974e-26	8.146390e-40	0.000000e+00	0.000000e+00	2.412022e-66	0.000000e+00	0.000000e+00	0.000000e+00	0.000000e+00	0.000000e+00	0.000000e+00	0.000000e+00	5.012814e-30	5.472643e-51	0.000000e+00	0.000000e+00	0.000000e+00	0.000000e+00	0.000000e+00	0.000000e+00	0.000000e+00	0.000000e+00	0.000000e+00	0.000000e+00	0.000000e+00	0.000000e+00	0.000000e+00	0.000000e+00	0.000000e+00	0.000000e+00	0.000000e+00	0.000000e+00	0.000000e+00	0.000000e+00	0.000000e+00	0.000000e+00	0.000000e+00	0.000000e+00	0.000000e+00	0.000000e+00	0.000000e+00	0.000000e+00	0.000000e+00	0.000000e+00	0.000000e+00	0.000000e+00	0.000000e+00	0.000000e+00	0.000000e+00	0.000000e+00	0.000000e+00	0.000000e+00	0.000000e+00	0.000000e+00	0.000000e+00	0.000000e+00	
892.242907	881.251947	903.233868	417.728594	1.294378e+05	4.696308e-59	0.000000e+00	1.343390e-25	6.918057e-35	0.000000e+00	0.000000e+00	8.446664e-03	1.234435e-60	1.165868e-03	9.231958e-30	2.523496e-52	3.739735e-45	6.481668e-72	1.882674e-90	0.000000e+00	3.615819e-49	7.667438e-61	1.790592e-88	3.730103e-90	5.617586e-20	4.973724e-03	6.263712e-25	0.000000e+00	0.000000e+00	0.000000e+00	1.882674e-90	2.929777e-41	0.000000e+00	3.349817e-25	0.000000e+00	0.000000e+00	0.000000e+00	0.000000e+00	0.000000e+00	0.000000e+00	0.000000e+00	4.327489e-27	4.043507e-61	1.199868e-60	6.724215e-37	2.737861e-25	2.131313e-35	9.642343e-32	2.067079e-54	2.273452e-04	1.535504e-21	0.000000e+00	0.000000e+00	6.421983e-25	6.226514e-43	0.000000e+00	3.401425e-19	8.419237e-01	6.083213e-61	4.705492e-08	0.000000e+00	1.865718e-50	8.179822e-77	1.179380e-53	6.982452e-27	3.243749e-41	0.000000e+00	0.000000e+00	8.690251e-69	0.000000e+00	0.000000e+00	0.000000e+00	0.000000e+00	0.000000e+00	0.000000e+00	0.000000e+00	5.284805e-31	4.291384e-52	0.000000e+00	0.000000e+00	0.000000e+00	0.000000e+00	0.000000e+00	0.000000e+00	0.000000e+00	0.000000e+00	0.000000e+00	0.000000e+00	0.000000e+00	0.000000e+00	0.000000e+00	0.000000e+00	0.000000e+00	0.000000e+00	0.000000e+00	0.000000e+00	0.000000e+00	0.000000e+00	0.000000e+00	0.000000e+00	0.000000e+00	0.000000e+00	0.000000e+00	0.000000e+00	0.000000e+00	0.000000e+00	0.000000e+00	0.000000e+00	0.000000e+00	0.000000e+00	0.000000e+00	0.000000e+00	0.000000e+00	0.000000e+00	0.000000e+00	0.000000e+00	0.000000e+00	0.000000e+00	0.000000e+00	0.000000e+00	
913.863988	903.233868	924.494108	404.017449	1.062232e+05	4.481918e-61	0.000000e+00	1.728818e-26	4.761192e-36	0.000000e+00	0.000000e+00	8.446654e-03	9.638247e-63	1.165900e-03	9.795839e-31	5.513570e-54	1.135843e-46	3.167267e-74	1.882652e-90	0.000000e+00	9.286201e-51	1.021794e-62	1.882652e-90	1.882652e-90	9.741835e-21	4.973742e-03	9.945943e-26	0.000000e+00	0.000000e+00	0.000000e+00	1.882652e-90	9.197633e-43	0.000000e+00	5.116495e-26	0.000000e+00	0.000000e+00	0.000000e+00	0.000000e+00	0.000000e+00	0.000000e+00	0.000000e+00	4.535921e-28	2.457208e-63	9.840402e-63	4.248291e-38	5.940675e-26	1.782948e-36	1.411490e-32	7.248491e-56	2.273537e-04	3.445929e-22	0.000000e+00	0.000000e+00	1.154559e-25	2.054968e-44	0.000000e+00	8.548638e-20	8.419254e-01	6.141601e-63	2.513561e-08	0.000000e+00	3.444588e-52	1.448952e-79	1.468851e-55	8.500945e-28	1.154845e-42	0.000000e+00	0.000000e+00	2.571747e-71	0.000000e+00	0.000000e+00	0.000000e+00	0.000000e+00	0.000000e+00	0.000000e+00	0.000000e+00	5.142645e-32	3.128181e-53	0.000000e+00	0.000000e+00	0.000000e+00	0.000000e+00	0.000000e+00	0.000000e+00	0.000000e+00	0.000000e+00	0.000000e+00	0.000000e+00	0.000000e+00	0.000000e+00	0.000000e+00	0.000000e+00	0.000000e+00	0.000000e+00	0.000000e+00	0.000000e+00	0.000000e+00	0.000000e+00	0.000000e+00	0.000000e+00	0.000000e+00	0.000000e+00	0.000000e+00	0.000000e+00	0.000000e+00	0.000000e+00	0.000000e+00	0.000000e+00	0.000000e+00	0.000000e+00	0.000000e+00	0.000000e+00	0.000000e+00	0.000000e+00	0.000000e+00	0.000000e+00	0.000000e+00	0.000000e+00	0.000000e+00	0.000000e+00	
934.773489	924.494108	945.052870	390.685438	8.717206e+04	3.540560e-63	0.000000e+00	2.046366e-27	2.940451e-37	0.000000e+00	0.000000e+00	8.447180e-03	6.160624e-65	1.165900e-03	9.480240e-32	1.027660e-55	2.983166e-48	1.247509e-76	1.882688e-90	0.000000e+00	2.055388e-52	1.146653e-64	1.882688e-90	1.882688e-90	1.559721e-21	4.973899e-03	1.462254e-26	0.000000e+00	0.000000e+00	0.000000e+00	1.882688e-90	2.494158e-44	0.000000e+00	7.227518e-27	0.000000e+00	0.000000e+00	0.000000e+00	0.000000e+00	0.000000e+00	0.000000e+00	0.000000e+00	4.305226e-29	1.202390e-65	6.603977e-65	2.391988e-39	1.206976e-26	1.345393e-37	1.910458e-33	2.227548e-57	2.273512e-04	7.267469e-23	0.000000e+00	0.000000e+00	1.922863e-26	5.859686e-46	0.000000e+00	2.016959e-20	8.419219e-01	5.148752e-65	1.296279e-08	0.000000e+00	5.400267e-54	1.979361e-82	1.529276e-57	9.498039e-29	3.577479e-44	0.000000e+00	0.000000e+00	5.960604e-74	0.000000e+00	0.000000e+00	0.000000e+00	0.000000e+00	0.000000e+00	0.000000e+00	0.000000e+00	4.527546e-33	2.080162e-54	0.000000e+00	0.000000e+00	0.000000e+00	0.000000e+00	0.000000e+00	0.000000e+00	0.000000e+00	0.000000e+00	0.000000e+00	0.000000e+00	0.000000e+00	0.000000e+00	0.000000e+00	0.000000e+00	0.000000e+00	0.000000e+00	0.000000e+00	0.000000e+00	0.000000e+00	0.000000e+00	0.000000e+00	0.000000e+00	0.000000e+00	0.000000e+00	0.000000e+00	0.000000e+00	0.000000e+00	0.000000e+00	0.000000e+00	0.000000e+00	0.000000e+00	0.000000e+00	0.000000e+00	0.000000e+00	0.000000e+00	0.000000e+00	0.000000e+00	0.000000e+00	0.000000e+00	0.000000e+00	0.000000e+00	0.000000e+00	
954.973093	945.052870	964.893316	377.034030	7.153777e+04	1.719779e-65	0.000000e+00	1.953191e-28	1.374526e-38	0.000000e+00	0.000000e+00	8.446817e-03	2.352188e-67	1.165970e-03	7.248951e-33	1.263718e-57	5.374150e-50	2.809104e-79	1.882667e-90	0.000000e+00	3.096368e-54	8.223700e-67	1.882667e-90	1.882667e-90	2.022943e-22	4.973930e-03	1.757603e-27	0.000000e+00	0.000000e+00	0.000000e+00	1.882667e-90	4.617236e-46	0.000000e+00	8.319450e-28	0.000000e+00	0.000000e+00	0.000000e+00	0.000000e+00	0.000000e+00	0.000000e+00	0.000000e+00	3.149191e-30	3.364002e-68	2.625425e-67	1.001311e-40	2.066732e-27	7.772941e-39	2.101403e-34	4.832570e-59	2.273404e-04	1.306492e-23	0.000000e+00	0.000000e+00	2.610169e-27	1.144009e-47	0.000000e+00	4.011546e-21	8.419239e-01	2.671838e-67	6.071112e-09	0.000000e+00	5.562089e-56	1.388446e-85	1.004988e-59	8.508274e-30	7.722610e-46	0.000000e+00	0.000000e+00	7.350714e-77	0.000000e+00	0.000000e+00	0.000000e+00	0.000000e+00	0.000000e+00	0.000000e+00	0.000000e+00	3.056333e-34	1.076890e-55	0.000000e+00	0.000000e+00	0.000000e+00	0.000000e+00	0.000000e+00	0.000000e+00	0.000000e+00	0.000000e+00	0.000000e+00	0.000000e+00	0.000000e+00	0.000000e+00	0.000000e+00	0.000000e+00	0.000000e+00	0.000000e+00	0.000000e+00	0.000000e+00	0.000000e+00	0.000000e+00	0.000000e+00	0.000000e+00	0.000000e+00	0.000000e+00	0.000000e+00	0.000000e+00	0.000000e+00	0.000000e+00	0.000000e+00	0.000000e+00	0.000000e+00	0.000000e+00	0.000000e+00	0.000000e+00	0.000000e+00	0.000000e+00	0.000000e+00	0.000000e+00	0.000000e+00	0.000000e+00	0.000000e+00	0.000000e+00	
974.429207	964.893316	983.965097	362.428333	5.870748e+04	3.598484e-68	0.000000e+00	1.283969e-29	3.967250e-40	0.000000e+00	0.000000e+00	8.446857e-03	3.677353e-70	1.165991e-03	3.685796e-34	7.547308e-60	5.035496e-52	2.399587e-82	1.882687e-90	0.000000e+00	2.394234e-56	2.713130e-69	1.882687e-90	1.882687e-90	1.820076e-23	4.974019e-03	1.489665e-28	0.000000e+00	0.000000e+00	0.000000e+00	1.882687e-90	4.407349e-48	0.000000e+00	6.712063e-29	0.000000e+00	0.000000e+00	0.000000e+00	0.000000e+00	0.000000e+00	0.000000e+00	0.000000e+00	1.465019e-31	3.571610e-71	4.206664e-70	2.508482e-42	2.630924e-28	2.827550e-40	1.612531e-35	5.728675e-61	2.273456e-04	1.781360e-24	0.000000e+00	0.000000e+00	2.482740e-28	1.158259e-49	0.000000e+00	5.926843e-22	8.419221e-01	6.041706e-70	2.402094e-09	0.000000e+00	2.766795e-58	3.071357e-89	2.977095e-62	5.198182e-31	8.913183e-48	0.000000e+00	0.000000e+00	3.037531e-80	0.000000e+00	0.000000e+00	0.000000e+00	0.000000e+00	0.000000e+00	0.000000e+00	0.000000e+00	1.300099e-35	3.605148e-57	0.000000e+00	0.000000e+00	0.000000e+00	0.000000e+00	0.000000e+00	0.000000e+00	0.000000e+00	0.000000e+00	0.000000e+00	0.000000e+00	0.000000e+00	0.000000e+00	0.000000e+00	0.000000e+00	0.000000e+00	0.000000e+00	0.000000e+00	0.000000e+00	0.000000e+00	0.000000e+00	0.000000e+00	0.000000e+00	0.000000e+00	0.000000e+00	0.000000e+00	0.000000e+00	0.000000e+00	0.000000e+00	0.000000e+00	0.000000e+00	0.000000e+00	0.000000e+00	0.000000e+00	0.000000e+00	0.000000e+00	0.000000e+00	0.000000e+00	0.000000e+00	0.000000e+00	0.000000e+00	0.000000e+00	0.000000e+00	
993.078361	983.965097	1002.191626	346.367889	4.817831e+04	2.163205e-71	0.000000e+00	4.859003e-31	5.606423e-42	0.000000e+00	0.000000e+00	8.446786e-03	1.532692e-73	1.166030e-03	1.024176e-35	1.548657e-62	1.792975e-54	4.881746e-86	1.882718e-90	0.000000e+00	6.897844e-59	2.836438e-72	1.882718e-90	1.882718e-90	9.534018e-25	4.973979e-03	7.528630e-30	0.000000e+00	0.000000e+00	0.000000e+00	1.882718e-90	1.578680e-50	0.000000e+00	3.200800e-30	0.000000e+00	0.000000e+00	0.000000e+00	0.000000e+00	0.000000e+00	0.000000e+00	0.000000e+00	3.489774e-33	9.034767e-75	1.756904e-73	2.938076e-44	2.159401e-29	5.185046e-42	7.263905e-37	2.777074e-63	2.273569e-04	1.612708e-25	0.000000e+00	0.000000e+00	1.395935e-29	4.436552e-52	0.000000e+00	5.643549e-23	8.419198e-01	3.992761e-73	7.411975e-10	0.000000e+00	4.684752e-61	1.882718e-90	2.709893e-65	1.801981e-32	4.071898e-50	0.000000e+00	0.000000e+00	2.487088e-84	0.000000e+00	0.000000e+00	0.000000e+00	0.000000e+00	0.000000e+00	0.000000e+00	0.000000e+00	2.794168e-37	6.337023e-59	0.000000e+00	0.000000e+00	0.000000e+00	0.000000e+00	0.000000e+00	0.000000e+00	0.000000e+00	0.000000e+00	0.000000e+00	0.000000e+00	0.000000e+00	0.000000e+00	0.000000e+00	0.000000e+00	0.000000e+00	0.000000e+00	0.000000e+00	0.000000e+00	0.000000e+00	0.000000e+00	0.000000e+00	0.000000e+00	0.000000e+00	0.000000e+00	0.000000e+00	0.000000e+00	0.000000e+00	0.000000e+00	0.000000e+00	0.000000e+00	0.000000e+00	0.000000e+00	0.000000e+00	0.000000e+00	0.000000e+00	0.000000e+00	0.000000e+00	0.000000e+00	0.000000e+00	0.000000e+00	0.000000e+00	0.000000e+00	
1010.842060	1002.191626	1019.492495	328.774176	3.953754e+04	2.703042e-75	0.000000e+00	9.173674e-33	3.222765e-44	0.000000e+00	0.000000e+00	8.446961e-03	1.209218e-77	1.165998e-03	1.328795e-37	8.313938e-66	1.891450e-57	1.882710e-90	1.882710e-90	0.000000e+00	5.739892e-62	6.998193e-76	1.882710e-90	1.882710e-90	2.535812e-26	4.974331e-03	1.988428e-31	0.000000e+00	0.000000e+00	0.000000e+00	1.882710e-90	1.651463e-53	0.000000e+00	7.892273e-32	0.000000e+00	0.000000e+00	0.000000e+00	0.000000e+00	0.000000e+00	0.000000e+00	0.000000e+00	3.591242e-35	3.759021e-79	1.356532e-77	1.320965e-46	1.020988e-30	4.016731e-44	1.678785e-38	4.388229e-66	2.273474e-04	8.716600e-27	0.000000e+00	0.000000e+00	4.068375e-31	5.006366e-55	0.000000e+00	3.106670e-24	8.419200e-01	5.608949e-77	1.679005e-10	0.000000e+00	2.041184e-64	1.882710e-90	5.579282e-69	3.060428e-34	5.802597e-53	0.000000e+00	0.000000e+00	2.656420e-89	0.000000e+00	0.000000e+00	0.000000e+00	0.000000e+00	0.000000e+00	0.000000e+00	0.000000e+00	2.555304e-39	4.989692e-61	0.000000e+00	0.000000e+00	0.000000e+00	0.000000e+00	0.000000e+00	0.000000e+00	0.000000e+00	0.000000e+00	0.000000e+00	0.000000e+00	0.000000e+00	0.000000e+00	0.000000e+00	0.000000e+00	0.000000e+00	0.000000e+00	0.000000e+00	0.000000e+00	0.000000e+00	0.000000e+00	0.000000e+00	0.000000e+00	0.000000e+00	0.000000e+00	0.000000e+00	0.000000e+00	0.000000e+00	0.000000e+00	0.000000e+00	0.000000e+00	0.000000e+00	0.000000e+00	0.000000e+00	0.000000e+00	0.000000e+00	0.000000e+00	0.000000e+00	0.000000e+00	0.000000e+00	0.000000e+00	0.000000e+00	0.000000e+00	
1027.671456	1019.492495	1035.850417	310.852895	3.244649e+04	9.902560e-80	0.000000e+00	1.006500e-34	9.173226e-47	0.000000e+00	0.000000e+00	8.446918e-03	2.604638e-82	1.165967e-03	9.499391e-40	1.585368e-69	7.757830e-61	1.882706e-90	1.882706e-90	0.000000e+00	1.817852e-65	5.638795e-80	1.882706e-90	1.882706e-90	4.004589e-28	4.973576e-03	3.179006e-33	0.000000e+00	0.000000e+00	0.000000e+00	1.882706e-90	6.659381e-57	0.000000e+00	1.168960e-33	0.000000e+00	0.000000e+00	0.000000e+00	0.000000e+00	0.000000e+00	0.000000e+00	0.000000e+00	1.935832e-37	3.833858e-84	2.838476e-82	2.813676e-49	3.149871e-32	1.592134e-46	2.324335e-40	2.926984e-69	2.273488e-04	3.150038e-28	0.000000e+00	0.000000e+00	7.184920e-33	2.186143e-58	0.000000e+00	1.128497e-25	8.419210e-01	2.355205e-81	3.019446e-11	0.000000e+00	3.080951e-68	1.882706e-90	3.594210e-73	2.977347e-36	3.345819e-56	0.000000e+00	0.000000e+00	1.882706e-90	0.000000e+00	0.000000e+00	0.000000e+00	0.000000e+00	0.000000e+00	0.000000e+00	0.000000e+00	1.214585e-41	2.141711e-63	0.000000e+00	0.000000e+00	0.000000e+00	0.000000e+00	0.000000e+00	0.000000e+00	0.000000e+00	0.000000e+00	0.000000e+00	0.000000e+00	0.000000e+00	0.000000e+00	0.000000e+00	0.000000e+00	0.000000e+00	0.000000e+00	0.000000e+00	0.000000e+00	0.000000e+00	0.000000e+00	0.000000e+00	0.000000e+00	0.000000e+00	0.000000e+00	0.000000e+00	0.000000e+00	0.000000e+00	0.000000e+00	0.000000e+00	0.000000e+00	0.000000e+00	0.000000e+00	0.000000e+00	0.000000e+00	0.000000e+00	0.000000e+00	0.000000e+00	0.000000e+00	0.000000e+00	0.000000e+00	0.000000e+00	0.000000e+00	
1043.564867	1035.850417	1051.279317	293.202409	2.662722e+04	1.243395e-84	0.000000e+00	6.878525e-37	1.413566e-49	0.000000e+00	0.000000e+00	8.446428e-03	1.810093e-87	1.165993e-03	4.032744e-42	1.238813e-73	1.402246e-64	1.882657e-90	1.882657e-90	0.000000e+00	2.487067e-69	1.724643e-84	1.882657e-90	1.882657e-90	4.045141e-30	4.973776e-03	3.296408e-35	0.000000e+00	0.000000e+00	0.000000e+00	1.882657e-90	1.178889e-60	0.000000e+00	1.116829e-35	0.000000e+00	0.000000e+00	0.000000e+00	0.000000e+00	0.000000e+00	0.000000e+00	0.000000e+00	5.987852e-40	1.151295e-89	1.924499e-87	3.124372e-52	6.716915e-34	3.525527e-49	2.074284e-42	9.306037e-73	2.273512e-04	8.012931e-30	0.000000e+00	0.000000e+00	8.292287e-35	4.190842e-62	0.000000e+00	2.886182e-27	8.419250e-01	3.453168e-86	4.482903e-12	0.000000e+00	1.844057e-72	1.882657e-90	8.398531e-78	1.782501e-38	8.806428e-60	0.000000e+00	0.000000e+00	1.882657e-90	0.000000e+00	0.000000e+00	0.000000e+00	0.000000e+00	0.000000e+00	0.000000e+00	0.000000e+00	3.302540e-44	5.514338e-66	0.000000e+00	0.000000e+00	0.000000e+00	0.000000e+00	0.000000e+00	0.000000e+00	0.000000e+00	0.000000e+00	0.000000e+00	0.000000e+00	0.000000e+00	0.000000e+00	0.000000e+00	0.000000e+00	0.000000e+00	0.000000e+00	0.000000e+00	0.000000e+00	0.000000e+00	0.000000e+00	0.000000e+00	0.000000e+00	0.000000e+00	0.000000e+00	0.000000e+00	0.000000e+00	0.000000e+00	0.000000e+00	0.000000e+00	0.000000e+00	0.000000e+00	0.000000e+00	0.000000e+00	0.000000e+00	0.000000e+00	0.000000e+00	0.000000e+00	0.000000e+00	0.000000e+00	0.000000e+00	0.000000e+00	0.000000e+00	
1058.555203	1051.279317	1065.831090	276.531722	2.185163e+04	7.829866e-90	0.000000e+00	3.466025e-39	1.466301e-52	0.000000e+00	0.000000e+00	8.446624e-03	1.882657e-90	1.165987e-03	1.221489e-44	5.538029e-78	1.505908e-68	1.882657e-90	1.882657e-90	0.000000e+00	1.991811e-73	2.859495e-89	1.882657e-90	1.882657e-90	3.099126e-32	4.973936e-03	2.604245e-37	0.000000e+00	0.000000e+00	0.000000e+00	1.882657e-90	1.241911e-64	0.000000e+00	8.108649e-38	0.000000e+00	0.000000e+00	0.000000e+00	0.000000e+00	0.000000e+00	0.000000e+00	0.000000e+00	1.310963e-42	1.882657e-90	1.882657e-90	2.281732e-55	1.134458e-35	5.385156e-52	1.411953e-44	1.868714e-76	2.273436e-04	1.625854e-31	0.000000e+00	0.000000e+00	7.400540e-37	4.759862e-66	0.000000e+00	5.991071e-29	8.419246e-01	1.882657e-90	5.967172e-13	0.000000e+00	6.080743e-77	1.882657e-90	1.019751e-82	7.807338e-41	1.408705e-63	0.000000e+00	0.000000e+00	1.882657e-90	0.000000e+00	0.000000e+00	0.000000e+00	0.000000e+00	0.000000e+00	0.000000e+00	0.000000e+00	6.379616e-47	1.050591e-68	0.000000e+00	0.000000e+00	0.000000e+00	0.000000e+00	0.000000e+00	0.000000e+00	0.000000e+00	0.000000e+00	0.000000e+00	0.000000e+00	0.000000e+00	0.000000e+00	0.000000e+00	0.000000e+00	0.000000e+00	0.000000e+00	0.000000e+00	0.000000e+00	0.000000e+00	0.000000e+00	0.000000e+00	0.000000e+00	0.000000e+00	0.000000e+00	0.000000e+00	0.000000e+00	0.000000e+00	0.000000e+00	0.000000e+00	0.000000e+00	0.000000e+00	0.000000e+00	0.000000e+00	0.000000e+00	0.000000e+00	0.000000e+00	0.000000e+00	0.000000e+00	0.000000e+00	0.000000e+00	0.000000e+00	0.000000e+00	
1072.711643	1065.831090	1079.592196	261.506052	1.793255e+04	1.882723e-90	0.000000e+00	1.665424e-41	1.427626e-55	0.000000e+00	0.000000e+00	8.446948e-03	1.882723e-90	1.166004e-03	3.496903e-47	2.336067e-82	1.509711e-72	1.882723e-90	1.882723e-90	0.000000e+00	1.480166e-77	1.882723e-90	1.882723e-90	1.882723e-90	2.321278e-34	4.974312e-03	1.996609e-39	0.000000e+00	0.000000e+00	0.000000e+00	1.882723e-90	1.231505e-68	0.000000e+00	5.723734e-40	0.000000e+00	0.000000e+00	0.000000e+00	0.000000e+00	0.000000e+00	0.000000e+00	0.000000e+00	2.780878e-45	1.882723e-90	1.882723e-90	1.561956e-58	1.863772e-37	7.811674e-55	9.413526e-47	3.604429e-80	2.273522e-04	3.184830e-33	0.000000e+00	0.000000e+00	6.543660e-39	5.044081e-70	0.000000e+00	1.241973e-30	8.419189e-01	1.882723e-90	8.016208e-14	0.000000e+00	1.824878e-81	1.882723e-90	1.114555e-87	3.257821e-43	2.111328e-67	0.000000e+00	0.000000e+00	1.882723e-90	0.000000e+00	0.000000e+00	0.000000e+00	0.000000e+00	0.000000e+00	0.000000e+00	0.000000e+00	1.206979e-49	2.008037e-71	0.000000e+00	0.000000e+00	0.000000e+00	0.000000e+00	0.000000e+00	0.000000e+00	0.000000e+00	0.000000e+00	0.000000e+00	0.000000e+00	0.000000e+00	0.000000e+00	0.000000e+00	0.000000e+00	0.000000e+00	0.000000e+00	0.000000e+00	0.000000e+00	0.000000e+00	0.000000e+00	0.000000e+00	0.000000e+00	0.000000e+00	0.000000e+00	0.000000e+00	0.000000e+00	0.000000e+00	0.000000e+00	0.000000e+00	0.000000e+00	0.000000e+00	0.000000e+00	0.000000e+00	0.000000e+00	0.000000e+00	0.000000e+00	0.000000e+00	0.000000e+00	0.000000e+00	0.000000e+00	0.000000e+00	0.000000e+00	
1086.130971	1079.592196	1092.669745	248.515933	1.471635e+04	1.882684e-90	0.000000e+00	9.927516e-44	1.833631e-58	0.000000e+00	0.000000e+00	8.446615e-03	1.882684e-90	1.165998e-03	1.262467e-49	1.540781e-86	2.236449e-76	1.882684e-90	1.882684e-90	0.000000e+00	1.631620e-81	1.882684e-90	1.882684e-90	1.882684e-90	2.192816e-36	4.973637e-03	1.896682e-41	0.000000e+00	0.000000e+00	0.000000e+00	1.882684e-90	1.827848e-72	0.000000e+00	5.034118e-42	0.000000e+00	0.000000e+00	0.000000e+00	0.000000e+00	0.000000e+00	0.000000e+00	0.000000e+00	7.837101e-48	1.882684e-90	1.882684e-90	1.439500e-61	3.666089e-39	1.489858e-57	7.898083e-49	1.017883e-83	2.273471e-04	7.319658e-35	0.000000e+00	0.000000e+00	7.331085e-41	7.909313e-74	0.000000e+00	3.155398e-32	8.419230e-01	1.882684e-90	1.219245e-14	0.000000e+00	8.330474e-86	1.882684e-90	1.882684e-90	1.696074e-45	4.601706e-71	0.000000e+00	0.000000e+00	1.882684e-90	0.000000e+00	0.000000e+00	0.000000e+00	0.000000e+00	0.000000e+00	0.000000e+00	0.000000e+00	3.081876e-52	5.196577e-74	0.000000e+00	0.000000e+00	0.000000e+00	0.000000e+00	0.000000e+00	0.000000e+00	0.000000e+00	0.000000e+00	0.000000e+00	0.000000e+00	0.000000e+00	0.000000e+00	0.000000e+00	0.000000e+00	0.000000e+00	0.000000e+00	0.000000e+00	0.000000e+00	0.000000e+00	0.000000e+00	0.000000e+00	0.000000e+00	0.000000e+00	0.000000e+00	0.000000e+00	0.000000e+00	0.000000e+00	0.000000e+00	0.000000e+00	0.000000e+00	0.000000e+00	0.000000e+00	0.000000e+00	0.000000e+00	0.000000e+00	0.000000e+00	0.000000e+00	0.000000e+00	0.000000e+00	0.000000e+00	0.000000e+00	0.000000e+00	
1098.905472	1092.669745	1105.141198	237.000303	1.207697e+04	1.882623e-90	0.000000e+00	6.688928e-46	2.755201e-61	0.000000e+00	0.000000e+00	8.446696e-03	1.882623e-90	1.165949e-03	5.192529e-52	1.882623e-90	4.157153e-80	1.882623e-90	1.882623e-90	0.000000e+00	2.258423e-85	1.882623e-90	1.882623e-90	1.882623e-90	2.383960e-38	4.973722e-03	2.046049e-43	0.000000e+00	0.000000e+00	0.000000e+00	1.882623e-90	3.441853e-76	0.000000e+00	5.049206e-44	0.000000e+00	0.000000e+00	0.000000e+00	0.000000e+00	0.000000e+00	0.000000e+00	0.000000e+00	2.619659e-50	1.882623e-90	1.882623e-90	1.571303e-64	8.015851e-41	3.328197e-60	7.617226e-51	3.615392e-87	2.273313e-04	1.842232e-36	0.000000e+00	0.000000e+00	9.515081e-43	1.557739e-77	0.000000e+00	9.115818e-34	8.419275e-01	1.882623e-90	2.010966e-15	0.000000e+00	4.824458e-90	1.882623e-90	1.882623e-90	1.001754e-47	1.247585e-74	0.000000e+00	0.000000e+00	1.882623e-90	0.000000e+00	0.000000e+00	0.000000e+00	0.000000e+00	0.000000e+00	0.000000e+00	0.000000e+00	9.456319e-55	1.629898e-76	0.000000e+00	0.000000e+00	0.000000e+00	0.000000e+00	0.000000e+00	0.000000e+00	0.000000e+00	0.000000e+00	0.000000e+00	0.000000e+00	0.000000e+00	0.000000e+00	0.000000e+00	0.000000e+00	0.000000e+00	0.000000e+00	0.000000e+00	0.000000e+00	0.000000e+00	0.000000e+00	0.000000e+00	0.000000e+00	0.000000e+00	0.000000e+00	0.000000e+00	0.000000e+00	0.000000e+00	0.000000e+00	0.000000e+00	0.000000e+00	0.000000e+00	0.000000e+00	0.000000e+00	0.000000e+00	0.000000e+00	0.000000e+00	0.000000e+00	0.000000e+00	0.000000e+00	0.000000e+00	0.000000e+00	0.000000e+00	
1111.105491	1105.141198	1117.069784	226.681828	9.910971e+03	1.882711e-90	0.000000e+00	4.971351e-48	4.693153e-64	0.000000e+00	0.000000e+00	8.446846e-03	1.882711e-90	1.165940e-03	2.369705e-54	1.882711e-90	9.286464e-84	1.882711e-90	1.882711e-90	0.000000e+00	3.756688e-89	1.882711e-90	1.882711e-90	1.882711e-90	2.909491e-40	4.974040e-03	2.448261e-45	0.000000e+00	0.000000e+00	0.000000e+00	1.882711e-90	7.865788e-80	0.000000e+00	5.638198e-46	0.000000e+00	0.000000e+00	0.000000e+00	0.000000e+00	0.000000e+00	0.000000e+00	0.000000e+00	1.007403e-52	1.882711e-90	1.882711e-90	1.964794e-67	1.910903e-42	8.448117e-63	8.241582e-53	1.882711e-90	2.273490e-04	4.987537e-38	0.000000e+00	0.000000e+00	1.396126e-44	3.690240e-81	0.000000e+00	2.932568e-35	8.419205e-01	1.882711e-90	3.554112e-16	0.000000e+00	1.882711e-90	1.882711e-90	1.882711e-90	6.545964e-50	4.036106e-78	0.000000e+00	0.000000e+00	1.882711e-90	0.000000e+00	0.000000e+00	0.000000e+00	0.000000e+00	0.000000e+00	0.000000e+00	0.000000e+00	3.378352e-57	6.008523e-79	0.000000e+00	0.000000e+00	0.000000e+00	0.000000e+00	0.000000e+00	0.000000e+00	0.000000e+00	0.000000e+00	0.000000e+00	0.000000e+00	0.000000e+00	0.000000e+00	0.000000e+00	0.000000e+00	0.000000e+00	0.000000e+00	0.000000e+00	0.000000e+00	0.000000e+00	0.000000e+00	0.000000e+00	0.000000e+00	0.000000e+00	0.000000e+00	0.000000e+00	0.000000e+00	0.000000e+00	0.000000e+00	0.000000e+00	0.000000e+00	0.000000e+00	0.000000e+00	0.000000e+00	0.000000e+00	0.000000e+00	0.000000e+00	0.000000e+00	0.000000e+00	0.000000e+00	0.000000e+00	0.000000e+00	0.000000e+00	
1122.811646	1117.069784	1128.553509	218.228958	8.133440e+03	1.882665e-90	0.000000e+00	6.458773e-50	1.645184e-66	0.000000e+00	0.000000e+00	8.446773e-03	1.882665e-90	1.165950e-03	1.990258e-56	1.882665e-90	5.541778e-87	1.882665e-90	1.882665e-90	0.000000e+00	1.882665e-90	1.882665e-90	1.882665e-90	1.882665e-90	6.177031e-42	4.974121e-03	4.961339e-47	0.000000e+00	0.000000e+00	0.000000e+00	1.882665e-90	4.875822e-83	0.000000e+00	1.076504e-47	0.000000e+00	0.000000e+00	0.000000e+00	0.000000e+00	0.000000e+00	0.000000e+00	0.000000e+00	7.678797e-55	1.882665e-90	1.882665e-90	5.301449e-70	7.119672e-44	4.295540e-65	1.538684e-54	1.882665e-90	2.273479e-04	2.043042e-39	0.000000e+00	0.000000e+00	3.520644e-46	2.345561e-84	0.000000e+00	1.485876e-36	8.419238e-01	1.882665e-90	8.146903e-17	0.000000e+00	1.882665e-90	1.882665e-90	1.882665e-90	7.587828e-52	3.347159e-81	0.000000e+00	0.000000e+00	1.882665e-90	0.000000e+00	0.000000e+00	0.000000e+00	0.000000e+00	0.000000e+00	0.000000e+00	0.000000e+00	2.432837e-59	4.318095e-81	0.000000e+00	0.000000e+00	0.000000e+00	0.000000e+00	0.000000e+00	0.000000e+00	0.000000e+00	0.000000e+00	0.000000e+00	0.000000e+00	0.000000e+00	0.000000e+00	0.000000e+00	0.000000e+00	0.000000e+00	0.000000e+00	0.000000e+00	0.000000e+00	0.000000e+00	0.000000e+00	0.000000e+00	0.000000e+00	0.000000e+00	0.000000e+00	0.000000e+00	0.000000e+00	0.000000e+00	0.000000e+00	0.000000e+00	0.000000e+00	0.000000e+00	0.000000e+00	0.000000e+00	0.000000e+00	0.000000e+00	0.000000e+00	0.000000e+00	0.000000e+00	0.000000e+00	0.000000e+00	0.000000e+00	0.000000e+00	
1134.145973	1128.553509	1139.738437	212.551500	6.674710e+03	1.882717e-90	0.000000e+00	2.970416e-51	2.961536e-68	0.000000e+00	0.000000e+00	8.446415e-03	1.882717e-90	1.166068e-03	6.688332e-58	1.882717e-90	2.994346e-89	1.882717e-90	1.882717e-90	0.000000e+00	1.882717e-90	1.882717e-90	1.882717e-90	1.882717e-90	4.436309e-43	4.973361e-03	3.244809e-48	0.000000e+00	0.000000e+00	0.000000e+00	1.882717e-90	2.794294e-85	0.000000e+00	6.753296e-49	0.000000e+00	0.000000e+00	0.000000e+00	0.000000e+00	0.000000e+00	0.000000e+00	0.000000e+00	2.652737e-56	1.882717e-90	1.882717e-90	8.149026e-72	7.187878e-45	1.041774e-66	9.533405e-56	1.882717e-90	2.273615e-04	2.136952e-40	0.000000e+00	0.000000e+00	2.874162e-47	1.363461e-86	0.000000e+00	1.998564e-37	8.419207e-01	1.882717e-90	3.220154e-17	0.000000e+00	1.882717e-90	1.882717e-90	1.882717e-90	3.216422e-53	2.288242e-83	0.000000e+00	0.000000e+00	1.882717e-90	0.000000e+00	0.000000e+00	0.000000e+00	0.000000e+00	0.000000e+00	0.000000e+00	0.000000e+00	8.109776e-61	1.295122e-82	0.000000e+00	0.000000e+00	0.000000e+00	0.000000e+00	0.000000e+00	0.000000e+00	0.000000e+00	0.000000e+00	0.000000e+00	0.000000e+00	0.000000e+00	0.000000e+00	0.000000e+00	0.000000e+00	0.000000e+00	0.000000e+00	0.000000e+00	0.000000e+00	0.000000e+00	0.000000e+00	0.000000e+00	0.000000e+00	0.000000e+00	0.000000e+00	0.000000e+00	0.000000e+00	0.000000e+00	0.000000e+00	0.000000e+00	0.000000e+00	0.000000e+00	0.000000e+00	0.000000e+00	0.000000e+00	0.000000e+00	0.000000e+00	0.000000e+00	0.000000e+00	0.000000e+00	0.000000e+00	0.000000e+00	0.000000e+00	
1145.235777	1139.738437	1150.733116	208.936023	5.477602e+03	1.882615e-90	0.000000e+00	3.967002e-52	2.119794e-69	0.000000e+00	0.000000e+00	8.446318e-03	1.882615e-90	1.165953e-03	7.244086e-59	1.882615e-90	1.882615e-90	1.882615e-90	1.882615e-90	0.000000e+00	1.882615e-90	1.882615e-90	1.882615e-90	1.882615e-90	8.843170e-44	4.973711e-03	5.677544e-49	0.000000e+00	0.000000e+00	0.000000e+00	1.882615e-90	1.038029e-86	0.000000e+00	1.150140e-49	0.000000e+00	0.000000e+00	0.000000e+00	0.000000e+00	0.000000e+00	0.000000e+00	0.000000e+00	3.251988e-57	1.882615e-90	1.882615e-90	5.430810e-73	1.676259e-45	9.412321e-68	1.612021e-56	1.882615e-90	2.273499e-04	4.926723e-41	0.000000e+00	0.000000e+00	6.252122e-48	5.102392e-88	0.000000e+00	6.059408e-38	8.419287e-01	1.882615e-90	1.995293e-17	0.000000e+00	1.882615e-90	1.882615e-90	1.882615e-90	4.070046e-54	9.228050e-85	0.000000e+00	0.000000e+00	1.882615e-90	0.000000e+00	0.000000e+00	0.000000e+00	0.000000e+00	0.000000e+00	0.000000e+00	0.000000e+00	9.731137e-62	1.273604e-83	0.000000e+00	0.000000e+00	0.000000e+00	0.000000e+00	0.000000e+00	0.000000e+00	0.000000e+00	0.000000e+00	0.000000e+00	0.000000e+00	0.000000e+00	0.000000e+00	0.000000e+00	0.000000e+00	0.000000e+00	0.000000e+00	0.000000e+00	0.000000e+00	0.000000e+00	0.000000e+00	0.000000e+00	0.000000e+00	0.000000e+00	0.000000e+00	0.000000e+00	0.000000e+00	0.000000e+00	0.000000e+00	0.000000e+00	0.000000e+00	0.000000e+00	0.000000e+00	0.000000e+00	0.000000e+00	0.000000e+00	0.000000e+00	0.000000e+00	0.000000e+00	0.000000e+00	0.000000e+00	0.000000e+00	0.000000e+00	
1156.157514	1150.733116	1161.581913	206.163156	4.495195e+03	1.882655e-90	0.000000e+00	8.251369e-53	2.693022e-70	0.000000e+00	0.000000e+00	8.446412e-03	1.882655e-90	1.165928e-03	1.276398e-59	1.882655e-90	1.882655e-90	1.882655e-90	1.882655e-90	0.000000e+00	1.882655e-90	1.882655e-90	1.882655e-90	1.882655e-90	2.693575e-44	4.973993e-03	1.495083e-49	0.000000e+00	0.000000e+00	0.000000e+00	1.882655e-90	8.381656e-88	0.000000e+00	2.965490e-50	0.000000e+00	0.000000e+00	0.000000e+00	0.000000e+00	0.000000e+00	0.000000e+00	0.000000e+00	6.747514e-58	1.882655e-90	1.882655e-90	6.659301e-74	5.536432e-46	1.469008e-68	4.136709e-57	1.882655e-90	2.273431e-04	1.577666e-41	0.000000e+00	0.000000e+00	2.043118e-48	4.139747e-89	0.000000e+00	2.574364e-38	8.419253e-01	1.882655e-90	1.490418e-17	0.000000e+00	1.882655e-90	1.882655e-90	1.882655e-90	8.113125e-55	7.779991e-86	0.000000e+00	0.000000e+00	1.882655e-90	0.000000e+00	0.000000e+00	0.000000e+00	0.000000e+00	0.000000e+00	0.000000e+00	0.000000e+00	1.987881e-62	2.050592e-84	0.000000e+00	0.000000e+00	0.000000e+00	0.000000e+00	0.000000e+00	0.000000e+00	0.000000e+00	0.000000e+00	0.000000e+00	0.000000e+00	0.000000e+00	0.000000e+00	0.000000e+00	0.000000e+00	0.000000e+00	0.000000e+00	0.000000e+00	0.000000e+00	0.000000e+00	0.000000e+00	0.000000e+00	0.000000e+00	0.000000e+00	0.000000e+00	0.000000e+00	0.000000e+00	0.000000e+00	0.000000e+00	0.000000e+00	0.000000e+00	0.000000e+00	0.000000e+00	0.000000e+00	0.000000e+00	0.000000e+00	0.000000e+00	0.000000e+00	0.000000e+00	0.000000e+00	0.000000e+00	0.000000e+00	0.000000e+00	
1166.949803	1161.581913	1172.317692	204.015138	3.688983e+03	1.882715e-90	0.000000e+00	2.424734e-53	5.352836e-71	0.000000e+00	0.000000e+00	8.447321e-03	1.882715e-90	1.165960e-03	3.287612e-60	1.882715e-90	1.882715e-90	1.882715e-90	1.882715e-90	0.000000e+00	1.882715e-90	1.882715e-90	1.882715e-90	1.882715e-90	1.140845e-44	4.973805e-03	5.412167e-50	0.000000e+00	0.000000e+00	0.000000e+00	1.882715e-90	1.238586e-88	0.000000e+00	1.055695e-50	0.000000e+00	0.000000e+00	0.000000e+00	0.000000e+00	0.000000e+00	0.000000e+00	0.000000e+00	2.108014e-58	1.882715e-90	1.882715e-90	1.313765e-74	2.398004e-46	3.510955e-69	1.468503e-57	1.882715e-90	2.273482e-04	6.527905e-42	0.000000e+00	0.000000e+00	9.157701e-49	6.137523e-90	0.000000e+00	1.420941e-38	8.419196e-01	1.882715e-90	1.286347e-17	0.000000e+00	1.882715e-90	1.882715e-90	1.882715e-90	2.304936e-55	1.165087e-86	0.000000e+00	0.000000e+00	1.882715e-90	0.000000e+00	0.000000e+00	0.000000e+00	0.000000e+00	0.000000e+00	0.000000e+00	0.000000e+00	6.139801e-63	4.840325e-85	0.000000e+00	0.000000e+00	0.000000e+00	0.000000e+00	0.000000e+00	0.000000e+00	0.000000e+00	0.000000e+00	0.000000e+00	0.000000e+00	0.000000e+00	0.000000e+00	0.000000e+00	0.000000e+00	0.000000e+00	0.000000e+00	0.000000e+00	0.000000e+00	0.000000e+00	0.000000e+00	0.000000e+00	0.000000e+00	0.000000e+00	0.000000e+00	0.000000e+00	0.000000e+00	0.000000e+00	0.000000e+00	0.000000e+00	0.000000e+00	0.000000e+00	0.000000e+00	0.000000e+00	0.000000e+00	0.000000e+00	0.000000e+00	0.000000e+00	0.000000e+00	0.000000e+00	0.000000e+00	0.000000e+00	0.000000e+00	
1177.640931	1172.317692	1182.964171	202.319206	3.027364e+03	1.882685e-90	0.000000e+00	9.232768e-54	1.488056e-71	0.000000e+00	0.000000e+00	8.447218e-03	1.882685e-90	1.165928e-03	1.125660e-60	1.882685e-90	1.882685e-90	1.882685e-90	1.882685e-90	0.000000e+00	1.882685e-90	1.882685e-90	1.882685e-90	1.882685e-90	6.183178e-45	4.973854e-03	2.486147e-50	0.000000e+00	0.000000e+00	0.000000e+00	1.882685e-90	2.878708e-89	0.000000e+00	4.785886e-51	0.000000e+00	0.000000e+00	0.000000e+00	0.000000e+00	0.000000e+00	0.000000e+00	0.000000e+00	8.945977e-59	1.882685e-90	1.882685e-90	3.701800e-75	1.272251e-46	1.154518e-69	6.642403e-58	1.882685e-90	2.273437e-04	3.273022e-42	0.000000e+00	0.000000e+00	5.197071e-49	1.882685e-90	0.000000e+00	9.533291e-39	8.419222e-01	1.882685e-90	1.236181e-17	0.000000e+00	1.882685e-90	1.882685e-90	1.882685e-90	8.541918e-56	2.683129e-87	0.000000e+00	0.000000e+00	1.882685e-90	0.000000e+00	0.000000e+00	0.000000e+00	0.000000e+00	0.000000e+00	0.000000e+00	0.000000e+00	2.582839e-63	1.518919e-85	0.000000e+00	0.000000e+00	0.000000e+00	0.000000e+00	0.000000e+00	0.000000e+00	0.000000e+00	0.000000e+00	0.000000e+00	0.000000e+00	0.000000e+00	0.000000e+00	0.000000e+00	0.000000e+00	0.000000e+00	0.000000e+00	0.000000e+00	0.000000e+00	0.000000e+00	0.000000e+00	0.000000e+00	0.000000e+00	0.000000e+00	0.000000e+00	0.000000e+00	0.000000e+00	0.000000e+00	0.000000e+00	0.000000e+00	0.000000e+00	0.000000e+00	0.000000e+00	0.000000e+00	0.000000e+00	0.000000e+00	0.000000e+00	0.000000e+00	0.000000e+00	0.000000e+00	0.000000e+00	0.000000e+00	0.000000e+00	
1188.249720	1182.964171	1193.535269	200.887339	2.484407e+03	1.882567e-90	0.000000e+00	4.092847e-54	5.036434e-72	0.000000e+00	0.000000e+00	8.446258e-03	1.882567e-90	1.165931e-03	4.555140e-61	1.882567e-90	1.882567e-90	1.882567e-90	1.882567e-90	0.000000e+00	1.882567e-90	1.882567e-90	1.882567e-90	1.882567e-90	3.872491e-45	4.973936e-03	1.313252e-50	0.000000e+00	0.000000e+00	0.000000e+00	1.882567e-90	8.726326e-90	0.000000e+00	2.500083e-51	0.000000e+00	0.000000e+00	0.000000e+00	0.000000e+00	0.000000e+00	0.000000e+00	0.000000e+00	4.543950e-59	1.882567e-90	1.882567e-90	1.285673e-75	7.602735e-47	4.577805e-70	3.463146e-58	1.882567e-90	2.273306e-04	1.836794e-42	0.000000e+00	0.000000e+00	3.386951e-49	1.882567e-90	0.000000e+00	7.171066e-39	8.419321e-01	1.882567e-90	1.265397e-17	0.000000e+00	1.882567e-90	1.882567e-90	1.882567e-90	3.699699e-56	7.953442e-88	0.000000e+00	0.000000e+00	1.882567e-90	0.000000e+00	0.000000e+00	0.000000e+00	0.000000e+00	0.000000e+00	0.000000e+00	0.000000e+00	1.302418e-63	5.632061e-86	0.000000e+00	0.000000e+00	0.000000e+00	0.000000e+00	0.000000e+00	0.000000e+00	0.000000e+00	0.000000e+00	0.000000e+00	0.000000e+00	0.000000e+00	0.000000e+00	0.000000e+00	0.000000e+00	0.000000e+00	0.000000e+00	0.000000e+00	0.000000e+00	0.000000e+00	0.000000e+00	0.000000e+00	0.000000e+00	0.000000e+00	0.000000e+00	0.000000e+00	0.000000e+00	0.000000e+00	0.000000e+00	0.000000e+00	0.000000e+00	0.000000e+00	0.000000e+00	0.000000e+00	0.000000e+00	0.000000e+00	0.000000e+00	0.000000e+00	0.000000e+00	0.000000e+00	0.000000e+00	0.000000e+00	0.000000e+00	
1198.785604	1193.535269	1204.035939	199.547661	2.038829e+03	1.882635e-90	0.000000e+00	1.901897e-54	1.812131e-72	0.000000e+00	0.000000e+00	8.446379e-03	1.882635e-90	1.165953e-03	1.941228e-61	1.882635e-90	1.882635e-90	1.882635e-90	1.882635e-90	0.000000e+00	1.882635e-90	1.882635e-90	1.882635e-90	1.882635e-90	2.537955e-45	4.973769e-03	7.246785e-51	0.000000e+00	0.000000e+00	0.000000e+00	1.882635e-90	2.873331e-90	0.000000e+00	1.364986e-51	0.000000e+00	0.000000e+00	0.000000e+00	0.000000e+00	0.000000e+00	0.000000e+00	0.000000e+00	2.441364e-59	1.882635e-90	1.882635e-90	4.765321e-76	4.716419e-47	1.924517e-70	1.888640e-58	1.882635e-90	2.273498e-04	1.067624e-42	0.000000e+00	0.000000e+00	2.306147e-49	1.882635e-90	0.000000e+00	5.594126e-39	8.419270e-01	1.882635e-90	1.321673e-17	0.000000e+00	1.882635e-90	1.882635e-90	1.882635e-90	1.681741e-56	2.550556e-88	0.000000e+00	0.000000e+00	1.882635e-90	0.000000e+00	0.000000e+00	0.000000e+00	0.000000e+00	0.000000e+00	0.000000e+00	0.000000e+00	6.952783e-64	2.203119e-86	0.000000e+00	0.000000e+00	0.000000e+00	0.000000e+00	0.000000e+00	0.000000e+00	0.000000e+00	0.000000e+00	0.000000e+00	0.000000e+00	0.000000e+00	0.000000e+00	0.000000e+00	0.000000e+00	0.000000e+00	0.000000e+00	0.000000e+00	0.000000e+00	0.000000e+00	0.000000e+00	0.000000e+00	0.000000e+00	0.000000e+00	0.000000e+00	0.000000e+00	0.000000e+00	0.000000e+00	0.000000e+00	0.000000e+00	0.000000e+00	0.000000e+00	0.000000e+00	0.000000e+00	0.000000e+00	0.000000e+00	0.000000e+00	0.000000e+00	0.000000e+00	0.000000e+00	0.000000e+00	0.000000e+00	0.000000e+00	
1209.252235	1204.035939	1214.468531	198.253239	1.673166e+03	1.882628e-90	0.000000e+00	9.001628e-55	6.676610e-73	0.000000e+00	0.000000e+00	8.446357e-03	1.882628e-90	1.165981e-03	8.440641e-62	1.882628e-90	1.882628e-90	1.882628e-90	1.882628e-90	0.000000e+00	1.882628e-90	1.882628e-90	1.882628e-90	1.882628e-90	1.693391e-45	4.973503e-03	4.068006e-51	0.000000e+00	0.000000e+00	0.000000e+00	1.882628e-90	1.882628e-90	0.000000e+00	7.583427e-52	0.000000e+00	0.000000e+00	0.000000e+00	0.000000e+00	0.000000e+00	0.000000e+00	0.000000e+00	1.341140e-59	1.882628e-90	1.882628e-90	1.811208e-76	2.968023e-47	8.275643e-71	1.048167e-58	1.882628e-90	2.273385e-04	6.289680e-43	0.000000e+00	0.000000e+00	1.597580e-49	1.882628e-90	0.000000e+00	4.427722e-39	8.419274e-01	1.882628e-90	1.391877e-17	0.000000e+00	1.882628e-90	1.882628e-90	1.882628e-90	7.789719e-57	8.434662e-89	0.000000e+00	0.000000e+00	1.882628e-90	0.000000e+00	0.000000e+00	0.000000e+00	0.000000e+00	0.000000e+00	0.000000e+00	0.000000e+00	3.796557e-64	8.802286e-87	0.000000e+00	0.000000e+00	0.000000e+00	0.000000e+00	0.000000e+00	0.000000e+00	0.000000e+00	0.000000e+00	0.000000e+00	0.000000e+00	0.000000e+00	0.000000e+00	0.000000e+00	0.000000e+00	0.000000e+00	0.000000e+00	0.000000e+00	0.000000e+00	0.000000e+00	0.000000e+00	0.000000e+00	0.000000e+00	0.000000e+00	0.000000e+00	0.000000e+00	0.000000e+00	0.000000e+00	0.000000e+00	0.000000e+00	0.000000e+00	0.000000e+00	0.000000e+00	0.000000e+00	0.000000e+00	0.000000e+00	0.000000e+00	0.000000e+00	0.000000e+00	0.000000e+00	0.000000e+00	0.000000e+00	0.000000e+00	
1219.655628	1214.468531	1224.842725	197.143523	1.373084e+03	1.882671e-90	0.000000e+00	4.766158e-55	2.844829e-73	0.000000e+00	0.000000e+00	8.446846e-03	1.882671e-90	1.165922e-03	4.151472e-62	1.882671e-90	1.882671e-90	1.882671e-90	1.882671e-90	0.000000e+00	1.882671e-90	1.882671e-90	1.882671e-90	1.882671e-90	1.256953e-45	4.973680e-03	2.531593e-51	0.000000e+00	0.000000e+00	0.000000e+00	1.882671e-90	1.882671e-90	0.000000e+00	4.677430e-52	0.000000e+00	0.000000e+00	0.000000e+00	0.000000e+00	0.000000e+00	0.000000e+00	0.000000e+00	8.409110e-60	1.882671e-90	1.882671e-90	8.033121e-77	2.039180e-47	4.086077e-71	6.460172e-59	1.882671e-90	2.273367e-04	4.026954e-43	0.000000e+00	0.000000e+00	1.225430e-49	1.882671e-90	0.000000e+00	3.812656e-39	8.419239e-01	1.882671e-90	1.534787e-17	0.000000e+00	1.882671e-90	1.882671e-90	1.882671e-90	4.048386e-57	3.360497e-89	0.000000e+00	0.000000e+00	1.882671e-90	0.000000e+00	0.000000e+00	0.000000e+00	0.000000e+00	0.000000e+00	0.000000e+00	0.000000e+00	2.368833e-64	3.977138e-87	0.000000e+00	0.000000e+00	0.000000e+00	0.000000e+00	0.000000e+00	0.000000e+00	0.000000e+00	0.000000e+00	0.000000e+00	0.000000e+00	0.000000e+00	0.000000e+00	0.000000e+00	0.000000e+00	0.000000e+00	0.000000e+00	0.000000e+00	0.000000e+00	0.000000e+00	0.000000e+00	0.000000e+00	0.000000e+00	0.000000e+00	0.000000e+00	0.000000e+00	0.000000e+00	0.000000e+00	0.000000e+00	0.000000e+00	0.000000e+00	0.000000e+00	0.000000e+00	0.000000e+00	0.000000e+00	0.000000e+00	0.000000e+00	0.000000e+00	0.000000e+00	0.000000e+00	0.000000e+00	0.000000e+00	0.000000e+00	
1230.008500	1224.842725	1235.174276	196.332236	1.126821e+03	1.882701e-90	0.000000e+00	3.059069e-55	1.555249e-73	0.000000e+00	0.000000e+00	8.446587e-03	1.882701e-90	1.165961e-03	2.523470e-62	1.882701e-90	1.882701e-90	1.882701e-90	1.882701e-90	0.000000e+00	1.882701e-90	1.882701e-90	1.882701e-90	1.882701e-90	1.119000e-45	4.973570e-03	1.878749e-51	0.000000e+00	0.000000e+00	0.000000e+00	1.882701e-90	1.882701e-90	0.000000e+00	3.448656e-52	0.000000e+00	0.000000e+00	0.000000e+00	0.000000e+00	0.000000e+00	0.000000e+00	0.000000e+00	6.610646e-60	1.882701e-90	1.882701e-90	4.642883e-77	1.628220e-47	2.556220e-71	4.760801e-59	1.882701e-90	2.273443e-04	2.973767e-43	0.000000e+00	0.000000e+00	1.117908e-49	1.882701e-90	0.000000e+00	3.787618e-39	8.419219e-01	1.882701e-90	1.830516e-17	0.000000e+00	1.882701e-90	1.882701e-90	1.882701e-90	2.562805e-57	1.841513e-89	0.000000e+00	0.000000e+00	1.882701e-90	0.000000e+00	0.000000e+00	0.000000e+00	0.000000e+00	0.000000e+00	0.000000e+00	0.000000e+00	1.855605e-64	2.213648e-87	0.000000e+00	0.000000e+00	0.000000e+00	0.000000e+00	0.000000e+00	0.000000e+00	0.000000e+00	0.000000e+00	0.000000e+00	0.000000e+00	0.000000e+00	0.000000e+00	0.000000e+00	0.000000e+00	0.000000e+00	0.000000e+00	0.000000e+00	0.000000e+00	0.000000e+00	0.000000e+00	0.000000e+00	0.000000e+00	0.000000e+00	0.000000e+00	0.000000e+00	0.000000e+00	0.000000e+00	0.000000e+00	0.000000e+00	0.000000e+00	0.000000e+00	0.000000e+00	0.000000e+00	0.000000e+00	0.000000e+00	0.000000e+00	0.000000e+00	0.000000e+00	0.000000e+00	0.000000e+00	0.000000e+00	0.000000e+00	
1240.321948	1235.174276	1245.469621	195.646146	9.247263e+02	1.882735e-90	0.000000e+00	2.127455e-55	9.434908e-74	0.000000e+00	0.000000e+00	8.447096e-03	1.882735e-90	1.165993e-03	1.675431e-62	1.882735e-90	1.882735e-90	1.882735e-90	1.882735e-90	0.000000e+00	1.882735e-90	1.882735e-90	1.882735e-90	1.882735e-90	1.074927e-45	4.973847e-03	1.500855e-51	0.000000e+00	0.000000e+00	0.000000e+00	1.882735e-90	1.882735e-90	0.000000e+00	2.739750e-52	0.000000e+00	0.000000e+00	0.000000e+00	0.000000e+00	0.000000e+00	0.000000e+00	0.000000e+00	5.711352e-60	1.882735e-90	1.882735e-90	2.996868e-77	1.384346e-47	1.765382e-71	3.781268e-59	1.882735e-90	2.273684e-04	2.330822e-43	0.000000e+00	0.000000e+00	1.096651e-49	1.882735e-90	0.000000e+00	3.995546e-39	8.419184e-01	1.882735e-90	2.255761e-17	0.000000e+00	1.882735e-90	1.882735e-90	1.882735e-90	1.761655e-57	1.152883e-89	0.000000e+00	0.000000e+00	1.882735e-90	0.000000e+00	0.000000e+00	0.000000e+00	0.000000e+00	0.000000e+00	0.000000e+00	0.000000e+00	1.598626e-64	1.344916e-87	0.000000e+00	0.000000e+00	0.000000e+00	0.000000e+00	0.000000e+00	0.000000e+00	0.000000e+00	0.000000e+00	0.000000e+00	0.000000e+00	0.000000e+00	0.000000e+00	0.000000e+00	0.000000e+00	0.000000e+00	0.000000e+00	0.000000e+00	0.000000e+00	0.000000e+00	0.000000e+00	0.000000e+00	0.000000e+00	0.000000e+00	0.000000e+00	0.000000e+00	0.000000e+00	0.000000e+00	0.000000e+00	0.000000e+00	0.000000e+00	0.000000e+00	0.000000e+00	0.000000e+00	0.000000e+00	0.000000e+00	0.000000e+00	0.000000e+00	0.000000e+00	0.000000e+00	0.000000e+00	0.000000e+00	0.000000e+00	
1250.593515	1245.469621	1255.717409	194.743661	7.588768e+02	1.882661e-90	0.000000e+00	1.272753e-55	4.708305e-74	0.000000e+00	0.000000e+00	8.446370e-03	1.882661e-90	1.165916e-03	9.423931e-63	1.882661e-90	1.882661e-90	1.882661e-90	1.882661e-90	0.000000e+00	1.882661e-90	1.882661e-90	1.882661e-90	1.882661e-90	8.959651e-46	4.973776e-03	1.044728e-51	0.000000e+00	0.000000e+00	0.000000e+00	1.882661e-90	1.882661e-90	0.000000e+00	1.893337e-52	0.000000e+00	0.000000e+00	0.000000e+00	0.000000e+00	0.000000e+00	0.000000e+00	0.000000e+00	4.136432e-60	1.882661e-90	1.882661e-90	1.572233e-77	1.046369e-47	1.012913e-71	2.611478e-59	1.882661e-90	2.273498e-04	1.633603e-43	0.000000e+00	0.000000e+00	9.397676e-50	1.882661e-90	0.000000e+00	3.770372e-39	8.419249e-01	1.882661e-90	2.616275e-17	0.000000e+00	1.882661e-90	1.882661e-90	1.882661e-90	1.037640e-57	5.624757e-90	0.000000e+00	0.000000e+00	1.882661e-90	0.000000e+00	0.000000e+00	0.000000e+00	0.000000e+00	0.000000e+00	0.000000e+00	0.000000e+00	1.153399e-64	6.944396e-88	0.000000e+00	0.000000e+00	0.000000e+00	0.000000e+00	0.000000e+00	0.000000e+00	0.000000e+00	0.000000e+00	0.000000e+00	0.000000e+00	0.000000e+00	0.000000e+00	0.000000e+00	0.000000e+00	0.000000e+00	0.000000e+00	0.000000e+00	0.000000e+00	0.000000e+00	0.000000e+00	0.000000e+00	0.000000e+00	0.000000e+00	0.000000e+00	0.000000e+00	0.000000e+00	0.000000e+00	0.000000e+00	0.000000e+00	0.000000e+00	0.000000e+00	0.000000e+00	0.000000e+00	0.000000e+00	0.000000e+00	0.000000e+00	0.000000e+00	0.000000e+00	0.000000e+00	0.000000e+00	0.000000e+00	0.000000e+00	
1260.805793	1255.717409	1265.894176	193.392650	6.227724e+02	1.882663e-90	0.000000e+00	5.557315e-56	1.562471e-74	0.000000e+00	0.000000e+00	8.446869e-03	1.882663e-90	1.165977e-03	3.748323e-63	1.882663e-90	1.882663e-90	1.882663e-90	1.882663e-90	0.000000e+00	1.882663e-90	1.882663e-90	1.882663e-90	1.882663e-90	5.554275e-46	4.973425e-03	5.456178e-52	0.000000e+00	0.000000e+00	0.000000e+00	1.882663e-90	1.882663e-90	0.000000e+00	9.778511e-53	0.000000e+00	0.000000e+00	0.000000e+00	0.000000e+00	0.000000e+00	0.000000e+00	0.000000e+00	2.072878e-60	1.882663e-90	1.882663e-90	5.349174e-78	6.190520e-48	3.947961e-72	1.348565e-59	1.882663e-90	2.273478e-04	9.066130e-44	0.000000e+00	0.000000e+00	6.078119e-50	1.882663e-90	0.000000e+00	2.821904e-39	8.419245e-01	1.882663e-90	2.675460e-17	0.000000e+00	1.882663e-90	1.882663e-90	1.882663e-90	4.425131e-58	1.882663e-90	0.000000e+00	0.000000e+00	1.882663e-90	0.000000e+00	0.000000e+00	0.000000e+00	0.000000e+00	0.000000e+00	0.000000e+00	0.000000e+00	5.749627e-65	2.558811e-88	0.000000e+00	0.000000e+00	0.000000e+00	0.000000e+00	0.000000e+00	0.000000e+00	0.000000e+00	0.000000e+00	0.000000e+00	0.000000e+00	0.000000e+00	0.000000e+00	0.000000e+00	0.000000e+00	0.000000e+00	0.000000e+00	0.000000e+00	0.000000e+00	0.000000e+00	0.000000e+00	0.000000e+00	0.000000e+00	0.000000e+00	0.000000e+00	0.000000e+00	0.000000e+00	0.000000e+00	0.000000e+00	0.000000e+00	0.000000e+00	0.000000e+00	0.000000e+00	0.000000e+00	0.000000e+00	0.000000e+00	0.000000e+00	0.000000e+00	0.000000e+00	0.000000e+00	0.000000e+00	0.000000e+00	0.000000e+00	
1270.934656	1265.894176	1275.975135	191.570983	5.110783e+02	1.882579e-90	0.000000e+00	1.721319e-56	3.321881e-75	0.000000e+00	0.000000e+00	8.445810e-03	1.882579e-90	1.165938e-03	1.021364e-63	1.882579e-90	1.882579e-90	1.882579e-90	1.882579e-90	0.000000e+00	1.882579e-90	1.882579e-90	1.882579e-90	1.882579e-90	2.494342e-46	4.973255e-03	2.083465e-52	0.000000e+00	0.000000e+00	0.000000e+00	1.882579e-90	1.882579e-90	0.000000e+00	3.678830e-53	0.000000e+00	0.000000e+00	0.000000e+00	0.000000e+00	0.000000e+00	0.000000e+00	0.000000e+00	6.956621e-61	1.882579e-90	1.882579e-90	1.134770e-78	2.803748e-48	1.009075e-72	5.071366e-60	1.882579e-90	2.273293e-04	3.900329e-44	0.000000e+00	0.000000e+00	2.894297e-50	1.882579e-90	0.000000e+00	1.641158e-39	8.419323e-01	1.882579e-90	2.386142e-17	0.000000e+00	1.882579e-90	1.882579e-90	1.882579e-90	1.327165e-58	1.882579e-90	0.000000e+00	0.000000e+00	1.882579e-90	0.000000e+00	0.000000e+00	0.000000e+00	0.000000e+00	0.000000e+00	0.000000e+00	0.000000e+00	1.916414e-65	6.527452e-89	0.000000e+00	0.000000e+00	0.000000e+00	0.000000e+00	0.000000e+00	0.000000e+00	0.000000e+00	0.000000e+00	0.000000e+00	0.000000e+00	0.000000e+00	0.000000e+00	0.000000e+00	0.000000e+00	0.000000e+00	0.000000e+00	0.000000e+00	0.000000e+00	0.000000e+00	0.000000e+00	0.000000e+00	0.000000e+00	0.000000e+00	0.000000e+00	0.000000e+00	0.000000e+00	0.000000e+00	0.000000e+00	0.000000e+00	0.000000e+00	0.000000e+00	0.000000e+00	0.000000e+00	0.000000e+00	0.000000e+00	0.000000e+00	0.000000e+00	0.000000e+00	0.000000e+00	0.000000e+00	0.000000e+00	0.000000e+00	
1280.956495	1275.975135	1285.937855	189.324265	4.194165e+02	1.882608e-90	0.000000e+00	3.835056e-57	4.608378e-76	0.000000e+00	0.000000e+00	8.446411e-03	1.882608e-90	1.165936e-03	1.935938e-64	1.882608e-90	1.882608e-90	1.882608e-90	1.882608e-90	0.000000e+00	1.882608e-90	1.882608e-90	1.882608e-90	1.882608e-90	8.234378e-47	4.973054e-03	5.897559e-53	0.000000e+00	0.000000e+00	0.000000e+00	1.882608e-90	1.882608e-90	0.000000e+00	1.022006e-53	0.000000e+00	0.000000e+00	0.000000e+00	0.000000e+00	0.000000e+00	0.000000e+00	0.000000e+00	1.591349e-61	1.882608e-90	1.882608e-90	1.530343e-79	9.835159e-49	1.722061e-73	1.409791e-60	1.882608e-90	2.273283e-04	1.314436e-44	0.000000e+00	0.000000e+00	1.029725e-50	1.882608e-90	0.000000e+00	7.511858e-40	8.419297e-01	1.882608e-90	1.869636e-17	0.000000e+00	1.882608e-90	1.882608e-90	1.882608e-90	2.839474e-59	1.882608e-90	0.000000e+00	0.000000e+00	1.882608e-90	0.000000e+00	0.000000e+00	0.000000e+00	0.000000e+00	0.000000e+00	0.000000e+00	0.000000e+00	4.351443e-66	1.175262e-89	0.000000e+00	0.000000e+00	0.000000e+00	0.000000e+00	0.000000e+00	0.000000e+00	0.000000e+00	0.000000e+00	0.000000e+00	0.000000e+00	0.000000e+00	0.000000e+00	0.000000e+00	0.000000e+00	0.000000e+00	0.000000e+00	0.000000e+00	0.000000e+00	0.000000e+00	0.000000e+00	0.000000e+00	0.000000e+00	0.000000e+00	0.000000e+00	0.000000e+00	0.000000e+00	0.000000e+00	0.000000e+00	0.000000e+00	0.000000e+00	0.000000e+00	0.000000e+00	0.000000e+00	0.000000e+00	0.000000e+00	0.000000e+00	0.000000e+00	0.000000e+00	0.000000e+00	0.000000e+00	0.000000e+00	0.000000e+00	
1290.849988	1285.937855	1295.762121	186.693921	3.441943e+02	1.882616e-90	0.000000e+00	6.197662e-58	4.215741e-77	0.000000e+00	0.000000e+00	8.446907e-03	1.882616e-90	1.165902e-03	2.575373e-65	1.882616e-90	1.882616e-90	1.882616e-90	1.882616e-90	0.000000e+00	1.882616e-90	1.882616e-90	1.882616e-90	1.882616e-90	2.016425e-47	4.973473e-03	1.247839e-53	0.000000e+00	0.000000e+00	0.000000e+00	1.882616e-90	1.882616e-90	0.000000e+00	2.115275e-54	0.000000e+00	0.000000e+00	0.000000e+00	0.000000e+00	0.000000e+00	0.000000e+00	0.000000e+00	2.509299e-62	1.882616e-90	1.882616e-90	1.327250e-80	2.691184e-49	1.982871e-74	2.922308e-61	1.882616e-90	2.273542e-04	3.491766e-45	0.000000e+00	0.000000e+00	2.762848e-51	1.882616e-90	0.000000e+00	2.727191e-40	8.419284e-01	1.882616e-90	1.293275e-17	0.000000e+00	1.882616e-90	1.882616e-90	1.882616e-90	4.371736e-60	1.882616e-90	0.000000e+00	0.000000e+00	1.882616e-90	0.000000e+00	0.000000e+00	0.000000e+00	0.000000e+00	0.000000e+00	0.000000e+00	0.000000e+00	6.810102e-67	1.882616e-90	0.000000e+00	0.000000e+00	0.000000e+00	0.000000e+00	0.000000e+00	0.000000e+00	0.000000e+00	0.000000e+00	0.000000e+00	0.000000e+00	0.000000e+00	0.000000e+00	0.000000e+00	0.000000e+00	0.000000e+00	0.000000e+00	0.000000e+00	0.000000e+00	0.000000e+00	0.000000e+00	0.000000e+00	0.000000e+00	0.000000e+00	0.000000e+00	0.000000e+00	0.000000e+00	0.000000e+00	0.000000e+00	0.000000e+00	0.000000e+00	0.000000e+00	0.000000e+00	0.000000e+00	0.000000e+00	0.000000e+00	0.000000e+00	0.000000e+00	0.000000e+00	0.000000e+00	0.000000e+00	0.000000e+00	0.000000e+00	
1300.598039	1295.762121	1305.433957	183.795578	2.824631e+02	1.882618e-90	0.000000e+00	7.738129e-59	2.759302e-78	0.000000e+00	0.000000e+00	8.446496e-03	1.882618e-90	1.165990e-03	2.577281e-66	1.882618e-90	1.882618e-90	1.882618e-90	1.882618e-90	0.000000e+00	1.882618e-90	1.882618e-90	1.882618e-90	1.882618e-90	3.890847e-48	4.973746e-03	2.091651e-54	0.000000e+00	0.000000e+00	0.000000e+00	1.882618e-90	1.882618e-90	0.000000e+00	3.459789e-55	0.000000e+00	0.000000e+00	0.000000e+00	0.000000e+00	0.000000e+00	0.000000e+00	0.000000e+00	2.940504e-63	1.882618e-90	1.882618e-90	8.072067e-82	6.032936e-50	1.664675e-75	4.792153e-62	1.882618e-90	2.273364e-04	7.659628e-46	0.000000e+00	0.000000e+00	5.923064e-52	1.882618e-90	0.000000e+00	8.240287e-41	8.419282e-01	1.882618e-90	8.115415e-18	0.000000e+00	1.882618e-90	1.882618e-90	1.882618e-90	5.166781e-61	1.882618e-90	0.000000e+00	0.000000e+00	1.882618e-90	0.000000e+00	0.000000e+00	0.000000e+00	0.000000e+00	0.000000e+00	0.000000e+00	0.000000e+00	7.926493e-68	1.882618e-90	0.000000e+00	0.000000e+00	0.000000e+00	0.000000e+00	0.000000e+00	0.000000e+00	0.000000e+00	0.000000e+00	0.000000e+00	0.000000e+00	0.000000e+00	0.000000e+00	0.000000e+00	0.000000e+00	0.000000e+00	0.000000e+00	0.000000e+00	0.000000e+00	0.000000e+00	0.000000e+00	0.000000e+00	0.000000e+00	0.000000e+00	0.000000e+00	0.000000e+00	0.000000e+00	0.000000e+00	0.000000e+00	0.000000e+00	0.000000e+00	0.000000e+00	0.000000e+00	0.000000e+00	0.000000e+00	0.000000e+00	0.000000e+00	0.000000e+00	0.000000e+00	0.000000e+00	0.000000e+00	0.000000e+00	0.000000e+00	
1310.191876	1305.433957	1314.949796	180.832133	2.318034e+02	1.882618e-90	0.000000e+00	8.573001e-60	1.546402e-79	0.000000e+00	0.000000e+00	8.446563e-03	1.882618e-90	1.165853e-03	2.258904e-67	1.882618e-90	1.882618e-90	1.882618e-90	1.882618e-90	0.000000e+00	1.882618e-90	1.882618e-90	1.882618e-90	1.882618e-90	6.742013e-49	4.973406e-03	3.152823e-55	0.000000e+00	0.000000e+00	0.000000e+00	1.882618e-90	1.882618e-90	0.000000e+00	5.083384e-56	0.000000e+00	0.000000e+00	0.000000e+00	0.000000e+00	0.000000e+00	0.000000e+00	0.000000e+00	3.011285e-64	1.882618e-90	1.882618e-90	4.166145e-83	1.235052e-50	1.208642e-76	7.073526e-63	1.882618e-90	2.273414e-04	1.537941e-46	0.000000e+00	0.000000e+00	1.149477e-52	1.882618e-90	0.000000e+00	2.296791e-41	8.419284e-01	1.882618e-90	4.882994e-18	0.000000e+00	1.882618e-90	1.882618e-90	1.882618e-90	5.402088e-62	1.882618e-90	0.000000e+00	0.000000e+00	1.882618e-90	0.000000e+00	0.000000e+00	0.000000e+00	0.000000e+00	0.000000e+00	0.000000e+00	0.000000e+00	8.077438e-69	1.882618e-90	0.000000e+00	0.000000e+00	0.000000e+00	0.000000e+00	0.000000e+00	0.000000e+00	0.000000e+00	0.000000e+00	0.000000e+00	0.000000e+00	0.000000e+00	0.000000e+00	0.000000e+00	0.000000e+00	0.000000e+00	0.000000e+00	0.000000e+00	0.000000e+00	0.000000e+00	0.000000e+00	0.000000e+00	0.000000e+00	0.000000e+00	0.000000e+00	0.000000e+00	0.000000e+00	0.000000e+00	0.000000e+00	0.000000e+00	0.000000e+00	0.000000e+00	0.000000e+00	0.000000e+00	0.000000e+00	0.000000e+00	0.000000e+00	0.000000e+00	0.000000e+00	0.000000e+00	0.000000e+00	0.000000e+00	0.000000e+00	
1319.636172	1314.949796	1324.322548	178.111067	1.902295e+02	1.882676e-90	0.000000e+00	1.073295e-60	1.015206e-80	0.000000e+00	0.000000e+00	8.446751e-03	1.882676e-90	1.165952e-03	2.264224e-68	1.882676e-90	1.882676e-90	1.882676e-90	1.882676e-90	0.000000e+00	1.882676e-90	1.882676e-90	1.882676e-90	1.882676e-90	1.315425e-49	4.973852e-03	5.325474e-56	0.000000e+00	0.000000e+00	0.000000e+00	1.882676e-90	1.882676e-90	0.000000e+00	8.385918e-57	0.000000e+00	0.000000e+00	0.000000e+00	0.000000e+00	0.000000e+00	0.000000e+00	0.000000e+00	3.572685e-65	1.882676e-90	1.882676e-90	2.544412e-84	2.785138e-51	1.020901e-77	1.173296e-63	1.882676e-90	2.273546e-04	3.381134e-47	0.000000e+00	0.000000e+00	2.501889e-53	1.882676e-90	0.000000e+00	7.043307e-42	8.419233e-01	1.882676e-90	3.100574e-18	0.000000e+00	1.882676e-90	1.882676e-90	1.882676e-90	6.403939e-63	1.882676e-90	0.000000e+00	0.000000e+00	1.882676e-90	0.000000e+00	0.000000e+00	0.000000e+00	0.000000e+00	0.000000e+00	0.000000e+00	0.000000e+00	9.558573e-70	1.882676e-90	0.000000e+00	0.000000e+00	0.000000e+00	0.000000e+00	0.000000e+00	0.000000e+00	0.000000e+00	0.000000e+00	0.000000e+00	0.000000e+00	0.000000e+00	0.000000e+00	0.000000e+00	0.000000e+00	0.000000e+00	0.000000e+00	0.000000e+00	0.000000e+00	0.000000e+00	0.000000e+00	0.000000e+00	0.000000e+00	0.000000e+00	0.000000e+00	0.000000e+00	0.000000e+00	0.000000e+00	0.000000e+00	0.000000e+00	0.000000e+00	0.000000e+00	0.000000e+00	0.000000e+00	0.000000e+00	0.000000e+00	0.000000e+00	0.000000e+00	0.000000e+00	0.000000e+00	0.000000e+00	0.000000e+00	0.000000e+00	
1328.956468	1324.322548	1333.590388	176.115252	1.561119e+02	1.882769e-90	0.000000e+00	2.302187e-61	1.339378e-81	0.000000e+00	0.000000e+00	8.447194e-03	1.882769e-90	1.166059e-03	4.106590e-69	1.882769e-90	1.882769e-90	1.882769e-90	1.882769e-90	0.000000e+00	1.882769e-90	1.882769e-90	1.882769e-90	1.882769e-90	4.251663e-50	4.973981e-03	1.468961e-56	0.000000e+00	0.000000e+00	0.000000e+00	1.882769e-90	1.882769e-90	0.000000e+00	2.272854e-57	0.000000e+00	0.000000e+00	0.000000e+00	0.000000e+00	0.000000e+00	0.000000e+00	0.000000e+00	7.943079e-66	1.882769e-90	1.882769e-90	3.258727e-85	9.544170e-52	1.670209e-78	3.196341e-64	1.882769e-90	2.273623e-04	1.107999e-47	0.000000e+00	0.000000e+00	8.791610e-54	1.882769e-90	0.000000e+00	3.203884e-42	8.419157e-01	1.882769e-90	2.437805e-18	0.000000e+00	1.882769e-90	1.882769e-90	1.882769e-90	1.318392e-63	1.882769e-90	0.000000e+00	0.000000e+00	1.882769e-90	0.000000e+00	0.000000e+00	0.000000e+00	0.000000e+00	0.000000e+00	0.000000e+00	0.000000e+00	2.123890e-70	1.882769e-90	0.000000e+00	0.000000e+00	0.000000e+00	0.000000e+00	0.000000e+00	0.000000e+00	0.000000e+00	0.000000e+00	0.000000e+00	0.000000e+00	0.000000e+00	0.000000e+00	0.000000e+00	0.000000e+00	0.000000e+00	0.000000e+00	0.000000e+00	0.000000e+00	0.000000e+00	0.000000e+00	0.000000e+00	0.000000e+00	0.000000e+00	0.000000e+00	0.000000e+00	0.000000e+00	0.000000e+00	0.000000e+00	0.000000e+00	0.000000e+00	0.000000e+00	0.000000e+00	0.000000e+00	0.000000e+00	0.000000e+00	0.000000e+00	0.000000e+00	0.000000e+00	0.000000e+00	0.000000e+00	0.000000e+00	0.000000e+00	
1338.202841	1333.590388	1342.815293	175.299413	1.281132e+02	1.882698e-90	0.000000e+00	1.287256e-61	6.119240e-82	0.000000e+00	0.000000e+00	8.445972e-03	1.882698e-90	1.165943e-03	2.141128e-69	1.882698e-90	1.882698e-90	1.882698e-90	1.882698e-90	0.000000e+00	1.882698e-90	1.882698e-90	1.882698e-90	1.882698e-90	3.353573e-50	4.973912e-03	9.662003e-57	0.000000e+00	0.000000e+00	0.000000e+00	1.882698e-90	1.882698e-90	0.000000e+00	1.484408e-57	0.000000e+00	0.000000e+00	0.000000e+00	0.000000e+00	0.000000e+00	0.000000e+00	0.000000e+00	5.364271e-66	1.882698e-90	1.882698e-90	1.558337e-85	6.868924e-52	8.841586e-79	2.091674e-64	1.882698e-90	2.273497e-04	7.386618e-48	0.000000e+00	0.000000e+00	7.181229e-54	1.882698e-90	0.000000e+00	2.912805e-42	8.419224e-01	1.882698e-90	2.781485e-18	0.000000e+00	1.882698e-90	1.882698e-90	1.882698e-90	7.247042e-64	1.882698e-90	0.000000e+00	0.000000e+00	1.882698e-90	0.000000e+00	0.000000e+00	0.000000e+00	0.000000e+00	0.000000e+00	0.000000e+00	0.000000e+00	1.434219e-70	1.882698e-90	0.000000e+00	0.000000e+00	0.000000e+00	0.000000e+00	0.000000e+00	0.000000e+00	0.000000e+00	0.000000e+00	0.000000e+00	0.000000e+00	0.000000e+00	0.000000e+00	0.000000e+00	0.000000e+00	0.000000e+00	0.000000e+00	0.000000e+00	0.000000e+00	0.000000e+00	0.000000e+00	0.000000e+00	0.000000e+00	0.000000e+00	0.000000e+00	0.000000e+00	0.000000e+00	0.000000e+00	0.000000e+00	0.000000e+00	0.000000e+00	0.000000e+00	0.000000e+00	0.000000e+00	0.000000e+00	0.000000e+00	0.000000e+00	0.000000e+00	0.000000e+00	0.000000e+00	0.000000e+00	0.000000e+00	0.000000e+00	
1347.432526	1342.815293	1352.049759	175.477131	1.051362e+02	1.882766e-90	0.000000e+00	1.648773e-61	8.192614e-82	0.000000e+00	0.000000e+00	8.447147e-03	1.882766e-90	1.166036e-03	2.784879e-69	1.882766e-90	1.882766e-90	1.882766e-90	1.882766e-90	0.000000e+00	1.882766e-90	1.882766e-90	1.882766e-90	1.882766e-90	5.719195e-50	4.974409e-03	1.347520e-56	0.000000e+00	0.000000e+00	0.000000e+00	1.882766e-90	1.882766e-90	0.000000e+00	2.073421e-57	0.000000e+00	0.000000e+00	0.000000e+00	0.000000e+00	0.000000e+00	0.000000e+00	0.000000e+00	9.463568e-66	1.882766e-90	1.882766e-90	2.329790e-85	9.391517e-52	1.292946e-78	2.920473e-64	1.882766e-90	2.273553e-04	9.104418e-48	0.000000e+00	0.000000e+00	1.215370e-53	1.882766e-90	0.000000e+00	4.816102e-42	8.419155e-01	1.882766e-90	4.375340e-18	0.000000e+00	1.882766e-90	1.882766e-90	1.882766e-90	9.317957e-64	1.882766e-90	0.000000e+00	0.000000e+00	1.882766e-90	0.000000e+00	0.000000e+00	0.000000e+00	0.000000e+00	0.000000e+00	0.000000e+00	0.000000e+00	2.530523e-70	1.882766e-90	0.000000e+00	0.000000e+00	0.000000e+00	0.000000e+00	0.000000e+00	0.000000e+00	0.000000e+00	0.000000e+00	0.000000e+00	0.000000e+00	0.000000e+00	0.000000e+00	0.000000e+00	0.000000e+00	0.000000e+00	0.000000e+00	0.000000e+00	0.000000e+00	0.000000e+00	0.000000e+00	0.000000e+00	0.000000e+00	0.000000e+00	0.000000e+00	0.000000e+00	0.000000e+00	0.000000e+00	0.000000e+00	0.000000e+00	0.000000e+00	0.000000e+00	0.000000e+00	0.000000e+00	0.000000e+00	0.000000e+00	0.000000e+00	0.000000e+00	0.000000e+00	0.000000e+00	0.000000e+00	0.000000e+00	0.000000e+00	
1356.677889	1352.049759	1361.306019	175.885891	8.628001e+01	1.882762e-90	0.000000e+00	2.559320e-61	1.407048e-81	0.000000e+00	0.000000e+00	8.446920e-03	1.882762e-90	1.166000e-03	4.476625e-69	1.882762e-90	1.882762e-90	1.882762e-90	1.882762e-90	0.000000e+00	1.882762e-90	1.882762e-90	1.882762e-90	1.882762e-90	1.165753e-49	4.974012e-03	2.236100e-56	0.000000e+00	0.000000e+00	0.000000e+00	1.882762e-90	1.882762e-90	0.000000e+00	3.452945e-57	0.000000e+00	0.000000e+00	0.000000e+00	0.000000e+00	0.000000e+00	0.000000e+00	0.000000e+00	2.085102e-65	1.882762e-90	1.882762e-90	4.536631e-85	1.489927e-51	2.392359e-78	4.858512e-64	1.882762e-90	2.273577e-04	1.293974e-47	0.000000e+00	0.000000e+00	2.434224e-53	1.882762e-90	0.000000e+00	9.141249e-42	8.419162e-01	1.882762e-90	7.412103e-18	0.000000e+00	1.882762e-90	1.882762e-90	1.882762e-90	1.458671e-63	1.882762e-90	0.000000e+00	0.000000e+00	1.882762e-90	0.000000e+00	0.000000e+00	0.000000e+00	0.000000e+00	0.000000e+00	0.000000e+00	0.000000e+00	5.575134e-70	1.882762e-90	0.000000e+00	0.000000e+00	0.000000e+00	0.000000e+00	0.000000e+00	0.000000e+00	0.000000e+00	0.000000e+00	0.000000e+00	0.000000e+00	0.000000e+00	0.000000e+00	0.000000e+00	0.000000e+00	0.000000e+00	0.000000e+00	0.000000e+00	0.000000e+00	0.000000e+00	0.000000e+00	0.000000e+00	0.000000e+00	0.000000e+00	0.000000e+00	0.000000e+00	0.000000e+00	0.000000e+00	0.000000e+00	0.000000e+00	0.000000e+00	0.000000e+00	0.000000e+00	0.000000e+00	0.000000e+00	0.000000e+00	0.000000e+00	0.000000e+00	0.000000e+00	0.000000e+00	0.000000e+00	0.000000e+00	0.000000e+00	
1365.934037	1361.306019	1370.562056	175.876803	7.080571e+01	1.882691e-90	0.000000e+00	2.803898e-61	1.537949e-81	0.000000e+00	0.000000e+00	8.446406e-03	1.882691e-90	1.165973e-03	4.900471e-69	1.882691e-90	1.882691e-90	1.882691e-90	1.882691e-90	0.000000e+00	1.882691e-90	1.882691e-90	1.882691e-90	1.882691e-90	1.718629e-49	4.973839e-03	2.705869e-56	0.000000e+00	0.000000e+00	0.000000e+00	1.882691e-90	1.882691e-90	0.000000e+00	4.178128e-57	0.000000e+00	0.000000e+00	0.000000e+00	0.000000e+00	0.000000e+00	0.000000e+00	0.000000e+00	3.068805e-65	1.882691e-90	1.882691e-90	5.470868e-85	1.804931e-51	2.888092e-78	5.878713e-64	1.882691e-90	2.273587e-04	1.420402e-47	0.000000e+00	0.000000e+00	3.590076e-53	1.882691e-90	0.000000e+00	1.349702e-41	8.419227e-01	1.882691e-90	1.097290e-17	0.000000e+00	1.882691e-90	1.882691e-90	1.882691e-90	1.597696e-63	1.882691e-90	0.000000e+00	0.000000e+00	1.882691e-90	0.000000e+00	0.000000e+00	0.000000e+00	0.000000e+00	0.000000e+00	0.000000e+00	0.000000e+00	8.204794e-70	1.882691e-90	0.000000e+00	0.000000e+00	0.000000e+00	0.000000e+00	0.000000e+00	0.000000e+00	0.000000e+00	0.000000e+00	0.000000e+00	0.000000e+00	0.000000e+00	0.000000e+00	0.000000e+00	0.000000e+00	0.000000e+00	0.000000e+00	0.000000e+00	0.000000e+00	0.000000e+00	0.000000e+00	0.000000e+00	0.000000e+00	0.000000e+00	0.000000e+00	0.000000e+00	0.000000e+00	0.000000e+00	0.000000e+00	0.000000e+00	0.000000e+00	0.000000e+00	0.000000e+00	0.000000e+00	0.000000e+00	0.000000e+00	0.000000e+00	0.000000e+00	0.000000e+00	0.000000e+00	0.000000e+00	0.000000e+00	0.000000e+00	
1375.178457	1370.562056	1379.794857	175.427476	5.810672e+01	1.882655e-90	0.000000e+00	2.127623e-61	1.044192e-81	0.000000e+00	0.000000e+00	8.446754e-03	1.882655e-90	1.165934e-03	3.578053e-69	1.882655e-90	1.882655e-90	1.882655e-90	1.882655e-90	0.000000e+00	1.882655e-90	1.882655e-90	1.882655e-90	1.882655e-90	1.801310e-49	4.974437e-03	2.347974e-56	0.000000e+00	0.000000e+00	0.000000e+00	1.882655e-90	1.882655e-90	0.000000e+00	3.611414e-57	0.000000e+00	0.000000e+00	0.000000e+00	0.000000e+00	0.000000e+00	0.000000e+00	0.000000e+00	2.952395e-65	1.882655e-90	1.882655e-90	3.981223e-85	1.645297e-51	2.223078e-78	5.086623e-64	1.882655e-90	2.273419e-04	1.187461e-47	0.000000e+00	0.000000e+00	3.835849e-53	1.882655e-90	0.000000e+00	1.530013e-41	8.419243e-01	1.882655e-90	1.409274e-17	0.000000e+00	1.882655e-90	1.882655e-90	1.882655e-90	1.201160e-63	1.882655e-90	0.000000e+00	0.000000e+00	1.882655e-90	0.000000e+00	0.000000e+00	0.000000e+00	0.000000e+00	0.000000e+00	0.000000e+00	0.000000e+00	7.894203e-70	1.882655e-90	0.000000e+00	0.000000e+00	0.000000e+00	0.000000e+00	0.000000e+00	0.000000e+00	0.000000e+00	0.000000e+00	0.000000e+00	0.000000e+00	0.000000e+00	0.000000e+00	0.000000e+00	0.000000e+00	0.000000e+00	0.000000e+00	0.000000e+00	0.000000e+00	0.000000e+00	0.000000e+00	0.000000e+00	0.000000e+00	0.000000e+00	0.000000e+00	0.000000e+00	0.000000e+00	0.000000e+00	0.000000e+00	0.000000e+00	0.000000e+00	0.000000e+00	0.000000e+00	0.000000e+00	0.000000e+00	0.000000e+00	0.000000e+00	0.000000e+00	0.000000e+00	0.000000e+00	0.000000e+00	0.000000e+00	0.000000e+00	
1384.397541	1379.794857	1389.000225	174.899718	4.768529e+01	1.882619e-90	0.000000e+00	1.508577e-61	6.491856e-82	0.000000e+00	0.000000e+00	8.446284e-03	1.882619e-90	1.165954e-03	2.424274e-69	1.882619e-90	1.882619e-90	1.882619e-90	1.882619e-90	0.000000e+00	1.882619e-90	1.882619e-90	1.882619e-90	1.882619e-90	1.771986e-49	4.973210e-03	1.915208e-56	0.000000e+00	0.000000e+00	0.000000e+00	1.882619e-90	1.882619e-90	0.000000e+00	2.931480e-57	0.000000e+00	0.000000e+00	0.000000e+00	0.000000e+00	0.000000e+00	0.000000e+00	0.000000e+00	2.625362e-65	1.882619e-90	1.882619e-90	2.639355e-85	1.423356e-51	1.574720e-78	4.136924e-64	1.882619e-90	2.273417e-04	9.441013e-48	0.000000e+00	0.000000e+00	3.860694e-53	1.882619e-90	0.000000e+00	1.651077e-41	8.419290e-01	1.882619e-90	1.763558e-17	0.000000e+00	1.882619e-90	1.882619e-90	1.882619e-90	8.420755e-64	1.882619e-90	0.000000e+00	0.000000e+00	1.882619e-90	0.000000e+00	0.000000e+00	0.000000e+00	0.000000e+00	0.000000e+00	0.000000e+00	0.000000e+00	7.020232e-70	1.882619e-90	0.000000e+00	0.000000e+00	0.000000e+00	0.000000e+00	0.000000e+00	0.000000e+00	0.000000e+00	0.000000e+00	0.000000e+00	0.000000e+00	0.000000e+00	0.000000e+00	0.000000e+00	0.000000e+00	0.000000e+00	0.000000e+00	0.000000e+00	0.000000e+00	0.000000e+00	0.000000e+00	0.000000e+00	0.000000e+00	0.000000e+00	0.000000e+00	0.000000e+00	0.000000e+00	0.000000e+00	0.000000e+00	0.000000e+00	0.000000e+00	0.000000e+00	0.000000e+00	0.000000e+00	0.000000e+00	0.000000e+00	0.000000e+00	0.000000e+00	0.000000e+00	0.000000e+00	0.000000e+00	0.000000e+00	0.000000e+00	
1393.593543	1389.000225	1398.186860	174.532904	3.913295e+01	1.882616e-90	0.000000e+00	1.222360e-61	4.798953e-82	0.000000e+00	0.000000e+00	8.446382e-03	1.882616e-90	1.165985e-03	1.902949e-69	1.882616e-90	1.882616e-90	1.882616e-90	1.882616e-90	0.000000e+00	1.882616e-90	1.882616e-90	1.882616e-90	1.882616e-90	1.974151e-49	4.973120e-03	1.763650e-56	0.000000e+00	0.000000e+00	0.000000e+00	1.882616e-90	1.882616e-90	0.000000e+00	2.690648e-57	0.000000e+00	0.000000e+00	0.000000e+00	0.000000e+00	0.000000e+00	0.000000e+00	0.000000e+00	2.725602e-65	1.882616e-90	1.882616e-90	2.102234e-85	1.365380e-51	1.313761e-78	3.801513e-64	1.882616e-90	2.273405e-04	8.286765e-48	0.000000e+00	0.000000e+00	4.370628e-53	1.882616e-90	0.000000e+00	1.962517e-41	8.419291e-01	1.882616e-90	2.324109e-17	0.000000e+00	1.882616e-90	1.882616e-90	1.882616e-90	6.770394e-64	1.882616e-90	0.000000e+00	0.000000e+00	1.882616e-90	0.000000e+00	0.000000e+00	0.000000e+00	0.000000e+00	0.000000e+00	0.000000e+00	0.000000e+00	7.289361e-70	1.882616e-90	0.000000e+00	0.000000e+00	0.000000e+00	0.000000e+00	0.000000e+00	0.000000e+00	0.000000e+00	0.000000e+00	0.000000e+00	0.000000e+00	0.000000e+00	0.000000e+00	0.000000e+00	0.000000e+00	0.000000e+00	0.000000e+00	0.000000e+00	0.000000e+00	0.000000e+00	0.000000e+00	0.000000e+00	0.000000e+00	0.000000e+00	0.000000e+00	0.000000e+00	0.000000e+00	0.000000e+00	0.000000e+00	0.000000e+00	0.000000e+00	0.000000e+00	0.000000e+00	0.000000e+00	0.000000e+00	0.000000e+00	0.000000e+00	0.000000e+00	0.000000e+00	0.000000e+00	0.000000e+00	0.000000e+00	0.000000e+00	
1402.779756	1398.186860	1407.372653	174.505910	3.211446e+01	1.882648e-90	0.000000e+00	1.318911e-61	5.143429e-82	0.000000e+00	0.000000e+00	8.446924e-03	1.882648e-90	1.165837e-03	2.048199e-69	1.882648e-90	1.882648e-90	1.882648e-90	1.882648e-90	0.000000e+00	1.882648e-90	1.882648e-90	1.882648e-90	1.882648e-90	2.870776e-49	4.974248e-03	2.105792e-56	0.000000e+00	0.000000e+00	0.000000e+00	1.882648e-90	1.882648e-90	0.000000e+00	3.212377e-57	0.000000e+00	0.000000e+00	0.000000e+00	0.000000e+00	0.000000e+00	0.000000e+00	0.000000e+00	3.942191e-65	1.882648e-90	1.882648e-90	2.482618e-85	1.634722e-51	1.556897e-78	4.537597e-64	1.882648e-90	2.273419e-04	8.994312e-48	0.000000e+00	0.000000e+00	6.363290e-53	1.882648e-90	0.000000e+00	2.867722e-41	8.419249e-01	1.882648e-90	3.419930e-17	0.000000e+00	1.882648e-90	1.882648e-90	1.882648e-90	7.302691e-64	1.882648e-90	0.000000e+00	0.000000e+00	1.882648e-90	0.000000e+00	0.000000e+00	0.000000e+00	0.000000e+00	0.000000e+00	0.000000e+00	0.000000e+00	1.054386e-69	1.882648e-90	0.000000e+00	0.000000e+00	0.000000e+00	0.000000e+00	0.000000e+00	0.000000e+00	0.000000e+00	0.000000e+00	0.000000e+00	0.000000e+00	0.000000e+00	0.000000e+00	0.000000e+00	0.000000e+00	0.000000e+00	0.000000e+00	0.000000e+00	0.000000e+00	0.000000e+00	0.000000e+00	0.000000e+00	0.000000e+00	0.000000e+00	0.000000e+00	0.000000e+00	0.000000e+00	0.000000e+00	0.000000e+00	0.000000e+00	0.000000e+00	0.000000e+00	0.000000e+00	0.000000e+00	0.000000e+00	0.000000e+00	0.000000e+00	0.000000e+00	0.000000e+00	0.000000e+00	0.000000e+00	0.000000e+00	0.000000e+00	
1411.979530	1407.372653	1416.586408	175.022555	2.635474e+01	1.882615e-90	0.000000e+00	2.249981e-61	9.983769e-82	0.000000e+00	0.000000e+00	8.446351e-03	1.882615e-90	1.165914e-03	3.654137e-69	1.882615e-90	1.882615e-90	1.882615e-90	1.882615e-90	0.000000e+00	1.882615e-90	1.882615e-90	1.882615e-90	1.882615e-90	6.385648e-49	4.973350e-03	3.805295e-56	0.000000e+00	0.000000e+00	0.000000e+00	1.882615e-90	1.882615e-90	0.000000e+00	5.830972e-57	0.000000e+00	0.000000e+00	0.000000e+00	0.000000e+00	0.000000e+00	0.000000e+00	0.000000e+00	9.686193e-65	1.882615e-90	1.882615e-90	5.504201e-85	2.789606e-51	3.233587e-78	8.225353e-64	1.882615e-90	2.273418e-04	1.370975e-47	0.000000e+00	0.000000e+00	1.383852e-52	1.882615e-90	0.000000e+00	5.822748e-41	8.419290e-01	1.882615e-90	6.008113e-17	0.000000e+00	1.882615e-90	1.882615e-90	1.882615e-90	1.259207e-63	1.882615e-90	0.000000e+00	0.000000e+00	1.882615e-90	0.000000e+00	0.000000e+00	0.000000e+00	0.000000e+00	0.000000e+00	0.000000e+00	0.000000e+00	2.590018e-69	1.882615e-90	0.000000e+00	0.000000e+00	0.000000e+00	0.000000e+00	0.000000e+00	0.000000e+00	0.000000e+00	0.000000e+00	0.000000e+00	0.000000e+00	0.000000e+00	0.000000e+00	0.000000e+00	0.000000e+00	0.000000e+00	0.000000e+00	0.000000e+00	0.000000e+00	0.000000e+00	0.000000e+00	0.000000e+00	0.000000e+00	0.000000e+00	0.000000e+00	0.000000e+00	0.000000e+00	0.000000e+00	0.000000e+00	0.000000e+00	0.000000e+00	0.000000e+00	0.000000e+00	0.000000e+00	0.000000e+00	0.000000e+00	0.000000e+00	0.000000e+00	0.000000e+00	0.000000e+00	0.000000e+00	0.000000e+00	0.000000e+00	
1421.228484	1416.586408	1425.870560	176.346346	2.162802e+01	1.882675e-90	0.000000e+00	7.491024e-61	4.612579e-81	0.000000e+00	0.000000e+00	8.446394e-03	1.882675e-90	1.165975e-03	1.362633e-68	1.882675e-90	1.882675e-90	1.882675e-90	1.882675e-90	0.000000e+00	1.882675e-90	1.882675e-90	1.882675e-90	1.882675e-90	2.646695e-48	4.973784e-03	1.261167e-55	0.000000e+00	0.000000e+00	0.000000e+00	1.882675e-90	1.882675e-90	0.000000e+00	1.955433e-56	0.000000e+00	0.000000e+00	0.000000e+00	0.000000e+00	0.000000e+00	0.000000e+00	0.000000e+00	5.165835e-64	1.882675e-90	1.882675e-90	3.060656e-84	7.988500e-51	1.524227e-77	2.747633e-63	1.882675e-90	2.273404e-04	3.430644e-47	0.000000e+00	0.000000e+00	5.418752e-52	1.882675e-90	0.000000e+00	1.916028e-40	8.419238e-01	1.882675e-90	1.367703e-16	0.000000e+00	1.882675e-90	1.882675e-90	1.882675e-90	4.310306e-63	1.882675e-90	0.000000e+00	0.000000e+00	1.882675e-90	0.000000e+00	0.000000e+00	0.000000e+00	0.000000e+00	0.000000e+00	0.000000e+00	0.000000e+00	1.381166e-68	1.882675e-90	0.000000e+00	0.000000e+00	0.000000e+00	0.000000e+00	0.000000e+00	0.000000e+00	0.000000e+00	0.000000e+00	0.000000e+00	0.000000e+00	0.000000e+00	0.000000e+00	0.000000e+00	0.000000e+00	0.000000e+00	0.000000e+00	0.000000e+00	0.000000e+00	0.000000e+00	0.000000e+00	0.000000e+00	0.000000e+00	0.000000e+00	0.000000e+00	0.000000e+00	0.000000e+00	0.000000e+00	0.000000e+00	0.000000e+00	0.000000e+00	0.000000e+00	0.000000e+00	0.000000e+00	0.000000e+00	0.000000e+00	0.000000e+00	0.000000e+00	0.000000e+00	0.000000e+00	0.000000e+00	0.000000e+00	0.000000e+00	
1430.579439	1425.870560	1435.288319	178.869950	1.774904e+01	1.882697e-90	0.000000e+00	6.489971e-60	7.363573e-80	0.000000e+00	0.000000e+00	8.446136e-03	1.882697e-90	1.165822e-03	1.457658e-67	1.882697e-90	1.882697e-90	1.882697e-90	1.882697e-90	0.000000e+00	1.882697e-90	1.882697e-90	1.882697e-90	1.882697e-90	2.676203e-47	4.973664e-03	9.959298e-55	0.000000e+00	0.000000e+00	0.000000e+00	1.882697e-90	1.882697e-90	0.000000e+00	1.578766e-55	0.000000e+00	0.000000e+00	0.000000e+00	0.000000e+00	0.000000e+00	0.000000e+00	0.000000e+00	8.362166e-63	1.882697e-90	1.882697e-90	6.340743e-83	4.802085e-50	2.321468e-76	2.205025e-62	1.882697e-90	2.273566e-04	1.744484e-46	0.000000e+00	0.000000e+00	4.934689e-51	1.882697e-90	0.000000e+00	1.261122e-39	8.419225e-01	1.882697e-90	4.522174e-16	0.000000e+00	1.882697e-90	1.882697e-90	1.882697e-90	3.932262e-62	1.882697e-90	0.000000e+00	0.000000e+00	1.882697e-90	0.000000e+00	0.000000e+00	0.000000e+00	0.000000e+00	0.000000e+00	0.000000e+00	0.000000e+00	2.238300e-67	1.882697e-90	0.000000e+00	0.000000e+00	0.000000e+00	0.000000e+00	0.000000e+00	0.000000e+00	0.000000e+00	0.000000e+00	0.000000e+00	0.000000e+00	0.000000e+00	0.000000e+00	0.000000e+00	0.000000e+00	0.000000e+00	0.000000e+00	0.000000e+00	0.000000e+00	0.000000e+00	0.000000e+00	0.000000e+00	0.000000e+00	0.000000e+00	0.000000e+00	0.000000e+00	0.000000e+00	0.000000e+00	0.000000e+00	0.000000e+00	0.000000e+00	0.000000e+00	0.000000e+00	0.000000e+00	0.000000e+00	0.000000e+00	0.000000e+00	0.000000e+00	0.000000e+00	0.000000e+00	0.000000e+00	0.000000e+00	0.000000e+00	
1440.107408	1435.288319	1444.926498	183.043375	1.456575e+01	1.882740e-90	0.000000e+00	1.914303e-58	5.754286e-78	0.000000e+00	0.000000e+00	8.447270e-03	1.882740e-90	1.166048e-03	6.012876e-66	1.882740e-90	1.882740e-90	1.882740e-90	1.882740e-90	0.000000e+00	1.882740e-90	1.882740e-90	1.882740e-90	1.882740e-90	8.532897e-46	4.973010e-03	2.400671e-53	0.000000e+00	0.000000e+00	0.000000e+00	1.882740e-90	1.882740e-90	0.000000e+00	3.944496e-54	0.000000e+00	0.000000e+00	0.000000e+00	0.000000e+00	0.000000e+00	0.000000e+00	0.000000e+00	5.651453e-61	1.882740e-90	1.882740e-90	7.083023e-81	7.478583e-49	1.591240e-74	5.471874e-61	1.882740e-90	2.273503e-04	2.199802e-45	0.000000e+00	0.000000e+00	1.336230e-49	1.882740e-90	0.000000e+00	2.035756e-38	8.419187e-01	1.882740e-90	2.432239e-15	0.000000e+00	1.882740e-90	1.882740e-90	1.882740e-90	1.259588e-60	1.882740e-90	0.000000e+00	0.000000e+00	1.882740e-90	0.000000e+00	0.000000e+00	0.000000e+00	0.000000e+00	0.000000e+00	0.000000e+00	0.000000e+00	1.521375e-65	1.882740e-90	0.000000e+00	0.000000e+00	0.000000e+00	0.000000e+00	0.000000e+00	0.000000e+00	0.000000e+00	0.000000e+00	0.000000e+00	0.000000e+00	0.000000e+00	0.000000e+00	0.000000e+00	0.000000e+00	0.000000e+00	0.000000e+00	0.000000e+00	0.000000e+00	0.000000e+00	0.000000e+00	0.000000e+00	0.000000e+00	0.000000e+00	0.000000e+00	0.000000e+00	0.000000e+00	0.000000e+00	0.000000e+00	0.000000e+00	0.000000e+00	0.000000e+00	0.000000e+00	0.000000e+00	0.000000e+00	0.000000e+00	0.000000e+00	0.000000e+00	0.000000e+00	0.000000e+00	0.000000e+00	0.000000e+00	0.000000e+00	
1449.890653	1444.926498	1454.854808	188.536957	1.195339e+01	1.882700e-90	0.000000e+00	1.285184e-56	1.304613e-75	0.000000e+00	0.000000e+00	8.446350e-03	1.882700e-90	1.165902e-03	6.124226e-64	1.882700e-90	1.882700e-90	1.882700e-90	1.882700e-90	0.000000e+00	1.882700e-90	1.882700e-90	1.882700e-90	1.882700e-90	5.940620e-44	4.974075e-03	1.231415e-51	0.000000e+00	0.000000e+00	0.000000e+00	1.882700e-90	1.882700e-90	0.000000e+00	2.120417e-52	0.000000e+00	0.000000e+00	0.000000e+00	0.000000e+00	0.000000e+00	0.000000e+00	0.000000e+00	1.007590e-58	1.882700e-90	1.882700e-90	2.453282e-78	2.216464e-47	3.002275e-72	2.925086e-59	1.882700e-90	2.273572e-04	5.104658e-44	0.000000e+00	0.000000e+00	7.632419e-48	1.882700e-90	0.000000e+00	6.089319e-37	8.419219e-01	1.882700e-90	1.834553e-14	0.000000e+00	1.882700e-90	1.882700e-90	1.882700e-90	9.381507e-59	2.071185e-90	0.000000e+00	0.000000e+00	1.882700e-90	0.000000e+00	0.000000e+00	0.000000e+00	0.000000e+00	0.000000e+00	0.000000e+00	0.000000e+00	2.748568e-63	6.392332e-90	0.000000e+00	0.000000e+00	0.000000e+00	0.000000e+00	0.000000e+00	0.000000e+00	0.000000e+00	0.000000e+00	0.000000e+00	0.000000e+00	0.000000e+00	0.000000e+00	0.000000e+00	0.000000e+00	0.000000e+00	0.000000e+00	0.000000e+00	0.000000e+00	0.000000e+00	0.000000e+00	0.000000e+00	0.000000e+00	0.000000e+00	0.000000e+00	0.000000e+00	0.000000e+00	0.000000e+00	0.000000e+00	0.000000e+00	0.000000e+00	0.000000e+00	0.000000e+00	0.000000e+00	0.000000e+00	0.000000e+00	0.000000e+00	0.000000e+00	0.000000e+00	0.000000e+00	0.000000e+00	0.000000e+00	0.000000e+00	
1459.960453	1454.854808	1465.066099	193.899361	9.809551e+00	1.882632e-90	0.000000e+00	6.279489e-55	1.957775e-73	0.000000e+00	0.000000e+00	8.446727e-03	1.882632e-90	1.165902e-03	4.386749e-62	1.882632e-90	1.882632e-90	1.882632e-90	1.882632e-90	0.000000e+00	1.882632e-90	1.882632e-90	1.882632e-90	1.882632e-90	3.110478e-42	4.973464e-03	4.765768e-50	0.000000e+00	0.000000e+00	0.000000e+00	1.882632e-90	1.745601e-88	0.000000e+00	8.576810e-51	0.000000e+00	0.000000e+00	0.000000e+00	0.000000e+00	0.000000e+00	0.000000e+00	0.000000e+00	1.257614e-56	1.882632e-90	1.882632e-90	5.490885e-76	5.158785e-46	3.850216e-70	1.182867e-57	1.882632e-90	2.273386e-04	9.359016e-43	0.000000e+00	0.000000e+00	3.349619e-46	8.714823e-90	0.000000e+00	1.471992e-35	8.419270e-01	1.882632e-90	1.240731e-13	0.000000e+00	1.882632e-90	1.882632e-90	1.882632e-90	5.044669e-57	1.470014e-87	0.000000e+00	0.000000e+00	1.882632e-90	0.000000e+00	0.000000e+00	0.000000e+00	0.000000e+00	0.000000e+00	0.000000e+00	0.000000e+00	3.495087e-61	3.726082e-88	0.000000e+00	0.000000e+00	0.000000e+00	0.000000e+00	0.000000e+00	0.000000e+00	0.000000e+00	0.000000e+00	0.000000e+00	0.000000e+00	0.000000e+00	0.000000e+00	0.000000e+00	0.000000e+00	0.000000e+00	0.000000e+00	0.000000e+00	0.000000e+00	0.000000e+00	0.000000e+00	0.000000e+00	0.000000e+00	0.000000e+00	0.000000e+00	0.000000e+00	0.000000e+00	0.000000e+00	0.000000e+00	0.000000e+00	0.000000e+00	0.000000e+00	0.000000e+00	0.000000e+00	0.000000e+00	0.000000e+00	0.000000e+00	0.000000e+00	0.000000e+00	0.000000e+00	0.000000e+00	0.000000e+00	0.000000e+00	
1470.273628	1465.066099	1475.481158	197.756863	8.050210e+00	1.882564e-90	0.000000e+00	9.351880e-54	6.295754e-72	0.000000e+00	0.000000e+00	8.446355e-03	1.882564e-90	1.165977e-03	8.485618e-61	1.882564e-90	1.882564e-90	1.882564e-90	1.882564e-90	0.000000e+00	1.882564e-90	1.882564e-90	1.882564e-90	1.882564e-90	5.369443e-41	4.974055e-03	6.265863e-49	0.000000e+00	0.000000e+00	0.000000e+00	1.882564e-90	2.388298e-86	0.000000e+00	1.163560e-49	0.000000e+00	0.000000e+00	0.000000e+00	0.000000e+00	0.000000e+00	0.000000e+00	0.000000e+00	3.944415e-55	1.882564e-90	1.882564e-90	2.398665e-74	4.777810e-45	1.149630e-68	1.607321e-56	1.882564e-90	2.273437e-04	7.112221e-42	0.000000e+00	0.000000e+00	5.140343e-45	1.190789e-87	0.000000e+00	1.499970e-34	8.419318e-01	1.882564e-90	5.265071e-13	0.000000e+00	1.882564e-90	1.882564e-90	1.882564e-90	8.026586e-56	1.468997e-85	0.000000e+00	0.000000e+00	1.882564e-90	0.000000e+00	0.000000e+00	0.000000e+00	0.000000e+00	0.000000e+00	0.000000e+00	0.000000e+00	1.114093e-59	6.174894e-87	0.000000e+00	0.000000e+00	0.000000e+00	0.000000e+00	0.000000e+00	0.000000e+00	0.000000e+00	0.000000e+00	0.000000e+00	0.000000e+00	0.000000e+00	0.000000e+00	0.000000e+00	0.000000e+00	0.000000e+00	0.000000e+00	0.000000e+00	0.000000e+00	0.000000e+00	0.000000e+00	0.000000e+00	0.000000e+00	0.000000e+00	0.000000e+00	0.000000e+00	0.000000e+00	0.000000e+00	0.000000e+00	0.000000e+00	0.000000e+00	0.000000e+00	0.000000e+00	0.000000e+00	0.000000e+00	0.000000e+00	0.000000e+00	0.000000e+00	0.000000e+00	0.000000e+00	0.000000e+00	0.000000e+00	0.000000e+00	
1480.744713	1475.481158	1486.008268	199.874363	6.606406e+00	1.882600e-90	0.000000e+00	4.130318e-53	4.189981e-71	0.000000e+00	0.000000e+00	8.446321e-03	1.882600e-90	1.165914e-03	4.306010e-60	1.882600e-90	1.882600e-90	1.882600e-90	1.882600e-90	0.000000e+00	1.882600e-90	1.882600e-90	1.882600e-90	1.882600e-90	2.953078e-40	4.973212e-03	2.715211e-48	0.000000e+00	0.000000e+00	0.000000e+00	1.882600e-90	3.957209e-85	0.000000e+00	5.127033e-49	0.000000e+00	0.000000e+00	0.000000e+00	0.000000e+00	0.000000e+00	0.000000e+00	0.000000e+00	2.982350e-54	1.882600e-90	1.882600e-90	1.968734e-73	1.717462e-44	7.709051e-68	7.097579e-56	1.882600e-90	2.273501e-04	2.194839e-41	0.000000e+00	0.000000e+00	2.658334e-44	1.970361e-86	0.000000e+00	6.236868e-34	8.419305e-01	1.882600e-90	1.371929e-12	0.000000e+00	1.882600e-90	1.882600e-90	1.882600e-90	3.671527e-55	1.964654e-84	0.000000e+00	0.000000e+00	1.882600e-90	0.000000e+00	0.000000e+00	0.000000e+00	0.000000e+00	0.000000e+00	0.000000e+00	0.000000e+00	8.506553e-59	2.772531e-86	0.000000e+00	0.000000e+00	0.000000e+00	0.000000e+00	0.000000e+00	0.000000e+00	0.000000e+00	0.000000e+00	0.000000e+00	0.000000e+00	0.000000e+00	0.000000e+00	0.000000e+00	0.000000e+00	0.000000e+00	0.000000e+00	0.000000e+00	0.000000e+00	0.000000e+00	0.000000e+00	0.000000e+00	0.000000e+00	0.000000e+00	0.000000e+00	0.000000e+00	0.000000e+00	0.000000e+00	0.000000e+00	0.000000e+00	0.000000e+00	0.000000e+00	0.000000e+00	0.000000e+00	0.000000e+00	0.000000e+00	0.000000e+00	0.000000e+00	0.000000e+00	0.000000e+00	0.000000e+00	0.000000e+00	0.000000e+00	
1491.302675	1486.008268	1496.597081	201.037647	5.421549e+00	1.882640e-90	0.000000e+00	9.647764e-53	1.221565e-70	0.000000e+00	0.000000e+00	8.446560e-03	1.882640e-90	1.166003e-03	1.084219e-59	1.882640e-90	7.135090e-90	1.882640e-90	1.882640e-90	0.000000e+00	1.882640e-90	1.882640e-90	1.882640e-90	1.882640e-90	8.907141e-40	4.973331e-03	6.572729e-48	0.000000e+00	0.000000e+00	0.000000e+00	1.882640e-90	2.166733e-84	0.000000e+00	1.252560e-48	0.000000e+00	0.000000e+00	0.000000e+00	0.000000e+00	0.000000e+00	0.000000e+00	0.000000e+00	1.068577e-53	1.882640e-90	1.882640e-90	6.727098e-73	3.756519e-44	2.362030e-67	1.735972e-55	1.882640e-90	2.273406e-04	4.223396e-41	0.000000e+00	0.000000e+00	7.757897e-44	1.077592e-85	0.000000e+00	1.617830e-33	8.419268e-01	1.882640e-90	2.763937e-12	0.000000e+00	1.882640e-90	1.882640e-90	1.882640e-90	8.741428e-55	9.152500e-84	0.000000e+00	0.000000e+00	1.882640e-90	0.000000e+00	0.000000e+00	0.000000e+00	0.000000e+00	0.000000e+00	0.000000e+00	0.000000e+00	3.065216e-58	6.254768e-86	0.000000e+00	0.000000e+00	0.000000e+00	0.000000e+00	0.000000e+00	0.000000e+00	0.000000e+00	0.000000e+00	0.000000e+00	0.000000e+00	0.000000e+00	0.000000e+00	0.000000e+00	0.000000e+00	0.000000e+00	0.000000e+00	0.000000e+00	0.000000e+00	0.000000e+00	0.000000e+00	0.000000e+00	0.000000e+00	0.000000e+00	0.000000e+00	0.000000e+00	0.000000e+00	0.000000e+00	0.000000e+00	0.000000e+00	0.000000e+00	0.000000e+00	0.000000e+00	0.000000e+00	0.000000e+00	0.000000e+00	0.000000e+00	0.000000e+00	0.000000e+00	0.000000e+00	0.000000e+00	0.000000e+00	0.000000e+00	
1501.915504	1496.597081	1507.233927	201.941355	4.449195e+00	1.882719e-90	0.000000e+00	1.895390e-52	2.846107e-70	0.000000e+00	0.000000e+00	8.447496e-03	1.882719e-90	1.165955e-03	2.256291e-59	1.882719e-90	2.604656e-89	1.882719e-90	1.882719e-90	0.000000e+00	1.882719e-90	1.882719e-90	1.882719e-90	1.882719e-90	2.282328e-39	4.974063e-03	1.358428e-47	0.000000e+00	0.000000e+00	0.000000e+00	1.882719e-90	8.782449e-84	0.000000e+00	2.607297e-48	0.000000e+00	0.000000e+00	0.000000e+00	0.000000e+00	0.000000e+00	0.000000e+00	0.000000e+00	3.125288e-53	1.882719e-90	1.882719e-90	1.811702e-72	7.179851e-44	5.850634e-67	3.617000e-55	1.882719e-90	2.273416e-04	7.148408e-41	0.000000e+00	0.000000e+00	1.938431e-43	4.362942e-85	0.000000e+00	3.692429e-33	8.419196e-01	1.882719e-90	5.190779e-12	0.000000e+00	1.882719e-90	1.882719e-90	1.882719e-90	1.742984e-54	3.201872e-83	0.000000e+00	0.000000e+00	1.882719e-90	0.000000e+00	0.000000e+00	0.000000e+00	0.000000e+00	0.000000e+00	0.000000e+00	0.000000e+00	9.006318e-58	1.170758e-85	0.000000e+00	0.000000e+00	0.000000e+00	0.000000e+00	0.000000e+00	0.000000e+00	0.000000e+00	0.000000e+00	0.000000e+00	0.000000e+00	0.000000e+00	0.000000e+00	0.000000e+00	0.000000e+00	0.000000e+00	0.000000e+00	0.000000e+00	0.000000e+00	0.000000e+00	0.000000e+00	0.000000e+00	0.000000e+00	0.000000e+00	0.000000e+00	0.000000e+00	0.000000e+00	0.000000e+00	0.000000e+00	0.000000e+00	0.000000e+00	0.000000e+00	0.000000e+00	0.000000e+00	0.000000e+00	0.000000e+00	0.000000e+00	0.000000e+00	0.000000e+00	0.000000e+00	0.000000e+00	0.000000e+00	0.000000e+00	
1512.577271	1507.233927	1517.920615	202.879759	3.651233e+00	1.882538e-90	0.000000e+00	3.786796e-52	6.775386e-70	0.000000e+00	0.000000e+00	8.446671e-03	1.882538e-90	1.165967e-03	4.782922e-59	1.882538e-90	9.788373e-89	1.882538e-90	1.882538e-90	0.000000e+00	1.882538e-90	1.882538e-90	1.882538e-90	1.882538e-90	5.939694e-39	4.973144e-03	2.849869e-47	0.000000e+00	0.000000e+00	0.000000e+00	1.882538e-90	3.663746e-83	0.000000e+00	5.509722e-48	0.000000e+00	0.000000e+00	0.000000e+00	0.000000e+00	0.000000e+00	0.000000e+00	0.000000e+00	9.322264e-53	1.882538e-90	1.882538e-90	4.992803e-72	1.390306e-43	1.479073e-66	7.652840e-55	1.882538e-90	2.273279e-04	1.224987e-40	0.000000e+00	0.000000e+00	4.915934e-43	1.818270e-84	0.000000e+00	8.529688e-33	8.419350e-01	1.882538e-90	9.819011e-12	0.000000e+00	1.882538e-90	1.882538e-90	1.882538e-90	3.534588e-54	1.151253e-82	0.000000e+00	0.000000e+00	1.882538e-90	0.000000e+00	0.000000e+00	0.000000e+00	0.000000e+00	0.000000e+00	0.000000e+00	0.000000e+00	2.698970e-57	2.231122e-85	0.000000e+00	0.000000e+00	0.000000e+00	0.000000e+00	0.000000e+00	0.000000e+00	0.000000e+00	0.000000e+00	0.000000e+00	0.000000e+00	0.000000e+00	0.000000e+00	0.000000e+00	0.000000e+00	0.000000e+00	0.000000e+00	0.000000e+00	0.000000e+00	0.000000e+00	0.000000e+00	0.000000e+00	0.000000e+00	0.000000e+00	0.000000e+00	0.000000e+00	0.000000e+00	0.000000e+00	0.000000e+00	0.000000e+00	0.000000e+00	0.000000e+00	0.000000e+00	0.000000e+00	0.000000e+00	0.000000e+00	0.000000e+00	0.000000e+00	0.000000e+00	0.000000e+00	0.000000e+00	0.000000e+00	0.000000e+00	
1523.296094	1517.920615	1528.671572	204.095665	2.996385e+00	1.882595e-90	0.000000e+00	8.945038e-52	2.003999e-69	0.000000e+00	0.000000e+00	8.446719e-03	1.882595e-90	1.165890e-03	1.218814e-58	1.882595e-90	4.918374e-88	1.882595e-90	1.882595e-90	0.000000e+00	1.882595e-90	1.882595e-90	1.882595e-90	1.882595e-90	1.813163e-38	4.974085e-03	6.976132e-47	0.000000e+00	0.000000e+00	0.000000e+00	1.882595e-90	2.048818e-82	0.000000e+00	1.361786e-47	0.000000e+00	0.000000e+00	0.000000e+00	0.000000e+00	0.000000e+00	0.000000e+00	0.000000e+00	3.389146e-52	1.882595e-90	1.882595e-90	1.732763e-71	3.069813e-43	4.596798e-66	1.893901e-54	1.882595e-90	2.273377e-04	2.377062e-40	0.000000e+00	0.000000e+00	1.452230e-42	1.015027e-83	0.000000e+00	2.235589e-32	8.419293e-01	1.882595e-90	1.989823e-11	0.000000e+00	1.882595e-90	1.882595e-90	1.882595e-90	8.514339e-54	5.468791e-82	0.000000e+00	0.000000e+00	1.882595e-90	0.000000e+00	0.000000e+00	0.000000e+00	0.000000e+00	0.000000e+00	0.000000e+00	0.000000e+00	9.874594e-57	5.110103e-85	0.000000e+00	0.000000e+00	0.000000e+00	0.000000e+00	0.000000e+00	0.000000e+00	0.000000e+00	0.000000e+00	0.000000e+00	0.000000e+00	0.000000e+00	0.000000e+00	0.000000e+00	0.000000e+00	0.000000e+00	0.000000e+00	0.000000e+00	0.000000e+00	0.000000e+00	0.000000e+00	0.000000e+00	0.000000e+00	0.000000e+00	0.000000e+00	0.000000e+00	0.000000e+00	0.000000e+00	0.000000e+00	0.000000e+00	0.000000e+00	0.000000e+00	0.000000e+00	0.000000e+00	0.000000e+00	0.000000e+00	0.000000e+00	0.000000e+00	0.000000e+00	0.000000e+00	0.000000e+00	0.000000e+00	0.000000e+00	
1534.089955	1528.671572	1539.508338	205.719457	2.458984e+00	1.882636e-90	0.000000e+00	2.690048e-51	8.103319e-69	0.000000e+00	0.000000e+00	8.446110e-03	1.882636e-90	1.166014e-03	4.050692e-58	1.882636e-90	3.756995e-87	1.882636e-90	1.882636e-90	0.000000e+00	1.882636e-90	1.882636e-90	1.882636e-90	1.882636e-90	6.960687e-38	4.974318e-03	2.131233e-46	0.000000e+00	0.000000e+00	0.000000e+00	1.882636e-90	1.745885e-81	0.000000e+00	4.213327e-47	0.000000e+00	0.000000e+00	0.000000e+00	0.000000e+00	0.000000e+00	0.000000e+00	0.000000e+00	1.638468e-51	1.882636e-90	1.882636e-90	8.382558e-71	8.186533e-43	1.923097e-65	5.871787e-54	1.882636e-90	2.273279e-04	5.516539e-40	0.000000e+00	0.000000e+00	5.340698e-42	8.627971e-83	0.000000e+00	7.022693e-32	8.419267e-01	1.882636e-90	4.456671e-11	0.000000e+00	1.882636e-90	1.882636e-90	1.882636e-90	2.626916e-53	3.878014e-81	0.000000e+00	0.000000e+00	1.882636e-90	0.000000e+00	0.000000e+00	0.000000e+00	0.000000e+00	0.000000e+00	0.000000e+00	0.000000e+00	4.815208e-56	1.524591e-84	0.000000e+00	0.000000e+00	0.000000e+00	0.000000e+00	0.000000e+00	0.000000e+00	0.000000e+00	0.000000e+00	0.000000e+00	0.000000e+00	0.000000e+00	0.000000e+00	0.000000e+00	0.000000e+00	0.000000e+00	0.000000e+00	0.000000e+00	0.000000e+00	0.000000e+00	0.000000e+00	0.000000e+00	0.000000e+00	0.000000e+00	0.000000e+00	0.000000e+00	0.000000e+00	0.000000e+00	0.000000e+00	0.000000e+00	0.000000e+00	0.000000e+00	0.000000e+00	0.000000e+00	0.000000e+00	0.000000e+00	0.000000e+00	0.000000e+00	0.000000e+00	0.000000e+00	0.000000e+00	0.000000e+00	0.000000e+00	
1544.982213	1539.508338	1550.456088	207.821581	2.017966e+00	1.882659e-90	0.000000e+00	1.062313e-50	4.663770e-68	0.000000e+00	0.000000e+00	8.446866e-03	1.882659e-90	1.165941e-03	1.815763e-57	1.882659e-90	4.604668e-86	1.882659e-90	1.882659e-90	0.000000e+00	1.882659e-90	1.882659e-90	1.882659e-90	1.882659e-90	3.463501e-37	4.973580e-03	8.364858e-46	0.000000e+00	0.000000e+00	0.000000e+00	1.882659e-90	2.394089e-80	0.000000e+00	1.680103e-46	0.000000e+00	0.000000e+00	0.000000e+00	0.000000e+00	0.000000e+00	0.000000e+00	0.000000e+00	1.092783e-50	1.882659e-90	1.882659e-90	5.900260e-70	2.703415e-42	1.125833e-64	2.350729e-53	1.882659e-90	2.273534e-04	1.567064e-39	0.000000e+00	0.000000e+00	2.518075e-41	1.179274e-81	0.000000e+00	2.709770e-31	8.419251e-01	1.882659e-90	1.117443e-10	0.000000e+00	1.882659e-90	1.882659e-90	1.882659e-90	1.071518e-52	4.324009e-80	0.000000e+00	0.000000e+00	1.882659e-90	0.000000e+00	0.000000e+00	0.000000e+00	0.000000e+00	0.000000e+00	0.000000e+00	0.000000e+00	3.249502e-55	6.145809e-84	0.000000e+00	0.000000e+00	0.000000e+00	0.000000e+00	0.000000e+00	0.000000e+00	0.000000e+00	0.000000e+00	0.000000e+00	0.000000e+00	0.000000e+00	0.000000e+00	0.000000e+00	0.000000e+00	0.000000e+00	0.000000e+00	0.000000e+00	0.000000e+00	0.000000e+00	0.000000e+00	0.000000e+00	0.000000e+00	0.000000e+00	0.000000e+00	0.000000e+00	0.000000e+00	0.000000e+00	0.000000e+00	0.000000e+00	0.000000e+00	0.000000e+00	0.000000e+00	0.000000e+00	0.000000e+00	0.000000e+00	0.000000e+00	0.000000e+00	0.000000e+00	0.000000e+00	0.000000e+00	0.000000e+00	0.000000e+00	
1556.000588	1550.456088	1561.545087	210.499973	1.656044e+00	1.882660e-90	0.000000e+00	5.738519e-50	4.026442e-67	0.000000e+00	0.000000e+00	8.446102e-03	1.882660e-90	1.165925e-03	1.148304e-56	1.882660e-90	9.724109e-85	1.882660e-90	1.882660e-90	0.000000e+00	1.882660e-90	1.882660e-90	1.882660e-90	1.882660e-90	2.324405e-36	4.973907e-03	4.381882e-45	0.000000e+00	0.000000e+00	0.000000e+00	1.882660e-90	5.683261e-79	0.000000e+00	8.982529e-46	0.000000e+00	0.000000e+00	0.000000e+00	0.000000e+00	0.000000e+00	0.000000e+00	0.000000e+00	1.056869e-49	1.882660e-90	1.882660e-90	6.390192e-69	1.141131e-41	9.695325e-64	1.262427e-52	1.882660e-90	2.273448e-04	5.614678e-39	0.000000e+00	0.000000e+00	1.581431e-40	2.784809e-80	0.000000e+00	1.325819e-30	8.419253e-01	1.882660e-90	3.195099e-10	0.000000e+00	1.882660e-90	1.882660e-90	1.882660e-90	6.028229e-52	8.118005e-79	0.000000e+00	0.000000e+00	1.882660e-90	0.000000e+00	0.000000e+00	0.000000e+00	0.000000e+00	0.000000e+00	0.000000e+00	0.000000e+00	3.191431e-54	3.502370e-83	0.000000e+00	0.000000e+00	0.000000e+00	0.000000e+00	0.000000e+00	0.000000e+00	0.000000e+00	0.000000e+00	0.000000e+00	0.000000e+00	0.000000e+00	0.000000e+00	0.000000e+00	0.000000e+00	0.000000e+00	0.000000e+00	0.000000e+00	0.000000e+00	0.000000e+00	0.000000e+00	0.000000e+00	0.000000e+00	0.000000e+00	0.000000e+00	0.000000e+00	0.000000e+00	0.000000e+00	0.000000e+00	0.000000e+00	0.000000e+00	0.000000e+00	0.000000e+00	0.000000e+00	0.000000e+00	0.000000e+00	0.000000e+00	0.000000e+00	0.000000e+00	0.000000e+00	0.000000e+00	0.000000e+00	0.000000e+00	
1567.176263	1561.545087	1572.807439	213.788591	1.359033e+00	1.882709e-90	0.000000e+00	4.219795e-49	5.183416e-66	0.000000e+00	0.000000e+00	8.447096e-03	1.882709e-90	1.165958e-03	1.018850e-55	1.882709e-90	3.512677e-83	1.882709e-90	1.882709e-90	0.000000e+00	1.882709e-90	1.882709e-90	1.882709e-90	1.882709e-90	2.097110e-35	4.973816e-03	3.052598e-44	0.000000e+00	0.000000e+00	0.000000e+00	1.882709e-90	2.317349e-77	0.000000e+00	6.411776e-45	0.000000e+00	0.000000e+00	0.000000e+00	0.000000e+00	0.000000e+00	0.000000e+00	0.000000e+00	1.475265e-48	1.882709e-90	1.882709e-90	1.058092e-67	6.139693e-41	1.222096e-62	9.074296e-52	1.882709e-90	2.273542e-04	2.528833e-38	0.000000e+00	0.000000e+00	1.320005e-39	1.127407e-78	0.000000e+00	8.214921e-30	8.419205e-01	1.882709e-90	1.041360e-09	0.000000e+00	1.882709e-90	1.882709e-90	1.882709e-90	4.653062e-51	2.547859e-77	0.000000e+00	0.000000e+00	1.882709e-90	0.000000e+00	0.000000e+00	0.000000e+00	0.000000e+00	0.000000e+00	0.000000e+00	0.000000e+00	4.544718e-53	2.820158e-82	0.000000e+00	0.000000e+00	0.000000e+00	0.000000e+00	0.000000e+00	0.000000e+00	0.000000e+00	0.000000e+00	0.000000e+00	0.000000e+00	0.000000e+00	0.000000e+00	0.000000e+00	0.000000e+00	0.000000e+00	0.000000e+00	0.000000e+00	0.000000e+00	0.000000e+00	0.000000e+00	0.000000e+00	0.000000e+00	0.000000e+00	0.000000e+00	0.000000e+00	0.000000e+00	0.000000e+00	0.000000e+00	0.000000e+00	0.000000e+00	0.000000e+00	0.000000e+00	0.000000e+00	0.000000e+00	0.000000e+00	0.000000e+00	0.000000e+00	0.000000e+00	0.000000e+00	0.000000e+00	0.000000e+00	0.000000e+00	
1578.533019	1572.807439	1584.258599	217.368097	1.115291e+00	1.882694e-90	0.000000e+00	3.442344e-48	7.629737e-65	0.000000e+00	0.000000e+00	8.446694e-03	1.882694e-90	1.165929e-03	1.012578e-54	1.882694e-90	1.521933e-81	1.882694e-90	1.882694e-90	0.000000e+00	5.367215e-89	1.882694e-90	1.882694e-90	1.882694e-90	2.095008e-34	4.973970e-03	2.343785e-43	0.000000e+00	0.000000e+00	0.000000e+00	1.882694e-90	1.136529e-75	0.000000e+00	5.053872e-44	0.000000e+00	0.000000e+00	0.000000e+00	0.000000e+00	0.000000e+00	0.000000e+00	0.000000e+00	2.336253e-47	1.882694e-90	1.882694e-90	2.020976e-66	3.587433e-40	1.751854e-61	7.209102e-51	5.742435e-90	2.273471e-04	1.230009e-37	0.000000e+00	0.000000e+00	1.216647e-38	5.480039e-77	0.000000e+00	5.529550e-29	8.419218e-01	1.882694e-90	3.557721e-09	0.000000e+00	1.882694e-90	1.882694e-90	1.882694e-90	3.995411e-50	9.518912e-76	0.000000e+00	0.000000e+00	1.882694e-90	0.000000e+00	0.000000e+00	0.000000e+00	0.000000e+00	0.000000e+00	0.000000e+00	0.000000e+00	7.360800e-52	2.563421e-81	0.000000e+00	0.000000e+00	0.000000e+00	0.000000e+00	0.000000e+00	0.000000e+00	0.000000e+00	0.000000e+00	0.000000e+00	0.000000e+00	0.000000e+00	0.000000e+00	0.000000e+00	0.000000e+00	0.000000e+00	0.000000e+00	0.000000e+00	0.000000e+00	0.000000e+00	0.000000e+00	0.000000e+00	0.000000e+00	0.000000e+00	0.000000e+00	0.000000e+00	0.000000e+00	0.000000e+00	0.000000e+00	0.000000e+00	0.000000e+00	0.000000e+00	0.000000e+00	0.000000e+00	0.000000e+00	0.000000e+00	0.000000e+00	0.000000e+00	0.000000e+00	0.000000e+00	0.000000e+00	0.000000e+00	0.000000e+00	
1590.071029	1584.258599	1595.883459	220.662643	9.152635e-01	1.882630e-90	0.000000e+00	2.263764e-47	8.494003e-64	0.000000e+00	0.000000e+00	8.446403e-03	1.882630e-90	1.165852e-03	7.937598e-54	4.313488e-89	4.543725e-80	1.882630e-90	1.882630e-90	0.000000e+00	1.559509e-87	1.882630e-90	1.882630e-90	1.882630e-90	1.709214e-33	4.974248e-03	1.478404e-42	0.000000e+00	0.000000e+00	0.000000e+00	1.882630e-90	3.835053e-74	0.000000e+00	3.264447e-43	0.000000e+00	0.000000e+00	0.000000e+00	0.000000e+00	0.000000e+00	0.000000e+00	0.000000e+00	2.875690e-46	1.882630e-90	1.882630e-90	2.870038e-65	1.772639e-39	1.927259e-60	4.693698e-50	1.177588e-88	2.273500e-04	5.099497e-37	0.000000e+00	0.000000e+00	9.250876e-38	1.832454e-75	0.000000e+00	3.176304e-28	8.419268e-01	1.882630e-90	1.115008e-08	0.000000e+00	1.882630e-90	1.882630e-90	1.882630e-90	2.750658e-49	2.490196e-74	0.000000e+00	0.000000e+00	1.882630e-90	0.000000e+00	0.000000e+00	0.000000e+00	0.000000e+00	0.000000e+00	0.000000e+00	0.000000e+00	9.256974e-51	1.849547e-80	0.000000e+00	0.000000e+00	0.000000e+00	0.000000e+00	0.000000e+00	0.000000e+00	0.000000e+00	0.000000e+00	0.000000e+00	0.000000e+00	0.000000e+00	0.000000e+00	0.000000e+00	0.000000e+00	0.000000e+00	0.000000e+00	0.000000e+00	0.000000e+00	0.000000e+00	0.000000e+00	0.000000e+00	0.000000e+00	0.000000e+00	0.000000e+00	0.000000e+00	0.000000e+00	0.000000e+00	0.000000e+00	0.000000e+00	0.000000e+00	0.000000e+00	0.000000e+00	0.000000e+00	0.000000e+00	0.000000e+00	0.000000e+00	0.000000e+00	0.000000e+00	0.000000e+00	0.000000e+00	0.000000e+00	0.000000e+00	
1601.765188	1595.883459	1607.646918	223.292924	7.511111e-01	1.882622e-90	0.000000e+00	1.000983e-46	5.655218e-63	0.000000e+00	0.000000e+00	8.446600e-03	1.882622e-90	1.165951e-03	4.022773e-53	8.967766e-88	6.816868e-79	1.882622e-90	1.882622e-90	0.000000e+00	2.240312e-86	1.882622e-90	1.882622e-90	1.882622e-90	9.563485e-33	4.973770e-03	6.476062e-42	0.000000e+00	0.000000e+00	0.000000e+00	1.882622e-90	6.470690e-73	0.000000e+00	1.456625e-42	0.000000e+00	0.000000e+00	0.000000e+00	0.000000e+00	0.000000e+00	0.000000e+00	0.000000e+00	2.215921e-45	1.882622e-90	1.882622e-90	2.360562e-64	6.419628e-39	1.300421e-59	2.109244e-49	1.292565e-87	2.273350e-04	1.575071e-36	0.000000e+00	0.000000e+00	4.904264e-37	3.068060e-74	0.000000e+00	1.354204e-27	8.419276e-01	1.882622e-90	2.967465e-08	0.000000e+00	1.882622e-90	1.882622e-90	1.882622e-90	1.260268e-48	3.370412e-73	0.000000e+00	0.000000e+00	1.882622e-90	0.000000e+00	0.000000e+00	0.000000e+00	0.000000e+00	0.000000e+00	0.000000e+00	0.000000e+00	7.260169e-50	8.637832e-80	0.000000e+00	0.000000e+00	0.000000e+00	0.000000e+00	0.000000e+00	0.000000e+00	0.000000e+00	0.000000e+00	0.000000e+00	0.000000e+00	0.000000e+00	0.000000e+00	0.000000e+00	0.000000e+00	0.000000e+00	0.000000e+00	0.000000e+00	0.000000e+00	0.000000e+00	0.000000e+00	0.000000e+00	0.000000e+00	0.000000e+00	0.000000e+00	0.000000e+00	0.000000e+00	0.000000e+00	0.000000e+00	0.000000e+00	0.000000e+00	0.000000e+00	0.000000e+00	0.000000e+00	0.000000e+00	0.000000e+00	0.000000e+00	0.000000e+00	0.000000e+00	0.000000e+00	0.000000e+00	0.000000e+00	0.000000e+00	
1613.581240	1607.646918	1619.515562	225.288578	6.163995e-01	1.882739e-90	0.000000e+00	3.100209e-46	2.374249e-62	0.000000e+00	0.000000e+00	8.446795e-03	1.882739e-90	1.165850e-03	1.378457e-52	9.484037e-87	5.511199e-78	1.882739e-90	1.882739e-90	0.000000e+00	1.709465e-85	1.882739e-90	1.882739e-90	1.882739e-90	3.811825e-32	4.974006e-03	2.044532e-41	0.000000e+00	0.000000e+00	0.000000e+00	1.882739e-90	5.859846e-72	0.000000e+00	4.663273e-42	0.000000e+00	0.000000e+00	0.000000e+00	0.000000e+00	0.000000e+00	0.000000e+00	0.000000e+00	1.120403e-44	1.882739e-90	1.882739e-90	1.189735e-63	1.759318e-38	5.658809e-59	6.789955e-49	8.086376e-87	2.273547e-04	3.736682e-36	0.000000e+00	0.000000e+00	1.879134e-36	2.761471e-73	0.000000e+00	4.412356e-27	8.419185e-01	1.882739e-90	6.806572e-08	0.000000e+00	1.882739e-90	1.882739e-90	1.882739e-90	4.008338e-48	2.524735e-72	0.000000e+00	0.000000e+00	1.882739e-90	0.000000e+00	0.000000e+00	0.000000e+00	0.000000e+00	0.000000e+00	0.000000e+00	0.000000e+00	3.721308e-49	2.723885e-79	0.000000e+00	0.000000e+00	0.000000e+00	0.000000e+00	0.000000e+00	0.000000e+00	0.000000e+00	0.000000e+00	0.000000e+00	0.000000e+00	0.000000e+00	0.000000e+00	0.000000e+00	0.000000e+00	0.000000e+00	0.000000e+00	0.000000e+00	0.000000e+00	0.000000e+00	0.000000e+00	0.000000e+00	0.000000e+00	0.000000e+00	0.000000e+00	0.000000e+00	0.000000e+00	0.000000e+00	0.000000e+00	0.000000e+00	0.000000e+00	0.000000e+00	0.000000e+00	0.000000e+00	0.000000e+00	0.000000e+00	0.000000e+00	0.000000e+00	0.000000e+00	0.000000e+00	0.000000e+00	0.000000e+00	0.000000e+00	
1625.490549	1619.515562	1631.465536	226.829155	5.058484e-01	1.882728e-90	0.000000e+00	7.497138e-46	7.235299e-62	0.000000e+00	0.000000e+00	8.447376e-03	1.882728e-90	1.165731e-03	3.599211e-52	6.268244e-86	2.898996e-77	1.882728e-90	1.882728e-90	0.000000e+00	8.403011e-85	1.882728e-90	1.882728e-90	1.882728e-90	1.199643e-31	4.974002e-03	5.138905e-41	0.000000e+00	0.000000e+00	0.000000e+00	1.882728e-90	3.441114e-71	0.000000e+00	1.184577e-41	0.000000e+00	0.000000e+00	0.000000e+00	0.000000e+00	0.000000e+00	0.000000e+00	0.000000e+00	4.224774e-44	1.882728e-90	1.882728e-90	4.265429e-63	3.969862e-38	1.814816e-58	1.732516e-48	3.420243e-86	2.273483e-04	7.377996e-36	0.000000e+00	0.000000e+00	5.740303e-36	1.613640e-72	0.000000e+00	1.191799e-26	8.419184e-01	1.882728e-90	1.407550e-07	0.000000e+00	7.659693e-90	1.882728e-90	1.882728e-90	9.890653e-48	1.253247e-71	0.000000e+00	0.000000e+00	1.882728e-90	0.000000e+00	0.000000e+00	0.000000e+00	0.000000e+00	0.000000e+00	0.000000e+00	0.000000e+00	1.418331e-48	6.531223e-79	0.000000e+00	0.000000e+00	0.000000e+00	0.000000e+00	0.000000e+00	0.000000e+00	0.000000e+00	0.000000e+00	0.000000e+00	0.000000e+00	0.000000e+00	0.000000e+00	0.000000e+00	0.000000e+00	0.000000e+00	0.000000e+00	0.000000e+00	0.000000e+00	0.000000e+00	0.000000e+00	0.000000e+00	0.000000e+00	0.000000e+00	0.000000e+00	0.000000e+00	0.000000e+00	0.000000e+00	0.000000e+00	0.000000e+00	0.000000e+00	0.000000e+00	0.000000e+00	0.000000e+00	0.000000e+00	0.000000e+00	0.000000e+00	0.000000e+00	0.000000e+00	0.000000e+00	0.000000e+00	0.000000e+00	0.000000e+00	
1637.469642	1631.465536	1643.473749	227.935507	4.151246e-01	1.882723e-90	0.000000e+00	1.444161e-45	1.642149e-61	0.000000e+00	0.000000e+00	8.446794e-03	1.882723e-90	1.165456e-03	7.319484e-52	2.686631e-85	1.026671e-76	1.882723e-90	1.882723e-90	0.000000e+00	2.755839e-84	1.882723e-90	1.882723e-90	1.882723e-90	3.036819e-31	4.973866e-03	1.047043e-40	0.000000e+00	0.000000e+00	0.000000e+00	1.882723e-90	1.356523e-70	0.000000e+00	2.432059e-41	0.000000e+00	0.000000e+00	0.000000e+00	0.000000e+00	0.000000e+00	0.000000e+00	0.000000e+00	1.215908e-43	1.882723e-90	1.882723e-90	1.118275e-62	7.493062e-38	4.395799e-58	3.568066e-48	1.008452e-85	2.273465e-04	1.230695e-35	0.000000e+00	0.000000e+00	1.422932e-35	6.338330e-72	0.000000e+00	2.706796e-26	8.419198e-01	1.882723e-90	2.644263e-07	0.000000e+00	2.767374e-89	1.882723e-90	1.882723e-90	1.932644e-47	4.259946e-71	0.000000e+00	0.000000e+00	1.882723e-90	0.000000e+00	0.000000e+00	0.000000e+00	0.000000e+00	0.000000e+00	0.000000e+00	0.000000e+00	4.113324e-48	1.215519e-78	0.000000e+00	0.000000e+00	0.000000e+00	0.000000e+00	0.000000e+00	0.000000e+00	0.000000e+00	0.000000e+00	0.000000e+00	0.000000e+00	0.000000e+00	0.000000e+00	0.000000e+00	0.000000e+00	0.000000e+00	0.000000e+00	0.000000e+00	0.000000e+00	0.000000e+00	0.000000e+00	0.000000e+00	0.000000e+00	0.000000e+00	0.000000e+00	0.000000e+00	0.000000e+00	0.000000e+00	0.000000e+00	0.000000e+00	0.000000e+00	0.000000e+00	0.000000e+00	0.000000e+00	0.000000e+00	0.000000e+00	0.000000e+00	0.000000e+00	0.000000e+00	0.000000e+00	0.000000e+00	0.000000e+00	0.000000e+00	
1649.493834	1643.473749	1655.513919	228.541148	3.406721e-01	1.882630e-90	0.000000e+00	2.157390e-45	2.681782e-61	0.000000e+00	0.000000e+00	8.446401e-03	1.882630e-90	1.165031e-03	1.125842e-51	7.094002e-85	2.336438e-76	1.882630e-90	1.882630e-90	0.000000e+00	5.749689e-84	1.882630e-90	1.882630e-90	1.882630e-90	6.025614e-31	4.973580e-03	1.686994e-40	0.000000e+00	0.000000e+00	0.000000e+00	1.882630e-90	3.423916e-70	0.000000e+00	3.934740e-41	0.000000e+00	0.000000e+00	0.000000e+00	0.000000e+00	0.000000e+00	0.000000e+00	0.000000e+00	2.586261e-43	1.882630e-90	1.882630e-90	2.066297e-62	1.158169e-37	7.780445e-58	5.782880e-48	1.986393e-85	2.273444e-04	1.700165e-35	0.000000e+00	0.000000e+00	2.791445e-35	1.596692e-71	0.000000e+00	5.063517e-26	8.419280e-01	1.882630e-90	4.459986e-07	0.000000e+00	6.085368e-89	1.882630e-90	1.882630e-90	2.909485e-47	9.482653e-71	0.000000e+00	0.000000e+00	1.882630e-90	0.000000e+00	0.000000e+00	0.000000e+00	0.000000e+00	0.000000e+00	0.000000e+00	0.000000e+00	8.785827e-48	1.703851e-78	0.000000e+00	0.000000e+00	0.000000e+00	0.000000e+00	0.000000e+00	0.000000e+00	0.000000e+00	0.000000e+00	0.000000e+00	0.000000e+00	0.000000e+00	0.000000e+00	0.000000e+00	0.000000e+00	0.000000e+00	0.000000e+00	0.000000e+00	0.000000e+00	0.000000e+00	0.000000e+00	0.000000e+00	0.000000e+00	0.000000e+00	0.000000e+00	0.000000e+00	0.000000e+00	0.000000e+00	0.000000e+00	0.000000e+00	0.000000e+00	0.000000e+00	0.000000e+00	0.000000e+00	0.000000e+00	0.000000e+00	0.000000e+00	0.000000e+00	0.000000e+00	0.000000e+00	0.000000e+00	0.000000e+00	0.000000e+00	
1661.535838	1655.513919	1667.557757	228.610630	2.795726e-01	1.882733e-90	0.000000e+00	2.465350e-45	3.096337e-61	0.000000e+00	0.000000e+00	8.447199e-03	1.882733e-90	1.164697e-03	1.290555e-51	1.124686e-84	3.337290e-76	1.882733e-90	1.882733e-90	0.000000e+00	7.449937e-84	1.882733e-90	1.882733e-90	1.882733e-90	9.250668e-31	4.973786e-03	2.122805e-40	0.000000e+00	0.000000e+00	0.000000e+00	1.882733e-90	5.402912e-70	0.000000e+00	4.953308e-41	0.000000e+00	0.000000e+00	0.000000e+00	0.000000e+00	0.000000e+00	0.000000e+00	0.000000e+00	4.000808e-43	1.882733e-90	1.882733e-90	2.640928e-62	1.450457e-37	9.896479e-58	7.282733e-48	2.558313e-85	2.273609e-04	1.925715e-35	0.000000e+00	0.000000e+00	4.280301e-35	2.519064e-71	0.000000e+00	7.722302e-26	8.419191e-01	1.882733e-90	6.716729e-07	0.000000e+00	7.931532e-89	1.882733e-90	1.882733e-90	3.327938e-47	1.351447e-70	0.000000e+00	0.000000e+00	1.882733e-90	0.000000e+00	0.000000e+00	0.000000e+00	0.000000e+00	0.000000e+00	0.000000e+00	0.000000e+00	1.359927e-47	1.771905e-78	0.000000e+00	0.000000e+00	0.000000e+00	0.000000e+00	0.000000e+00	0.000000e+00	0.000000e+00	0.000000e+00	0.000000e+00	0.000000e+00	0.000000e+00	0.000000e+00	0.000000e+00	0.000000e+00	0.000000e+00	0.000000e+00	0.000000e+00	0.000000e+00	0.000000e+00	0.000000e+00	0.000000e+00	0.000000e+00	0.000000e+00	0.000000e+00	0.000000e+00	0.000000e+00	0.000000e+00	0.000000e+00	0.000000e+00	0.000000e+00	0.000000e+00	0.000000e+00	0.000000e+00	0.000000e+00	0.000000e+00	0.000000e+00	0.000000e+00	0.000000e+00	0.000000e+00	0.000000e+00	0.000000e+00	0.000000e+00	
1673.567233	1667.557757	1679.576710	228.137410	2.294313e-01	1.882685e-90	0.000000e+00	2.149098e-45	2.517504e-61	0.000000e+00	0.000000e+00	8.446562e-03	1.882685e-90	1.164219e-03	1.098874e-51	1.063924e-84	2.975491e-76	1.882685e-90	1.882685e-90	0.000000e+00	5.961471e-84	1.882685e-90	1.882685e-90	1.882685e-90	1.095054e-30	4.973063e-03	2.079347e-40	0.000000e+00	0.000000e+00	0.000000e+00	1.882685e-90	5.300164e-70	0.000000e+00	4.835911e-41	0.000000e+00	0.000000e+00	0.000000e+00	0.000000e+00	0.000000e+00	0.000000e+00	0.000000e+00	4.483276e-43	1.882685e-90	1.882685e-90	2.325232e-62	1.467911e-37	9.009714e-58	7.101037e-48	2.142008e-85	2.273546e-04	1.784275e-35	0.000000e+00	0.000000e+00	5.111705e-35	2.475331e-71	0.000000e+00	9.570169e-26	8.419245e-01	1.882685e-90	9.015901e-07	0.000000e+00	6.092548e-89	1.882685e-90	1.882685e-90	2.883026e-47	1.226515e-70	0.000000e+00	0.000000e+00	1.882685e-90	0.000000e+00	0.000000e+00	0.000000e+00	0.000000e+00	0.000000e+00	0.000000e+00	0.000000e+00	1.518751e-47	1.360583e-78	0.000000e+00	0.000000e+00	0.000000e+00	0.000000e+00	0.000000e+00	0.000000e+00	0.000000e+00	0.000000e+00	0.000000e+00	0.000000e+00	0.000000e+00	0.000000e+00	0.000000e+00	0.000000e+00	0.000000e+00	0.000000e+00	0.000000e+00	0.000000e+00	0.000000e+00	0.000000e+00	0.000000e+00	0.000000e+00	0.000000e+00	0.000000e+00	0.000000e+00	0.000000e+00	0.000000e+00	0.000000e+00	0.000000e+00	0.000000e+00	0.000000e+00	0.000000e+00	0.000000e+00	0.000000e+00	0.000000e+00	0.000000e+00	0.000000e+00	0.000000e+00	0.000000e+00	0.000000e+00	0.000000e+00	0.000000e+00	
1685.560354	1679.576710	1691.543999	227.154167	1.882829e-01	1.882633e-90	0.000000e+00	1.448023e-45	1.466555e-61	0.000000e+00	0.000000e+00	8.446588e-03	1.882633e-90	1.163787e-03	7.052325e-52	6.163241e-85	1.695273e-76	1.882633e-90	1.882633e-90	0.000000e+00	3.017474e-84	1.882633e-90	1.882633e-90	1.882633e-90	1.013149e-30	4.973617e-03	1.606228e-40	0.000000e+00	0.000000e+00	0.000000e+00	1.882633e-90	3.311484e-70	0.000000e+00	3.710889e-41	0.000000e+00	0.000000e+00	0.000000e+00	0.000000e+00	0.000000e+00	0.000000e+00	0.000000e+00	3.699884e-43	1.882633e-90	1.882633e-90	1.436223e-62	1.213215e-37	5.969227e-58	5.431902e-48	1.191862e-85	2.273349e-04	1.365727e-35	0.000000e+00	0.000000e+00	4.817633e-35	1.551245e-71	0.000000e+00	9.747531e-26	8.419281e-01	1.882633e-90	1.085364e-06	0.000000e+00	2.830434e-89	1.882633e-90	1.882633e-90	1.918224e-47	7.251727e-71	0.000000e+00	0.000000e+00	1.882633e-90	0.000000e+00	0.000000e+00	0.000000e+00	0.000000e+00	0.000000e+00	0.000000e+00	0.000000e+00	1.244796e-47	7.839942e-79	0.000000e+00	0.000000e+00	0.000000e+00	0.000000e+00	0.000000e+00	0.000000e+00	0.000000e+00	0.000000e+00	0.000000e+00	0.000000e+00	0.000000e+00	0.000000e+00	0.000000e+00	0.000000e+00	0.000000e+00	0.000000e+00	0.000000e+00	0.000000e+00	0.000000e+00	0.000000e+00	0.000000e+00	0.000000e+00	0.000000e+00	0.000000e+00	0.000000e+00	0.000000e+00	0.000000e+00	0.000000e+00	0.000000e+00	0.000000e+00	0.000000e+00	0.000000e+00	0.000000e+00	0.000000e+00	0.000000e+00	0.000000e+00	0.000000e+00	0.000000e+00	0.000000e+00	0.000000e+00	0.000000e+00	0.000000e+00	
1697.490383	1691.543999	1703.436768	225.740963	1.545144e-01	1.882628e-90	0.000000e+00	7.804108e-46	6.398462e-62	0.000000e+00	0.000000e+00	8.446795e-03	1.882628e-90	1.163664e-03	3.542827e-52	2.335773e-85	6.553546e-77	1.882628e-90	1.882628e-90	0.000000e+00	1.027148e-84	1.882628e-90	1.882628e-90	1.882628e-90	7.569619e-31	4.973495e-03	1.009664e-40	0.000000e+00	0.000000e+00	0.000000e+00	1.882628e-90	1.398669e-70	0.000000e+00	2.309891e-41	0.000000e+00	0.000000e+00	0.000000e+00	0.000000e+00	0.000000e+00	0.000000e+00	0.000000e+00	2.342520e-43	1.882628e-90	1.882628e-90	6.525045e-63	8.416105e-38	3.003012e-58	3.367998e-48	4.655777e-86	2.273390e-04	8.859483e-36	0.000000e+00	0.000000e+00	3.698603e-35	6.582081e-72	0.000000e+00	8.375284e-26	8.419283e-01	1.882628e-90	1.189879e-06	0.000000e+00	8.505111e-90	1.882628e-90	1.882628e-90	1.014916e-47	2.956475e-71	0.000000e+00	0.000000e+00	1.882628e-90	0.000000e+00	0.000000e+00	0.000000e+00	0.000000e+00	0.000000e+00	0.000000e+00	0.000000e+00	7.804629e-48	3.524582e-79	0.000000e+00	0.000000e+00	0.000000e+00	0.000000e+00	0.000000e+00	0.000000e+00	0.000000e+00	0.000000e+00	0.000000e+00	0.000000e+00	0.000000e+00	0.000000e+00	0.000000e+00	0.000000e+00	0.000000e+00	0.000000e+00	0.000000e+00	0.000000e+00	0.000000e+00	0.000000e+00	0.000000e+00	0.000000e+00	0.000000e+00	0.000000e+00	0.000000e+00	0.000000e+00	0.000000e+00	0.000000e+00	0.000000e+00	0.000000e+00	0.000000e+00	0.000000e+00	0.000000e+00	0.000000e+00	0.000000e+00	0.000000e+00	0.000000e+00	0.000000e+00	0.000000e+00	0.000000e+00	0.000000e+00	0.000000e+00	
1709.337431	1703.436768	1715.238093	224.004738	1.268022e-01	1.882616e-90	0.000000e+00	3.527152e-46	2.222382e-62	0.000000e+00	0.000000e+00	8.446375e-03	1.882616e-90	1.163470e-03	1.466774e-52	6.335017e-86	1.865812e-77	1.882616e-90	1.882616e-90	0.000000e+00	2.556832e-85	1.882616e-90	1.882616e-90	1.882616e-90	4.780314e-31	4.973183e-03	5.396048e-41	0.000000e+00	0.000000e+00	0.000000e+00	1.882616e-90	4.341010e-71	0.000000e+00	1.219658e-41	0.000000e+00	0.000000e+00	0.000000e+00	0.000000e+00	0.000000e+00	0.000000e+00	0.000000e+00	1.203782e-43	1.882616e-90	1.882616e-90	2.326841e-63	5.085665e-38	1.215970e-58	1.769955e-48	1.376422e-86	2.273505e-04	5.044075e-36	0.000000e+00	0.000000e+00	2.416906e-35	2.054198e-72	0.000000e+00	6.296326e-26	8.419308e-01	1.882616e-90	1.211681e-06	0.000000e+00	1.882616e-90	1.882616e-90	1.882616e-90	4.482658e-48	8.993646e-72	0.000000e+00	0.000000e+00	1.882616e-90	0.000000e+00	0.000000e+00	0.000000e+00	0.000000e+00	0.000000e+00	0.000000e+00	0.000000e+00	3.963024e-48	1.303612e-79	0.000000e+00	0.000000e+00	0.000000e+00	0.000000e+00	0.000000e+00	0.000000e+00	0.000000e+00	0.000000e+00	0.000000e+00	0.000000e+00	0.000000e+00	0.000000e+00	0.000000e+00	0.000000e+00	0.000000e+00	0.000000e+00	0.000000e+00	0.000000e+00	0.000000e+00	0.000000e+00	0.000000e+00	0.000000e+00	0.000000e+00	0.000000e+00	0.000000e+00	0.000000e+00	0.000000e+00	0.000000e+00	0.000000e+00	0.000000e+00	0.000000e+00	0.000000e+00	0.000000e+00	0.000000e+00	0.000000e+00	0.000000e+00	0.000000e+00	0.000000e+00	0.000000e+00	0.000000e+00	0.000000e+00	0.000000e+00	
1721.087248	1715.238093	1726.936403	222.049512	1.040603e-01	1.882759e-90	0.000000e+00	1.401132e-46	6.531662e-63	0.000000e+00	0.000000e+00	8.446887e-03	1.882759e-90	1.163666e-03	5.271449e-53	1.346686e-86	4.248684e-78	1.882759e-90	1.882759e-90	0.000000e+00	5.063749e-86	1.882759e-90	1.882759e-90	1.882759e-90	2.671365e-31	4.974156e-03	2.562411e-41	0.000000e+00	0.000000e+00	0.000000e+00	1.882759e-90	1.076078e-71	0.000000e+00	5.713506e-42	0.000000e+00	0.000000e+00	0.000000e+00	0.000000e+00	0.000000e+00	0.000000e+00	0.000000e+00	5.315043e-44	1.882759e-90	1.882759e-90	6.947838e-64	2.777947e-38	4.200657e-59	8.246345e-49	3.321594e-87	2.273610e-04	2.609779e-36	0.000000e+00	0.000000e+00	1.405067e-35	5.121371e-73	0.000000e+00	4.297825e-26	8.419178e-01	1.882759e-90	1.170569e-06	0.000000e+00	1.882759e-90	1.882759e-90	1.882759e-90	1.734932e-48	2.209086e-72	0.000000e+00	0.000000e+00	1.882759e-90	0.000000e+00	0.000000e+00	0.000000e+00	0.000000e+00	0.000000e+00	0.000000e+00	0.000000e+00	1.726948e-48	4.186511e-80	0.000000e+00	0.000000e+00	0.000000e+00	0.000000e+00	0.000000e+00	0.000000e+00	0.000000e+00	0.000000e+00	0.000000e+00	0.000000e+00	0.000000e+00	0.000000e+00	0.000000e+00	0.000000e+00	0.000000e+00	0.000000e+00	0.000000e+00	0.000000e+00	0.000000e+00	0.000000e+00	0.000000e+00	0.000000e+00	0.000000e+00	0.000000e+00	0.000000e+00	0.000000e+00	0.000000e+00	0.000000e+00	0.000000e+00	0.000000e+00	0.000000e+00	0.000000e+00	0.000000e+00	0.000000e+00	0.000000e+00	0.000000e+00	0.000000e+00	0.000000e+00	0.000000e+00	0.000000e+00	0.000000e+00	0.000000e+00	
1732.730885	1726.936403	1738.525367	219.974758	8.539710e-02	1.882669e-90	0.000000e+00	5.127877e-47	1.726072e-63	0.000000e+00	0.000000e+00	8.446727e-03	1.882669e-90	1.163806e-03	1.731017e-53	2.452113e-87	8.393397e-79	1.882669e-90	1.882669e-90	0.000000e+00	8.670611e-87	1.882669e-90	1.882669e-90	1.882669e-90	1.381071e-31	4.973986e-03	1.128460e-41	0.000000e+00	0.000000e+00	0.000000e+00	1.882669e-90	2.311625e-72	0.000000e+00	2.479326e-42	0.000000e+00	0.000000e+00	0.000000e+00	0.000000e+00	0.000000e+00	0.000000e+00	0.000000e+00	2.130647e-44	1.882669e-90	1.882669e-90	1.853069e-64	1.422963e-38	1.311643e-59	3.559165e-49	7.046439e-88	2.273430e-04	1.270484e-36	0.000000e+00	0.000000e+00	7.583296e-36	1.106713e-73	0.000000e+00	2.759014e-26	8.419245e-01	1.882669e-90	1.093668e-06	0.000000e+00	1.882669e-90	1.882669e-90	1.882669e-90	6.171880e-49	4.735311e-73	0.000000e+00	0.000000e+00	1.882669e-90	0.000000e+00	0.000000e+00	0.000000e+00	0.000000e+00	0.000000e+00	0.000000e+00	0.000000e+00	6.827826e-49	1.229613e-80	0.000000e+00	0.000000e+00	0.000000e+00	0.000000e+00	0.000000e+00	0.000000e+00	0.000000e+00	0.000000e+00	0.000000e+00	0.000000e+00	0.000000e+00	0.000000e+00	0.000000e+00	0.000000e+00	0.000000e+00	0.000000e+00	0.000000e+00	0.000000e+00	0.000000e+00	0.000000e+00	0.000000e+00	0.000000e+00	0.000000e+00	0.000000e+00	0.000000e+00	0.000000e+00	0.000000e+00	0.000000e+00	0.000000e+00	0.000000e+00	0.000000e+00	0.000000e+00	0.000000e+00	0.000000e+00	0.000000e+00	0.000000e+00	0.000000e+00	0.000000e+00	0.000000e+00	0.000000e+00	0.000000e+00	0.000000e+00	
1744.264745	1738.525367	1750.004123	217.882145	7.008115e-02	1.882703e-90	0.000000e+00	1.820512e-47	4.385202e-64	0.000000e+00	0.000000e+00	8.446961e-03	1.882703e-90	1.163958e-03	5.496701e-54	4.221014e-88	1.573984e-79	1.882703e-90	1.882703e-90	0.000000e+00	1.407324e-87	1.882703e-90	1.882703e-90	1.882703e-90	6.943060e-32	4.973515e-03	4.835439e-42	0.000000e+00	0.000000e+00	0.000000e+00	1.882703e-90	4.712981e-73	0.000000e+00	1.046413e-42	0.000000e+00	0.000000e+00	0.000000e+00	0.000000e+00	0.000000e+00	0.000000e+00	0.000000e+00	8.248021e-45	1.882703e-90	1.882703e-90	4.740572e-65	7.121780e-39	3.946799e-60	1.494852e-49	1.427282e-88	2.273468e-04	6.047734e-37	0.000000e+00	0.000000e+00	3.987105e-36	2.269594e-74	0.000000e+00	1.733640e-26	8.419226e-01	1.882703e-90	1.010276e-06	0.000000e+00	1.882703e-90	1.882703e-90	1.882703e-90	2.128134e-49	9.656382e-74	0.000000e+00	0.000000e+00	1.882703e-90	0.000000e+00	0.000000e+00	0.000000e+00	0.000000e+00	0.000000e+00	0.000000e+00	0.000000e+00	2.607388e-49	3.501762e-81	0.000000e+00	0.000000e+00	0.000000e+00	0.000000e+00	0.000000e+00	0.000000e+00	0.000000e+00	0.000000e+00	0.000000e+00	0.000000e+00	0.000000e+00	0.000000e+00	0.000000e+00	0.000000e+00	0.000000e+00	0.000000e+00	0.000000e+00	0.000000e+00	0.000000e+00	0.000000e+00	0.000000e+00	0.000000e+00	0.000000e+00	0.000000e+00	0.000000e+00	0.000000e+00	0.000000e+00	0.000000e+00	0.000000e+00	0.000000e+00	0.000000e+00	0.000000e+00	0.000000e+00	0.000000e+00	0.000000e+00	0.000000e+00	0.000000e+00	0.000000e+00	0.000000e+00	0.000000e+00	0.000000e+00	0.000000e+00	
1755.690413	1750.004123	1761.376704	215.867206	5.751211e-02	1.882623e-90	0.000000e+00	6.605239e-48	1.145648e-64	0.000000e+00	0.000000e+00	8.446157e-03	1.882623e-90	1.164042e-03	1.787157e-54	7.581318e-89	3.066512e-80	1.882623e-90	1.882623e-90	0.000000e+00	2.374749e-88	1.882623e-90	1.882623e-90	1.882623e-90	3.566802e-32	4.972914e-03	2.114864e-42	0.000000e+00	0.000000e+00	0.000000e+00	1.882623e-90	9.991088e-74	0.000000e+00	4.510094e-43	0.000000e+00	0.000000e+00	0.000000e+00	0.000000e+00	0.000000e+00	0.000000e+00	0.000000e+00	3.279613e-45	1.882623e-90	1.882623e-90	1.249575e-65	3.627104e-39	1.220060e-60	6.412928e-50	2.995584e-89	2.273480e-04	2.925556e-37	0.000000e+00	0.000000e+00	2.141361e-36	4.837059e-75	0.000000e+00	1.108855e-26	8.419300e-01	1.882623e-90	9.429094e-07	0.000000e+00	1.882623e-90	1.882623e-90	1.882623e-90	7.503352e-50	2.042591e-74	0.000000e+00	0.000000e+00	1.882623e-90	0.000000e+00	0.000000e+00	0.000000e+00	0.000000e+00	0.000000e+00	0.000000e+00	0.000000e+00	1.023394e-49	1.023540e-81	0.000000e+00	0.000000e+00	0.000000e+00	0.000000e+00	0.000000e+00	0.000000e+00	0.000000e+00	0.000000e+00	0.000000e+00	0.000000e+00	0.000000e+00	0.000000e+00	0.000000e+00	0.000000e+00	0.000000e+00	0.000000e+00	0.000000e+00	0.000000e+00	0.000000e+00	0.000000e+00	0.000000e+00	0.000000e+00	0.000000e+00	0.000000e+00	0.000000e+00	0.000000e+00	0.000000e+00	0.000000e+00	0.000000e+00	0.000000e+00	0.000000e+00	0.000000e+00	0.000000e+00	0.000000e+00	0.000000e+00	0.000000e+00	0.000000e+00	0.000000e+00	0.000000e+00	0.000000e+00	0.000000e+00	0.000000e+00	
1767.013679	1761.376704	1772.650655	213.994494	4.719732e-02	1.882629e-90	0.000000e+00	2.545006e-48	3.235378e-65	0.000000e+00	0.000000e+00	8.445906e-03	1.882629e-90	1.164061e-03	6.206015e-55	1.528327e-89	6.635756e-81	1.882629e-90	1.882629e-90	0.000000e+00	4.460881e-89	1.882629e-90	1.882629e-90	1.882629e-90	1.943126e-32	4.973934e-03	9.785746e-43	0.000000e+00	0.000000e+00	0.000000e+00	1.882629e-90	2.356704e-74	0.000000e+00	2.058892e-43	0.000000e+00	0.000000e+00	0.000000e+00	0.000000e+00	0.000000e+00	0.000000e+00	0.000000e+00	1.402127e-45	1.882629e-90	1.882629e-90	3.577677e-66	1.936933e-39	4.062819e-61	2.913863e-50	6.924878e-90	2.273313e-04	1.479628e-37	0.000000e+00	0.000000e+00	1.217155e-36	1.145857e-75	0.000000e+00	7.436736e-27	8.419286e-01	1.882629e-90	9.034148e-07	0.000000e+00	1.882629e-90	1.882629e-90	1.882629e-90	2.814757e-50	4.779525e-75	0.000000e+00	0.000000e+00	1.882629e-90	0.000000e+00	0.000000e+00	0.000000e+00	0.000000e+00	0.000000e+00	0.000000e+00	0.000000e+00	4.324250e-50	3.205298e-82	0.000000e+00	0.000000e+00	0.000000e+00	0.000000e+00	0.000000e+00	0.000000e+00	0.000000e+00	0.000000e+00	0.000000e+00	0.000000e+00	0.000000e+00	0.000000e+00	0.000000e+00	0.000000e+00	0.000000e+00	0.000000e+00	0.000000e+00	0.000000e+00	0.000000e+00	0.000000e+00	0.000000e+00	0.000000e+00	0.000000e+00	0.000000e+00	0.000000e+00	0.000000e+00	0.000000e+00	0.000000e+00	0.000000e+00	0.000000e+00	0.000000e+00	0.000000e+00	0.000000e+00	0.000000e+00	0.000000e+00	0.000000e+00	0.000000e+00	0.000000e+00	0.000000e+00	0.000000e+00	0.000000e+00	0.000000e+00	
1778.242713	1772.650655	1783.834770	212.289117	3.873249e-02	1.882579e-90	0.000000e+00	1.060374e-48	1.011060e-65	0.000000e+00	0.000000e+00	8.445896e-03	1.882579e-90	1.164058e-03	2.348096e-55	3.577884e-90	1.645585e-81	1.882579e-90	1.882579e-90	0.000000e+00	9.632068e-90	1.882579e-90	1.882579e-90	1.882579e-90	1.141115e-32	4.973500e-03	4.866976e-43	0.000000e+00	0.000000e+00	0.000000e+00	1.882579e-90	6.375053e-75	0.000000e+00	1.011062e-43	0.000000e+00	0.000000e+00	0.000000e+00	0.000000e+00	0.000000e+00	0.000000e+00	0.000000e+00	6.579485e-46	1.882579e-90	1.882579e-90	1.140880e-66	1.100368e-39	1.490404e-61	1.426115e-50	1.882579e-90	2.273414e-04	7.931129e-38	0.000000e+00	0.000000e+00	7.438056e-37	3.112123e-76	0.000000e+00	5.296371e-27	8.419331e-01	1.882579e-90	8.951262e-07	0.000000e+00	1.882579e-90	1.882579e-90	1.882579e-90	1.143785e-50	1.273912e-75	0.000000e+00	0.000000e+00	1.882579e-90	0.000000e+00	0.000000e+00	0.000000e+00	0.000000e+00	0.000000e+00	0.000000e+00	0.000000e+00	2.008090e-50	1.096594e-82	0.000000e+00	0.000000e+00	0.000000e+00	0.000000e+00	0.000000e+00	0.000000e+00	0.000000e+00	0.000000e+00	0.000000e+00	0.000000e+00	0.000000e+00	0.000000e+00	0.000000e+00	0.000000e+00	0.000000e+00	0.000000e+00	0.000000e+00	0.000000e+00	0.000000e+00	0.000000e+00	0.000000e+00	0.000000e+00	0.000000e+00	0.000000e+00	0.000000e+00	0.000000e+00	0.000000e+00	0.000000e+00	0.000000e+00	0.000000e+00	0.000000e+00	0.000000e+00	0.000000e+00	0.000000e+00	0.000000e+00	0.000000e+00	0.000000e+00	0.000000e+00	0.000000e+00	0.000000e+00	0.000000e+00	0.000000e+00	
1789.386329	1783.834770	1794.937888	210.748598	3.178583e-02	1.882656e-90	0.000000e+00	4.790292e-49	3.508993e-66	0.000000e+00	0.000000e+00	8.447136e-03	1.882656e-90	1.164102e-03	9.709561e-56	1.882656e-90	4.699040e-82	1.882656e-90	1.882656e-90	0.000000e+00	2.402412e-90	1.882656e-90	1.882656e-90	1.882656e-90	7.245743e-33	4.974064e-03	2.609666e-43	0.000000e+00	0.000000e+00	0.000000e+00	1.882656e-90	1.988655e-75	0.000000e+00	5.359120e-44	0.000000e+00	0.000000e+00	0.000000e+00	0.000000e+00	0.000000e+00	0.000000e+00	0.000000e+00	3.400875e-46	1.882656e-90	1.882656e-90	4.066664e-67	6.662234e-40	6.042830e-62	7.536966e-51	1.882656e-90	2.273501e-04	4.514113e-38	0.000000e+00	0.000000e+00	4.900235e-37	9.739385e-77	0.000000e+00	4.015772e-27	8.419253e-01	1.882656e-90	9.181524e-07	0.000000e+00	1.882656e-90	1.882656e-90	1.882656e-90	5.051024e-51	3.887061e-76	0.000000e+00	0.000000e+00	1.882656e-90	0.000000e+00	0.000000e+00	0.000000e+00	0.000000e+00	0.000000e+00	0.000000e+00	0.000000e+00	1.028599e-50	4.110667e-83	0.000000e+00	0.000000e+00	0.000000e+00	0.000000e+00	0.000000e+00	0.000000e+00	0.000000e+00	0.000000e+00	0.000000e+00	0.000000e+00	0.000000e+00	0.000000e+00	0.000000e+00	0.000000e+00	0.000000e+00	0.000000e+00	0.000000e+00	0.000000e+00	0.000000e+00	0.000000e+00	0.000000e+00	0.000000e+00	0.000000e+00	0.000000e+00	0.000000e+00	0.000000e+00	0.000000e+00	0.000000e+00	0.000000e+00	0.000000e+00	0.000000e+00	0.000000e+00	0.000000e+00	0.000000e+00	0.000000e+00	0.000000e+00	0.000000e+00	0.000000e+00	0.000000e+00	0.000000e+00	0.000000e+00	0.000000e+00	
1800.452567	1794.937888	1805.967246	209.350477	2.608505e-02	1.882741e-90	0.000000e+00	2.324260e-49	1.335672e-66	0.000000e+00	0.000000e+00	8.447432e-03	1.882741e-90	1.164076e-03	4.342163e-56	1.882741e-90	1.519126e-82	1.882741e-90	1.882741e-90	0.000000e+00	1.882741e-90	1.882741e-90	1.882741e-90	1.882741e-90	4.926278e-33	4.974336e-03	1.494519e-43	0.000000e+00	0.000000e+00	0.000000e+00	1.882741e-90	7.031004e-76	0.000000e+00	3.037035e-44	0.000000e+00	0.000000e+00	0.000000e+00	0.000000e+00	0.000000e+00	0.000000e+00	0.000000e+00	1.913624e-46	1.882741e-90	1.882741e-90	1.599283e-67	4.266759e-40	2.675589e-62	4.260135e-51	1.882741e-90	2.273597e-04	2.709021e-38	0.000000e+00	0.000000e+00	3.447512e-37	3.453034e-77	0.000000e+00	3.214919e-27	8.419177e-01	1.882741e-90	9.706495e-07	0.000000e+00	1.882741e-90	1.882741e-90	1.882741e-90	2.399981e-51	1.335681e-76	0.000000e+00	0.000000e+00	1.882741e-90	0.000000e+00	0.000000e+00	0.000000e+00	0.000000e+00	0.000000e+00	0.000000e+00	0.000000e+00	5.740821e-51	1.668379e-83	0.000000e+00	0.000000e+00	0.000000e+00	0.000000e+00	0.000000e+00	0.000000e+00	0.000000e+00	0.000000e+00	0.000000e+00	0.000000e+00	0.000000e+00	0.000000e+00	0.000000e+00	0.000000e+00	0.000000e+00	0.000000e+00	0.000000e+00	0.000000e+00	0.000000e+00	0.000000e+00	0.000000e+00	0.000000e+00	0.000000e+00	0.000000e+00	0.000000e+00	0.000000e+00	0.000000e+00	0.000000e+00	0.000000e+00	0.000000e+00	0.000000e+00	0.000000e+00	0.000000e+00	0.000000e+00	0.000000e+00	0.000000e+00	0.000000e+00	0.000000e+00	0.000000e+00	0.000000e+00	0.000000e+00	0.000000e+00	
1811.447940	1805.967246	1816.928634	208.060294	2.140670e-02	1.882733e-90	0.000000e+00	1.190148e-49	5.450646e-67	0.000000e+00	0.000000e+00	8.446777e-03	1.882733e-90	1.163913e-03	2.059835e-56	1.882733e-90	5.392324e-83	1.882733e-90	1.882733e-90	0.000000e+00	1.882733e-90	1.882733e-90	1.882733e-90	1.882733e-90	3.526170e-33	4.974049e-03	8.993666e-44	0.000000e+00	0.000000e+00	0.000000e+00	1.882733e-90	2.731676e-76	0.000000e+00	1.809874e-44	0.000000e+00	0.000000e+00	0.000000e+00	0.000000e+00	0.000000e+00	0.000000e+00	0.000000e+00	1.147810e-46	1.882733e-90	1.882733e-90	6.772555e-68	2.850206e-40	1.265821e-62	2.532716e-51	1.882733e-90	2.273447e-04	1.691797e-38	0.000000e+00	0.000000e+00	2.548168e-37	1.344806e-77	0.000000e+00	2.681207e-27	8.419199e-01	1.882733e-90	1.049666e-06	0.000000e+00	1.882733e-90	1.882733e-90	1.882733e-90	1.204977e-51	5.019404e-77	0.000000e+00	0.000000e+00	1.882733e-90	0.000000e+00	0.000000e+00	0.000000e+00	0.000000e+00	0.000000e+00	0.000000e+00	0.000000e+00	3.417735e-51	7.188093e-84	0.000000e+00	0.000000e+00	0.000000e+00	0.000000e+00	0.000000e+00	0.000000e+00	0.000000e+00	0.000000e+00	0.000000e+00	0.000000e+00	0.000000e+00	0.000000e+00	0.000000e+00	0.000000e+00	0.000000e+00	0.000000e+00	0.000000e+00	0.000000e+00	0.000000e+00	0.000000e+00	0.000000e+00	0.000000e+00	0.000000e+00	0.000000e+00	0.000000e+00	0.000000e+00	0.000000e+00	0.000000e+00	0.000000e+00	0.000000e+00	0.000000e+00	0.000000e+00	0.000000e+00	0.000000e+00	0.000000e+00	0.000000e+00	0.000000e+00	0.000000e+00	0.000000e+00	0.000000e+00	0.000000e+00	0.000000e+00	
1822.377213	1816.928634	1827.825792	206.840842	1.756741e-02	1.882670e-90	0.000000e+00	6.301743e-50	2.322920e-67	0.000000e+00	0.000000e+00	8.446450e-03	1.882670e-90	1.163674e-03	1.013634e-56	1.882670e-90	2.029009e-83	1.882670e-90	1.882670e-90	0.000000e+00	1.882670e-90	1.882670e-90	1.882670e-90	1.882670e-90	2.606457e-33	4.972996e-03	5.582079e-44	0.000000e+00	0.000000e+00	0.000000e+00	1.882670e-90	1.125348e-76	0.000000e+00	1.112740e-44	0.000000e+00	0.000000e+00	0.000000e+00	0.000000e+00	0.000000e+00	0.000000e+00	0.000000e+00	7.164131e-47	1.882670e-90	1.882670e-90	3.003345e-68	1.954962e-40	6.241953e-63	1.554468e-51	1.882670e-90	2.273359e-04	1.083126e-38	0.000000e+00	0.000000e+00	1.942732e-37	5.552881e-78	0.000000e+00	2.294437e-27	8.419258e-01	1.882670e-90	1.151432e-06	0.000000e+00	1.882670e-90	1.882670e-90	1.882670e-90	6.260368e-52	1.994402e-77	0.000000e+00	0.000000e+00	1.882670e-90	0.000000e+00	0.000000e+00	0.000000e+00	0.000000e+00	0.000000e+00	0.000000e+00	0.000000e+00	2.118544e-51	3.216761e-84	0.000000e+00	0.000000e+00	0.000000e+00	0.000000e+00	0.000000e+00	0.000000e+00	0.000000e+00	0.000000e+00	0.000000e+00	0.000000e+00	0.000000e+00	0.000000e+00	0.000000e+00	0.000000e+00	0.000000e+00	0.000000e+00	0.000000e+00	0.000000e+00	0.000000e+00	0.000000e+00	0.000000e+00	0.000000e+00	0.000000e+00	0.000000e+00	0.000000e+00	0.000000e+00	0.000000e+00	0.000000e+00	0.000000e+00	0.000000e+00	0.000000e+00	0.000000e+00	0.000000e+00	0.000000e+00	0.000000e+00	0.000000e+00	0.000000e+00	0.000000e+00	0.000000e+00	0.000000e+00	0.000000e+00	0.000000e+00	
1833.243300	1827.825792	1838.660809	205.661620	1.441670e-02	1.882690e-90	0.000000e+00	3.390897e-50	1.010878e-67	0.000000e+00	0.000000e+00	8.446618e-03	1.882690e-90	1.163457e-03	5.076915e-57	1.882690e-90	7.853761e-84	1.882690e-90	1.882690e-90	0.000000e+00	1.882690e-90	1.882690e-90	1.882690e-90	1.882690e-90	1.958098e-33	4.973983e-03	3.518850e-44	0.000000e+00	0.000000e+00	0.000000e+00	1.882690e-90	4.774215e-77	0.000000e+00	6.952584e-45	0.000000e+00	0.000000e+00	0.000000e+00	0.000000e+00	0.000000e+00	0.000000e+00	0.000000e+00	4.561452e-47	1.882690e-90	1.882690e-90	1.361824e-68	1.358356e-40	3.140514e-63	9.691535e-52	1.882690e-90	2.273419e-04	7.018235e-39	0.000000e+00	0.000000e+00	1.504751e-37	2.359882e-78	0.000000e+00	1.989706e-27	8.419236e-01	1.882690e-90	1.272226e-06	0.000000e+00	1.882690e-90	1.882690e-90	1.882690e-90	3.308116e-52	8.145385e-78	0.000000e+00	0.000000e+00	1.882690e-90	0.000000e+00	0.000000e+00	0.000000e+00	0.000000e+00	0.000000e+00	0.000000e+00	0.000000e+00	1.340205e-51	1.467196e-84	0.000000e+00	0.000000e+00	0.000000e+00	0.000000e+00	0.000000e+00	0.000000e+00	0.000000e+00	0.000000e+00	0.000000e+00	0.000000e+00	0.000000e+00	0.000000e+00	0.000000e+00	0.000000e+00	0.000000e+00	0.000000e+00	0.000000e+00	0.000000e+00	0.000000e+00	0.000000e+00	0.000000e+00	0.000000e+00	0.000000e+00	0.000000e+00	0.000000e+00	0.000000e+00	0.000000e+00	0.000000e+00	0.000000e+00	0.000000e+00	0.000000e+00	0.000000e+00	0.000000e+00	0.000000e+00	0.000000e+00	0.000000e+00	0.000000e+00	0.000000e+00	0.000000e+00	0.000000e+00	0.000000e+00	0.000000e+00	
1844.047894	1838.660809	1849.434980	204.506270	1.183107e-02	1.882569e-90	0.000000e+00	1.836841e-50	4.436899e-68	0.000000e+00	0.000000e+00	8.446325e-03	1.882569e-90	1.163126e-03	2.561119e-57	1.882569e-90	3.075629e-84	1.882569e-90	1.882569e-90	0.000000e+00	1.882569e-90	1.882569e-90	1.882569e-90	1.882569e-90	1.480624e-33	4.974086e-03	2.231872e-44	0.000000e+00	0.000000e+00	0.000000e+00	1.882569e-90	2.049250e-77	0.000000e+00	4.370848e-45	0.000000e+00	0.000000e+00	0.000000e+00	0.000000e+00	0.000000e+00	0.000000e+00	0.000000e+00	2.927738e-47	1.882569e-90	1.882569e-90	6.231461e-69	9.487423e-41	1.593073e-63	6.081349e-52	1.882569e-90	2.273277e-04	4.569693e-39	0.000000e+00	0.000000e+00	1.172913e-37	1.014608e-78	0.000000e+00	1.734659e-27	8.419328e-01	1.882569e-90	1.410019e-06	0.000000e+00	1.882569e-90	1.882569e-90	1.882569e-90	1.759786e-52	3.363765e-78	0.000000e+00	0.000000e+00	1.882569e-90	0.000000e+00	0.000000e+00	0.000000e+00	0.000000e+00	0.000000e+00	0.000000e+00	0.000000e+00	8.548363e-52	6.745497e-85	0.000000e+00	0.000000e+00	0.000000e+00	0.000000e+00	0.000000e+00	0.000000e+00	0.000000e+00	0.000000e+00	0.000000e+00	0.000000e+00	0.000000e+00	0.000000e+00	0.000000e+00	0.000000e+00	0.000000e+00	0.000000e+00	0.000000e+00	0.000000e+00	0.000000e+00	0.000000e+00	0.000000e+00	0.000000e+00	0.000000e+00	0.000000e+00	0.000000e+00	0.000000e+00	0.000000e+00	0.000000e+00	0.000000e+00	0.000000e+00	0.000000e+00	0.000000e+00	0.000000e+00	0.000000e+00	0.000000e+00	0.000000e+00	0.000000e+00	0.000000e+00	0.000000e+00	0.000000e+00	0.000000e+00	0.000000e+00	
1854.792238	1849.434980	1860.149495	203.374247	9.709169e-03	1.882697e-90	0.000000e+00	1.001684e-50	1.964622e-68	0.000000e+00	0.000000e+00	8.447223e-03	1.882697e-90	1.162896e-03	1.301571e-57	1.882697e-90	1.219176e-84	1.882697e-90	1.882697e-90	0.000000e+00	1.882697e-90	1.882697e-90	1.882697e-90	1.882697e-90	1.127352e-33	4.973825e-03	1.424841e-44	0.000000e+00	0.000000e+00	0.000000e+00	1.882697e-90	8.902459e-78	0.000000e+00	2.765518e-45	0.000000e+00	0.000000e+00	0.000000e+00	0.000000e+00	0.000000e+00	0.000000e+00	0.000000e+00	1.895074e-47	1.882697e-90	1.882697e-90	2.878270e-69	6.664470e-41	8.151598e-64	3.843405e-52	1.882697e-90	2.273425e-04	2.990637e-39	0.000000e+00	0.000000e+00	9.206651e-38	4.415069e-79	0.000000e+00	1.521341e-27	8.419226e-01	1.882697e-90	1.568282e-06	0.000000e+00	1.882697e-90	1.882697e-90	1.882697e-90	9.425353e-53	1.405182e-78	0.000000e+00	0.000000e+00	1.882697e-90	0.000000e+00	0.000000e+00	0.000000e+00	0.000000e+00	0.000000e+00	0.000000e+00	0.000000e+00	5.501056e-52	3.129600e-85	0.000000e+00	0.000000e+00	0.000000e+00	0.000000e+00	0.000000e+00	0.000000e+00	0.000000e+00	0.000000e+00	0.000000e+00	0.000000e+00	0.000000e+00	0.000000e+00	0.000000e+00	0.000000e+00	0.000000e+00	0.000000e+00	0.000000e+00	0.000000e+00	0.000000e+00	0.000000e+00	0.000000e+00	0.000000e+00	0.000000e+00	0.000000e+00	0.000000e+00	0.000000e+00	0.000000e+00	0.000000e+00	0.000000e+00	0.000000e+00	0.000000e+00	0.000000e+00	0.000000e+00	0.000000e+00	0.000000e+00	0.000000e+00	0.000000e+00	0.000000e+00	0.000000e+00	0.000000e+00	0.000000e+00	0.000000e+00	
1865.477712	1860.149495	1870.805928	202.273074	7.967831e-03	1.882686e-90	0.000000e+00	5.527321e-51	8.831104e-69	0.000000e+00	0.000000e+00	8.446491e-03	1.882686e-90	1.162435e-03	6.699143e-58	1.882686e-90	4.931643e-85	1.882686e-90	1.882686e-90	0.000000e+00	1.882686e-90	1.882686e-90	1.882686e-90	1.882686e-90	8.682032e-34	4.973895e-03	9.195934e-45	0.000000e+00	0.000000e+00	0.000000e+00	1.882686e-90	3.949675e-78	0.000000e+00	1.769765e-45	0.000000e+00	0.000000e+00	0.000000e+00	0.000000e+00	0.000000e+00	0.000000e+00	0.000000e+00	1.244109e-47	1.882686e-90	1.882686e-90	1.351151e-69	4.725151e-41	4.231503e-64	2.455745e-52	1.882686e-90	2.273501e-04	1.974335e-39	0.000000e+00	0.000000e+00	7.306855e-38	1.961507e-79	0.000000e+00	1.346354e-27	8.419248e-01	1.882686e-90	1.752848e-06	0.000000e+00	1.882686e-90	1.882686e-90	1.882686e-90	5.109961e-53	5.986446e-79	0.000000e+00	0.000000e+00	1.882686e-90	0.000000e+00	0.000000e+00	0.000000e+00	0.000000e+00	0.000000e+00	0.000000e+00	0.000000e+00	3.590771e-52	1.470957e-85	0.000000e+00	0.000000e+00	0.000000e+00	0.000000e+00	0.000000e+00	0.000000e+00	0.000000e+00	0.000000e+00	0.000000e+00	0.000000e+00	0.000000e+00	0.000000e+00	0.000000e+00	0.000000e+00	0.000000e+00	0.000000e+00	0.000000e+00	0.000000e+00	0.000000e+00	0.000000e+00	0.000000e+00	0.000000e+00	0.000000e+00	0.000000e+00	0.000000e+00	0.000000e+00	0.000000e+00	0.000000e+00	0.000000e+00	0.000000e+00	0.000000e+00	0.000000e+00	0.000000e+00	0.000000e+00	0.000000e+00	0.000000e+00	0.000000e+00	0.000000e+00	0.000000e+00	0.000000e+00	0.000000e+00	0.000000e+00	
1876.105597	1870.805928	1881.405266	201.187836	6.538802e-03	1.882674e-90	0.000000e+00	3.058437e-51	3.984162e-69	0.000000e+00	0.000000e+00	8.446580e-03	1.882674e-90	1.162047e-03	3.458516e-58	1.882674e-90	2.005305e-85	1.882674e-90	1.882674e-90	0.000000e+00	1.882674e-90	1.882674e-90	1.882674e-90	1.882674e-90	6.707344e-34	4.973983e-03	5.952246e-45	0.000000e+00	0.000000e+00	0.000000e+00	1.882674e-90	1.761541e-78	0.000000e+00	1.135803e-45	0.000000e+00	0.000000e+00	0.000000e+00	0.000000e+00	0.000000e+00	0.000000e+00	0.000000e+00	8.198484e-48	1.882674e-90	1.882674e-90	6.366871e-70	3.357842e-41	2.204514e-64	1.574086e-52	1.882674e-90	2.273517e-04	1.306050e-39	0.000000e+00	0.000000e+00	5.817678e-38	8.758685e-80	0.000000e+00	1.194952e-27	8.419251e-01	1.882674e-90	1.962664e-06	0.000000e+00	1.882674e-90	1.882674e-90	1.882674e-90	2.778277e-53	2.563044e-79	0.000000e+00	0.000000e+00	1.882674e-90	0.000000e+00	0.000000e+00	0.000000e+00	0.000000e+00	0.000000e+00	0.000000e+00	0.000000e+00	2.353487e-52	6.943806e-86	0.000000e+00	0.000000e+00	0.000000e+00	0.000000e+00	0.000000e+00	0.000000e+00	0.000000e+00	0.000000e+00	0.000000e+00	0.000000e+00	0.000000e+00	0.000000e+00	0.000000e+00	0.000000e+00	0.000000e+00	0.000000e+00	0.000000e+00	0.000000e+00	0.000000e+00	0.000000e+00	0.000000e+00	0.000000e+00	0.000000e+00	0.000000e+00	0.000000e+00	0.000000e+00	0.000000e+00	0.000000e+00	0.000000e+00	0.000000e+00	0.000000e+00	0.000000e+00	0.000000e+00	0.000000e+00	0.000000e+00	0.000000e+00	0.000000e+00	0.000000e+00	0.000000e+00	0.000000e+00	0.000000e+00	0.000000e+00	
1886.675175	1881.405266	1891.945084	200.058191	5.366069e-03	1.882800e-90	0.000000e+00	1.632388e-51	1.715598e-69	0.000000e+00	0.000000e+00	8.447732e-03	1.882800e-90	1.161669e-03	1.715977e-58	1.882800e-90	7.663688e-86	1.882800e-90	1.882800e-90	0.000000e+00	1.882800e-90	1.882800e-90	1.882800e-90	1.882800e-90	5.010562e-34	4.973646e-03	3.728749e-45	0.000000e+00	0.000000e+00	0.000000e+00	1.882800e-90	7.380458e-79	0.000000e+00	7.050557e-46	0.000000e+00	0.000000e+00	0.000000e+00	0.000000e+00	0.000000e+00	0.000000e+00	0.000000e+00	5.180641e-48	1.882800e-90	1.882800e-90	2.855142e-70	2.320518e-41	1.098997e-64	9.764200e-53	1.882800e-90	2.273580e-04	8.412034e-40	0.000000e+00	0.000000e+00	4.487089e-38	3.674063e-80	0.000000e+00	1.033355e-27	8.419154e-01	1.882800e-90	2.166829e-06	0.000000e+00	1.882800e-90	1.882800e-90	1.882800e-90	1.455616e-53	1.034033e-79	0.000000e+00	0.000000e+00	1.882800e-90	0.000000e+00	0.000000e+00	0.000000e+00	0.000000e+00	0.000000e+00	0.000000e+00	0.000000e+00	1.479246e-52	3.157016e-86	0.000000e+00	0.000000e+00	0.000000e+00	0.000000e+00	0.000000e+00	0.000000e+00	0.000000e+00	0.000000e+00	0.000000e+00	0.000000e+00	0.000000e+00	0.000000e+00	0.000000e+00	0.000000e+00	0.000000e+00	0.000000e+00	0.000000e+00	0.000000e+00	0.000000e+00	0.000000e+00	0.000000e+00	0.000000e+00	0.000000e+00	0.000000e+00	0.000000e+00	0.000000e+00	0.000000e+00	0.000000e+00	0.000000e+00	0.000000e+00	0.000000e+00	0.000000e+00	0.000000e+00	0.000000e+00	0.000000e+00	0.000000e+00	0.000000e+00	0.000000e+00	0.000000e+00	0.000000e+00	0.000000e+00	0.000000e+00	
1897.181437	1891.945084	1902.417791	198.784669	4.403666e-03	1.882571e-90	0.000000e+00	7.865872e-52	6.468463e-70	0.000000e+00	0.000000e+00	8.446322e-03	1.882571e-90	1.161394e-03	7.608082e-59	1.882571e-90	2.453688e-86	1.882571e-90	1.882571e-90	0.000000e+00	1.882571e-90	1.882571e-90	1.882571e-90	1.882571e-90	3.399011e-34	4.973984e-03	2.127257e-45	0.000000e+00	0.000000e+00	0.000000e+00	1.882571e-90	2.589814e-79	0.000000e+00	3.982807e-46	0.000000e+00	0.000000e+00	0.000000e+00	0.000000e+00	0.000000e+00	0.000000e+00	0.000000e+00	2.905062e-48	1.882571e-90	1.882571e-90	1.112162e-70	1.480430e-41	4.829445e-65	5.505999e-53	1.882571e-90	2.273312e-04	5.021659e-40	0.000000e+00	0.000000e+00	3.157169e-38	1.290333e-80	0.000000e+00	8.282981e-28	8.419341e-01	1.882571e-90	2.296482e-06	0.000000e+00	1.882571e-90	1.882571e-90	1.882571e-90	6.868116e-54	3.521705e-80	0.000000e+00	0.000000e+00	1.882571e-90	0.000000e+00	0.000000e+00	0.000000e+00	0.000000e+00	0.000000e+00	0.000000e+00	0.000000e+00	8.243763e-53	1.284310e-86	0.000000e+00	0.000000e+00	0.000000e+00	0.000000e+00	0.000000e+00	0.000000e+00	0.000000e+00	0.000000e+00	0.000000e+00	0.000000e+00	0.000000e+00	0.000000e+00	0.000000e+00	0.000000e+00	0.000000e+00	0.000000e+00	0.000000e+00	0.000000e+00	0.000000e+00	0.000000e+00	0.000000e+00	0.000000e+00	0.000000e+00	0.000000e+00	0.000000e+00	0.000000e+00	0.000000e+00	0.000000e+00	0.000000e+00	0.000000e+00	0.000000e+00	0.000000e+00	0.000000e+00	0.000000e+00	0.000000e+00	0.000000e+00	0.000000e+00	0.000000e+00	0.000000e+00	0.000000e+00	0.000000e+00	0.000000e+00	
1907.613062	1902.417791	1912.808334	197.224730	3.613869e-03	1.882638e-90	0.000000e+00	3.100980e-52	1.880748e-70	0.000000e+00	0.000000e+00	8.446938e-03	1.882638e-90	1.161450e-03	2.705304e-59	1.882638e-90	5.556354e-87	1.882638e-90	1.882638e-90	0.000000e+00	1.882638e-90	1.882638e-90	1.882638e-90	1.882638e-90	1.909448e-34	4.973721e-03	1.010607e-45	0.000000e+00	0.000000e+00	0.000000e+00	1.882638e-90	6.412748e-80	0.000000e+00	1.868435e-46	0.000000e+00	0.000000e+00	0.000000e+00	0.000000e+00	0.000000e+00	0.000000e+00	0.000000e+00	1.288403e-48	1.882638e-90	1.882638e-90	3.287779e-71	8.081730e-42	1.659206e-65	2.580795e-53	1.882638e-90	2.273450e-04	2.583760e-40	0.000000e+00	0.000000e+00	1.857111e-38	3.198528e-81	0.000000e+00	5.728938e-28	8.419292e-01	1.882638e-90	2.247195e-06	0.000000e+00	1.882638e-90	1.882638e-90	1.882638e-90	2.637602e-54	8.607037e-81	0.000000e+00	0.000000e+00	1.882638e-90	0.000000e+00	0.000000e+00	0.000000e+00	0.000000e+00	0.000000e+00	0.000000e+00	0.000000e+00	3.630725e-53	4.216607e-87	0.000000e+00	0.000000e+00	0.000000e+00	0.000000e+00	0.000000e+00	0.000000e+00	0.000000e+00	0.000000e+00	0.000000e+00	0.000000e+00	0.000000e+00	0.000000e+00	0.000000e+00	0.000000e+00	0.000000e+00	0.000000e+00	0.000000e+00	0.000000e+00	0.000000e+00	0.000000e+00	0.000000e+00	0.000000e+00	0.000000e+00	0.000000e+00	0.000000e+00	0.000000e+00	0.000000e+00	0.000000e+00	0.000000e+00	0.000000e+00	0.000000e+00	0.000000e+00	0.000000e+00	0.000000e+00	0.000000e+00	0.000000e+00	0.000000e+00	0.000000e+00	0.000000e+00	0.000000e+00	0.000000e+00	0.000000e+00	
1917.948896	1912.808334	1923.089459	195.148936	2.965723e-03	1.882625e-90	0.000000e+00	8.482681e-53	3.404645e-71	0.000000e+00	0.000000e+00	8.446034e-03	1.882625e-90	1.162139e-03	6.436546e-60	1.882625e-90	6.693033e-88	1.882625e-90	1.882625e-90	0.000000e+00	1.882625e-90	1.882625e-90	1.882625e-90	1.882625e-90	7.606690e-35	4.973717e-03	3.439211e-46	0.000000e+00	0.000000e+00	0.000000e+00	1.882625e-90	8.421458e-81	0.000000e+00	6.253524e-47	0.000000e+00	0.000000e+00	0.000000e+00	0.000000e+00	0.000000e+00	0.000000e+00	0.000000e+00	3.729183e-49	1.882625e-90	1.882625e-90	5.878563e-72	3.318837e-42	3.637295e-66	8.625711e-54	1.882625e-90	2.273336e-04	1.013754e-40	0.000000e+00	0.000000e+00	7.878532e-39	4.203427e-82	0.000000e+00	3.026765e-28	8.419302e-01	1.882625e-90	1.901907e-06	0.000000e+00	1.882625e-90	1.882625e-90	1.882625e-90	6.964106e-55	1.149170e-81	0.000000e+00	0.000000e+00	1.882625e-90	0.000000e+00	0.000000e+00	0.000000e+00	0.000000e+00	0.000000e+00	0.000000e+00	0.000000e+00	1.041514e-53	9.345960e-88	0.000000e+00	0.000000e+00	0.000000e+00	0.000000e+00	0.000000e+00	0.000000e+00	0.000000e+00	0.000000e+00	0.000000e+00	0.000000e+00	0.000000e+00	0.000000e+00	0.000000e+00	0.000000e+00	0.000000e+00	0.000000e+00	0.000000e+00	0.000000e+00	0.000000e+00	0.000000e+00	0.000000e+00	0.000000e+00	0.000000e+00	0.000000e+00	0.000000e+00	0.000000e+00	0.000000e+00	0.000000e+00	0.000000e+00	0.000000e+00	0.000000e+00	0.000000e+00	0.000000e+00	0.000000e+00	0.000000e+00	0.000000e+00	0.000000e+00	0.000000e+00	0.000000e+00	0.000000e+00	0.000000e+00	0.000000e+00	
1928.144920	1923.089459	1933.200380	191.917920	2.433821e-03	1.882739e-90	0.000000e+00	1.006610e-53	2.088514e-72	0.000000e+00	0.000000e+00	8.447684e-03	1.882739e-90	1.163704e-03	6.109947e-61	1.882739e-90	1.907191e-89	1.882739e-90	1.882739e-90	0.000000e+00	1.882739e-90	1.882739e-90	1.882739e-90	1.882739e-90	1.383897e-35	4.973756e-03	5.467541e-47	0.000000e+00	0.000000e+00	0.000000e+00	1.882739e-90	2.598289e-82	0.000000e+00	9.680670e-48	0.000000e+00	0.000000e+00	0.000000e+00	0.000000e+00	0.000000e+00	0.000000e+00	0.000000e+00	4.072815e-50	1.882739e-90	1.882739e-90	3.332901e-73	7.119829e-43	2.860149e-67	1.334962e-54	1.882739e-90	2.273497e-04	2.141711e-41	0.000000e+00	0.000000e+00	1.587903e-39	1.296829e-83	0.000000e+00	8.666074e-29	8.419193e-01	1.882739e-90	1.155736e-06	0.000000e+00	1.882739e-90	1.882739e-90	1.882739e-90	7.810103e-56	3.858832e-83	0.000000e+00	0.000000e+00	1.882739e-90	0.000000e+00	0.000000e+00	0.000000e+00	0.000000e+00	0.000000e+00	0.000000e+00	0.000000e+00	1.123636e-54	8.489360e-89	0.000000e+00	0.000000e+00	0.000000e+00	0.000000e+00	0.000000e+00	0.000000e+00	0.000000e+00	0.000000e+00	0.000000e+00	0.000000e+00	0.000000e+00	0.000000e+00	0.000000e+00	0.000000e+00	0.000000e+00	0.000000e+00	0.000000e+00	0.000000e+00	0.000000e+00	0.000000e+00	0.000000e+00	0.000000e+00	0.000000e+00	0.000000e+00	0.000000e+00	0.000000e+00	0.000000e+00	0.000000e+00	0.000000e+00	0.000000e+00	0.000000e+00	0.000000e+00	0.000000e+00	0.000000e+00	0.000000e+00	0.000000e+00	0.000000e+00	0.000000e+00	0.000000e+00	0.000000e+00	0.000000e+00	0.000000e+00	
1938.110364	1933.200380	1943.020348	186.395040	1.997316e-03	1.882626e-90	0.000000e+00	2.061259e-55	1.312867e-74	0.000000e+00	0.000000e+00	8.446196e-03	1.882626e-90	1.165267e-03	8.370379e-63	1.882626e-90	1.882626e-90	1.882626e-90	1.882626e-90	0.000000e+00	1.882626e-90	1.882626e-90	1.882626e-90	1.882626e-90	4.865516e-37	4.974487e-03	1.757486e-48	0.000000e+00	0.000000e+00	0.000000e+00	1.882626e-90	3.830772e-85	0.000000e+00	2.972549e-49	0.000000e+00	0.000000e+00	0.000000e+00	0.000000e+00	0.000000e+00	0.000000e+00	0.000000e+00	5.752492e-52	1.882626e-90	1.882626e-90	1.686013e-75	3.903139e-44	2.602480e-69	4.104893e-56	1.882626e-90	2.273346e-04	1.229733e-42	0.000000e+00	0.000000e+00	6.737243e-41	1.903380e-86	0.000000e+00	6.886495e-30	8.419280e-01	1.882626e-90	3.513810e-07	0.000000e+00	1.882626e-90	1.882626e-90	1.882626e-90	1.446165e-57	7.121647e-86	0.000000e+00	0.000000e+00	1.882626e-90	0.000000e+00	0.000000e+00	0.000000e+00	0.000000e+00	0.000000e+00	0.000000e+00	0.000000e+00	1.559855e-56	1.882626e-90	0.000000e+00	0.000000e+00	0.000000e+00	0.000000e+00	0.000000e+00	0.000000e+00	0.000000e+00	0.000000e+00	0.000000e+00	0.000000e+00	0.000000e+00	0.000000e+00	0.000000e+00	0.000000e+00	0.000000e+00	0.000000e+00	0.000000e+00	0.000000e+00	0.000000e+00	0.000000e+00	0.000000e+00	0.000000e+00	0.000000e+00	0.000000e+00	0.000000e+00	0.000000e+00	0.000000e+00	0.000000e+00	0.000000e+00	0.000000e+00	0.000000e+00	0.000000e+00	0.000000e+00	0.000000e+00	0.000000e+00	0.000000e+00	0.000000e+00	0.000000e+00	0.000000e+00	0.000000e+00	0.000000e+00	0.000000e+00	
1947.715307	1943.020348	1952.410266	178.231663	1.639098e-03	1.882684e-90	0.000000e+00	4.032277e-58	3.926545e-78	0.000000e+00	0.000000e+00	8.447126e-03	1.882684e-90	1.165909e-03	8.591796e-66	1.882684e-90	1.882684e-90	1.882684e-90	1.882684e-90	0.000000e+00	1.882684e-90	1.882684e-90	1.882684e-90	1.882684e-90	1.940982e-39	4.973823e-03	6.754730e-51	0.000000e+00	0.000000e+00	0.000000e+00	1.882684e-90	9.889367e-90	0.000000e+00	1.064724e-51	0.000000e+00	0.000000e+00	0.000000e+00	0.000000e+00	0.000000e+00	0.000000e+00	0.000000e+00	5.390433e-55	1.882684e-90	1.882684e-90	3.378359e-79	3.487046e-46	1.335924e-72	1.489444e-58	1.882684e-90	2.273578e-04	1.238538e-44	0.000000e+00	0.000000e+00	3.673487e-43	1.882684e-90	0.000000e+00	1.018372e-31	8.419218e-01	1.882684e-90	4.338137e-08	0.000000e+00	1.882684e-90	1.882684e-90	1.882684e-90	2.411808e-60	2.756797e-90	0.000000e+00	0.000000e+00	1.882684e-90	0.000000e+00	0.000000e+00	0.000000e+00	0.000000e+00	0.000000e+00	0.000000e+00	0.000000e+00	1.442363e-59	1.882684e-90	0.000000e+00	0.000000e+00	0.000000e+00	0.000000e+00	0.000000e+00	0.000000e+00	0.000000e+00	0.000000e+00	0.000000e+00	0.000000e+00	0.000000e+00	0.000000e+00	0.000000e+00	0.000000e+00	0.000000e+00	0.000000e+00	0.000000e+00	0.000000e+00	0.000000e+00	0.000000e+00	0.000000e+00	0.000000e+00	0.000000e+00	0.000000e+00	0.000000e+00	0.000000e+00	0.000000e+00	0.000000e+00	0.000000e+00	0.000000e+00	0.000000e+00	0.000000e+00	0.000000e+00	0.000000e+00	0.000000e+00	0.000000e+00	0.000000e+00	0.000000e+00	0.000000e+00	0.000000e+00	0.000000e+00	0.000000e+00	
1956.905016	1952.410266	1961.399765	170.631957	1.345126e-03	1.882780e-90	0.000000e+00	7.179910e-61	1.036895e-81	0.000000e+00	0.000000e+00	8.447442e-03	1.882780e-90	1.166082e-03	7.901088e-69	1.882780e-90	1.882780e-90	1.882780e-90	1.882780e-90	0.000000e+00	1.882780e-90	1.882780e-90	1.882780e-90	1.882780e-90	7.350363e-42	4.974321e-03	2.435498e-53	0.000000e+00	0.000000e+00	0.000000e+00	1.882780e-90	1.882780e-90	0.000000e+00	3.588672e-54	0.000000e+00	0.000000e+00	0.000000e+00	0.000000e+00	0.000000e+00	0.000000e+00	0.000000e+00	4.705787e-58	1.882780e-90	1.882780e-90	5.955409e-83	2.939106e-48	6.175503e-76	5.140404e-61	1.882780e-90	2.273540e-04	1.163551e-46	0.000000e+00	0.000000e+00	1.942951e-45	1.882780e-90	0.000000e+00	1.483625e-33	8.419144e-01	1.882780e-90	5.396914e-09	0.000000e+00	1.882780e-90	1.882780e-90	1.882780e-90	3.656739e-63	1.882780e-90	0.000000e+00	0.000000e+00	1.882780e-90	0.000000e+00	0.000000e+00	0.000000e+00	0.000000e+00	0.000000e+00	0.000000e+00	0.000000e+00	1.263900e-62	1.882780e-90	0.000000e+00	0.000000e+00	0.000000e+00	0.000000e+00	0.000000e+00	0.000000e+00	0.000000e+00	0.000000e+00	0.000000e+00	0.000000e+00	0.000000e+00	0.000000e+00	0.000000e+00	0.000000e+00	0.000000e+00	0.000000e+00	0.000000e+00	0.000000e+00	0.000000e+00	0.000000e+00	0.000000e+00	0.000000e+00	0.000000e+00	0.000000e+00	0.000000e+00	0.000000e+00	0.000000e+00	0.000000e+00	0.000000e+00	0.000000e+00	0.000000e+00	0.000000e+00	0.000000e+00	0.000000e+00	0.000000e+00	0.000000e+00	0.000000e+00	0.000000e+00	0.000000e+00	0.000000e+00	0.000000e+00	0.000000e+00	
1965.719924	1961.399765	1970.040082	164.002399	1.103878e-03	1.882626e-90	0.000000e+00	1.808013e-63	4.281350e-85	0.000000e+00	0.000000e+00	8.446592e-03	1.882626e-90	1.165944e-03	1.058715e-71	1.882626e-90	1.882626e-90	1.882626e-90	1.882626e-90	0.000000e+00	1.882626e-90	1.882626e-90	1.882626e-90	1.882626e-90	3.968082e-44	4.972836e-03	1.225542e-55	0.000000e+00	0.000000e+00	0.000000e+00	1.882626e-90	1.882626e-90	0.000000e+00	1.699783e-56	0.000000e+00	0.000000e+00	0.000000e+00	0.000000e+00	0.000000e+00	0.000000e+00	0.000000e+00	6.355749e-61	1.882626e-90	1.882626e-90	1.692836e-86	3.284354e-50	4.408065e-79	2.517396e-63	1.882626e-90	2.273476e-04	1.413634e-48	0.000000e+00	0.000000e+00	1.461902e-47	1.882626e-90	0.000000e+00	2.912670e-35	8.419281e-01	1.882626e-90	8.001481e-10	0.000000e+00	1.882626e-90	1.882626e-90	1.882626e-90	7.912704e-66	1.882626e-90	0.000000e+00	0.000000e+00	1.882626e-90	0.000000e+00	0.000000e+00	0.000000e+00	0.000000e+00	0.000000e+00	0.000000e+00	0.000000e+00	1.740759e-65	1.882626e-90	0.000000e+00	0.000000e+00	0.000000e+00	0.000000e+00	0.000000e+00	0.000000e+00	0.000000e+00	0.000000e+00	0.000000e+00	0.000000e+00	0.000000e+00	0.000000e+00	0.000000e+00	0.000000e+00	0.000000e+00	0.000000e+00	0.000000e+00	0.000000e+00	0.000000e+00	0.000000e+00	0.000000e+00	0.000000e+00	0.000000e+00	0.000000e+00	0.000000e+00	0.000000e+00	0.000000e+00	0.000000e+00	0.000000e+00	0.000000e+00	0.000000e+00	0.000000e+00	0.000000e+00	0.000000e+00	0.000000e+00	0.000000e+00	0.000000e+00	0.000000e+00	0.000000e+00	0.000000e+00	0.000000e+00	0.000000e+00	
