z		z0		z1		T		P		1		2		3		4		5		6		7		8		9		10		11		12		13		14		15		16		17		18		19		20		21		22		23		24		25		26		27		28		29		30		31		32		33		34		35		36		37		38		39		40		41		42		43		44		45		46		47		48		49		50		51		52		53		54		55		56		57		58		59		60		61		62		63		64		65		66		67		68		69		70		71		72		73		74		75		76		77		78		79		80		81		82		83		84		85		86		87		88		89		90		91		92		93		94		95		96		97		98		99		100		101		102		103		104		105		106		107		108		109		110		111		112		113		114		115		
km		km		km		K		Pa		
26.952611	0.000000	53.905222	1024.382261	1.811795e+07	3.152070e-24	0.000000e+00	2.890204e-10	8.105148e-15	0.000000e+00	0.000000e+00	8.444092e-03	1.054610e-24	8.586032e-04	3.571920e-13	2.270321e-24	1.823072e-19	3.102476e-32	1.408241e-50	0.000000e+00	6.365981e-22	2.006152e-28	7.055406e-42	1.206996e-34	1.108138e-07	4.972168e-03	2.139910e-11	0.000000e+00	0.000000e+00	0.000000e+00	4.143051e-42	6.350825e-16	0.000000e+00	2.397579e-11	0.000000e+00	0.000000e+00	0.000000e+00	0.000000e+00	0.000000e+00	0.000000e+00	0.000000e+00	4.559403e-11	6.927093e-24	2.121451e-25	1.792388e-16	3.453380e-14	4.885592e-17	1.870356e-17	4.441716e-29	2.272751e-04	1.794113e-10	0.000000e+00	0.000000e+00	9.487154e-13	4.233490e-18	0.000000e+00	1.459821e-09	8.421256e-01	1.735063e-26	1.535177e-04	0.000000e+00	7.982973e-21	1.414804e-29	6.401067e-21	3.675421e-11	1.283906e-16	0.000000e+00	0.000000e+00	6.419739e-26	0.000000e+00	0.000000e+00	0.000000e+00	0.000000e+00	0.000000e+00	0.000000e+00	0.000000e+00	2.780460e-14	2.118720e-31	0.000000e+00	0.000000e+00	0.000000e+00	0.000000e+00	0.000000e+00	0.000000e+00	0.000000e+00	0.000000e+00	0.000000e+00	0.000000e+00	0.000000e+00	0.000000e+00	0.000000e+00	0.000000e+00	0.000000e+00	0.000000e+00	0.000000e+00	0.000000e+00	0.000000e+00	0.000000e+00	0.000000e+00	0.000000e+00	0.000000e+00	0.000000e+00	0.000000e+00	0.000000e+00	0.000000e+00	0.000000e+00	0.000000e+00	0.000000e+00	0.000000e+00	0.000000e+00	0.000000e+00	0.000000e+00	0.000000e+00	0.000000e+00	0.000000e+00	0.000000e+00	0.000000e+00	0.000000e+00	0.000000e+00	0.000000e+00	
79.600864	53.905222	105.296505	976.608694	1.486850e+07	2.146131e-25	0.000000e+00	8.847772e-11	1.722399e-15	0.000000e+00	0.000000e+00	8.444428e-03	6.958893e-26	9.015759e-04	1.040586e-13	2.880141e-25	2.654478e-20	1.508824e-33	1.284768e-52	0.000000e+00	8.104319e-23	1.681171e-29	1.936270e-43	1.707179e-36	4.465628e-08	4.972368e-03	7.611819e-12	0.000000e+00	0.000000e+00	0.000000e+00	2.136793e-44	9.239951e-17	0.000000e+00	8.304351e-12	0.000000e+00	0.000000e+00	0.000000e+00	0.000000e+00	0.000000e+00	0.000000e+00	0.000000e+00	1.425679e-11	4.266702e-25	1.490975e-26	3.755926e-17	1.491195e-14	1.195605e-17	6.199024e-18	6.140337e-30	2.272795e-04	7.693627e-11	0.000000e+00	0.000000e+00	3.810989e-13	6.476719e-19	0.000000e+00	7.129163e-10	8.420981e-01	1.211436e-27	1.320506e-04	0.000000e+00	8.523183e-22	3.758760e-31	5.178718e-22	1.098637e-11	1.962995e-17	0.000000e+00	0.000000e+00	2.448683e-27	0.000000e+00	0.000000e+00	0.000000e+00	0.000000e+00	0.000000e+00	0.000000e+00	0.000000e+00	8.152693e-15	3.964014e-32	0.000000e+00	0.000000e+00	0.000000e+00	0.000000e+00	0.000000e+00	0.000000e+00	0.000000e+00	0.000000e+00	0.000000e+00	0.000000e+00	0.000000e+00	0.000000e+00	0.000000e+00	0.000000e+00	0.000000e+00	0.000000e+00	0.000000e+00	0.000000e+00	0.000000e+00	0.000000e+00	0.000000e+00	0.000000e+00	0.000000e+00	0.000000e+00	0.000000e+00	0.000000e+00	0.000000e+00	0.000000e+00	0.000000e+00	0.000000e+00	0.000000e+00	0.000000e+00	0.000000e+00	0.000000e+00	0.000000e+00	0.000000e+00	0.000000e+00	0.000000e+00	0.000000e+00	0.000000e+00	0.000000e+00	0.000000e+00	
129.726344	105.296505	154.156183	928.501127	1.220184e+07	1.062658e-26	0.000000e+00	2.351843e-11	3.050520e-16	0.000000e+00	0.000000e+00	8.444679e-03	3.289661e-27	9.517944e-04	2.614038e-14	2.787882e-26	3.023612e-21	5.088220e-35	6.766199e-55	0.000000e+00	8.038772e-24	1.049868e-30	3.505114e-45	1.441704e-38	1.558292e-08	4.972818e-03	2.364255e-12	0.000000e+00	0.000000e+00	0.000000e+00	5.754524e-47	1.040522e-17	0.000000e+00	2.504625e-12	0.000000e+00	0.000000e+00	0.000000e+00	0.000000e+00	0.000000e+00	0.000000e+00	0.000000e+00	3.753843e-12	1.826533e-26	7.405864e-28	6.478867e-18	5.742280e-15	2.451654e-18	1.782509e-18	6.696009e-31	2.272939e-04	2.971253e-11	0.000000e+00	0.000000e+00	1.327164e-13	7.702010e-20	0.000000e+00	3.085270e-10	8.420651e-01	6.170080e-29	1.069608e-04	0.000000e+00	6.947021e-23	6.463790e-33	3.100936e-23	2.840764e-12	2.359785e-18	0.000000e+00	0.000000e+00	6.157895e-29	0.000000e+00	0.000000e+00	0.000000e+00	0.000000e+00	0.000000e+00	0.000000e+00	0.000000e+00	2.000437e-15	6.205140e-33	0.000000e+00	0.000000e+00	0.000000e+00	0.000000e+00	0.000000e+00	0.000000e+00	0.000000e+00	0.000000e+00	0.000000e+00	0.000000e+00	0.000000e+00	0.000000e+00	0.000000e+00	0.000000e+00	0.000000e+00	0.000000e+00	0.000000e+00	0.000000e+00	0.000000e+00	0.000000e+00	0.000000e+00	0.000000e+00	0.000000e+00	0.000000e+00	0.000000e+00	0.000000e+00	0.000000e+00	0.000000e+00	0.000000e+00	0.000000e+00	0.000000e+00	0.000000e+00	0.000000e+00	0.000000e+00	0.000000e+00	0.000000e+00	0.000000e+00	0.000000e+00	0.000000e+00	0.000000e+00	0.000000e+00	0.000000e+00	
177.401010	154.156183	200.645837	883.458796	1.001344e+07	4.712104e-28	0.000000e+00	5.954486e-12	5.071401e-17	0.000000e+00	0.000000e+00	8.445306e-03	1.373867e-28	9.986764e-04	6.184004e-15	2.420896e-27	3.138547e-22	1.500299e-36	2.926970e-57	0.000000e+00	7.255482e-25	5.881507e-32	5.461530e-47	1.016818e-40	5.173796e-09	4.972829e-03	7.008299e-13	0.000000e+00	0.000000e+00	0.000000e+00	1.234769e-49	1.072333e-18	0.000000e+00	7.201826e-13	0.000000e+00	0.000000e+00	0.000000e+00	0.000000e+00	0.000000e+00	0.000000e+00	0.000000e+00	9.239728e-13	6.831079e-28	3.237949e-29	1.044528e-18	2.125148e-15	4.729960e-19	4.886071e-19	6.742155e-32	2.273060e-04	1.106320e-11	0.000000e+00	0.000000e+00	4.403820e-14	8.387422e-21	0.000000e+00	1.282404e-10	8.420344e-01	2.818043e-30	8.354212e-05	0.000000e+00	5.111916e-24	9.547917e-35	1.671013e-24	6.981219e-13	2.609450e-19	0.000000e+00	0.000000e+00	1.338974e-30	0.000000e+00	0.000000e+00	0.000000e+00	0.000000e+00	0.000000e+00	0.000000e+00	0.000000e+00	4.582033e-16	9.177551e-34	0.000000e+00	0.000000e+00	0.000000e+00	0.000000e+00	0.000000e+00	0.000000e+00	0.000000e+00	0.000000e+00	0.000000e+00	0.000000e+00	0.000000e+00	0.000000e+00	0.000000e+00	0.000000e+00	0.000000e+00	0.000000e+00	0.000000e+00	0.000000e+00	0.000000e+00	0.000000e+00	0.000000e+00	0.000000e+00	0.000000e+00	0.000000e+00	0.000000e+00	0.000000e+00	0.000000e+00	0.000000e+00	0.000000e+00	0.000000e+00	0.000000e+00	0.000000e+00	0.000000e+00	0.000000e+00	0.000000e+00	0.000000e+00	0.000000e+00	0.000000e+00	0.000000e+00	0.000000e+00	0.000000e+00	0.000000e+00	
222.830122	200.645837	245.014407	843.149035	8.217531e+06	2.195771e-29	0.000000e+00	1.541740e-12	8.671278e-18	0.000000e+00	0.000000e+00	8.445740e-03	5.980747e-30	1.036585e-03	1.480663e-15	2.152975e-28	3.352043e-23	4.640485e-38	1.368778e-59	0.000000e+00	6.740923e-26	3.421354e-33	9.017990e-49	7.757383e-43	1.757511e-09	4.973093e-03	2.123066e-13	0.000000e+00	0.000000e+00	0.000000e+00	2.924579e-52	1.150951e-19	0.000000e+00	2.117663e-13	0.000000e+00	0.000000e+00	0.000000e+00	0.000000e+00	0.000000e+00	0.000000e+00	0.000000e+00	2.314090e-13	2.673601e-29	1.481381e-30	1.735497e-19	8.007391e-16	9.384842e-20	1.372025e-19	7.068939e-33	2.273175e-04	4.185713e-12	0.000000e+00	0.000000e+00	1.497202e-14	9.492718e-22	0.000000e+00	5.444877e-11	8.420082e-01	1.352372e-31	6.460793e-05	0.000000e+00	3.880109e-25	1.506759e-36	9.423471e-26	1.753675e-13	2.995421e-20	0.000000e+00	0.000000e+00	3.103433e-32	0.000000e+00	0.000000e+00	0.000000e+00	0.000000e+00	0.000000e+00	0.000000e+00	0.000000e+00	1.070028e-16	1.405897e-34	0.000000e+00	0.000000e+00	0.000000e+00	0.000000e+00	0.000000e+00	0.000000e+00	0.000000e+00	0.000000e+00	0.000000e+00	0.000000e+00	0.000000e+00	0.000000e+00	0.000000e+00	0.000000e+00	0.000000e+00	0.000000e+00	0.000000e+00	0.000000e+00	0.000000e+00	0.000000e+00	0.000000e+00	0.000000e+00	0.000000e+00	0.000000e+00	0.000000e+00	0.000000e+00	0.000000e+00	0.000000e+00	0.000000e+00	0.000000e+00	0.000000e+00	0.000000e+00	0.000000e+00	0.000000e+00	0.000000e+00	0.000000e+00	0.000000e+00	0.000000e+00	0.000000e+00	0.000000e+00	0.000000e+00	0.000000e+00	
266.274294	245.014407	287.534180	808.018190	6.743719e+06	1.194963e-30	0.000000e+00	4.278224e-13	1.619743e-18	0.000000e+00	0.000000e+00	8.445523e-03	3.036832e-31	1.064460e-03	3.775638e-16	2.153327e-29	4.003518e-24	1.703172e-39	8.318765e-62	0.000000e+00	7.016052e-27	2.282779e-34	1.815014e-50	7.593735e-45	6.406331e-10	4.972999e-03	6.874357e-14	0.000000e+00	0.000000e+00	0.000000e+00	9.480939e-55	1.400468e-20	0.000000e+00	6.665868e-14	0.000000e+00	0.000000e+00	0.000000e+00	0.000000e+00	0.000000e+00	0.000000e+00	0.000000e+00	6.254719e-14	1.237614e-30	7.972009e-32	3.169638e-20	3.190510e-16	2.030545e-20	4.137242e-20	8.350093e-34	2.273161e-04	1.665937e-12	0.000000e+00	0.000000e+00	5.468197e-15	1.213653e-22	0.000000e+00	2.458075e-11	8.419951e-01	7.570581e-33	5.066475e-05	0.000000e+00	3.328460e-26	2.933785e-38	6.143741e-27	4.723908e-14	3.865152e-21	0.000000e+00	0.000000e+00	8.800671e-34	0.000000e+00	0.000000e+00	0.000000e+00	0.000000e+00	0.000000e+00	0.000000e+00	0.000000e+00	2.707795e-17	2.367415e-35	0.000000e+00	0.000000e+00	0.000000e+00	0.000000e+00	0.000000e+00	0.000000e+00	0.000000e+00	0.000000e+00	0.000000e+00	0.000000e+00	0.000000e+00	0.000000e+00	0.000000e+00	0.000000e+00	0.000000e+00	0.000000e+00	0.000000e+00	0.000000e+00	0.000000e+00	0.000000e+00	0.000000e+00	0.000000e+00	0.000000e+00	0.000000e+00	0.000000e+00	0.000000e+00	0.000000e+00	0.000000e+00	0.000000e+00	0.000000e+00	0.000000e+00	0.000000e+00	0.000000e+00	0.000000e+00	0.000000e+00	0.000000e+00	0.000000e+00	0.000000e+00	0.000000e+00	0.000000e+00	0.000000e+00	0.000000e+00	
307.989790	287.534180	328.445401	777.450393	5.534234e+06	7.759442e-32	0.000000e+00	1.284296e-13	3.346522e-19	0.000000e+00	0.000000e+00	8.446164e-03	1.845118e-32	1.084463e-03	1.038960e-16	2.482137e-30	5.454001e-25	7.627959e-41	6.840094e-64	0.000000e+00	8.346308e-28	1.787653e-35	4.593833e-52	9.876282e-47	2.530967e-10	4.973233e-03	2.401541e-14	0.000000e+00	0.000000e+00	0.000000e+00	4.396395e-57	1.965835e-21	0.000000e+00	2.267640e-14	0.000000e+00	0.000000e+00	0.000000e+00	0.000000e+00	0.000000e+00	0.000000e+00	0.000000e+00	1.851766e-14	6.967100e-32	5.182682e-33	6.447488e-21	1.355017e-16	4.849167e-21	1.352910e-20	1.129383e-34	2.273287e-04	7.025197e-13	0.000000e+00	0.000000e+00	2.166769e-15	1.783386e-23	0.000000e+00	1.189878e-11	8.419766e-01	5.050610e-34	4.070736e-05	0.000000e+00	3.296452e-27	7.258277e-40	4.726306e-28	1.378158e-14	5.699428e-22	0.000000e+00	0.000000e+00	3.141250e-35	0.000000e+00	0.000000e+00	0.000000e+00	0.000000e+00	0.000000e+00	0.000000e+00	0.000000e+00	7.540244e-18	4.434996e-36	0.000000e+00	0.000000e+00	0.000000e+00	0.000000e+00	0.000000e+00	0.000000e+00	0.000000e+00	0.000000e+00	0.000000e+00	0.000000e+00	0.000000e+00	0.000000e+00	0.000000e+00	0.000000e+00	0.000000e+00	0.000000e+00	0.000000e+00	0.000000e+00	0.000000e+00	0.000000e+00	0.000000e+00	0.000000e+00	0.000000e+00	0.000000e+00	0.000000e+00	0.000000e+00	0.000000e+00	0.000000e+00	0.000000e+00	0.000000e+00	0.000000e+00	0.000000e+00	0.000000e+00	0.000000e+00	0.000000e+00	0.000000e+00	0.000000e+00	0.000000e+00	0.000000e+00	0.000000e+00	0.000000e+00	0.000000e+00	
348.225144	328.445401	368.004888	751.761402	4.541670e+06	6.697288e-33	0.000000e+00	4.375726e-14	8.134106e-20	0.000000e+00	0.000000e+00	8.446127e-03	1.506312e-33	1.097148e-03	3.253231e-17	3.633359e-31	9.234333e-26	4.731312e-42	9.188920e-66	0.000000e+00	1.238234e-28	1.819766e-36	1.687571e-53	2.032950e-48	1.137604e-10	4.973468e-03	9.475312e-15	0.000000e+00	0.000000e+00	0.000000e+00	3.634947e-59	3.471769e-22	0.000000e+00	8.736380e-15	0.000000e+00	0.000000e+00	0.000000e+00	0.000000e+00	0.000000e+00	0.000000e+00	0.000000e+00	6.382214e-15	5.410752e-33	4.589975e-34	1.560321e-21	6.375770e-17	1.356850e-21	5.032046e-21	1.894329e-35	2.273339e-04	3.252118e-13	0.000000e+00	0.000000e+00	9.773145e-16	3.279991e-24	0.000000e+00	6.431042e-12	8.419671e-01	4.467652e-35	3.438471e-05	0.000000e+00	4.142262e-28	2.644612e-41	4.751275e-29	4.573870e-15	1.041737e-22	0.000000e+00	0.000000e+00	1.625260e-36	0.000000e+00	0.000000e+00	0.000000e+00	0.000000e+00	0.000000e+00	0.000000e+00	0.000000e+00	2.460252e-18	9.810924e-37	0.000000e+00	0.000000e+00	0.000000e+00	0.000000e+00	0.000000e+00	0.000000e+00	0.000000e+00	0.000000e+00	0.000000e+00	0.000000e+00	0.000000e+00	0.000000e+00	0.000000e+00	0.000000e+00	0.000000e+00	0.000000e+00	0.000000e+00	0.000000e+00	0.000000e+00	0.000000e+00	0.000000e+00	0.000000e+00	0.000000e+00	0.000000e+00	0.000000e+00	0.000000e+00	0.000000e+00	0.000000e+00	0.000000e+00	0.000000e+00	0.000000e+00	0.000000e+00	0.000000e+00	0.000000e+00	0.000000e+00	0.000000e+00	0.000000e+00	0.000000e+00	0.000000e+00	0.000000e+00	0.000000e+00	0.000000e+00	
387.217605	368.004888	406.430322	730.209097	3.727123e+06	7.675034e-34	0.000000e+00	1.691058e-14	2.324651e-20	0.000000e+00	0.000000e+00	8.446190e-03	1.653853e-34	1.104607e-03	1.161161e-17	6.773905e-32	1.945524e-26	4.067273e-43	2.016592e-67	0.000000e+00	2.293782e-29	2.410053e-37	9.000148e-55	6.611993e-50	5.813763e-11	4.973521e-03	4.219796e-15	0.000000e+00	0.000000e+00	0.000000e+00	5.347310e-61	7.704891e-23	0.000000e+00	3.808953e-15	0.000000e+00	0.000000e+00	0.000000e+00	0.000000e+00	0.000000e+00	0.000000e+00	0.000000e+00	2.564022e-15	5.802128e-34	5.540973e-35	4.489331e-22	3.322264e-17	4.445538e-22	2.127300e-21	3.935433e-36	2.273358e-04	1.652115e-13	0.000000e+00	0.000000e+00	5.013391e-16	7.543862e-25	0.000000e+00	3.877866e-12	8.419643e-01	5.234454e-36	3.065057e-05	0.000000e+00	6.612516e-29	1.417145e-42	6.235862e-30	1.726046e-15	2.358146e-23	0.000000e+00	0.000000e+00	1.217117e-37	0.000000e+00	0.000000e+00	0.000000e+00	0.000000e+00	0.000000e+00	0.000000e+00	0.000000e+00	9.416782e-19	2.558781e-37	0.000000e+00	0.000000e+00	0.000000e+00	0.000000e+00	0.000000e+00	0.000000e+00	0.000000e+00	0.000000e+00	0.000000e+00	0.000000e+00	0.000000e+00	0.000000e+00	0.000000e+00	0.000000e+00	0.000000e+00	0.000000e+00	0.000000e+00	0.000000e+00	0.000000e+00	0.000000e+00	0.000000e+00	0.000000e+00	0.000000e+00	0.000000e+00	0.000000e+00	0.000000e+00	0.000000e+00	0.000000e+00	0.000000e+00	0.000000e+00	0.000000e+00	0.000000e+00	0.000000e+00	0.000000e+00	0.000000e+00	0.000000e+00	0.000000e+00	0.000000e+00	0.000000e+00	0.000000e+00	0.000000e+00	0.000000e+00	
425.145926	406.430322	443.861530	711.317292	3.058664e+06	1.047471e-34	0.000000e+00	7.063170e-15	7.340897e-21	0.000000e+00	0.000000e+00	8.446268e-03	2.180792e-35	1.109327e-03	4.494781e-18	1.467649e-32	4.692764e-27	4.278090e-44	5.992889e-69	0.000000e+00	4.875013e-30	3.756187e-38	6.043998e-56	2.850927e-51	3.216360e-11	4.973638e-03	2.025153e-15	0.000000e+00	0.000000e+00	0.000000e+00	1.122109e-62	1.968896e-23	0.000000e+00	1.792517e-15	0.000000e+00	0.000000e+00	0.000000e+00	0.000000e+00	0.000000e+00	0.000000e+00	0.000000e+00	1.132888e-15	7.594977e-35	8.101939e-36	1.437044e-22	1.843640e-17	1.605380e-22	9.733241e-22	9.330581e-37	2.273361e-04	8.887796e-14	0.000000e+00	0.000000e+00	2.784710e-16	1.991613e-25	0.000000e+00	2.502163e-12	8.419601e-01	7.293002e-37	2.827564e-05	0.000000e+00	1.223936e-29	9.631871e-44	9.646155e-31	7.050410e-16	6.090901e-24	0.000000e+00	0.000000e+00	1.144921e-38	0.000000e+00	0.000000e+00	0.000000e+00	0.000000e+00	0.000000e+00	0.000000e+00	0.000000e+00	3.979927e-19	7.389366e-38	0.000000e+00	0.000000e+00	0.000000e+00	0.000000e+00	0.000000e+00	0.000000e+00	0.000000e+00	0.000000e+00	0.000000e+00	0.000000e+00	0.000000e+00	0.000000e+00	0.000000e+00	0.000000e+00	0.000000e+00	0.000000e+00	0.000000e+00	0.000000e+00	0.000000e+00	0.000000e+00	0.000000e+00	0.000000e+00	0.000000e+00	0.000000e+00	0.000000e+00	0.000000e+00	0.000000e+00	0.000000e+00	0.000000e+00	0.000000e+00	0.000000e+00	0.000000e+00	0.000000e+00	0.000000e+00	0.000000e+00	0.000000e+00	0.000000e+00	0.000000e+00	0.000000e+00	0.000000e+00	0.000000e+00	0.000000e+00	
462.111431	443.861530	480.361332	693.618415	2.510093e+06	1.474137e-35	0.000000e+00	2.990892e-15	2.359032e-21	0.000000e+00	0.000000e+00	8.446327e-03	2.969302e-36	1.113456e-03	1.764332e-18	3.266461e-33	1.159309e-27	4.663512e-45	1.879599e-70	0.000000e+00	1.061463e-30	6.027040e-39	4.229878e-57	1.291229e-52	1.804956e-11	4.973640e-03	9.849965e-16	0.000000e+00	0.000000e+00	0.000000e+00	2.505442e-64	5.159287e-24	0.000000e+00	8.552031e-16	0.000000e+00	0.000000e+00	0.000000e+00	0.000000e+00	0.000000e+00	0.000000e+00	0.000000e+00	5.091283e-16	1.029440e-35	1.225864e-36	4.686957e-23	1.034614e-17	5.898337e-23	4.518431e-22	2.266425e-37	2.273344e-04	4.829459e-14	0.000000e+00	0.000000e+00	1.569672e-16	5.387103e-26	0.000000e+00	1.635117e-12	8.419558e-01	1.047650e-37	2.624936e-05	0.000000e+00	2.324484e-30	6.823212e-45	1.535443e-31	2.919891e-16	1.610364e-24	0.000000e+00	0.000000e+00	1.120960e-39	0.000000e+00	0.000000e+00	0.000000e+00	0.000000e+00	0.000000e+00	0.000000e+00	0.000000e+00	1.712616e-19	2.176521e-38	0.000000e+00	0.000000e+00	0.000000e+00	0.000000e+00	0.000000e+00	0.000000e+00	0.000000e+00	0.000000e+00	0.000000e+00	0.000000e+00	0.000000e+00	0.000000e+00	0.000000e+00	0.000000e+00	0.000000e+00	0.000000e+00	0.000000e+00	0.000000e+00	0.000000e+00	0.000000e+00	0.000000e+00	0.000000e+00	0.000000e+00	0.000000e+00	0.000000e+00	0.000000e+00	0.000000e+00	0.000000e+00	0.000000e+00	0.000000e+00	0.000000e+00	0.000000e+00	0.000000e+00	0.000000e+00	0.000000e+00	0.000000e+00	0.000000e+00	0.000000e+00	0.000000e+00	0.000000e+00	0.000000e+00	0.000000e+00	
498.131080	480.361332	515.900828	675.366849	2.059909e+06	1.723897e-36	0.000000e+00	1.166679e-15	6.818792e-22	0.000000e+00	0.000000e+00	8.446253e-03	3.324785e-37	1.118998e-03	6.341806e-19	6.195140e-34	2.479560e-28	4.103804e-46	4.278588e-72	0.000000e+00	1.996041e-31	8.141073e-40	2.321732e-58	4.333028e-54	9.322122e-12	4.973450e-03	4.429313e-16	0.000000e+00	0.000000e+00	0.000000e+00	3.835200e-66	1.165586e-24	0.000000e+00	3.766200e-16	0.000000e+00	0.000000e+00	0.000000e+00	0.000000e+00	0.000000e+00	0.000000e+00	0.000000e+00	2.068128e-16	1.127642e-36	1.514655e-37	1.365215e-23	5.433453e-18	1.955734e-23	1.932522e-22	4.800370e-38	2.273312e-04	2.469281e-14	0.000000e+00	0.000000e+00	8.150416e-17	1.259195e-26	0.000000e+00	9.969393e-13	8.419563e-01	1.252951e-38	2.346562e-05	0.000000e+00	3.766655e-31	3.752954e-46	2.051730e-32	1.111534e-16	3.703770e-25	0.000000e+00	0.000000e+00	8.617547e-41	0.000000e+00	0.000000e+00	0.000000e+00	0.000000e+00	0.000000e+00	0.000000e+00	0.000000e+00	6.639191e-20	5.787238e-39	0.000000e+00	0.000000e+00	0.000000e+00	0.000000e+00	0.000000e+00	0.000000e+00	0.000000e+00	0.000000e+00	0.000000e+00	0.000000e+00	0.000000e+00	0.000000e+00	0.000000e+00	0.000000e+00	0.000000e+00	0.000000e+00	0.000000e+00	0.000000e+00	0.000000e+00	0.000000e+00	0.000000e+00	0.000000e+00	0.000000e+00	0.000000e+00	0.000000e+00	0.000000e+00	0.000000e+00	0.000000e+00	0.000000e+00	0.000000e+00	0.000000e+00	0.000000e+00	0.000000e+00	0.000000e+00	0.000000e+00	0.000000e+00	0.000000e+00	0.000000e+00	0.000000e+00	0.000000e+00	0.000000e+00	0.000000e+00	
533.164246	515.900828	550.427664	656.125550	1.690464e+06	1.542985e-37	0.000000e+00	4.042140e-16	1.691422e-22	0.000000e+00	0.000000e+00	8.446097e-03	2.806034e-38	1.126203e-03	2.006763e-19	9.319222e-35	4.305479e-29	2.649962e-47	6.128782e-74	0.000000e+00	3.036410e-32	8.572593e-41	8.968997e-60	9.432330e-56	4.271352e-12	4.973541e-03	1.778638e-16	0.000000e+00	0.000000e+00	0.000000e+00	3.404989e-68	2.126125e-25	0.000000e+00	1.477820e-16	0.000000e+00	0.000000e+00	0.000000e+00	0.000000e+00	0.000000e+00	0.000000e+00	0.000000e+00	7.258593e-17	9.080330e-38	1.396493e-38	3.377626e-24	2.593026e-18	5.591700e-24	7.342797e-23	8.341966e-39	2.273306e-04	1.156355e-14	0.000000e+00	0.000000e+00	3.759315e-17	2.384244e-27	0.000000e+00	5.499746e-13	8.419524e-01	1.150094e-39	1.985053e-05	0.000000e+00	4.851839e-32	1.432700e-47	2.129862e-33	3.747111e-17	6.966872e-26	0.000000e+00	0.000000e+00	4.673728e-42	0.000000e+00	0.000000e+00	0.000000e+00	0.000000e+00	0.000000e+00	0.000000e+00	0.000000e+00	2.213129e-20	1.327108e-39	0.000000e+00	0.000000e+00	0.000000e+00	0.000000e+00	0.000000e+00	0.000000e+00	0.000000e+00	0.000000e+00	0.000000e+00	0.000000e+00	0.000000e+00	0.000000e+00	0.000000e+00	0.000000e+00	0.000000e+00	0.000000e+00	0.000000e+00	0.000000e+00	0.000000e+00	0.000000e+00	0.000000e+00	0.000000e+00	0.000000e+00	0.000000e+00	0.000000e+00	0.000000e+00	0.000000e+00	0.000000e+00	0.000000e+00	0.000000e+00	0.000000e+00	0.000000e+00	0.000000e+00	0.000000e+00	0.000000e+00	0.000000e+00	0.000000e+00	0.000000e+00	0.000000e+00	0.000000e+00	0.000000e+00	0.000000e+00	
567.151188	550.427664	583.874711	635.606125	1.387280e+06	9.766790e-39	0.000000e+00	1.201007e-16	3.441401e-23	0.000000e+00	0.000000e+00	8.446372e-03	1.640520e-39	1.134717e-03	5.379085e-20	1.036811e-35	5.702554e-30	1.145121e-48	4.814642e-76	0.000000e+00	3.507069e-33	6.533712e-42	2.196798e-61	1.171702e-57	1.675951e-12	4.973576e-03	6.168215e-17	0.000000e+00	0.000000e+00	0.000000e+00	1.492079e-70	2.938985e-26	0.000000e+00	4.992866e-17	0.000000e+00	0.000000e+00	0.000000e+00	0.000000e+00	0.000000e+00	0.000000e+00	0.000000e+00	2.106403e-17	4.903301e-39	8.804683e-40	6.763231e-25	1.093224e-18	1.319598e-24	2.393869e-23	1.122158e-39	2.273392e-04	4.832610e-15	0.000000e+00	0.000000e+00	1.487429e-17	3.436011e-28	0.000000e+00	2.665598e-13	8.419452e-01	7.493245e-41	1.561086e-05	0.000000e+00	4.638154e-33	3.406818e-49	1.593808e-34	1.079031e-17	1.009904e-26	0.000000e+00	0.000000e+00	1.612640e-43	0.000000e+00	0.000000e+00	0.000000e+00	0.000000e+00	0.000000e+00	0.000000e+00	0.000000e+00	6.062557e-21	2.513528e-40	0.000000e+00	0.000000e+00	0.000000e+00	0.000000e+00	0.000000e+00	0.000000e+00	0.000000e+00	0.000000e+00	0.000000e+00	0.000000e+00	0.000000e+00	0.000000e+00	0.000000e+00	0.000000e+00	0.000000e+00	0.000000e+00	0.000000e+00	0.000000e+00	0.000000e+00	0.000000e+00	0.000000e+00	0.000000e+00	0.000000e+00	0.000000e+00	0.000000e+00	0.000000e+00	0.000000e+00	0.000000e+00	0.000000e+00	0.000000e+00	0.000000e+00	0.000000e+00	0.000000e+00	0.000000e+00	0.000000e+00	0.000000e+00	0.000000e+00	0.000000e+00	0.000000e+00	0.000000e+00	0.000000e+00	0.000000e+00	
600.027772	583.874711	616.180832	613.924312	1.138472e+06	4.223652e-40	0.000000e+00	3.013971e-17	5.630608e-24	0.000000e+00	0.000000e+00	8.446376e-03	6.398111e-41	1.143262e-03	1.199776e-20	8.261787e-37	5.601820e-31	3.178215e-50	1.952019e-78	0.000000e+00	2.988879e-34	3.486718e-43	3.257290e-63	7.854297e-60	5.546175e-13	4.973510e-03	1.820819e-17	0.000000e+00	0.000000e+00	0.000000e+00	3.008162e-73	2.995905e-27	0.000000e+00	1.431279e-17	0.000000e+00	0.000000e+00	0.000000e+00	0.000000e+00	0.000000e+00	0.000000e+00	0.000000e+00	4.954851e-18	1.704350e-40	3.652270e-41	1.073133e-25	4.021499e-19	2.521633e-25	6.595935e-24	1.139410e-40	2.273331e-04	1.781875e-15	0.000000e+00	0.000000e+00	4.973641e-18	3.667968e-29	0.000000e+00	1.120957e-13	8.419437e-01	3.348910e-42	1.130641e-05	0.000000e+00	3.190307e-34	4.813299e-51	8.321456e-36	2.612875e-18	1.099402e-27	0.000000e+00	0.000000e+00	3.384634e-45	0.000000e+00	0.000000e+00	0.000000e+00	0.000000e+00	0.000000e+00	0.000000e+00	0.000000e+00	1.337298e-21	3.860209e-41	0.000000e+00	0.000000e+00	0.000000e+00	0.000000e+00	0.000000e+00	0.000000e+00	0.000000e+00	0.000000e+00	0.000000e+00	0.000000e+00	0.000000e+00	0.000000e+00	0.000000e+00	0.000000e+00	0.000000e+00	0.000000e+00	0.000000e+00	0.000000e+00	0.000000e+00	0.000000e+00	0.000000e+00	0.000000e+00	0.000000e+00	0.000000e+00	0.000000e+00	0.000000e+00	0.000000e+00	0.000000e+00	0.000000e+00	0.000000e+00	0.000000e+00	0.000000e+00	0.000000e+00	0.000000e+00	0.000000e+00	0.000000e+00	0.000000e+00	0.000000e+00	0.000000e+00	0.000000e+00	0.000000e+00	0.000000e+00	
631.748326	616.180832	647.315820	591.671507	9.342870e+05	1.299319e-41	0.000000e+00	6.503999e-18	7.581221e-25	0.000000e+00	0.000000e+00	8.446515e-03	1.736025e-42	1.150770e-03	2.268004e-21	4.880933e-38	4.210577e-32	5.935988e-52	4.381604e-81	0.000000e+00	1.939887e-35	1.352850e-44	3.084288e-65	3.032549e-62	1.577379e-13	4.973859e-03	4.656570e-18	0.000000e+00	0.000000e+00	0.000000e+00	3.029884e-76	2.327909e-28	0.000000e+00	3.544888e-18	0.000000e+00	0.000000e+00	0.000000e+00	0.000000e+00	0.000000e+00	0.000000e+00	0.000000e+00	9.658728e-19	3.992997e-42	1.042206e-42	1.383187e-26	1.310223e-19	3.991702e-26	1.565211e-24	9.010204e-42	2.273423e-04	5.874733e-16	0.000000e+00	0.000000e+00	1.432670e-18	2.995746e-30	0.000000e+00	4.157434e-14	8.419338e-01	1.068782e-43	7.599670e-06	0.000000e+00	1.633299e-35	4.268726e-53	3.148945e-37	5.419356e-19	9.269722e-29	0.000000e+00	0.000000e+00	4.556628e-47	0.000000e+00	0.000000e+00	0.000000e+00	0.000000e+00	0.000000e+00	0.000000e+00	0.000000e+00	2.431157e-22	4.926801e-42	0.000000e+00	0.000000e+00	0.000000e+00	0.000000e+00	0.000000e+00	0.000000e+00	0.000000e+00	0.000000e+00	0.000000e+00	0.000000e+00	0.000000e+00	0.000000e+00	0.000000e+00	0.000000e+00	0.000000e+00	0.000000e+00	0.000000e+00	0.000000e+00	0.000000e+00	0.000000e+00	0.000000e+00	0.000000e+00	0.000000e+00	0.000000e+00	0.000000e+00	0.000000e+00	0.000000e+00	0.000000e+00	0.000000e+00	0.000000e+00	0.000000e+00	0.000000e+00	0.000000e+00	0.000000e+00	0.000000e+00	0.000000e+00	0.000000e+00	0.000000e+00	0.000000e+00	0.000000e+00	0.000000e+00	0.000000e+00	
662.286353	647.315820	677.256887	568.979904	7.667228e+05	2.769719e-43	0.000000e+00	1.193008e-18	8.274666e-26	0.000000e+00	0.000000e+00	8.446577e-03	3.185326e-44	1.156513e-03	3.585363e-22	2.088108e-39	2.371443e-33	7.234763e-54	5.202478e-84	0.000000e+00	9.385772e-37	3.723374e-46	1.801716e-67	6.461417e-65	3.811353e-14	4.973633e-03	1.020380e-18	0.000000e+00	0.000000e+00	0.000000e+00	1.444696e-79	1.350279e-29	0.000000e+00	7.499636e-19	0.000000e+00	0.000000e+00	0.000000e+00	0.000000e+00	0.000000e+00	0.000000e+00	0.000000e+00	1.537373e-19	6.112754e-44	1.987490e-44	1.425058e-27	3.745118e-20	5.158904e-27	3.163042e-25	5.445818e-43	2.273374e-04	1.716772e-16	0.000000e+00	0.000000e+00	3.515297e-19	1.833450e-31	0.000000e+00	1.347278e-14	8.419327e-01	2.373447e-45	4.710599e-06	0.000000e+00	6.080244e-37	2.291821e-55	8.422575e-39	9.511534e-20	5.935562e-30	0.000000e+00	0.000000e+00	3.801576e-49	0.000000e+00	0.000000e+00	0.000000e+00	0.000000e+00	0.000000e+00	0.000000e+00	0.000000e+00	3.588211e-23	5.156626e-43	0.000000e+00	0.000000e+00	0.000000e+00	0.000000e+00	0.000000e+00	0.000000e+00	0.000000e+00	0.000000e+00	0.000000e+00	0.000000e+00	0.000000e+00	0.000000e+00	0.000000e+00	0.000000e+00	0.000000e+00	0.000000e+00	0.000000e+00	0.000000e+00	0.000000e+00	0.000000e+00	0.000000e+00	0.000000e+00	0.000000e+00	0.000000e+00	0.000000e+00	0.000000e+00	0.000000e+00	0.000000e+00	0.000000e+00	0.000000e+00	0.000000e+00	0.000000e+00	0.000000e+00	0.000000e+00	0.000000e+00	0.000000e+00	0.000000e+00	0.000000e+00	0.000000e+00	0.000000e+00	0.000000e+00	0.000000e+00	
691.643501	677.256887	706.030115	546.786264	6.292112e+05	4.673674e-45	0.000000e+00	1.973271e-19	7.900177e-27	0.000000e+00	0.000000e+00	8.446388e-03	4.552993e-46	1.160369e-03	5.052770e-23	7.276676e-41	1.111403e-34	6.720950e-56	4.121473e-87	0.000000e+00	3.765587e-38	8.240037e-48	7.747034e-70	9.424226e-68	8.311423e-15	4.973692e-03	2.028109e-19	0.000000e+00	0.000000e+00	0.000000e+00	4.278719e-83	6.510778e-31	0.000000e+00	1.436762e-19	0.000000e+00	0.000000e+00	0.000000e+00	0.000000e+00	0.000000e+00	0.000000e+00	0.000000e+00	2.152245e-20	7.134618e-46	2.935930e-46	1.273088e-28	9.854465e-21	5.862109e-28	5.778746e-26	2.779730e-44	2.273335e-04	4.645956e-17	0.000000e+00	0.000000e+00	7.804035e-20	9.344000e-33	0.000000e+00	4.014939e-15	8.419312e-01	4.184589e-47	2.773477e-06	0.000000e+00	1.846175e-38	8.933438e-58	1.805725e-40	1.501000e-20	3.192061e-31	0.000000e+00	0.000000e+00	2.339903e-51	0.000000e+00	0.000000e+00	0.000000e+00	0.000000e+00	0.000000e+00	0.000000e+00	0.000000e+00	4.644118e-24	4.774413e-44	0.000000e+00	0.000000e+00	0.000000e+00	0.000000e+00	0.000000e+00	0.000000e+00	0.000000e+00	0.000000e+00	0.000000e+00	0.000000e+00	0.000000e+00	0.000000e+00	0.000000e+00	0.000000e+00	0.000000e+00	0.000000e+00	0.000000e+00	0.000000e+00	0.000000e+00	0.000000e+00	0.000000e+00	0.000000e+00	0.000000e+00	0.000000e+00	0.000000e+00	0.000000e+00	0.000000e+00	0.000000e+00	0.000000e+00	0.000000e+00	0.000000e+00	0.000000e+00	0.000000e+00	0.000000e+00	0.000000e+00	0.000000e+00	0.000000e+00	0.000000e+00	0.000000e+00	0.000000e+00	0.000000e+00	0.000000e+00	
719.873125	706.030115	733.716134	526.125456	5.163623e+05	7.680884e-47	0.000000e+00	3.226427e-20	7.428574e-28	0.000000e+00	0.000000e+00	8.446815e-03	6.321162e-48	1.162750e-03	7.016675e-24	2.480942e-42	5.103387e-36	6.061093e-58	3.126424e-90	0.000000e+00	1.479019e-39	1.782178e-49	3.226657e-72	1.315735e-70	1.795650e-15	4.973954e-03	3.992963e-20	0.000000e+00	0.000000e+00	0.000000e+00	1.200534e-86	3.081570e-32	0.000000e+00	2.726541e-20	0.000000e+00	0.000000e+00	0.000000e+00	0.000000e+00	0.000000e+00	0.000000e+00	0.000000e+00	2.973520e-21	8.071694e-48	4.224282e-48	1.119278e-29	2.571503e-21	6.571193e-29	1.046882e-26	1.398306e-45	2.273454e-04	1.246428e-17	0.000000e+00	0.000000e+00	1.719571e-20	4.669849e-34	0.000000e+00	1.189924e-15	8.419244e-01	7.192602e-49	1.624458e-06	0.000000e+00	5.470046e-40	3.354700e-60	3.773346e-42	2.340134e-21	1.685415e-32	0.000000e+00	0.000000e+00	1.392623e-53	0.000000e+00	0.000000e+00	0.000000e+00	0.000000e+00	0.000000e+00	0.000000e+00	0.000000e+00	5.938185e-25	4.392720e-45	0.000000e+00	0.000000e+00	0.000000e+00	0.000000e+00	0.000000e+00	0.000000e+00	0.000000e+00	0.000000e+00	0.000000e+00	0.000000e+00	0.000000e+00	0.000000e+00	0.000000e+00	0.000000e+00	0.000000e+00	0.000000e+00	0.000000e+00	0.000000e+00	0.000000e+00	0.000000e+00	0.000000e+00	0.000000e+00	0.000000e+00	0.000000e+00	0.000000e+00	0.000000e+00	0.000000e+00	0.000000e+00	0.000000e+00	0.000000e+00	0.000000e+00	0.000000e+00	0.000000e+00	0.000000e+00	0.000000e+00	0.000000e+00	0.000000e+00	0.000000e+00	0.000000e+00	0.000000e+00	0.000000e+00	0.000000e+00	
747.079270	733.716134	760.442406	507.887123	4.237528e+05	1.566553e-48	0.000000e+00	5.806952e-21	7.902087e-29	0.000000e+00	0.000000e+00	8.446697e-03	1.103281e-49	1.163986e-03	1.079560e-24	1.023964e-43	2.777489e-37	7.033714e-60	1.882669e-90	0.000000e+00	6.902213e-41	4.726725e-51	1.791741e-74	2.603300e-73	4.282282e-16	4.973624e-03	8.625467e-21	0.000000e+00	0.000000e+00	0.000000e+00	5.228657e-90	1.737472e-33	0.000000e+00	5.688715e-21	0.000000e+00	0.000000e+00	0.000000e+00	0.000000e+00	0.000000e+00	0.000000e+00	0.000000e+00	4.634875e-22	1.171721e-49	7.728336e-50	1.122819e-30	7.255640e-22	8.308728e-30	2.092354e-27	8.287364e-47	2.273422e-04	3.589494e-18	0.000000e+00	0.000000e+00	4.184267e-21	2.769389e-35	0.000000e+00	3.837692e-16	8.419251e-01	1.531623e-50	9.980582e-07	0.000000e+00	1.950628e-41	1.690052e-62	9.662237e-44	4.023915e-22	1.048087e-33	0.000000e+00	0.000000e+00	1.099350e-55	0.000000e+00	0.000000e+00	0.000000e+00	0.000000e+00	0.000000e+00	0.000000e+00	0.000000e+00	8.610667e-26	4.587458e-46	0.000000e+00	0.000000e+00	0.000000e+00	0.000000e+00	0.000000e+00	0.000000e+00	0.000000e+00	0.000000e+00	0.000000e+00	0.000000e+00	0.000000e+00	0.000000e+00	0.000000e+00	0.000000e+00	0.000000e+00	0.000000e+00	0.000000e+00	0.000000e+00	0.000000e+00	0.000000e+00	0.000000e+00	0.000000e+00	0.000000e+00	0.000000e+00	0.000000e+00	0.000000e+00	0.000000e+00	0.000000e+00	0.000000e+00	0.000000e+00	0.000000e+00	0.000000e+00	0.000000e+00	0.000000e+00	0.000000e+00	0.000000e+00	0.000000e+00	0.000000e+00	0.000000e+00	0.000000e+00	0.000000e+00	0.000000e+00	
773.385977	760.442406	786.329549	491.943110	3.477529e+05	4.177172e-50	0.000000e+00	1.177247e-21	9.797294e-30	0.000000e+00	0.000000e+00	8.446361e-03	2.559779e-51	1.164691e-03	1.888247e-25	5.357772e-45	1.866985e-38	1.116171e-61	1.882664e-90	0.000000e+00	3.991125e-42	1.614294e-52	1.420698e-76	7.944702e-76	1.153745e-16	4.973753e-03	2.089897e-21	0.000000e+00	0.000000e+00	0.000000e+00	1.882664e-90	1.216685e-34	0.000000e+00	1.334784e-21	0.000000e+00	0.000000e+00	0.000000e+00	0.000000e+00	0.000000e+00	0.000000e+00	0.000000e+00	8.391130e-23	2.319455e-51	1.904099e-51	1.326827e-31	2.255331e-22	1.219685e-30	4.719642e-28	6.010718e-48	2.273455e-04	1.128881e-18	0.000000e+00	0.000000e+00	1.150283e-21	2.030738e-36	0.000000e+00	1.372844e-16	8.419254e-01	4.254136e-52	6.509238e-07	0.000000e+00	8.762152e-43	1.226942e-64	3.185691e-45	7.816106e-23	7.982908e-35	0.000000e+00	0.000000e+00	1.232397e-57	0.000000e+00	0.000000e+00	0.000000e+00	0.000000e+00	0.000000e+00	0.000000e+00	0.000000e+00	1.458805e-26	5.590636e-47	0.000000e+00	0.000000e+00	0.000000e+00	0.000000e+00	0.000000e+00	0.000000e+00	0.000000e+00	0.000000e+00	0.000000e+00	0.000000e+00	0.000000e+00	0.000000e+00	0.000000e+00	0.000000e+00	0.000000e+00	0.000000e+00	0.000000e+00	0.000000e+00	0.000000e+00	0.000000e+00	0.000000e+00	0.000000e+00	0.000000e+00	0.000000e+00	0.000000e+00	0.000000e+00	0.000000e+00	0.000000e+00	0.000000e+00	0.000000e+00	0.000000e+00	0.000000e+00	0.000000e+00	0.000000e+00	0.000000e+00	0.000000e+00	0.000000e+00	0.000000e+00	0.000000e+00	0.000000e+00	0.000000e+00	0.000000e+00	
798.879412	786.329549	811.429276	476.976899	2.853835e+05	1.118149e-51	0.000000e+00	2.391022e-22	1.217297e-30	0.000000e+00	0.000000e+00	8.446608e-03	5.963689e-53	1.165140e-03	3.306463e-26	2.820518e-46	1.260170e-39	1.782225e-63	1.882641e-90	0.000000e+00	2.316664e-43	5.545517e-54	1.135798e-78	2.437919e-78	3.120098e-17	4.973577e-03	5.078540e-22	0.000000e+00	0.000000e+00	0.000000e+00	1.882641e-90	8.562933e-36	0.000000e+00	3.141488e-22	0.000000e+00	0.000000e+00	0.000000e+00	0.000000e+00	0.000000e+00	0.000000e+00	0.000000e+00	1.525309e-23	4.613626e-53	4.725437e-53	1.571675e-32	7.025624e-23	1.795632e-31	1.069086e-28	4.388657e-49	2.273424e-04	3.554582e-19	0.000000e+00	0.000000e+00	3.177840e-22	1.495073e-37	0.000000e+00	4.935068e-17	8.419267e-01	1.186820e-53	4.257847e-07	0.000000e+00	3.947299e-44	8.945670e-67	1.053610e-46	1.520679e-23	6.105352e-36	0.000000e+00	0.000000e+00	1.389431e-59	0.000000e+00	0.000000e+00	0.000000e+00	0.000000e+00	0.000000e+00	0.000000e+00	0.000000e+00	2.484668e-27	6.871042e-48	0.000000e+00	0.000000e+00	0.000000e+00	0.000000e+00	0.000000e+00	0.000000e+00	0.000000e+00	0.000000e+00	0.000000e+00	0.000000e+00	0.000000e+00	0.000000e+00	0.000000e+00	0.000000e+00	0.000000e+00	0.000000e+00	0.000000e+00	0.000000e+00	0.000000e+00	0.000000e+00	0.000000e+00	0.000000e+00	0.000000e+00	0.000000e+00	0.000000e+00	0.000000e+00	0.000000e+00	0.000000e+00	0.000000e+00	0.000000e+00	0.000000e+00	0.000000e+00	0.000000e+00	0.000000e+00	0.000000e+00	0.000000e+00	0.000000e+00	0.000000e+00	0.000000e+00	0.000000e+00	0.000000e+00	0.000000e+00	
823.592298	811.429276	835.755320	462.277960	2.342000e+05	2.524058e-53	0.000000e+00	4.503456e-23	1.371807e-31	0.000000e+00	0.000000e+00	8.446822e-03	1.159549e-54	1.165412e-03	5.329549e-27	1.283108e-47	7.451851e-41	2.339077e-65	1.882686e-90	0.000000e+00	1.174880e-44	1.628362e-55	7.279189e-81	5.674393e-81	7.838414e-18	4.973968e-03	1.150183e-22	0.000000e+00	0.000000e+00	0.000000e+00	1.882686e-90	5.273042e-37	0.000000e+00	6.883545e-23	0.000000e+00	0.000000e+00	0.000000e+00	0.000000e+00	0.000000e+00	0.000000e+00	0.000000e+00	2.530559e-24	7.542529e-55	9.760986e-55	1.678027e-33	2.061402e-23	2.407602e-32	2.252395e-29	2.837238e-50	2.273473e-04	1.058346e-19	0.000000e+00	0.000000e+00	8.174543e-23	9.639163e-39	0.000000e+00	1.671497e-17	8.419227e-01	2.798857e-55	2.691755e-07	0.000000e+00	1.534332e-45	5.163368e-69	2.965581e-48	2.738254e-24	4.114587e-37	0.000000e+00	0.000000e+00	1.255814e-61	0.000000e+00	0.000000e+00	0.000000e+00	0.000000e+00	0.000000e+00	0.000000e+00	0.000000e+00	3.855937e-28	7.740612e-49	0.000000e+00	0.000000e+00	0.000000e+00	0.000000e+00	0.000000e+00	0.000000e+00	0.000000e+00	0.000000e+00	0.000000e+00	0.000000e+00	0.000000e+00	0.000000e+00	0.000000e+00	0.000000e+00	0.000000e+00	0.000000e+00	0.000000e+00	0.000000e+00	0.000000e+00	0.000000e+00	0.000000e+00	0.000000e+00	0.000000e+00	0.000000e+00	0.000000e+00	0.000000e+00	0.000000e+00	0.000000e+00	0.000000e+00	0.000000e+00	0.000000e+00	0.000000e+00	0.000000e+00	0.000000e+00	0.000000e+00	0.000000e+00	0.000000e+00	0.000000e+00	0.000000e+00	0.000000e+00	0.000000e+00	0.000000e+00	
847.526483	835.755320	859.297645	447.381726	1.921963e+05	4.142640e-55	0.000000e+00	7.366078e-24	1.288027e-32	0.000000e+00	0.000000e+00	8.446214e-03	1.607784e-56	1.165604e-03	7.361933e-28	4.434428e-49	3.438253e-42	2.125094e-67	1.882661e-90	0.000000e+00	4.626606e-46	3.559914e-57	3.078502e-83	7.877813e-84	1.712527e-18	4.973527e-03	2.280367e-23	0.000000e+00	0.000000e+00	0.000000e+00	1.882661e-90	2.523942e-38	0.000000e+00	1.317173e-23	0.000000e+00	0.000000e+00	0.000000e+00	0.000000e+00	0.000000e+00	0.000000e+00	0.000000e+00	3.532978e-25	8.539665e-57	1.427003e-56	1.475057e-34	5.403411e-24	2.708432e-33	4.135843e-30	1.456712e-51	2.273408e-04	2.837829e-20	0.000000e+00	0.000000e+00	1.834793e-23	4.842998e-40	0.000000e+00	5.049960e-18	8.419256e-01	4.818363e-57	1.594352e-07	0.000000e+00	4.527983e-47	1.925914e-71	6.173708e-50	4.265026e-25	2.186006e-38	0.000000e+00	0.000000e+00	7.497940e-64	0.000000e+00	0.000000e+00	0.000000e+00	0.000000e+00	0.000000e+00	0.000000e+00	0.000000e+00	5.015358e-29	7.375195e-50	0.000000e+00	0.000000e+00	0.000000e+00	0.000000e+00	0.000000e+00	0.000000e+00	0.000000e+00	0.000000e+00	0.000000e+00	0.000000e+00	0.000000e+00	0.000000e+00	0.000000e+00	0.000000e+00	0.000000e+00	0.000000e+00	0.000000e+00	0.000000e+00	0.000000e+00	0.000000e+00	0.000000e+00	0.000000e+00	0.000000e+00	0.000000e+00	0.000000e+00	0.000000e+00	0.000000e+00	0.000000e+00	0.000000e+00	0.000000e+00	0.000000e+00	0.000000e+00	0.000000e+00	0.000000e+00	0.000000e+00	0.000000e+00	0.000000e+00	0.000000e+00	0.000000e+00	0.000000e+00	0.000000e+00	0.000000e+00	
870.677034	859.297645	882.056422	432.492275	1.577259e+05	5.078674e-57	0.000000e+00	1.058786e-24	1.023367e-33	0.000000e+00	0.000000e+00	8.446832e-03	1.635903e-58	1.165822e-03	8.828080e-29	1.193383e-50	1.264934e-43	1.380170e-69	1.882688e-90	0.000000e+00	1.446104e-47	5.948283e-59	8.914228e-86	6.813202e-87	3.296542e-19	4.973539e-03	4.006264e-24	0.000000e+00	0.000000e+00	0.000000e+00	1.882688e-90	9.603846e-40	0.000000e+00	2.228664e-24	0.000000e+00	0.000000e+00	0.000000e+00	0.000000e+00	0.000000e+00	0.000000e+00	0.000000e+00	4.216570e-26	6.910526e-59	1.522832e-58	1.085309e-35	1.278120e-24	2.595958e-34	6.705615e-31	6.069011e-53	2.273504e-04	6.914113e-21	0.000000e+00	0.000000e+00	3.641570e-24	1.938004e-41	0.000000e+00	1.376846e-18	8.419227e-01	6.221609e-59	8.907185e-08	0.000000e+00	1.038298e-48	4.815366e-74	9.750869e-52	5.818085e-26	9.349625e-40	0.000000e+00	0.000000e+00	3.064764e-66	0.000000e+00	0.000000e+00	0.000000e+00	0.000000e+00	0.000000e+00	0.000000e+00	0.000000e+00	5.559661e-30	6.046879e-51	0.000000e+00	0.000000e+00	0.000000e+00	0.000000e+00	0.000000e+00	0.000000e+00	0.000000e+00	0.000000e+00	0.000000e+00	0.000000e+00	0.000000e+00	0.000000e+00	0.000000e+00	0.000000e+00	0.000000e+00	0.000000e+00	0.000000e+00	0.000000e+00	0.000000e+00	0.000000e+00	0.000000e+00	0.000000e+00	0.000000e+00	0.000000e+00	0.000000e+00	0.000000e+00	0.000000e+00	0.000000e+00	0.000000e+00	0.000000e+00	0.000000e+00	0.000000e+00	0.000000e+00	0.000000e+00	0.000000e+00	0.000000e+00	0.000000e+00	0.000000e+00	0.000000e+00	0.000000e+00	0.000000e+00	0.000000e+00	
893.055464	882.056422	904.054505	418.035741	1.294378e+05	5.216323e-59	0.000000e+00	1.407400e-25	7.346489e-35	0.000000e+00	0.000000e+00	8.446586e-03	1.380081e-60	1.165878e-03	9.712326e-30	2.765096e-52	4.059791e-45	7.320374e-72	1.882654e-90	0.000000e+00	3.931107e-49	8.455412e-61	2.055142e-88	4.421886e-90	5.885282e-20	4.973831e-03	6.546565e-25	0.000000e+00	0.000000e+00	0.000000e+00	1.882654e-90	3.185231e-41	0.000000e+00	3.504154e-25	0.000000e+00	0.000000e+00	0.000000e+00	0.000000e+00	0.000000e+00	0.000000e+00	0.000000e+00	4.583515e-27	4.564813e-61	1.345840e-60	7.169262e-37	2.842117e-25	2.258602e-35	1.009533e-31	2.232236e-54	2.273436e-04	1.589395e-21	0.000000e+00	0.000000e+00	6.722849e-25	6.761787e-43	0.000000e+00	3.535034e-19	8.419251e-01	6.748556e-61	4.811141e-08	0.000000e+00	2.042936e-50	9.443405e-77	1.302473e-53	7.324079e-27	3.509304e-41	0.000000e+00	0.000000e+00	9.964860e-69	0.000000e+00	0.000000e+00	0.000000e+00	0.000000e+00	0.000000e+00	0.000000e+00	0.000000e+00	5.606536e-31	4.542049e-52	0.000000e+00	0.000000e+00	0.000000e+00	0.000000e+00	0.000000e+00	0.000000e+00	0.000000e+00	0.000000e+00	0.000000e+00	0.000000e+00	0.000000e+00	0.000000e+00	0.000000e+00	0.000000e+00	0.000000e+00	0.000000e+00	0.000000e+00	0.000000e+00	0.000000e+00	0.000000e+00	0.000000e+00	0.000000e+00	0.000000e+00	0.000000e+00	0.000000e+00	0.000000e+00	0.000000e+00	0.000000e+00	0.000000e+00	0.000000e+00	0.000000e+00	0.000000e+00	0.000000e+00	0.000000e+00	0.000000e+00	0.000000e+00	0.000000e+00	0.000000e+00	0.000000e+00	0.000000e+00	0.000000e+00	0.000000e+00	
914.693387	904.054505	925.332268	404.350440	1.062232e+05	5.061748e-61	0.000000e+00	1.824561e-26	5.104538e-36	0.000000e+00	0.000000e+00	8.446890e-03	1.096692e-62	1.165908e-03	1.038868e-30	6.128821e-54	1.249140e-46	3.646592e-74	1.882646e-90	0.000000e+00	1.023024e-50	1.144346e-62	1.882646e-90	1.882646e-90	1.028048e-20	4.973646e-03	1.046729e-25	0.000000e+00	0.000000e+00	0.000000e+00	1.882646e-90	1.013083e-42	0.000000e+00	5.389660e-26	0.000000e+00	0.000000e+00	0.000000e+00	0.000000e+00	0.000000e+00	0.000000e+00	0.000000e+00	4.847437e-28	2.827463e-63	1.123809e-62	4.575327e-38	6.202546e-26	1.906756e-36	1.488459e-32	7.922719e-56	2.273397e-04	3.586182e-22	0.000000e+00	0.000000e+00	1.217193e-25	2.260576e-44	0.000000e+00	8.937762e-20	8.419257e-01	6.926481e-63	2.578727e-08	0.000000e+00	3.826289e-52	1.711185e-79	1.647770e-55	8.984064e-28	1.264953e-42	0.000000e+00	0.000000e+00	3.013062e-71	0.000000e+00	0.000000e+00	0.000000e+00	0.000000e+00	0.000000e+00	0.000000e+00	0.000000e+00	5.506110e-32	3.340326e-53	0.000000e+00	0.000000e+00	0.000000e+00	0.000000e+00	0.000000e+00	0.000000e+00	0.000000e+00	0.000000e+00	0.000000e+00	0.000000e+00	0.000000e+00	0.000000e+00	0.000000e+00	0.000000e+00	0.000000e+00	0.000000e+00	0.000000e+00	0.000000e+00	0.000000e+00	0.000000e+00	0.000000e+00	0.000000e+00	0.000000e+00	0.000000e+00	0.000000e+00	0.000000e+00	0.000000e+00	0.000000e+00	0.000000e+00	0.000000e+00	0.000000e+00	0.000000e+00	0.000000e+00	0.000000e+00	0.000000e+00	0.000000e+00	0.000000e+00	0.000000e+00	0.000000e+00	0.000000e+00	0.000000e+00	0.000000e+00	
935.628150	925.332268	945.924031	391.312550	8.717206e+04	4.521530e-63	0.000000e+00	2.280660e-27	3.382096e-37	0.000000e+00	0.000000e+00	8.446674e-03	7.987295e-65	1.165888e-03	1.066954e-31	1.270750e-55	3.610869e-48	1.655573e-76	1.882658e-90	0.000000e+00	2.496659e-52	1.439360e-64	1.882658e-90	1.882658e-90	1.737570e-21	4.973909e-03	1.620183e-26	0.000000e+00	0.000000e+00	0.000000e+00	1.882658e-90	3.028897e-44	0.000000e+00	8.024085e-27	0.000000e+00	0.000000e+00	0.000000e+00	0.000000e+00	0.000000e+00	0.000000e+00	0.000000e+00	4.919632e-29	1.594447e-65	8.622620e-65	2.776885e-39	1.316431e-26	1.539703e-37	2.124959e-33	2.662279e-57	2.273376e-04	7.875095e-23	0.000000e+00	0.000000e+00	2.137785e-26	7.098463e-46	0.000000e+00	2.204799e-20	8.419248e-01	6.555819e-65	1.364377e-08	0.000000e+00	6.671106e-54	2.766063e-82	1.927122e-57	1.061523e-28	4.295732e-44	0.000000e+00	0.000000e+00	8.196249e-74	0.000000e+00	0.000000e+00	0.000000e+00	0.000000e+00	0.000000e+00	0.000000e+00	0.000000e+00	5.192051e-33	2.371469e-54	0.000000e+00	0.000000e+00	0.000000e+00	0.000000e+00	0.000000e+00	0.000000e+00	0.000000e+00	0.000000e+00	0.000000e+00	0.000000e+00	0.000000e+00	0.000000e+00	0.000000e+00	0.000000e+00	0.000000e+00	0.000000e+00	0.000000e+00	0.000000e+00	0.000000e+00	0.000000e+00	0.000000e+00	0.000000e+00	0.000000e+00	0.000000e+00	0.000000e+00	0.000000e+00	0.000000e+00	0.000000e+00	0.000000e+00	0.000000e+00	0.000000e+00	0.000000e+00	0.000000e+00	0.000000e+00	0.000000e+00	0.000000e+00	0.000000e+00	0.000000e+00	0.000000e+00	0.000000e+00	0.000000e+00	0.000000e+00	
955.875561	945.924031	965.827091	378.223900	7.153777e+04	2.827698e-65	0.000000e+00	2.434602e-28	1.827048e-38	0.000000e+00	0.000000e+00	8.446914e-03	3.987376e-67	1.165968e-03	9.218209e-33	1.944951e-57	7.922229e-50	4.993124e-79	1.882669e-90	0.000000e+00	4.597625e-54	1.305304e-66	1.882669e-90	1.882669e-90	2.518868e-22	4.974085e-03	2.164825e-27	0.000000e+00	0.000000e+00	0.000000e+00	1.882669e-90	6.850276e-46	0.000000e+00	1.028702e-27	0.000000e+00	0.000000e+00	0.000000e+00	0.000000e+00	0.000000e+00	0.000000e+00	0.000000e+00	4.128560e-30	5.969562e-68	4.512962e-67	1.356277e-40	2.465984e-27	1.022707e-38	2.608844e-34	6.942729e-59	2.273511e-04	1.538380e-23	0.000000e+00	0.000000e+00	3.236568e-27	1.689339e-47	0.000000e+00	4.805948e-21	8.419235e-01	4.366872e-67	6.733894e-09	0.000000e+00	8.547110e-56	2.741742e-85	1.608149e-59	1.066647e-29	1.120067e-45	0.000000e+00	0.000000e+00	1.404246e-76	0.000000e+00	0.000000e+00	0.000000e+00	0.000000e+00	0.000000e+00	0.000000e+00	0.000000e+00	4.035517e-34	1.405155e-55	0.000000e+00	0.000000e+00	0.000000e+00	0.000000e+00	0.000000e+00	0.000000e+00	0.000000e+00	0.000000e+00	0.000000e+00	0.000000e+00	0.000000e+00	0.000000e+00	0.000000e+00	0.000000e+00	0.000000e+00	0.000000e+00	0.000000e+00	0.000000e+00	0.000000e+00	0.000000e+00	0.000000e+00	0.000000e+00	0.000000e+00	0.000000e+00	0.000000e+00	0.000000e+00	0.000000e+00	0.000000e+00	0.000000e+00	0.000000e+00	0.000000e+00	0.000000e+00	0.000000e+00	0.000000e+00	0.000000e+00	0.000000e+00	0.000000e+00	0.000000e+00	0.000000e+00	0.000000e+00	0.000000e+00	0.000000e+00	
975.412610	965.827091	984.998129	364.314567	5.870748e+04	8.424825e-68	0.000000e+00	1.871670e-29	6.455552e-40	0.000000e+00	0.000000e+00	8.446780e-03	9.069630e-70	1.165971e-03	5.560792e-34	1.576159e-59	9.775078e-52	6.414235e-82	1.882671e-90	0.000000e+00	4.706337e-56	5.974621e-69	1.882671e-90	1.882671e-90	2.645951e-23	4.973774e-03	2.126359e-28	0.000000e+00	0.000000e+00	0.000000e+00	1.882671e-90	8.646125e-48	0.000000e+00	9.643406e-29	0.000000e+00	0.000000e+00	0.000000e+00	0.000000e+00	0.000000e+00	0.000000e+00	0.000000e+00	2.325900e-31	9.523105e-71	1.061185e-69	4.214985e-42	3.557271e-28	4.519660e-40	2.332227e-35	1.063162e-60	2.273470e-04	2.355611e-24	0.000000e+00	0.000000e+00	3.581933e-28	2.254874e-49	0.000000e+00	8.062053e-22	8.419238e-01	1.399770e-69	2.864945e-09	0.000000e+00	5.769923e-58	9.838188e-89	6.653678e-62	7.651674e-31	1.682680e-47	0.000000e+00	0.000000e+00	9.186809e-80	0.000000e+00	0.000000e+00	0.000000e+00	0.000000e+00	0.000000e+00	0.000000e+00	0.000000e+00	2.088493e-35	5.670274e-57	0.000000e+00	0.000000e+00	0.000000e+00	0.000000e+00	0.000000e+00	0.000000e+00	0.000000e+00	0.000000e+00	0.000000e+00	0.000000e+00	0.000000e+00	0.000000e+00	0.000000e+00	0.000000e+00	0.000000e+00	0.000000e+00	0.000000e+00	0.000000e+00	0.000000e+00	0.000000e+00	0.000000e+00	0.000000e+00	0.000000e+00	0.000000e+00	0.000000e+00	0.000000e+00	0.000000e+00	0.000000e+00	0.000000e+00	0.000000e+00	0.000000e+00	0.000000e+00	0.000000e+00	0.000000e+00	0.000000e+00	0.000000e+00	0.000000e+00	0.000000e+00	0.000000e+00	0.000000e+00	0.000000e+00	0.000000e+00	
994.174842	984.998129	1003.351554	348.779355	4.817831e+04	7.093025e-71	0.000000e+00	8.222575e-31	1.106318e-41	0.000000e+00	0.000000e+00	8.446706e-03	5.402848e-73	1.165977e-03	1.818823e-35	4.320149e-62	4.521930e-54	1.923679e-85	1.882664e-90	0.000000e+00	1.770772e-58	8.525582e-72	1.882664e-90	1.882664e-90	1.605062e-24	4.973497e-03	1.236153e-29	0.000000e+00	0.000000e+00	0.000000e+00	1.882664e-90	4.038038e-50	0.000000e+00	5.302534e-30	0.000000e+00	0.000000e+00	0.000000e+00	0.000000e+00	0.000000e+00	0.000000e+00	0.000000e+00	6.642805e-33	3.549593e-74	6.379001e-73	6.062213e-44	3.287892e-29	9.974228e-42	1.214017e-36	6.568872e-63	2.273487e-04	2.381927e-25	0.000000e+00	0.000000e+00	2.323479e-29	1.123354e-51	0.000000e+00	8.652539e-23	8.419246e-01	1.289806e-72	9.461977e-10	0.000000e+00	1.306981e-60	1.882664e-90	8.328606e-65	3.091078e-32	9.877395e-50	0.000000e+00	0.000000e+00	1.164967e-83	0.000000e+00	0.000000e+00	0.000000e+00	0.000000e+00	0.000000e+00	0.000000e+00	0.000000e+00	5.403037e-37	1.188240e-58	0.000000e+00	0.000000e+00	0.000000e+00	0.000000e+00	0.000000e+00	0.000000e+00	0.000000e+00	0.000000e+00	0.000000e+00	0.000000e+00	0.000000e+00	0.000000e+00	0.000000e+00	0.000000e+00	0.000000e+00	0.000000e+00	0.000000e+00	0.000000e+00	0.000000e+00	0.000000e+00	0.000000e+00	0.000000e+00	0.000000e+00	0.000000e+00	0.000000e+00	0.000000e+00	0.000000e+00	0.000000e+00	0.000000e+00	0.000000e+00	0.000000e+00	0.000000e+00	0.000000e+00	0.000000e+00	0.000000e+00	0.000000e+00	0.000000e+00	0.000000e+00	0.000000e+00	0.000000e+00	0.000000e+00	0.000000e+00	
1012.074911	1003.351554	1020.798268	331.545708	3.953754e+04	1.224625e-74	0.000000e+00	1.791318e-32	7.652774e-44	0.000000e+00	0.000000e+00	8.446576e-03	6.004575e-77	1.165954e-03	2.760206e-37	3.057122e-65	6.128136e-57	9.339909e-90	1.882640e-90	0.000000e+00	1.902812e-61	2.831870e-75	1.882640e-90	1.882640e-90	4.908697e-26	4.973518e-03	3.731586e-31	0.000000e+00	0.000000e+00	0.000000e+00	1.882640e-90	5.442697e-53	0.000000e+00	1.497636e-31	0.000000e+00	0.000000e+00	0.000000e+00	0.000000e+00	0.000000e+00	0.000000e+00	0.000000e+00	8.126292e-35	2.141435e-78	6.973170e-77	3.319264e-46	1.741449e-30	9.226283e-44	3.219238e-38	1.307597e-65	2.273345e-04	1.431578e-26	0.000000e+00	0.000000e+00	7.753652e-31	1.630254e-54	0.000000e+00	5.332732e-24	8.419265e-01	2.492031e-76	2.284680e-10	0.000000e+00	7.530203e-64	1.882640e-90	2.328327e-68	6.080019e-34	1.789065e-52	0.000000e+00	0.000000e+00	1.892322e-88	0.000000e+00	0.000000e+00	0.000000e+00	0.000000e+00	0.000000e+00	0.000000e+00	0.000000e+00	5.892540e-39	1.104132e-60	0.000000e+00	0.000000e+00	0.000000e+00	0.000000e+00	0.000000e+00	0.000000e+00	0.000000e+00	0.000000e+00	0.000000e+00	0.000000e+00	0.000000e+00	0.000000e+00	0.000000e+00	0.000000e+00	0.000000e+00	0.000000e+00	0.000000e+00	0.000000e+00	0.000000e+00	0.000000e+00	0.000000e+00	0.000000e+00	0.000000e+00	0.000000e+00	0.000000e+00	0.000000e+00	0.000000e+00	0.000000e+00	0.000000e+00	0.000000e+00	0.000000e+00	0.000000e+00	0.000000e+00	0.000000e+00	0.000000e+00	0.000000e+00	0.000000e+00	0.000000e+00	0.000000e+00	0.000000e+00	0.000000e+00	0.000000e+00	
1029.042407	1020.798268	1037.286546	313.330078	3.244649e+04	4.479587e-79	0.000000e+00	1.963779e-34	2.176610e-46	0.000000e+00	0.000000e+00	8.447033e-03	1.290522e-81	1.165902e-03	1.972435e-39	5.800725e-69	2.506433e-60	1.882688e-90	1.882688e-90	0.000000e+00	6.011904e-65	2.272729e-79	1.882688e-90	1.882688e-90	7.729130e-28	4.973715e-03	5.954221e-33	0.000000e+00	0.000000e+00	0.000000e+00	1.882688e-90	2.187202e-56	0.000000e+00	2.213560e-33	0.000000e+00	0.000000e+00	0.000000e+00	0.000000e+00	0.000000e+00	0.000000e+00	0.000000e+00	4.365502e-37	2.177889e-83	1.451247e-81	7.062295e-49	5.364327e-32	3.651187e-46	4.443060e-40	8.679706e-69	2.273466e-04	5.170758e-28	0.000000e+00	0.000000e+00	1.363703e-32	7.100663e-58	0.000000e+00	1.929285e-25	8.419223e-01	1.044307e-80	4.094354e-11	0.000000e+00	1.135031e-67	1.882688e-90	1.498293e-72	5.911255e-36	1.028971e-55	0.000000e+00	0.000000e+00	1.882688e-90	0.000000e+00	0.000000e+00	0.000000e+00	0.000000e+00	0.000000e+00	0.000000e+00	0.000000e+00	2.787983e-41	4.707388e-63	0.000000e+00	0.000000e+00	0.000000e+00	0.000000e+00	0.000000e+00	0.000000e+00	0.000000e+00	0.000000e+00	0.000000e+00	0.000000e+00	0.000000e+00	0.000000e+00	0.000000e+00	0.000000e+00	0.000000e+00	0.000000e+00	0.000000e+00	0.000000e+00	0.000000e+00	0.000000e+00	0.000000e+00	0.000000e+00	0.000000e+00	0.000000e+00	0.000000e+00	0.000000e+00	0.000000e+00	0.000000e+00	0.000000e+00	0.000000e+00	0.000000e+00	0.000000e+00	0.000000e+00	0.000000e+00	0.000000e+00	0.000000e+00	0.000000e+00	0.000000e+00	0.000000e+00	0.000000e+00	0.000000e+00	0.000000e+00	
1045.053849	1037.286546	1052.821152	295.211198	2.662722e+04	4.919089e-84	0.000000e+00	1.264560e-36	3.106627e-49	0.000000e+00	0.000000e+00	8.446866e-03	7.776566e-87	1.166052e-03	7.850975e-42	4.025506e-73	4.076062e-64	1.882727e-90	1.882727e-90	0.000000e+00	7.388089e-69	6.126458e-84	1.882727e-90	1.882727e-90	7.345973e-30	4.973879e-03	5.830359e-35	0.000000e+00	0.000000e+00	0.000000e+00	1.882727e-90	3.474643e-60	0.000000e+00	1.994529e-35	0.000000e+00	0.000000e+00	0.000000e+00	0.000000e+00	0.000000e+00	0.000000e+00	0.000000e+00	1.252852e-39	5.598603e-89	8.479072e-87	7.225315e-52	1.089932e-33	7.504342e-49	3.733666e-42	2.496046e-72	2.273548e-04	1.258616e-29	0.000000e+00	0.000000e+00	1.481256e-34	1.224010e-61	0.000000e+00	4.687005e-27	8.419192e-01	1.340729e-85	5.898953e-12	0.000000e+00	6.050952e-72	1.882727e-90	3.084635e-77	3.329424e-38	2.447131e-59	0.000000e+00	0.000000e+00	1.882727e-90	0.000000e+00	0.000000e+00	0.000000e+00	0.000000e+00	0.000000e+00	0.000000e+00	0.000000e+00	7.014002e-44	1.123294e-65	0.000000e+00	0.000000e+00	0.000000e+00	0.000000e+00	0.000000e+00	0.000000e+00	0.000000e+00	0.000000e+00	0.000000e+00	0.000000e+00	0.000000e+00	0.000000e+00	0.000000e+00	0.000000e+00	0.000000e+00	0.000000e+00	0.000000e+00	0.000000e+00	0.000000e+00	0.000000e+00	0.000000e+00	0.000000e+00	0.000000e+00	0.000000e+00	0.000000e+00	0.000000e+00	0.000000e+00	0.000000e+00	0.000000e+00	0.000000e+00	0.000000e+00	0.000000e+00	0.000000e+00	0.000000e+00	0.000000e+00	0.000000e+00	0.000000e+00	0.000000e+00	0.000000e+00	0.000000e+00	0.000000e+00	0.000000e+00	
1060.134356	1052.821152	1067.447559	277.950012	2.185163e+04	2.332733e-89	0.000000e+00	5.619865e-39	2.739637e-52	0.000000e+00	0.000000e+00	8.446368e-03	1.882637e-90	1.165914e-03	2.073267e-44	1.406546e-77	3.507358e-68	1.882637e-90	1.882637e-90	0.000000e+00	4.721507e-73	7.802040e-89	1.882637e-90	1.882637e-90	4.965062e-32	4.973777e-03	4.089167e-37	0.000000e+00	0.000000e+00	0.000000e+00	1.882637e-90	2.922297e-64	0.000000e+00	1.282761e-37	0.000000e+00	0.000000e+00	0.000000e+00	0.000000e+00	0.000000e+00	0.000000e+00	0.000000e+00	2.349671e-42	1.882637e-90	1.882637e-90	4.438237e-55	1.664316e-35	9.801178e-52	2.245851e-44	4.074800e-76	2.273398e-04	2.326577e-31	0.000000e+00	0.000000e+00	1.168926e-36	1.112932e-65	0.000000e+00	8.772835e-29	8.419269e-01	1.882637e-90	7.398091e-13	0.000000e+00	1.561574e-76	1.882637e-90	2.864594e-82	1.281851e-40	3.165895e-63	0.000000e+00	0.000000e+00	1.882637e-90	0.000000e+00	0.000000e+00	0.000000e+00	0.000000e+00	0.000000e+00	0.000000e+00	0.000000e+00	1.155756e-46	1.837694e-68	0.000000e+00	0.000000e+00	0.000000e+00	0.000000e+00	0.000000e+00	0.000000e+00	0.000000e+00	0.000000e+00	0.000000e+00	0.000000e+00	0.000000e+00	0.000000e+00	0.000000e+00	0.000000e+00	0.000000e+00	0.000000e+00	0.000000e+00	0.000000e+00	0.000000e+00	0.000000e+00	0.000000e+00	0.000000e+00	0.000000e+00	0.000000e+00	0.000000e+00	0.000000e+00	0.000000e+00	0.000000e+00	0.000000e+00	0.000000e+00	0.000000e+00	0.000000e+00	0.000000e+00	0.000000e+00	0.000000e+00	0.000000e+00	0.000000e+00	0.000000e+00	0.000000e+00	0.000000e+00	0.000000e+00	0.000000e+00	
1074.356237	1067.447559	1081.264916	262.575004	1.793255e+04	1.882671e-90	0.000000e+00	2.502031e-41	2.417088e-55	0.000000e+00	0.000000e+00	8.446564e-03	1.882671e-90	1.165976e-03	5.461876e-47	5.108442e-82	3.073586e-72	1.882671e-90	1.882671e-90	0.000000e+00	3.059507e-77	1.882671e-90	1.882671e-90	1.882671e-90	3.445680e-34	4.973894e-03	2.916118e-39	0.000000e+00	0.000000e+00	0.000000e+00	1.882671e-90	2.526813e-68	0.000000e+00	8.410530e-40	0.000000e+00	0.000000e+00	0.000000e+00	0.000000e+00	0.000000e+00	0.000000e+00	0.000000e+00	4.536537e-45	1.882671e-90	1.882671e-90	2.735180e-58	2.571801e-37	1.292783e-54	1.388857e-46	6.929994e-80	2.273494e-04	4.306832e-33	0.000000e+00	0.000000e+00	9.589302e-39	1.030228e-69	0.000000e+00	1.707468e-30	8.419237e-01	1.882671e-90	9.585004e-14	0.000000e+00	4.038776e-81	1.882671e-90	2.660523e-87	4.945851e-43	4.170680e-67	0.000000e+00	0.000000e+00	1.882671e-90	0.000000e+00	0.000000e+00	0.000000e+00	0.000000e+00	0.000000e+00	0.000000e+00	0.000000e+00	1.985003e-49	3.201325e-71	0.000000e+00	0.000000e+00	0.000000e+00	0.000000e+00	0.000000e+00	0.000000e+00	0.000000e+00	0.000000e+00	0.000000e+00	0.000000e+00	0.000000e+00	0.000000e+00	0.000000e+00	0.000000e+00	0.000000e+00	0.000000e+00	0.000000e+00	0.000000e+00	0.000000e+00	0.000000e+00	0.000000e+00	0.000000e+00	0.000000e+00	0.000000e+00	0.000000e+00	0.000000e+00	0.000000e+00	0.000000e+00	0.000000e+00	0.000000e+00	0.000000e+00	0.000000e+00	0.000000e+00	0.000000e+00	0.000000e+00	0.000000e+00	0.000000e+00	0.000000e+00	0.000000e+00	0.000000e+00	0.000000e+00	0.000000e+00	
1087.834222	1081.264916	1094.403527	249.676298	1.471635e+04	1.882601e-90	0.000000e+00	1.617472e-43	3.448824e-58	0.000000e+00	0.000000e+00	8.446910e-03	1.882601e-90	1.165922e-03	2.155846e-49	3.926487e-86	5.239889e-76	1.882601e-90	1.882601e-90	0.000000e+00	3.894444e-81	1.882601e-90	1.882601e-90	1.882601e-90	3.515158e-36	4.973836e-03	2.984362e-41	0.000000e+00	0.000000e+00	0.000000e+00	1.882601e-90	4.320302e-72	0.000000e+00	7.977420e-42	0.000000e+00	0.000000e+00	0.000000e+00	0.000000e+00	0.000000e+00	0.000000e+00	0.000000e+00	1.406469e-47	1.882601e-90	1.882601e-90	2.818172e-61	5.388804e-39	2.724396e-57	1.256628e-48	2.222772e-83	2.273303e-04	1.051133e-34	0.000000e+00	0.000000e+00	1.155970e-40	1.860375e-73	0.000000e+00	4.609204e-32	8.419289e-01	1.882601e-90	1.506646e-14	0.000000e+00	2.160116e-85	1.882601e-90	1.882601e-90	2.798595e-45	1.040020e-70	0.000000e+00	0.000000e+00	1.882601e-90	0.000000e+00	0.000000e+00	0.000000e+00	0.000000e+00	0.000000e+00	0.000000e+00	0.000000e+00	5.579602e-52	9.048725e-74	0.000000e+00	0.000000e+00	0.000000e+00	0.000000e+00	0.000000e+00	0.000000e+00	0.000000e+00	0.000000e+00	0.000000e+00	0.000000e+00	0.000000e+00	0.000000e+00	0.000000e+00	0.000000e+00	0.000000e+00	0.000000e+00	0.000000e+00	0.000000e+00	0.000000e+00	0.000000e+00	0.000000e+00	0.000000e+00	0.000000e+00	0.000000e+00	0.000000e+00	0.000000e+00	0.000000e+00	0.000000e+00	0.000000e+00	0.000000e+00	0.000000e+00	0.000000e+00	0.000000e+00	0.000000e+00	0.000000e+00	0.000000e+00	0.000000e+00	0.000000e+00	0.000000e+00	0.000000e+00	0.000000e+00	0.000000e+00	
1100.675208	1094.403527	1106.946889	238.366830	1.207697e+04	1.882711e-90	0.000000e+00	1.256389e-45	6.230590e-61	0.000000e+00	0.000000e+00	8.446679e-03	1.882711e-90	1.165922e-03	1.036878e-51	4.420591e-90	1.246352e-79	1.882711e-90	1.882711e-90	0.000000e+00	6.938489e-85	1.882711e-90	1.882711e-90	1.882711e-90	4.373397e-38	4.973913e-03	3.668079e-43	0.000000e+00	0.000000e+00	0.000000e+00	1.882711e-90	1.042561e-75	0.000000e+00	9.133117e-44	0.000000e+00	0.000000e+00	0.000000e+00	0.000000e+00	0.000000e+00	0.000000e+00	0.000000e+00	5.559479e-50	1.882711e-90	1.882711e-90	3.741811e-64	1.317292e-40	7.251799e-60	1.383991e-50	9.874547e-87	2.273507e-04	2.940277e-36	0.000000e+00	0.000000e+00	1.706897e-42	4.694689e-77	0.000000e+00	1.481101e-33	8.419208e-01	1.882711e-90	2.634708e-15	0.000000e+00	1.651694e-89	1.882711e-90	1.882711e-90	1.912547e-47	3.570064e-74	0.000000e+00	0.000000e+00	1.882711e-90	0.000000e+00	0.000000e+00	0.000000e+00	0.000000e+00	0.000000e+00	0.000000e+00	0.000000e+00	2.027037e-54	3.315151e-76	0.000000e+00	0.000000e+00	0.000000e+00	0.000000e+00	0.000000e+00	0.000000e+00	0.000000e+00	0.000000e+00	0.000000e+00	0.000000e+00	0.000000e+00	0.000000e+00	0.000000e+00	0.000000e+00	0.000000e+00	0.000000e+00	0.000000e+00	0.000000e+00	0.000000e+00	0.000000e+00	0.000000e+00	0.000000e+00	0.000000e+00	0.000000e+00	0.000000e+00	0.000000e+00	0.000000e+00	0.000000e+00	0.000000e+00	0.000000e+00	0.000000e+00	0.000000e+00	0.000000e+00	0.000000e+00	0.000000e+00	0.000000e+00	0.000000e+00	0.000000e+00	0.000000e+00	0.000000e+00	0.000000e+00	0.000000e+00	
1112.945472	1106.946889	1118.944056	227.985086	9.910971e+03	1.882701e-90	0.000000e+00	9.581405e-48	1.097494e-63	0.000000e+00	0.000000e+00	8.446782e-03	1.882701e-90	1.166002e-03	4.870246e-54	1.882701e-90	2.907236e-83	1.882701e-90	1.882701e-90	0.000000e+00	1.206973e-88	1.882701e-90	1.882701e-90	1.882701e-90	5.456193e-40	4.974016e-03	4.487416e-45	0.000000e+00	0.000000e+00	0.000000e+00	1.882701e-90	2.485926e-79	0.000000e+00	1.042718e-45	0.000000e+00	0.000000e+00	0.000000e+00	0.000000e+00	0.000000e+00	0.000000e+00	0.000000e+00	2.198184e-52	1.882701e-90	1.882701e-90	4.846652e-67	3.200251e-42	1.898448e-62	1.529869e-52	4.393663e-90	2.273434e-04	8.112792e-38	0.000000e+00	0.000000e+00	2.554131e-44	1.161304e-80	0.000000e+00	4.839793e-35	8.419212e-01	1.882701e-90	4.692476e-16	0.000000e+00	1.882701e-90	1.882701e-90	1.882701e-90	1.283084e-49	1.203550e-77	0.000000e+00	0.000000e+00	1.882701e-90	0.000000e+00	0.000000e+00	0.000000e+00	0.000000e+00	0.000000e+00	0.000000e+00	0.000000e+00	7.438841e-57	1.249657e-78	0.000000e+00	0.000000e+00	0.000000e+00	0.000000e+00	0.000000e+00	0.000000e+00	0.000000e+00	0.000000e+00	0.000000e+00	0.000000e+00	0.000000e+00	0.000000e+00	0.000000e+00	0.000000e+00	0.000000e+00	0.000000e+00	0.000000e+00	0.000000e+00	0.000000e+00	0.000000e+00	0.000000e+00	0.000000e+00	0.000000e+00	0.000000e+00	0.000000e+00	0.000000e+00	0.000000e+00	0.000000e+00	0.000000e+00	0.000000e+00	0.000000e+00	0.000000e+00	0.000000e+00	0.000000e+00	0.000000e+00	0.000000e+00	0.000000e+00	0.000000e+00	0.000000e+00	0.000000e+00	0.000000e+00	0.000000e+00	
1124.708217	1118.944056	1130.472377	219.076440	8.133440e+03	1.882706e-90	0.000000e+00	1.023674e-49	2.987158e-66	0.000000e+00	0.000000e+00	8.447232e-03	1.882706e-90	1.165957e-03	3.300843e-56	1.882706e-90	1.233364e-86	1.882706e-90	1.882706e-90	0.000000e+00	1.882706e-90	1.882706e-90	1.882706e-90	1.882706e-90	9.588028e-42	4.974176e-03	7.583614e-47	0.000000e+00	0.000000e+00	0.000000e+00	1.882706e-90	1.091653e-82	0.000000e+00	1.655470e-47	0.000000e+00	0.000000e+00	0.000000e+00	0.000000e+00	0.000000e+00	0.000000e+00	0.000000e+00	1.325303e-54	1.882706e-90	1.882706e-90	9.991471e-70	1.021832e-43	7.579823e-65	2.371421e-54	1.882706e-90	2.273557e-04	2.874750e-39	0.000000e+00	0.000000e+00	5.366333e-46	5.239550e-84	0.000000e+00	2.106798e-36	8.419200e-01	1.882706e-90	9.878725e-17	0.000000e+00	1.882706e-90	1.882706e-90	1.882706e-90	1.216927e-51	7.199491e-81	0.000000e+00	0.000000e+00	1.882706e-90	0.000000e+00	0.000000e+00	0.000000e+00	0.000000e+00	0.000000e+00	0.000000e+00	0.000000e+00	4.222358e-59	7.191683e-81	0.000000e+00	0.000000e+00	0.000000e+00	0.000000e+00	0.000000e+00	0.000000e+00	0.000000e+00	0.000000e+00	0.000000e+00	0.000000e+00	0.000000e+00	0.000000e+00	0.000000e+00	0.000000e+00	0.000000e+00	0.000000e+00	0.000000e+00	0.000000e+00	0.000000e+00	0.000000e+00	0.000000e+00	0.000000e+00	0.000000e+00	0.000000e+00	0.000000e+00	0.000000e+00	0.000000e+00	0.000000e+00	0.000000e+00	0.000000e+00	0.000000e+00	0.000000e+00	0.000000e+00	0.000000e+00	0.000000e+00	0.000000e+00	0.000000e+00	0.000000e+00	0.000000e+00	0.000000e+00	0.000000e+00	0.000000e+00	
1136.072648	1130.472377	1141.672918	212.848198	6.674710e+03	1.882612e-90	0.000000e+00	3.521569e-51	3.691944e-68	0.000000e+00	0.000000e+00	8.446433e-03	1.882612e-90	1.165978e-03	8.063338e-58	1.882612e-90	4.022739e-89	1.882612e-90	1.882612e-90	0.000000e+00	1.882612e-90	1.882612e-90	1.882612e-90	1.882612e-90	5.217188e-43	4.974292e-03	3.795136e-48	0.000000e+00	0.000000e+00	0.000000e+00	1.882612e-90	3.763296e-85	0.000000e+00	7.917548e-49	0.000000e+00	0.000000e+00	0.000000e+00	0.000000e+00	0.000000e+00	0.000000e+00	0.000000e+00	3.244078e-56	1.882612e-90	1.882612e-90	1.029824e-71	8.211114e-45	1.284683e-66	1.117850e-55	1.882612e-90	2.273402e-04	2.424149e-40	0.000000e+00	0.000000e+00	3.356273e-47	1.834542e-86	0.000000e+00	2.272420e-37	8.419282e-01	1.882612e-90	3.455102e-17	0.000000e+00	1.882612e-90	1.882612e-90	1.882612e-90	3.830544e-53	3.036395e-83	0.000000e+00	0.000000e+00	1.882612e-90	0.000000e+00	0.000000e+00	0.000000e+00	0.000000e+00	0.000000e+00	0.000000e+00	0.000000e+00	9.935430e-61	1.561688e-82	0.000000e+00	0.000000e+00	0.000000e+00	0.000000e+00	0.000000e+00	0.000000e+00	0.000000e+00	0.000000e+00	0.000000e+00	0.000000e+00	0.000000e+00	0.000000e+00	0.000000e+00	0.000000e+00	0.000000e+00	0.000000e+00	0.000000e+00	0.000000e+00	0.000000e+00	0.000000e+00	0.000000e+00	0.000000e+00	0.000000e+00	0.000000e+00	0.000000e+00	0.000000e+00	0.000000e+00	0.000000e+00	0.000000e+00	0.000000e+00	0.000000e+00	0.000000e+00	0.000000e+00	0.000000e+00	0.000000e+00	0.000000e+00	0.000000e+00	0.000000e+00	0.000000e+00	0.000000e+00	0.000000e+00	0.000000e+00	
1147.170285	1141.672918	1152.667651	208.937042	5.477602e+03	1.882738e-90	0.000000e+00	3.969389e-52	2.121697e-69	0.000000e+00	0.000000e+00	8.447197e-03	1.882738e-90	1.166045e-03	7.249550e-59	1.882738e-90	1.882738e-90	1.882738e-90	1.882738e-90	0.000000e+00	1.882738e-90	1.882738e-90	1.882738e-90	1.882738e-90	8.850009e-44	4.973944e-03	5.681729e-49	0.000000e+00	0.000000e+00	0.000000e+00	1.882738e-90	1.039272e-86	0.000000e+00	1.150931e-49	0.000000e+00	0.000000e+00	0.000000e+00	0.000000e+00	0.000000e+00	0.000000e+00	0.000000e+00	3.254877e-57	1.882738e-90	1.882738e-90	5.435538e-73	1.677171e-45	9.420793e-68	1.613370e-56	1.882738e-90	2.273544e-04	4.929077e-41	0.000000e+00	0.000000e+00	6.257004e-48	5.108360e-88	0.000000e+00	6.064072e-38	8.419180e-01	1.882738e-90	1.996204e-17	0.000000e+00	1.882738e-90	1.882738e-90	1.882738e-90	4.072800e-54	9.239079e-85	0.000000e+00	0.000000e+00	1.882738e-90	0.000000e+00	0.000000e+00	0.000000e+00	0.000000e+00	0.000000e+00	0.000000e+00	0.000000e+00	9.740976e-62	1.275070e-83	0.000000e+00	0.000000e+00	0.000000e+00	0.000000e+00	0.000000e+00	0.000000e+00	0.000000e+00	0.000000e+00	0.000000e+00	0.000000e+00	0.000000e+00	0.000000e+00	0.000000e+00	0.000000e+00	0.000000e+00	0.000000e+00	0.000000e+00	0.000000e+00	0.000000e+00	0.000000e+00	0.000000e+00	0.000000e+00	0.000000e+00	0.000000e+00	0.000000e+00	0.000000e+00	0.000000e+00	0.000000e+00	0.000000e+00	0.000000e+00	0.000000e+00	0.000000e+00	0.000000e+00	0.000000e+00	0.000000e+00	0.000000e+00	0.000000e+00	0.000000e+00	0.000000e+00	0.000000e+00	0.000000e+00	0.000000e+00	
1158.092094	1152.667651	1163.516536	206.164841	4.495195e+03	1.882607e-90	0.000000e+00	8.259889e-53	2.696739e-70	0.000000e+00	0.000000e+00	8.446824e-03	1.882607e-90	1.165883e-03	1.277792e-59	1.882607e-90	1.882607e-90	1.882607e-90	1.882607e-90	0.000000e+00	1.882607e-90	1.882607e-90	1.882607e-90	1.882607e-90	2.695725e-44	4.972914e-03	1.496231e-49	0.000000e+00	0.000000e+00	0.000000e+00	1.882607e-90	8.392977e-88	0.000000e+00	2.967018e-50	0.000000e+00	0.000000e+00	0.000000e+00	0.000000e+00	0.000000e+00	0.000000e+00	0.000000e+00	6.753910e-58	1.882607e-90	1.882607e-90	6.668234e-74	5.540049e-46	1.470824e-68	4.140732e-57	1.882607e-90	2.273268e-04	1.578754e-41	0.000000e+00	0.000000e+00	2.044503e-48	4.145930e-89	0.000000e+00	2.576003e-38	8.419296e-01	1.882607e-90	1.490921e-17	0.000000e+00	1.882607e-90	1.882607e-90	1.882607e-90	8.119911e-55	7.791897e-86	0.000000e+00	0.000000e+00	1.882607e-90	0.000000e+00	0.000000e+00	0.000000e+00	0.000000e+00	0.000000e+00	0.000000e+00	0.000000e+00	1.989870e-62	2.053106e-84	0.000000e+00	0.000000e+00	0.000000e+00	0.000000e+00	0.000000e+00	0.000000e+00	0.000000e+00	0.000000e+00	0.000000e+00	0.000000e+00	0.000000e+00	0.000000e+00	0.000000e+00	0.000000e+00	0.000000e+00	0.000000e+00	0.000000e+00	0.000000e+00	0.000000e+00	0.000000e+00	0.000000e+00	0.000000e+00	0.000000e+00	0.000000e+00	0.000000e+00	0.000000e+00	0.000000e+00	0.000000e+00	0.000000e+00	0.000000e+00	0.000000e+00	0.000000e+00	0.000000e+00	0.000000e+00	0.000000e+00	0.000000e+00	0.000000e+00	0.000000e+00	0.000000e+00	0.000000e+00	0.000000e+00	0.000000e+00	
1168.884464	1163.516536	1174.252392	204.016581	3.688983e+03	1.882709e-90	0.000000e+00	2.426917e-53	5.358527e-71	0.000000e+00	0.000000e+00	8.446469e-03	1.882709e-90	1.165925e-03	3.290761e-60	1.882709e-90	1.882709e-90	1.882709e-90	1.882709e-90	0.000000e+00	1.882709e-90	1.882709e-90	1.882709e-90	1.882709e-90	1.141655e-44	4.973625e-03	5.415868e-50	0.000000e+00	0.000000e+00	0.000000e+00	1.882709e-90	1.240432e-88	0.000000e+00	1.056497e-50	0.000000e+00	0.000000e+00	0.000000e+00	0.000000e+00	0.000000e+00	0.000000e+00	0.000000e+00	2.110096e-58	1.882709e-90	1.882709e-90	1.315429e-74	2.399829e-46	3.514584e-69	1.469474e-57	1.882709e-90	2.273552e-04	6.532455e-42	0.000000e+00	0.000000e+00	9.164116e-49	6.147072e-90	0.000000e+00	1.421548e-38	8.419213e-01	1.882709e-90	1.286737e-17	0.000000e+00	1.882709e-90	1.882709e-90	1.882709e-90	2.306975e-55	1.166660e-86	0.000000e+00	0.000000e+00	1.882709e-90	0.000000e+00	0.000000e+00	0.000000e+00	0.000000e+00	0.000000e+00	0.000000e+00	0.000000e+00	6.145280e-63	4.843225e-85	0.000000e+00	0.000000e+00	0.000000e+00	0.000000e+00	0.000000e+00	0.000000e+00	0.000000e+00	0.000000e+00	0.000000e+00	0.000000e+00	0.000000e+00	0.000000e+00	0.000000e+00	0.000000e+00	0.000000e+00	0.000000e+00	0.000000e+00	0.000000e+00	0.000000e+00	0.000000e+00	0.000000e+00	0.000000e+00	0.000000e+00	0.000000e+00	0.000000e+00	0.000000e+00	0.000000e+00	0.000000e+00	0.000000e+00	0.000000e+00	0.000000e+00	0.000000e+00	0.000000e+00	0.000000e+00	0.000000e+00	0.000000e+00	0.000000e+00	0.000000e+00	0.000000e+00	0.000000e+00	0.000000e+00	0.000000e+00	
1179.575647	1174.252392	1184.898902	202.319809	3.027364e+03	1.882645e-90	0.000000e+00	9.236305e-54	1.488541e-71	0.000000e+00	0.000000e+00	8.445830e-03	1.882645e-90	1.165994e-03	1.126192e-60	1.882645e-90	1.882645e-90	1.882645e-90	1.882645e-90	0.000000e+00	1.882645e-90	1.882645e-90	1.882645e-90	1.882645e-90	6.184186e-45	4.973790e-03	2.486543e-50	0.000000e+00	0.000000e+00	0.000000e+00	1.882645e-90	2.880488e-89	0.000000e+00	4.787397e-51	0.000000e+00	0.000000e+00	0.000000e+00	0.000000e+00	0.000000e+00	0.000000e+00	0.000000e+00	8.950193e-59	1.882645e-90	1.882645e-90	3.703542e-75	1.272495e-46	1.154802e-69	6.642146e-58	1.882645e-90	2.273331e-04	3.273782e-42	0.000000e+00	0.000000e+00	5.197562e-49	1.882645e-90	0.000000e+00	9.532498e-39	8.419267e-01	1.882645e-90	1.236487e-17	0.000000e+00	1.882645e-90	1.882645e-90	1.882645e-90	8.545119e-56	2.684306e-87	0.000000e+00	0.000000e+00	1.882645e-90	0.000000e+00	0.000000e+00	0.000000e+00	0.000000e+00	0.000000e+00	0.000000e+00	0.000000e+00	2.583626e-63	1.518448e-85	0.000000e+00	0.000000e+00	0.000000e+00	0.000000e+00	0.000000e+00	0.000000e+00	0.000000e+00	0.000000e+00	0.000000e+00	0.000000e+00	0.000000e+00	0.000000e+00	0.000000e+00	0.000000e+00	0.000000e+00	0.000000e+00	0.000000e+00	0.000000e+00	0.000000e+00	0.000000e+00	0.000000e+00	0.000000e+00	0.000000e+00	0.000000e+00	0.000000e+00	0.000000e+00	0.000000e+00	0.000000e+00	0.000000e+00	0.000000e+00	0.000000e+00	0.000000e+00	0.000000e+00	0.000000e+00	0.000000e+00	0.000000e+00	0.000000e+00	0.000000e+00	0.000000e+00	0.000000e+00	0.000000e+00	0.000000e+00	
1190.184460	1184.898902	1195.470017	200.887659	2.484407e+03	1.882700e-90	0.000000e+00	4.093671e-54	5.038082e-72	0.000000e+00	0.000000e+00	8.446692e-03	1.882700e-90	1.166027e-03	4.556588e-61	1.882700e-90	1.882700e-90	1.882700e-90	1.882700e-90	0.000000e+00	1.882700e-90	1.882700e-90	1.882700e-90	1.882700e-90	3.873992e-45	4.974386e-03	1.313728e-50	0.000000e+00	0.000000e+00	0.000000e+00	1.882700e-90	8.731479e-90	0.000000e+00	2.501094e-51	0.000000e+00	0.000000e+00	0.000000e+00	0.000000e+00	0.000000e+00	0.000000e+00	0.000000e+00	4.546067e-59	1.882700e-90	1.882700e-90	1.286154e-75	7.605304e-47	4.579679e-70	3.464575e-58	1.882700e-90	2.273471e-04	1.837224e-42	0.000000e+00	0.000000e+00	3.388526e-49	1.882700e-90	0.000000e+00	7.174016e-39	8.419206e-01	1.882700e-90	1.265776e-17	0.000000e+00	1.882700e-90	1.882700e-90	1.882700e-90	3.700849e-56	7.957615e-88	0.000000e+00	0.000000e+00	1.882700e-90	0.000000e+00	0.000000e+00	0.000000e+00	0.000000e+00	0.000000e+00	0.000000e+00	0.000000e+00	1.303111e-63	5.635191e-86	0.000000e+00	0.000000e+00	0.000000e+00	0.000000e+00	0.000000e+00	0.000000e+00	0.000000e+00	0.000000e+00	0.000000e+00	0.000000e+00	0.000000e+00	0.000000e+00	0.000000e+00	0.000000e+00	0.000000e+00	0.000000e+00	0.000000e+00	0.000000e+00	0.000000e+00	0.000000e+00	0.000000e+00	0.000000e+00	0.000000e+00	0.000000e+00	0.000000e+00	0.000000e+00	0.000000e+00	0.000000e+00	0.000000e+00	0.000000e+00	0.000000e+00	0.000000e+00	0.000000e+00	0.000000e+00	0.000000e+00	0.000000e+00	0.000000e+00	0.000000e+00	0.000000e+00	0.000000e+00	0.000000e+00	0.000000e+00	
1200.720354	1195.470017	1205.970690	199.547707	2.038829e+03	1.882740e-90	0.000000e+00	1.901938e-54	1.812249e-72	0.000000e+00	0.000000e+00	8.446590e-03	1.882740e-90	1.166022e-03	1.941409e-61	1.882740e-90	1.882740e-90	1.882740e-90	1.882740e-90	0.000000e+00	1.882740e-90	1.882740e-90	1.882740e-90	1.882740e-90	2.538270e-45	4.974033e-03	7.247649e-51	0.000000e+00	0.000000e+00	0.000000e+00	1.882740e-90	2.873837e-90	0.000000e+00	1.365188e-51	0.000000e+00	0.000000e+00	0.000000e+00	0.000000e+00	0.000000e+00	0.000000e+00	0.000000e+00	2.441766e-59	1.882740e-90	1.882740e-90	4.765741e-76	4.717006e-47	1.924745e-70	1.888914e-58	1.882740e-90	2.273597e-04	1.067696e-42	0.000000e+00	0.000000e+00	2.306555e-49	1.882740e-90	0.000000e+00	5.594983e-39	8.419186e-01	1.882740e-90	1.321868e-17	0.000000e+00	1.882740e-90	1.882740e-90	1.882740e-90	1.681884e-56	2.550921e-88	0.000000e+00	0.000000e+00	1.882740e-90	0.000000e+00	0.000000e+00	0.000000e+00	0.000000e+00	0.000000e+00	0.000000e+00	0.000000e+00	6.954174e-64	2.203593e-86	0.000000e+00	0.000000e+00	0.000000e+00	0.000000e+00	0.000000e+00	0.000000e+00	0.000000e+00	0.000000e+00	0.000000e+00	0.000000e+00	0.000000e+00	0.000000e+00	0.000000e+00	0.000000e+00	0.000000e+00	0.000000e+00	0.000000e+00	0.000000e+00	0.000000e+00	0.000000e+00	0.000000e+00	0.000000e+00	0.000000e+00	0.000000e+00	0.000000e+00	0.000000e+00	0.000000e+00	0.000000e+00	0.000000e+00	0.000000e+00	0.000000e+00	0.000000e+00	0.000000e+00	0.000000e+00	0.000000e+00	0.000000e+00	0.000000e+00	0.000000e+00	0.000000e+00	0.000000e+00	0.000000e+00	0.000000e+00	
1211.186985	1205.970690	1216.403280	198.253212	1.673166e+03	1.882667e-90	0.000000e+00	9.001412e-55	6.677057e-73	0.000000e+00	0.000000e+00	8.447131e-03	1.882667e-90	1.165900e-03	8.439881e-62	1.882667e-90	1.882667e-90	1.882667e-90	1.882667e-90	0.000000e+00	1.882667e-90	1.882667e-90	1.882667e-90	1.882667e-90	1.693708e-45	4.974071e-03	4.068783e-51	0.000000e+00	0.000000e+00	0.000000e+00	1.882667e-90	1.882667e-90	0.000000e+00	7.585044e-52	0.000000e+00	0.000000e+00	0.000000e+00	0.000000e+00	0.000000e+00	0.000000e+00	0.000000e+00	1.341171e-59	1.882667e-90	1.882667e-90	1.811213e-76	2.968165e-47	8.276481e-71	1.048380e-58	1.882667e-90	2.273453e-04	6.289775e-43	0.000000e+00	0.000000e+00	1.597936e-49	1.882667e-90	0.000000e+00	4.428994e-39	8.419235e-01	1.882667e-90	1.391673e-17	0.000000e+00	1.882667e-90	1.882667e-90	1.882667e-90	7.790454e-57	8.436149e-89	0.000000e+00	0.000000e+00	1.882667e-90	0.000000e+00	0.000000e+00	0.000000e+00	0.000000e+00	0.000000e+00	0.000000e+00	0.000000e+00	3.797009e-64	8.805769e-87	0.000000e+00	0.000000e+00	0.000000e+00	0.000000e+00	0.000000e+00	0.000000e+00	0.000000e+00	0.000000e+00	0.000000e+00	0.000000e+00	0.000000e+00	0.000000e+00	0.000000e+00	0.000000e+00	0.000000e+00	0.000000e+00	0.000000e+00	0.000000e+00	0.000000e+00	0.000000e+00	0.000000e+00	0.000000e+00	0.000000e+00	0.000000e+00	0.000000e+00	0.000000e+00	0.000000e+00	0.000000e+00	0.000000e+00	0.000000e+00	0.000000e+00	0.000000e+00	0.000000e+00	0.000000e+00	0.000000e+00	0.000000e+00	0.000000e+00	0.000000e+00	0.000000e+00	0.000000e+00	0.000000e+00	0.000000e+00	
1221.590376	1216.403280	1226.777472	197.143495	1.373084e+03	1.882743e-90	0.000000e+00	4.766056e-55	2.844768e-73	0.000000e+00	0.000000e+00	8.446831e-03	1.882743e-90	1.165993e-03	4.151659e-62	1.882743e-90	1.882743e-90	1.882743e-90	1.882743e-90	0.000000e+00	1.882743e-90	1.882743e-90	1.882743e-90	1.882743e-90	1.257094e-45	4.974204e-03	2.531854e-51	0.000000e+00	0.000000e+00	0.000000e+00	1.882743e-90	1.882743e-90	0.000000e+00	4.678413e-52	0.000000e+00	0.000000e+00	0.000000e+00	0.000000e+00	0.000000e+00	0.000000e+00	0.000000e+00	8.410543e-60	1.882743e-90	1.882743e-90	8.033472e-77	2.039430e-47	4.086289e-71	6.460579e-59	1.882743e-90	2.273504e-04	4.027160e-43	0.000000e+00	0.000000e+00	1.225651e-49	1.882743e-90	0.000000e+00	3.813119e-39	8.419179e-01	1.882743e-90	1.535003e-17	0.000000e+00	1.882743e-90	1.882743e-90	1.882743e-90	4.048754e-57	3.360812e-89	0.000000e+00	0.000000e+00	1.882743e-90	0.000000e+00	0.000000e+00	0.000000e+00	0.000000e+00	0.000000e+00	0.000000e+00	0.000000e+00	2.369249e-64	3.977383e-87	0.000000e+00	0.000000e+00	0.000000e+00	0.000000e+00	0.000000e+00	0.000000e+00	0.000000e+00	0.000000e+00	0.000000e+00	0.000000e+00	0.000000e+00	0.000000e+00	0.000000e+00	0.000000e+00	0.000000e+00	0.000000e+00	0.000000e+00	0.000000e+00	0.000000e+00	0.000000e+00	0.000000e+00	0.000000e+00	0.000000e+00	0.000000e+00	0.000000e+00	0.000000e+00	0.000000e+00	0.000000e+00	0.000000e+00	0.000000e+00	0.000000e+00	0.000000e+00	0.000000e+00	0.000000e+00	0.000000e+00	0.000000e+00	0.000000e+00	0.000000e+00	0.000000e+00	0.000000e+00	0.000000e+00	0.000000e+00	
1231.943247	1226.777472	1237.109022	196.332206	1.126821e+03	1.882670e-90	0.000000e+00	3.059023e-55	1.555260e-73	0.000000e+00	0.000000e+00	8.446843e-03	1.882670e-90	1.165891e-03	2.523268e-62	1.882670e-90	1.882670e-90	1.882670e-90	1.882670e-90	0.000000e+00	1.882670e-90	1.882670e-90	1.882670e-90	1.882670e-90	1.118975e-45	4.973374e-03	1.878701e-51	0.000000e+00	0.000000e+00	0.000000e+00	1.882670e-90	1.882670e-90	0.000000e+00	3.448327e-52	0.000000e+00	0.000000e+00	0.000000e+00	0.000000e+00	0.000000e+00	0.000000e+00	0.000000e+00	6.609871e-60	1.882670e-90	1.882670e-90	4.642956e-77	1.628324e-47	2.556338e-71	4.761182e-59	1.882670e-90	2.273531e-04	2.973845e-43	0.000000e+00	0.000000e+00	1.117925e-49	1.882670e-90	0.000000e+00	3.787654e-39	8.419242e-01	1.882670e-90	1.830291e-17	0.000000e+00	1.882670e-90	1.882670e-90	1.882670e-90	2.562657e-57	1.841442e-89	0.000000e+00	0.000000e+00	1.882670e-90	0.000000e+00	0.000000e+00	0.000000e+00	0.000000e+00	0.000000e+00	0.000000e+00	0.000000e+00	1.855439e-64	2.213931e-87	0.000000e+00	0.000000e+00	0.000000e+00	0.000000e+00	0.000000e+00	0.000000e+00	0.000000e+00	0.000000e+00	0.000000e+00	0.000000e+00	0.000000e+00	0.000000e+00	0.000000e+00	0.000000e+00	0.000000e+00	0.000000e+00	0.000000e+00	0.000000e+00	0.000000e+00	0.000000e+00	0.000000e+00	0.000000e+00	0.000000e+00	0.000000e+00	0.000000e+00	0.000000e+00	0.000000e+00	0.000000e+00	0.000000e+00	0.000000e+00	0.000000e+00	0.000000e+00	0.000000e+00	0.000000e+00	0.000000e+00	0.000000e+00	0.000000e+00	0.000000e+00	0.000000e+00	0.000000e+00	0.000000e+00	0.000000e+00	
1242.256694	1237.109022	1247.404365	195.646118	9.247263e+02	1.882696e-90	0.000000e+00	2.127426e-55	9.434367e-74	0.000000e+00	0.000000e+00	8.446806e-03	1.882696e-90	1.166041e-03	1.675467e-62	1.882696e-90	1.882696e-90	1.882696e-90	1.882696e-90	0.000000e+00	1.882696e-90	1.882696e-90	1.882696e-90	1.882696e-90	1.074846e-45	4.973730e-03	1.500740e-51	0.000000e+00	0.000000e+00	0.000000e+00	1.882696e-90	1.882696e-90	0.000000e+00	2.739569e-52	0.000000e+00	0.000000e+00	0.000000e+00	0.000000e+00	0.000000e+00	0.000000e+00	0.000000e+00	5.711329e-60	1.882696e-90	1.882696e-90	2.996578e-77	1.384120e-47	1.765149e-71	3.780645e-59	1.882696e-90	2.273517e-04	2.330621e-43	0.000000e+00	0.000000e+00	1.096485e-49	1.882696e-90	0.000000e+00	3.995109e-39	8.419216e-01	1.882696e-90	2.255930e-17	0.000000e+00	1.882696e-90	1.882696e-90	1.882696e-90	1.761581e-57	1.152780e-89	0.000000e+00	0.000000e+00	1.882696e-90	0.000000e+00	0.000000e+00	0.000000e+00	0.000000e+00	0.000000e+00	0.000000e+00	0.000000e+00	1.598558e-64	1.344585e-87	0.000000e+00	0.000000e+00	0.000000e+00	0.000000e+00	0.000000e+00	0.000000e+00	0.000000e+00	0.000000e+00	0.000000e+00	0.000000e+00	0.000000e+00	0.000000e+00	0.000000e+00	0.000000e+00	0.000000e+00	0.000000e+00	0.000000e+00	0.000000e+00	0.000000e+00	0.000000e+00	0.000000e+00	0.000000e+00	0.000000e+00	0.000000e+00	0.000000e+00	0.000000e+00	0.000000e+00	0.000000e+00	0.000000e+00	0.000000e+00	0.000000e+00	0.000000e+00	0.000000e+00	0.000000e+00	0.000000e+00	0.000000e+00	0.000000e+00	0.000000e+00	0.000000e+00	0.000000e+00	0.000000e+00	0.000000e+00	
1252.528259	1247.404365	1257.652152	194.743634	7.588768e+02	1.882781e-90	0.000000e+00	1.272718e-55	4.708548e-74	0.000000e+00	0.000000e+00	8.446980e-03	1.882781e-90	1.166084e-03	9.425135e-63	1.882781e-90	1.882781e-90	1.882781e-90	1.882781e-90	0.000000e+00	1.882781e-90	1.882781e-90	1.882781e-90	1.882781e-90	8.960923e-46	4.974091e-03	1.044871e-51	0.000000e+00	0.000000e+00	0.000000e+00	1.882781e-90	1.882781e-90	0.000000e+00	1.893579e-52	0.000000e+00	0.000000e+00	0.000000e+00	0.000000e+00	0.000000e+00	0.000000e+00	0.000000e+00	4.137302e-60	1.882781e-90	1.882781e-90	1.572229e-77	1.046407e-47	1.012999e-71	2.611933e-59	1.882781e-90	2.273535e-04	1.633613e-43	0.000000e+00	0.000000e+00	9.399287e-50	1.882781e-90	0.000000e+00	3.771239e-39	8.419147e-01	1.882781e-90	2.617076e-17	0.000000e+00	1.882781e-90	1.882781e-90	1.882781e-90	1.037689e-57	5.625467e-90	0.000000e+00	0.000000e+00	1.882781e-90	0.000000e+00	0.000000e+00	0.000000e+00	0.000000e+00	0.000000e+00	0.000000e+00	0.000000e+00	1.153739e-64	6.946716e-88	0.000000e+00	0.000000e+00	0.000000e+00	0.000000e+00	0.000000e+00	0.000000e+00	0.000000e+00	0.000000e+00	0.000000e+00	0.000000e+00	0.000000e+00	0.000000e+00	0.000000e+00	0.000000e+00	0.000000e+00	0.000000e+00	0.000000e+00	0.000000e+00	0.000000e+00	0.000000e+00	0.000000e+00	0.000000e+00	0.000000e+00	0.000000e+00	0.000000e+00	0.000000e+00	0.000000e+00	0.000000e+00	0.000000e+00	0.000000e+00	0.000000e+00	0.000000e+00	0.000000e+00	0.000000e+00	0.000000e+00	0.000000e+00	0.000000e+00	0.000000e+00	0.000000e+00	0.000000e+00	0.000000e+00	0.000000e+00	
1262.740535	1257.652152	1267.828918	193.392624	6.227724e+02	1.882686e-90	0.000000e+00	5.557214e-56	1.562358e-74	0.000000e+00	0.000000e+00	8.446441e-03	1.882686e-90	1.165973e-03	3.748242e-63	1.882686e-90	1.882686e-90	1.882686e-90	1.882686e-90	0.000000e+00	1.882686e-90	1.882686e-90	1.882686e-90	1.882686e-90	5.553875e-46	4.973368e-03	5.455774e-52	0.000000e+00	0.000000e+00	0.000000e+00	1.882686e-90	1.882686e-90	0.000000e+00	9.778168e-53	0.000000e+00	0.000000e+00	0.000000e+00	0.000000e+00	0.000000e+00	0.000000e+00	0.000000e+00	2.072819e-60	1.882686e-90	1.882686e-90	5.348990e-78	6.190306e-48	3.947642e-72	1.348397e-59	1.882686e-90	2.273450e-04	9.065909e-44	0.000000e+00	0.000000e+00	6.077621e-50	1.882686e-90	0.000000e+00	2.821572e-39	8.419232e-01	1.882686e-90	2.675444e-17	0.000000e+00	1.882686e-90	1.882686e-90	1.882686e-90	4.425006e-58	1.882686e-90	0.000000e+00	0.000000e+00	1.882686e-90	0.000000e+00	0.000000e+00	0.000000e+00	0.000000e+00	0.000000e+00	0.000000e+00	0.000000e+00	5.749181e-65	2.558226e-88	0.000000e+00	0.000000e+00	0.000000e+00	0.000000e+00	0.000000e+00	0.000000e+00	0.000000e+00	0.000000e+00	0.000000e+00	0.000000e+00	0.000000e+00	0.000000e+00	0.000000e+00	0.000000e+00	0.000000e+00	0.000000e+00	0.000000e+00	0.000000e+00	0.000000e+00	0.000000e+00	0.000000e+00	0.000000e+00	0.000000e+00	0.000000e+00	0.000000e+00	0.000000e+00	0.000000e+00	0.000000e+00	0.000000e+00	0.000000e+00	0.000000e+00	0.000000e+00	0.000000e+00	0.000000e+00	0.000000e+00	0.000000e+00	0.000000e+00	0.000000e+00	0.000000e+00	0.000000e+00	0.000000e+00	0.000000e+00	
1272.869399	1267.828918	1277.909880	191.571029	5.110783e+02	1.882640e-90	0.000000e+00	1.721371e-56	3.322421e-75	0.000000e+00	0.000000e+00	8.446783e-03	1.882640e-90	1.166049e-03	1.021503e-63	1.882640e-90	1.882640e-90	1.882640e-90	1.882640e-90	0.000000e+00	1.882640e-90	1.882640e-90	1.882640e-90	1.882640e-90	2.495074e-46	4.973856e-03	2.084055e-52	0.000000e+00	0.000000e+00	0.000000e+00	1.882640e-90	1.882640e-90	0.000000e+00	3.679895e-53	0.000000e+00	0.000000e+00	0.000000e+00	0.000000e+00	0.000000e+00	0.000000e+00	0.000000e+00	6.958582e-61	1.882640e-90	1.882640e-90	1.134944e-78	2.804421e-48	1.009349e-72	5.073314e-60	1.882640e-90	2.273518e-04	3.900828e-44	0.000000e+00	0.000000e+00	2.895450e-50	1.882640e-90	0.000000e+00	1.641831e-39	8.419260e-01	1.882640e-90	2.386694e-17	0.000000e+00	1.882640e-90	1.882640e-90	1.882640e-90	1.327377e-58	1.882640e-90	0.000000e+00	0.000000e+00	1.882640e-90	0.000000e+00	0.000000e+00	0.000000e+00	0.000000e+00	0.000000e+00	0.000000e+00	0.000000e+00	1.917190e-65	6.531532e-89	0.000000e+00	0.000000e+00	0.000000e+00	0.000000e+00	0.000000e+00	0.000000e+00	0.000000e+00	0.000000e+00	0.000000e+00	0.000000e+00	0.000000e+00	0.000000e+00	0.000000e+00	0.000000e+00	0.000000e+00	0.000000e+00	0.000000e+00	0.000000e+00	0.000000e+00	0.000000e+00	0.000000e+00	0.000000e+00	0.000000e+00	0.000000e+00	0.000000e+00	0.000000e+00	0.000000e+00	0.000000e+00	0.000000e+00	0.000000e+00	0.000000e+00	0.000000e+00	0.000000e+00	0.000000e+00	0.000000e+00	0.000000e+00	0.000000e+00	0.000000e+00	0.000000e+00	0.000000e+00	0.000000e+00	0.000000e+00	
1282.891245	1277.909880	1287.872610	189.324460	4.194165e+02	1.882650e-90	0.000000e+00	3.835582e-57	4.609190e-76	0.000000e+00	0.000000e+00	8.446346e-03	1.882650e-90	1.165999e-03	1.936346e-64	1.882650e-90	1.882650e-90	1.882650e-90	1.882650e-90	0.000000e+00	1.882650e-90	1.882650e-90	1.882650e-90	1.882650e-90	8.236925e-47	4.973914e-03	5.899340e-53	0.000000e+00	0.000000e+00	0.000000e+00	1.882650e-90	1.882650e-90	0.000000e+00	1.022501e-53	0.000000e+00	0.000000e+00	0.000000e+00	0.000000e+00	0.000000e+00	0.000000e+00	0.000000e+00	1.591991e-61	1.882650e-90	1.882650e-90	1.530724e-79	9.837337e-49	1.722448e-73	1.410044e-60	1.882650e-90	2.273400e-04	1.314643e-44	0.000000e+00	0.000000e+00	1.030095e-50	1.882650e-90	0.000000e+00	7.513945e-40	8.419255e-01	1.882650e-90	1.869968e-17	0.000000e+00	1.882650e-90	1.882650e-90	1.882650e-90	2.840380e-59	1.882650e-90	0.000000e+00	0.000000e+00	1.882650e-90	0.000000e+00	0.000000e+00	0.000000e+00	0.000000e+00	0.000000e+00	0.000000e+00	0.000000e+00	4.353191e-66	1.175487e-89	0.000000e+00	0.000000e+00	0.000000e+00	0.000000e+00	0.000000e+00	0.000000e+00	0.000000e+00	0.000000e+00	0.000000e+00	0.000000e+00	0.000000e+00	0.000000e+00	0.000000e+00	0.000000e+00	0.000000e+00	0.000000e+00	0.000000e+00	0.000000e+00	0.000000e+00	0.000000e+00	0.000000e+00	0.000000e+00	0.000000e+00	0.000000e+00	0.000000e+00	0.000000e+00	0.000000e+00	0.000000e+00	0.000000e+00	0.000000e+00	0.000000e+00	0.000000e+00	0.000000e+00	0.000000e+00	0.000000e+00	0.000000e+00	0.000000e+00	0.000000e+00	0.000000e+00	0.000000e+00	0.000000e+00	0.000000e+00	
1292.784752	1287.872610	1297.696894	186.694267	3.441943e+02	1.882650e-90	0.000000e+00	6.199232e-58	4.217114e-77	0.000000e+00	0.000000e+00	8.446845e-03	1.882650e-90	1.165944e-03	2.576196e-65	1.882650e-90	1.882650e-90	1.882650e-90	1.882650e-90	0.000000e+00	1.882650e-90	1.882650e-90	1.882650e-90	1.882650e-90	2.017024e-47	4.973756e-03	1.248199e-53	0.000000e+00	0.000000e+00	0.000000e+00	1.882650e-90	1.882650e-90	0.000000e+00	2.116027e-54	0.000000e+00	0.000000e+00	0.000000e+00	0.000000e+00	0.000000e+00	0.000000e+00	0.000000e+00	2.510301e-62	1.882650e-90	1.882650e-90	1.327589e-80	2.691205e-49	1.983296e-74	2.922695e-61	1.882650e-90	2.273318e-04	3.492089e-45	0.000000e+00	0.000000e+00	2.763373e-51	1.882650e-90	0.000000e+00	2.727847e-40	8.419253e-01	1.882650e-90	1.293510e-17	0.000000e+00	1.882650e-90	1.882650e-90	1.882650e-90	4.373136e-60	1.882650e-90	0.000000e+00	0.000000e+00	1.882650e-90	0.000000e+00	0.000000e+00	0.000000e+00	0.000000e+00	0.000000e+00	0.000000e+00	0.000000e+00	6.812802e-67	1.882650e-90	0.000000e+00	0.000000e+00	0.000000e+00	0.000000e+00	0.000000e+00	0.000000e+00	0.000000e+00	0.000000e+00	0.000000e+00	0.000000e+00	0.000000e+00	0.000000e+00	0.000000e+00	0.000000e+00	0.000000e+00	0.000000e+00	0.000000e+00	0.000000e+00	0.000000e+00	0.000000e+00	0.000000e+00	0.000000e+00	0.000000e+00	0.000000e+00	0.000000e+00	0.000000e+00	0.000000e+00	0.000000e+00	0.000000e+00	0.000000e+00	0.000000e+00	0.000000e+00	0.000000e+00	0.000000e+00	0.000000e+00	0.000000e+00	0.000000e+00	0.000000e+00	0.000000e+00	0.000000e+00	0.000000e+00	0.000000e+00	
1302.532823	1297.696894	1307.368752	183.796000	2.824631e+02	1.882597e-90	0.000000e+00	7.740588e-59	2.760258e-78	0.000000e+00	0.000000e+00	8.445950e-03	1.882597e-90	1.165923e-03	2.578031e-66	1.882597e-90	1.882597e-90	1.882597e-90	1.882597e-90	0.000000e+00	1.882597e-90	1.882597e-90	1.882597e-90	1.882597e-90	3.892013e-48	4.974204e-03	2.092290e-54	0.000000e+00	0.000000e+00	0.000000e+00	1.882597e-90	1.882597e-90	0.000000e+00	3.461400e-55	0.000000e+00	0.000000e+00	0.000000e+00	0.000000e+00	0.000000e+00	0.000000e+00	0.000000e+00	2.941623e-63	1.882597e-90	1.882597e-90	8.075562e-82	6.034387e-50	1.665205e-75	4.792883e-62	1.882597e-90	2.273371e-04	7.661430e-46	0.000000e+00	0.000000e+00	5.924751e-52	1.882597e-90	0.000000e+00	8.241658e-41	8.419300e-01	1.882597e-90	8.115274e-18	0.000000e+00	1.882597e-90	1.882597e-90	1.882597e-90	5.168931e-61	1.882597e-90	0.000000e+00	0.000000e+00	1.882597e-90	0.000000e+00	0.000000e+00	0.000000e+00	0.000000e+00	0.000000e+00	0.000000e+00	0.000000e+00	7.928988e-68	1.882597e-90	0.000000e+00	0.000000e+00	0.000000e+00	0.000000e+00	0.000000e+00	0.000000e+00	0.000000e+00	0.000000e+00	0.000000e+00	0.000000e+00	0.000000e+00	0.000000e+00	0.000000e+00	0.000000e+00	0.000000e+00	0.000000e+00	0.000000e+00	0.000000e+00	0.000000e+00	0.000000e+00	0.000000e+00	0.000000e+00	0.000000e+00	0.000000e+00	0.000000e+00	0.000000e+00	0.000000e+00	0.000000e+00	0.000000e+00	0.000000e+00	0.000000e+00	0.000000e+00	0.000000e+00	0.000000e+00	0.000000e+00	0.000000e+00	0.000000e+00	0.000000e+00	0.000000e+00	0.000000e+00	0.000000e+00	0.000000e+00	
1312.126682	1307.368752	1316.884613	180.832552	2.318034e+02	1.882679e-90	0.000000e+00	8.575834e-60	1.547017e-79	0.000000e+00	0.000000e+00	8.446252e-03	1.882679e-90	1.165978e-03	2.259984e-67	1.882679e-90	1.882679e-90	1.882679e-90	1.882679e-90	0.000000e+00	1.882679e-90	1.882679e-90	1.882679e-90	1.882679e-90	6.745021e-49	4.974118e-03	3.154164e-55	0.000000e+00	0.000000e+00	0.000000e+00	1.882679e-90	1.882679e-90	0.000000e+00	5.086481e-56	0.000000e+00	0.000000e+00	0.000000e+00	0.000000e+00	0.000000e+00	0.000000e+00	0.000000e+00	3.013291e-64	1.882679e-90	1.882679e-90	4.168245e-83	1.235483e-50	1.209155e-76	7.075588e-63	1.882679e-90	2.273498e-04	1.538385e-46	0.000000e+00	0.000000e+00	1.150021e-52	1.882679e-90	0.000000e+00	2.297589e-41	8.419231e-01	1.882679e-90	4.884827e-18	0.000000e+00	1.882679e-90	1.882679e-90	1.882679e-90	5.404726e-62	1.882679e-90	0.000000e+00	0.000000e+00	1.882679e-90	0.000000e+00	0.000000e+00	0.000000e+00	0.000000e+00	0.000000e+00	0.000000e+00	0.000000e+00	8.082576e-69	1.882679e-90	0.000000e+00	0.000000e+00	0.000000e+00	0.000000e+00	0.000000e+00	0.000000e+00	0.000000e+00	0.000000e+00	0.000000e+00	0.000000e+00	0.000000e+00	0.000000e+00	0.000000e+00	0.000000e+00	0.000000e+00	0.000000e+00	0.000000e+00	0.000000e+00	0.000000e+00	0.000000e+00	0.000000e+00	0.000000e+00	0.000000e+00	0.000000e+00	0.000000e+00	0.000000e+00	0.000000e+00	0.000000e+00	0.000000e+00	0.000000e+00	0.000000e+00	0.000000e+00	0.000000e+00	0.000000e+00	0.000000e+00	0.000000e+00	0.000000e+00	0.000000e+00	0.000000e+00	0.000000e+00	0.000000e+00	0.000000e+00	
1321.570998	1316.884613	1326.257384	178.111411	1.902295e+02	1.882749e-90	0.000000e+00	1.073594e-60	1.015609e-80	0.000000e+00	0.000000e+00	8.446989e-03	1.882749e-90	1.166083e-03	2.265189e-68	1.882749e-90	1.882749e-90	1.882749e-90	1.882749e-90	0.000000e+00	1.882749e-90	1.882749e-90	1.882749e-90	1.882749e-90	1.315887e-49	4.974001e-03	5.327241e-56	0.000000e+00	0.000000e+00	0.000000e+00	1.882749e-90	1.882749e-90	0.000000e+00	8.388741e-57	0.000000e+00	0.000000e+00	0.000000e+00	0.000000e+00	0.000000e+00	0.000000e+00	0.000000e+00	3.574469e-65	1.882749e-90	1.882749e-90	2.545393e-84	2.785733e-51	1.021288e-77	1.173681e-63	1.882749e-90	2.273519e-04	3.381817e-47	0.000000e+00	0.000000e+00	2.502722e-53	1.882749e-90	0.000000e+00	7.045625e-42	8.419172e-01	1.882749e-90	3.101711e-18	0.000000e+00	1.882749e-90	1.882749e-90	1.882749e-90	6.406005e-63	1.882749e-90	0.000000e+00	0.000000e+00	1.882749e-90	0.000000e+00	0.000000e+00	0.000000e+00	0.000000e+00	0.000000e+00	0.000000e+00	0.000000e+00	9.563688e-70	1.882749e-90	0.000000e+00	0.000000e+00	0.000000e+00	0.000000e+00	0.000000e+00	0.000000e+00	0.000000e+00	0.000000e+00	0.000000e+00	0.000000e+00	0.000000e+00	0.000000e+00	0.000000e+00	0.000000e+00	0.000000e+00	0.000000e+00	0.000000e+00	0.000000e+00	0.000000e+00	0.000000e+00	0.000000e+00	0.000000e+00	0.000000e+00	0.000000e+00	0.000000e+00	0.000000e+00	0.000000e+00	0.000000e+00	0.000000e+00	0.000000e+00	0.000000e+00	0.000000e+00	0.000000e+00	0.000000e+00	0.000000e+00	0.000000e+00	0.000000e+00	0.000000e+00	0.000000e+00	0.000000e+00	0.000000e+00	0.000000e+00	
1330.891309	1326.257384	1335.525234	176.115456	1.561119e+02	1.882714e-90	0.000000e+00	2.302573e-61	1.339655e-81	0.000000e+00	0.000000e+00	8.447140e-03	1.882714e-90	1.166014e-03	4.107172e-69	1.882714e-90	1.882714e-90	1.882714e-90	1.882714e-90	0.000000e+00	1.882714e-90	1.882714e-90	1.882714e-90	1.882714e-90	4.252271e-50	4.974084e-03	1.469183e-56	0.000000e+00	0.000000e+00	0.000000e+00	1.882714e-90	1.882714e-90	0.000000e+00	2.273263e-57	0.000000e+00	0.000000e+00	0.000000e+00	0.000000e+00	0.000000e+00	0.000000e+00	0.000000e+00	7.944265e-66	1.882714e-90	1.882714e-90	3.259241e-85	9.544064e-52	1.670412e-78	3.196524e-64	1.882714e-90	2.273481e-04	1.108062e-47	0.000000e+00	0.000000e+00	8.792198e-54	1.882714e-90	0.000000e+00	3.204193e-42	8.419198e-01	1.882714e-90	2.437707e-18	0.000000e+00	1.882714e-90	1.882714e-90	1.882714e-90	1.318640e-63	1.882714e-90	0.000000e+00	0.000000e+00	1.882714e-90	0.000000e+00	0.000000e+00	0.000000e+00	0.000000e+00	0.000000e+00	0.000000e+00	0.000000e+00	2.124183e-70	1.882714e-90	0.000000e+00	0.000000e+00	0.000000e+00	0.000000e+00	0.000000e+00	0.000000e+00	0.000000e+00	0.000000e+00	0.000000e+00	0.000000e+00	0.000000e+00	0.000000e+00	0.000000e+00	0.000000e+00	0.000000e+00	0.000000e+00	0.000000e+00	0.000000e+00	0.000000e+00	0.000000e+00	0.000000e+00	0.000000e+00	0.000000e+00	0.000000e+00	0.000000e+00	0.000000e+00	0.000000e+00	0.000000e+00	0.000000e+00	0.000000e+00	0.000000e+00	0.000000e+00	0.000000e+00	0.000000e+00	0.000000e+00	0.000000e+00	0.000000e+00	0.000000e+00	0.000000e+00	0.000000e+00	0.000000e+00	0.000000e+00	
1340.137688	1335.525234	1344.750143	175.299481	1.281132e+02	1.882665e-90	0.000000e+00	1.287327e-61	6.119794e-82	0.000000e+00	0.000000e+00	8.446151e-03	1.882665e-90	1.165877e-03	2.141130e-69	1.882665e-90	1.882665e-90	1.882665e-90	1.882665e-90	0.000000e+00	1.882665e-90	1.882665e-90	1.882665e-90	1.882665e-90	3.353825e-50	4.974013e-03	9.662794e-57	0.000000e+00	0.000000e+00	0.000000e+00	1.882665e-90	1.882665e-90	0.000000e+00	1.484529e-57	0.000000e+00	0.000000e+00	0.000000e+00	0.000000e+00	0.000000e+00	0.000000e+00	0.000000e+00	5.364322e-66	1.882665e-90	1.882665e-90	1.558345e-85	6.868261e-52	8.841718e-79	2.091707e-64	1.882665e-90	2.273349e-04	7.386419e-48	0.000000e+00	0.000000e+00	7.181263e-54	1.882665e-90	0.000000e+00	2.913043e-42	8.419247e-01	1.882665e-90	2.781174e-18	0.000000e+00	1.882665e-90	1.882665e-90	1.882665e-90	7.247579e-64	1.882665e-90	0.000000e+00	0.000000e+00	1.882665e-90	0.000000e+00	0.000000e+00	0.000000e+00	0.000000e+00	0.000000e+00	0.000000e+00	0.000000e+00	1.434259e-70	1.882665e-90	0.000000e+00	0.000000e+00	0.000000e+00	0.000000e+00	0.000000e+00	0.000000e+00	0.000000e+00	0.000000e+00	0.000000e+00	0.000000e+00	0.000000e+00	0.000000e+00	0.000000e+00	0.000000e+00	0.000000e+00	0.000000e+00	0.000000e+00	0.000000e+00	0.000000e+00	0.000000e+00	0.000000e+00	0.000000e+00	0.000000e+00	0.000000e+00	0.000000e+00	0.000000e+00	0.000000e+00	0.000000e+00	0.000000e+00	0.000000e+00	0.000000e+00	0.000000e+00	0.000000e+00	0.000000e+00	0.000000e+00	0.000000e+00	0.000000e+00	0.000000e+00	0.000000e+00	0.000000e+00	0.000000e+00	0.000000e+00	
1349.367376	1344.750143	1353.984609	175.477132	1.051362e+02	1.882726e-90	0.000000e+00	1.648772e-61	8.192635e-82	0.000000e+00	0.000000e+00	8.447208e-03	1.882726e-90	1.166000e-03	2.784780e-69	1.882726e-90	1.882726e-90	1.882726e-90	1.882726e-90	0.000000e+00	1.882726e-90	1.882726e-90	1.882726e-90	1.882726e-90	5.718431e-50	4.973840e-03	1.347356e-56	0.000000e+00	0.000000e+00	0.000000e+00	1.882726e-90	1.882726e-90	0.000000e+00	2.072916e-57	0.000000e+00	0.000000e+00	0.000000e+00	0.000000e+00	0.000000e+00	0.000000e+00	0.000000e+00	9.461945e-66	1.882726e-90	1.882726e-90	2.329734e-85	9.391118e-52	1.292919e-78	2.920419e-64	1.882726e-90	2.273522e-04	9.104247e-48	0.000000e+00	0.000000e+00	1.215185e-53	1.882726e-90	0.000000e+00	4.815471e-42	8.419191e-01	1.882726e-90	4.374953e-18	0.000000e+00	1.882726e-90	1.882726e-90	1.882726e-90	9.316846e-64	1.882726e-90	0.000000e+00	0.000000e+00	1.882726e-90	0.000000e+00	0.000000e+00	0.000000e+00	0.000000e+00	0.000000e+00	0.000000e+00	0.000000e+00	2.530096e-70	1.882726e-90	0.000000e+00	0.000000e+00	0.000000e+00	0.000000e+00	0.000000e+00	0.000000e+00	0.000000e+00	0.000000e+00	0.000000e+00	0.000000e+00	0.000000e+00	0.000000e+00	0.000000e+00	0.000000e+00	0.000000e+00	0.000000e+00	0.000000e+00	0.000000e+00	0.000000e+00	0.000000e+00	0.000000e+00	0.000000e+00	0.000000e+00	0.000000e+00	0.000000e+00	0.000000e+00	0.000000e+00	0.000000e+00	0.000000e+00	0.000000e+00	0.000000e+00	0.000000e+00	0.000000e+00	0.000000e+00	0.000000e+00	0.000000e+00	0.000000e+00	0.000000e+00	0.000000e+00	0.000000e+00	0.000000e+00	0.000000e+00	
1358.612739	1353.984609	1363.240868	175.885893	8.628001e+01	1.882671e-90	0.000000e+00	2.559336e-61	1.407051e-81	0.000000e+00	0.000000e+00	8.446953e-03	1.882671e-90	1.166000e-03	4.476616e-69	1.882671e-90	1.882671e-90	1.882671e-90	1.882671e-90	0.000000e+00	1.882671e-90	1.882671e-90	1.882671e-90	1.882671e-90	1.165751e-49	4.974084e-03	2.236110e-56	0.000000e+00	0.000000e+00	0.000000e+00	1.882671e-90	1.882671e-90	0.000000e+00	3.452997e-57	0.000000e+00	0.000000e+00	0.000000e+00	0.000000e+00	0.000000e+00	0.000000e+00	0.000000e+00	2.085091e-65	1.882671e-90	1.882671e-90	4.536409e-85	1.489775e-51	2.392232e-78	4.858229e-64	1.882671e-90	2.273477e-04	1.293914e-47	0.000000e+00	0.000000e+00	2.434093e-53	1.882671e-90	0.000000e+00	9.141193e-42	8.419232e-01	1.882671e-90	7.411953e-18	0.000000e+00	1.882671e-90	1.882671e-90	1.882671e-90	1.458689e-63	1.882671e-90	0.000000e+00	0.000000e+00	1.882671e-90	0.000000e+00	0.000000e+00	0.000000e+00	0.000000e+00	0.000000e+00	0.000000e+00	0.000000e+00	5.575081e-70	1.882671e-90	0.000000e+00	0.000000e+00	0.000000e+00	0.000000e+00	0.000000e+00	0.000000e+00	0.000000e+00	0.000000e+00	0.000000e+00	0.000000e+00	0.000000e+00	0.000000e+00	0.000000e+00	0.000000e+00	0.000000e+00	0.000000e+00	0.000000e+00	0.000000e+00	0.000000e+00	0.000000e+00	0.000000e+00	0.000000e+00	0.000000e+00	0.000000e+00	0.000000e+00	0.000000e+00	0.000000e+00	0.000000e+00	0.000000e+00	0.000000e+00	0.000000e+00	0.000000e+00	0.000000e+00	0.000000e+00	0.000000e+00	0.000000e+00	0.000000e+00	0.000000e+00	0.000000e+00	0.000000e+00	0.000000e+00	0.000000e+00	
1367.868887	1363.240868	1372.496906	175.876804	7.080571e+01	1.882648e-90	0.000000e+00	2.803907e-61	1.537907e-81	0.000000e+00	0.000000e+00	8.446182e-03	1.882648e-90	1.165943e-03	4.900339e-69	1.882648e-90	1.882648e-90	1.882648e-90	1.882648e-90	0.000000e+00	1.882648e-90	1.882648e-90	1.882648e-90	1.882648e-90	1.718532e-49	4.973745e-03	2.705726e-56	0.000000e+00	0.000000e+00	0.000000e+00	1.882648e-90	1.882648e-90	0.000000e+00	4.177939e-57	0.000000e+00	0.000000e+00	0.000000e+00	0.000000e+00	0.000000e+00	0.000000e+00	0.000000e+00	3.068634e-65	1.882648e-90	1.882648e-90	5.470082e-85	1.804408e-51	2.887587e-78	5.877504e-64	1.882648e-90	2.273267e-04	1.420200e-47	0.000000e+00	0.000000e+00	3.589351e-53	1.882648e-90	0.000000e+00	1.349584e-41	8.419263e-01	1.882648e-90	1.097220e-17	0.000000e+00	1.882648e-90	1.882648e-90	1.882648e-90	1.597664e-63	1.882648e-90	0.000000e+00	0.000000e+00	1.882648e-90	0.000000e+00	0.000000e+00	0.000000e+00	0.000000e+00	0.000000e+00	0.000000e+00	0.000000e+00	8.204083e-70	1.882648e-90	0.000000e+00	0.000000e+00	0.000000e+00	0.000000e+00	0.000000e+00	0.000000e+00	0.000000e+00	0.000000e+00	0.000000e+00	0.000000e+00	0.000000e+00	0.000000e+00	0.000000e+00	0.000000e+00	0.000000e+00	0.000000e+00	0.000000e+00	0.000000e+00	0.000000e+00	0.000000e+00	0.000000e+00	0.000000e+00	0.000000e+00	0.000000e+00	0.000000e+00	0.000000e+00	0.000000e+00	0.000000e+00	0.000000e+00	0.000000e+00	0.000000e+00	0.000000e+00	0.000000e+00	0.000000e+00	0.000000e+00	0.000000e+00	0.000000e+00	0.000000e+00	0.000000e+00	0.000000e+00	0.000000e+00	0.000000e+00	
1377.113306	1372.496906	1381.729707	175.427477	5.810672e+01	1.882650e-90	0.000000e+00	2.127623e-61	1.044155e-81	0.000000e+00	0.000000e+00	8.446457e-03	1.882650e-90	1.165891e-03	3.577917e-69	1.882650e-90	1.882650e-90	1.882650e-90	1.882650e-90	0.000000e+00	1.882650e-90	1.882650e-90	1.882650e-90	1.882650e-90	1.801032e-49	4.973888e-03	2.347621e-56	0.000000e+00	0.000000e+00	0.000000e+00	1.882650e-90	1.882650e-90	0.000000e+00	3.610601e-57	0.000000e+00	0.000000e+00	0.000000e+00	0.000000e+00	0.000000e+00	0.000000e+00	0.000000e+00	2.951934e-65	1.882650e-90	1.882650e-90	3.981175e-85	1.645259e-51	2.222970e-78	5.086187e-64	1.882650e-90	2.273398e-04	1.187449e-47	0.000000e+00	0.000000e+00	3.835216e-53	1.882650e-90	0.000000e+00	1.529721e-41	8.419255e-01	1.882650e-90	1.409156e-17	0.000000e+00	1.882650e-90	1.882650e-90	1.882650e-90	1.201026e-63	1.882650e-90	0.000000e+00	0.000000e+00	1.882650e-90	0.000000e+00	0.000000e+00	0.000000e+00	0.000000e+00	0.000000e+00	0.000000e+00	0.000000e+00	7.892683e-70	1.882650e-90	0.000000e+00	0.000000e+00	0.000000e+00	0.000000e+00	0.000000e+00	0.000000e+00	0.000000e+00	0.000000e+00	0.000000e+00	0.000000e+00	0.000000e+00	0.000000e+00	0.000000e+00	0.000000e+00	0.000000e+00	0.000000e+00	0.000000e+00	0.000000e+00	0.000000e+00	0.000000e+00	0.000000e+00	0.000000e+00	0.000000e+00	0.000000e+00	0.000000e+00	0.000000e+00	0.000000e+00	0.000000e+00	0.000000e+00	0.000000e+00	0.000000e+00	0.000000e+00	0.000000e+00	0.000000e+00	0.000000e+00	0.000000e+00	0.000000e+00	0.000000e+00	0.000000e+00	0.000000e+00	0.000000e+00	0.000000e+00	
1386.332391	1381.729707	1390.935075	174.899719	4.768529e+01	1.882717e-90	0.000000e+00	1.508576e-61	6.492715e-82	0.000000e+00	0.000000e+00	8.447304e-03	1.882717e-90	1.166046e-03	2.424493e-69	1.882717e-90	1.882717e-90	1.882717e-90	1.882717e-90	0.000000e+00	1.882717e-90	1.882717e-90	1.882717e-90	1.882717e-90	1.772710e-49	4.974371e-03	1.915951e-56	0.000000e+00	0.000000e+00	0.000000e+00	1.882717e-90	1.882717e-90	0.000000e+00	2.932947e-57	0.000000e+00	0.000000e+00	0.000000e+00	0.000000e+00	0.000000e+00	0.000000e+00	0.000000e+00	2.626325e-65	1.882717e-90	1.882717e-90	2.639502e-85	1.423499e-51	1.575017e-78	4.138251e-64	1.882717e-90	2.273494e-04	9.441436e-48	0.000000e+00	0.000000e+00	3.862448e-53	1.882717e-90	0.000000e+00	1.651971e-41	8.419189e-01	1.882717e-90	1.763930e-17	0.000000e+00	1.882717e-90	1.882717e-90	1.882717e-90	8.422817e-64	1.882717e-90	0.000000e+00	0.000000e+00	1.882717e-90	0.000000e+00	0.000000e+00	0.000000e+00	0.000000e+00	0.000000e+00	0.000000e+00	0.000000e+00	7.023738e-70	1.882717e-90	0.000000e+00	0.000000e+00	0.000000e+00	0.000000e+00	0.000000e+00	0.000000e+00	0.000000e+00	0.000000e+00	0.000000e+00	0.000000e+00	0.000000e+00	0.000000e+00	0.000000e+00	0.000000e+00	0.000000e+00	0.000000e+00	0.000000e+00	0.000000e+00	0.000000e+00	0.000000e+00	0.000000e+00	0.000000e+00	0.000000e+00	0.000000e+00	0.000000e+00	0.000000e+00	0.000000e+00	0.000000e+00	0.000000e+00	0.000000e+00	0.000000e+00	0.000000e+00	0.000000e+00	0.000000e+00	0.000000e+00	0.000000e+00	0.000000e+00	0.000000e+00	0.000000e+00	0.000000e+00	0.000000e+00	0.000000e+00	
1395.528392	1390.935075	1400.121709	174.532906	3.913295e+01	1.882735e-90	0.000000e+00	1.222352e-61	4.799375e-82	0.000000e+00	0.000000e+00	8.447073e-03	1.882735e-90	1.166042e-03	1.903052e-69	1.882735e-90	1.882735e-90	1.882735e-90	1.882735e-90	0.000000e+00	1.882735e-90	1.882735e-90	1.882735e-90	1.882735e-90	1.974785e-49	4.974145e-03	1.764199e-56	0.000000e+00	0.000000e+00	0.000000e+00	1.882735e-90	1.882735e-90	0.000000e+00	2.691820e-57	0.000000e+00	0.000000e+00	0.000000e+00	0.000000e+00	0.000000e+00	0.000000e+00	0.000000e+00	2.726387e-65	1.882735e-90	1.882735e-90	2.102299e-85	1.365466e-51	1.313926e-78	3.802350e-64	1.882735e-90	2.273450e-04	8.286976e-48	0.000000e+00	0.000000e+00	4.372174e-53	1.882735e-90	0.000000e+00	1.963332e-41	8.419182e-01	1.882735e-90	2.324410e-17	0.000000e+00	1.882735e-90	1.882735e-90	1.882735e-90	6.771829e-64	1.882735e-90	0.000000e+00	0.000000e+00	1.882735e-90	0.000000e+00	0.000000e+00	0.000000e+00	0.000000e+00	0.000000e+00	0.000000e+00	0.000000e+00	7.292151e-70	1.882735e-90	0.000000e+00	0.000000e+00	0.000000e+00	0.000000e+00	0.000000e+00	0.000000e+00	0.000000e+00	0.000000e+00	0.000000e+00	0.000000e+00	0.000000e+00	0.000000e+00	0.000000e+00	0.000000e+00	0.000000e+00	0.000000e+00	0.000000e+00	0.000000e+00	0.000000e+00	0.000000e+00	0.000000e+00	0.000000e+00	0.000000e+00	0.000000e+00	0.000000e+00	0.000000e+00	0.000000e+00	0.000000e+00	0.000000e+00	0.000000e+00	0.000000e+00	0.000000e+00	0.000000e+00	0.000000e+00	0.000000e+00	0.000000e+00	0.000000e+00	0.000000e+00	0.000000e+00	0.000000e+00	0.000000e+00	0.000000e+00	
1404.714606	1400.121709	1409.307503	174.505911	3.211446e+01	1.882569e-90	0.000000e+00	1.318922e-61	5.142775e-82	0.000000e+00	0.000000e+00	8.445855e-03	1.882569e-90	1.165878e-03	2.048268e-69	1.882569e-90	1.882569e-90	1.882569e-90	1.882569e-90	0.000000e+00	1.882569e-90	1.882569e-90	1.882569e-90	1.882569e-90	2.869757e-49	4.973194e-03	2.105052e-56	0.000000e+00	0.000000e+00	0.000000e+00	1.882569e-90	1.882569e-90	0.000000e+00	3.210975e-57	0.000000e+00	0.000000e+00	0.000000e+00	0.000000e+00	0.000000e+00	0.000000e+00	0.000000e+00	3.941427e-65	1.882569e-90	1.882569e-90	2.482582e-85	1.634662e-51	1.556662e-78	4.536292e-64	1.882569e-90	2.273392e-04	8.994192e-48	0.000000e+00	0.000000e+00	6.360891e-53	1.882569e-90	0.000000e+00	2.866313e-41	8.419331e-01	1.882569e-90	3.420108e-17	0.000000e+00	1.882569e-90	1.882569e-90	1.882569e-90	7.301136e-64	1.882569e-90	0.000000e+00	0.000000e+00	1.882569e-90	0.000000e+00	0.000000e+00	0.000000e+00	0.000000e+00	0.000000e+00	0.000000e+00	0.000000e+00	1.054039e-69	1.882569e-90	0.000000e+00	0.000000e+00	0.000000e+00	0.000000e+00	0.000000e+00	0.000000e+00	0.000000e+00	0.000000e+00	0.000000e+00	0.000000e+00	0.000000e+00	0.000000e+00	0.000000e+00	0.000000e+00	0.000000e+00	0.000000e+00	0.000000e+00	0.000000e+00	0.000000e+00	0.000000e+00	0.000000e+00	0.000000e+00	0.000000e+00	0.000000e+00	0.000000e+00	0.000000e+00	0.000000e+00	0.000000e+00	0.000000e+00	0.000000e+00	0.000000e+00	0.000000e+00	0.000000e+00	0.000000e+00	0.000000e+00	0.000000e+00	0.000000e+00	0.000000e+00	0.000000e+00	0.000000e+00	0.000000e+00	0.000000e+00	
1413.914380	1409.307503	1418.521258	175.022557	2.635474e+01	1.882841e-90	0.000000e+00	2.249963e-61	9.985057e-82	0.000000e+00	0.000000e+00	8.447315e-03	1.882841e-90	1.166139e-03	3.654897e-69	1.882841e-90	1.882841e-90	1.882841e-90	1.882841e-90	0.000000e+00	1.882841e-90	1.882841e-90	1.882841e-90	1.882841e-90	6.387536e-49	4.973867e-03	3.806318e-56	0.000000e+00	0.000000e+00	0.000000e+00	1.882841e-90	1.882841e-90	0.000000e+00	5.832479e-57	0.000000e+00	0.000000e+00	0.000000e+00	0.000000e+00	0.000000e+00	0.000000e+00	0.000000e+00	9.689826e-65	1.882841e-90	1.882841e-90	5.504874e-85	2.790271e-51	3.234425e-78	8.228609e-64	1.882841e-90	2.273632e-04	1.371123e-47	0.000000e+00	0.000000e+00	1.384422e-52	1.882841e-90	0.000000e+00	5.825266e-41	8.419099e-01	1.882841e-90	6.010899e-17	0.000000e+00	1.882841e-90	1.882841e-90	1.882841e-90	1.259357e-63	1.882841e-90	0.000000e+00	0.000000e+00	1.882841e-90	0.000000e+00	0.000000e+00	0.000000e+00	0.000000e+00	0.000000e+00	0.000000e+00	0.000000e+00	2.591344e-69	1.882841e-90	0.000000e+00	0.000000e+00	0.000000e+00	0.000000e+00	0.000000e+00	0.000000e+00	0.000000e+00	0.000000e+00	0.000000e+00	0.000000e+00	0.000000e+00	0.000000e+00	0.000000e+00	0.000000e+00	0.000000e+00	0.000000e+00	0.000000e+00	0.000000e+00	0.000000e+00	0.000000e+00	0.000000e+00	0.000000e+00	0.000000e+00	0.000000e+00	0.000000e+00	0.000000e+00	0.000000e+00	0.000000e+00	0.000000e+00	0.000000e+00	0.000000e+00	0.000000e+00	0.000000e+00	0.000000e+00	0.000000e+00	0.000000e+00	0.000000e+00	0.000000e+00	0.000000e+00	0.000000e+00	0.000000e+00	0.000000e+00	
1423.163334	1418.521258	1427.805410	176.346347	2.162802e+01	1.882717e-90	0.000000e+00	7.491011e-61	4.612883e-81	0.000000e+00	0.000000e+00	8.446921e-03	1.882717e-90	1.165923e-03	1.362577e-68	1.882717e-90	1.882717e-90	1.882717e-90	1.882717e-90	0.000000e+00	1.882717e-90	1.882717e-90	1.882717e-90	1.882717e-90	2.647034e-48	4.974039e-03	1.261323e-55	0.000000e+00	0.000000e+00	0.000000e+00	1.882717e-90	1.882717e-90	0.000000e+00	1.955654e-56	0.000000e+00	0.000000e+00	0.000000e+00	0.000000e+00	0.000000e+00	0.000000e+00	0.000000e+00	5.165947e-64	1.882717e-90	1.882717e-90	3.060650e-84	7.988460e-51	1.524326e-77	2.747997e-63	1.882717e-90	2.273386e-04	3.430628e-47	0.000000e+00	0.000000e+00	5.419433e-52	1.882717e-90	0.000000e+00	1.916402e-40	8.419197e-01	1.882717e-90	1.367601e-16	0.000000e+00	1.882717e-90	1.882717e-90	1.882717e-90	4.310540e-63	1.882717e-90	0.000000e+00	0.000000e+00	1.882717e-90	0.000000e+00	0.000000e+00	0.000000e+00	0.000000e+00	0.000000e+00	0.000000e+00	0.000000e+00	1.381289e-68	1.882717e-90	0.000000e+00	0.000000e+00	0.000000e+00	0.000000e+00	0.000000e+00	0.000000e+00	0.000000e+00	0.000000e+00	0.000000e+00	0.000000e+00	0.000000e+00	0.000000e+00	0.000000e+00	0.000000e+00	0.000000e+00	0.000000e+00	0.000000e+00	0.000000e+00	0.000000e+00	0.000000e+00	0.000000e+00	0.000000e+00	0.000000e+00	0.000000e+00	0.000000e+00	0.000000e+00	0.000000e+00	0.000000e+00	0.000000e+00	0.000000e+00	0.000000e+00	0.000000e+00	0.000000e+00	0.000000e+00	0.000000e+00	0.000000e+00	0.000000e+00	0.000000e+00	0.000000e+00	0.000000e+00	0.000000e+00	0.000000e+00	
1432.514289	1427.805410	1437.223169	178.869950	1.774904e+01	1.882819e-90	0.000000e+00	6.489925e-60	7.364718e-80	0.000000e+00	0.000000e+00	8.447402e-03	1.882819e-90	1.166040e-03	1.457938e-67	1.882819e-90	1.882819e-90	1.882819e-90	1.882819e-90	0.000000e+00	1.882819e-90	1.882819e-90	1.882819e-90	1.882819e-90	2.676738e-47	4.973745e-03	9.961185e-55	0.000000e+00	0.000000e+00	0.000000e+00	1.882819e-90	1.882819e-90	0.000000e+00	1.578854e-55	0.000000e+00	0.000000e+00	0.000000e+00	0.000000e+00	0.000000e+00	0.000000e+00	0.000000e+00	8.364147e-63	1.882819e-90	1.882819e-90	6.341342e-83	4.803001e-50	2.322065e-76	2.205950e-62	1.882819e-90	2.273757e-04	1.744639e-46	0.000000e+00	0.000000e+00	4.936151e-51	1.882819e-90	0.000000e+00	1.261579e-39	8.419120e-01	1.882819e-90	4.524015e-16	0.000000e+00	1.882819e-90	1.882819e-90	1.882819e-90	3.932348e-62	1.882819e-90	0.000000e+00	0.000000e+00	1.882819e-90	0.000000e+00	0.000000e+00	0.000000e+00	0.000000e+00	0.000000e+00	0.000000e+00	0.000000e+00	2.239194e-67	1.882819e-90	0.000000e+00	0.000000e+00	0.000000e+00	0.000000e+00	0.000000e+00	0.000000e+00	0.000000e+00	0.000000e+00	0.000000e+00	0.000000e+00	0.000000e+00	0.000000e+00	0.000000e+00	0.000000e+00	0.000000e+00	0.000000e+00	0.000000e+00	0.000000e+00	0.000000e+00	0.000000e+00	0.000000e+00	0.000000e+00	0.000000e+00	0.000000e+00	0.000000e+00	0.000000e+00	0.000000e+00	0.000000e+00	0.000000e+00	0.000000e+00	0.000000e+00	0.000000e+00	0.000000e+00	0.000000e+00	0.000000e+00	0.000000e+00	0.000000e+00	0.000000e+00	0.000000e+00	0.000000e+00	0.000000e+00	0.000000e+00	
1442.042258	1437.223169	1446.861347	183.043372	1.456575e+01	1.882694e-90	0.000000e+00	1.914313e-58	5.753938e-78	0.000000e+00	0.000000e+00	8.446747e-03	1.882694e-90	1.166038e-03	6.012836e-66	1.882694e-90	1.882694e-90	1.882694e-90	1.882694e-90	0.000000e+00	1.882694e-90	1.882694e-90	1.882694e-90	1.882694e-90	8.534828e-46	4.974393e-03	2.401197e-53	0.000000e+00	0.000000e+00	0.000000e+00	1.882694e-90	1.882694e-90	0.000000e+00	3.946701e-54	0.000000e+00	0.000000e+00	0.000000e+00	0.000000e+00	0.000000e+00	0.000000e+00	0.000000e+00	5.653032e-61	1.882694e-90	1.882694e-90	7.082997e-81	7.478475e-49	1.591131e-74	5.471147e-61	1.882694e-90	2.273483e-04	2.199788e-45	0.000000e+00	0.000000e+00	1.336517e-49	1.882694e-90	0.000000e+00	2.036085e-38	8.419214e-01	1.882694e-90	2.432225e-15	0.000000e+00	1.882694e-90	1.882694e-90	1.882694e-90	1.259941e-60	1.882694e-90	0.000000e+00	0.000000e+00	1.882694e-90	0.000000e+00	0.000000e+00	0.000000e+00	0.000000e+00	0.000000e+00	0.000000e+00	0.000000e+00	1.521702e-65	1.882694e-90	0.000000e+00	0.000000e+00	0.000000e+00	0.000000e+00	0.000000e+00	0.000000e+00	0.000000e+00	0.000000e+00	0.000000e+00	0.000000e+00	0.000000e+00	0.000000e+00	0.000000e+00	0.000000e+00	0.000000e+00	0.000000e+00	0.000000e+00	0.000000e+00	0.000000e+00	0.000000e+00	0.000000e+00	0.000000e+00	0.000000e+00	0.000000e+00	0.000000e+00	0.000000e+00	0.000000e+00	0.000000e+00	0.000000e+00	0.000000e+00	0.000000e+00	0.000000e+00	0.000000e+00	0.000000e+00	0.000000e+00	0.000000e+00	0.000000e+00	0.000000e+00	0.000000e+00	0.000000e+00	0.000000e+00	0.000000e+00	
1451.825502	1446.861347	1456.789657	188.536946	1.195339e+01	1.882693e-90	0.000000e+00	1.285171e-56	1.304637e-75	0.000000e+00	0.000000e+00	8.446612e-03	1.882693e-90	1.165913e-03	6.124220e-64	1.882693e-90	1.882693e-90	1.882693e-90	1.882693e-90	0.000000e+00	1.882693e-90	1.882693e-90	1.882693e-90	1.882693e-90	5.940254e-44	4.973696e-03	1.231345e-51	0.000000e+00	0.000000e+00	0.000000e+00	1.882693e-90	1.882693e-90	0.000000e+00	2.120070e-52	0.000000e+00	0.000000e+00	0.000000e+00	0.000000e+00	0.000000e+00	0.000000e+00	0.000000e+00	1.007505e-58	1.882693e-90	1.882693e-90	2.453204e-78	2.216365e-47	3.002275e-72	2.925184e-59	1.882693e-90	2.273534e-04	5.104531e-44	0.000000e+00	0.000000e+00	7.631823e-48	1.882693e-90	0.000000e+00	6.089142e-37	8.419220e-01	1.882693e-90	1.834566e-14	0.000000e+00	1.882693e-90	1.882693e-90	1.882693e-90	9.380699e-59	2.071051e-90	0.000000e+00	0.000000e+00	1.882693e-90	0.000000e+00	0.000000e+00	0.000000e+00	0.000000e+00	0.000000e+00	0.000000e+00	0.000000e+00	2.748420e-63	6.392961e-90	0.000000e+00	0.000000e+00	0.000000e+00	0.000000e+00	0.000000e+00	0.000000e+00	0.000000e+00	0.000000e+00	0.000000e+00	0.000000e+00	0.000000e+00	0.000000e+00	0.000000e+00	0.000000e+00	0.000000e+00	0.000000e+00	0.000000e+00	0.000000e+00	0.000000e+00	0.000000e+00	0.000000e+00	0.000000e+00	0.000000e+00	0.000000e+00	0.000000e+00	0.000000e+00	0.000000e+00	0.000000e+00	0.000000e+00	0.000000e+00	0.000000e+00	0.000000e+00	0.000000e+00	0.000000e+00	0.000000e+00	0.000000e+00	0.000000e+00	0.000000e+00	0.000000e+00	0.000000e+00	0.000000e+00	0.000000e+00	
1461.895302	1456.789657	1467.000947	193.899339	9.809551e+00	1.882728e-90	0.000000e+00	6.279355e-55	1.957872e-73	0.000000e+00	0.000000e+00	8.447277e-03	1.882728e-90	1.165957e-03	4.386898e-62	1.882728e-90	1.882728e-90	1.882728e-90	1.882728e-90	0.000000e+00	1.882728e-90	1.882728e-90	1.882728e-90	1.882728e-90	3.111111e-42	4.974098e-03	4.766703e-50	0.000000e+00	0.000000e+00	0.000000e+00	1.882728e-90	1.746044e-88	0.000000e+00	8.579026e-51	0.000000e+00	0.000000e+00	0.000000e+00	0.000000e+00	0.000000e+00	0.000000e+00	0.000000e+00	1.257843e-56	1.882728e-90	1.882728e-90	5.490893e-76	5.158966e-46	3.850519e-70	1.183055e-57	1.882728e-90	2.273420e-04	9.359083e-43	0.000000e+00	0.000000e+00	3.350386e-46	8.716052e-90	0.000000e+00	1.472407e-35	8.419187e-01	1.882728e-90	1.240872e-13	0.000000e+00	1.882728e-90	1.882728e-90	1.882728e-90	5.045252e-57	1.470291e-87	0.000000e+00	0.000000e+00	1.882728e-90	0.000000e+00	0.000000e+00	0.000000e+00	0.000000e+00	0.000000e+00	0.000000e+00	0.000000e+00	3.495985e-61	3.727193e-88	0.000000e+00	0.000000e+00	0.000000e+00	0.000000e+00	0.000000e+00	0.000000e+00	0.000000e+00	0.000000e+00	0.000000e+00	0.000000e+00	0.000000e+00	0.000000e+00	0.000000e+00	0.000000e+00	0.000000e+00	0.000000e+00	0.000000e+00	0.000000e+00	0.000000e+00	0.000000e+00	0.000000e+00	0.000000e+00	0.000000e+00	0.000000e+00	0.000000e+00	0.000000e+00	0.000000e+00	0.000000e+00	0.000000e+00	0.000000e+00	0.000000e+00	0.000000e+00	0.000000e+00	0.000000e+00	0.000000e+00	0.000000e+00	0.000000e+00	0.000000e+00	0.000000e+00	0.000000e+00	0.000000e+00	0.000000e+00	
1472.208476	1467.000947	1477.416004	197.756830	8.050210e+00	1.882661e-90	0.000000e+00	9.351671e-54	6.295884e-72	0.000000e+00	0.000000e+00	8.446705e-03	1.882661e-90	1.166005e-03	8.485678e-61	1.882661e-90	1.882661e-90	1.882661e-90	1.882661e-90	0.000000e+00	1.882661e-90	1.882661e-90	1.882661e-90	1.882661e-90	5.368785e-41	4.973167e-03	6.265014e-49	0.000000e+00	0.000000e+00	0.000000e+00	1.882661e-90	2.387439e-86	0.000000e+00	1.163146e-49	0.000000e+00	0.000000e+00	0.000000e+00	0.000000e+00	0.000000e+00	0.000000e+00	0.000000e+00	3.943842e-55	1.882661e-90	1.882661e-90	2.398662e-74	4.777970e-45	1.149688e-68	1.607493e-56	1.882661e-90	2.273470e-04	7.112259e-42	0.000000e+00	0.000000e+00	5.139831e-45	1.190591e-87	0.000000e+00	1.499866e-34	8.419253e-01	1.882661e-90	5.265459e-13	0.000000e+00	1.882661e-90	1.882661e-90	1.882661e-90	8.025030e-56	1.468785e-85	0.000000e+00	0.000000e+00	1.882661e-90	0.000000e+00	0.000000e+00	0.000000e+00	0.000000e+00	0.000000e+00	0.000000e+00	0.000000e+00	1.113986e-59	6.176057e-87	0.000000e+00	0.000000e+00	0.000000e+00	0.000000e+00	0.000000e+00	0.000000e+00	0.000000e+00	0.000000e+00	0.000000e+00	0.000000e+00	0.000000e+00	0.000000e+00	0.000000e+00	0.000000e+00	0.000000e+00	0.000000e+00	0.000000e+00	0.000000e+00	0.000000e+00	0.000000e+00	0.000000e+00	0.000000e+00	0.000000e+00	0.000000e+00	0.000000e+00	0.000000e+00	0.000000e+00	0.000000e+00	0.000000e+00	0.000000e+00	0.000000e+00	0.000000e+00	0.000000e+00	0.000000e+00	0.000000e+00	0.000000e+00	0.000000e+00	0.000000e+00	0.000000e+00	0.000000e+00	0.000000e+00	0.000000e+00	
1482.679559	1477.416004	1487.943113	199.874327	6.606406e+00	1.882666e-90	0.000000e+00	4.130214e-53	4.190413e-71	0.000000e+00	0.000000e+00	8.447396e-03	1.882666e-90	1.165924e-03	4.305963e-60	1.882666e-90	1.882666e-90	1.882666e-90	1.882666e-90	0.000000e+00	1.882666e-90	1.882666e-90	1.882666e-90	1.882666e-90	2.953691e-40	4.973564e-03	2.715745e-48	0.000000e+00	0.000000e+00	0.000000e+00	1.882666e-90	3.957734e-85	0.000000e+00	5.127749e-49	0.000000e+00	0.000000e+00	0.000000e+00	0.000000e+00	0.000000e+00	0.000000e+00	0.000000e+00	2.982601e-54	1.882666e-90	1.882666e-90	1.968720e-73	1.717509e-44	7.710064e-68	7.099520e-56	1.882666e-90	2.273530e-04	2.194842e-41	0.000000e+00	0.000000e+00	2.658944e-44	1.970508e-86	0.000000e+00	6.239036e-34	8.419238e-01	1.882666e-90	1.371983e-12	0.000000e+00	1.882666e-90	1.882666e-90	1.882666e-90	3.671721e-55	1.965018e-84	0.000000e+00	0.000000e+00	1.882666e-90	0.000000e+00	0.000000e+00	0.000000e+00	0.000000e+00	0.000000e+00	0.000000e+00	0.000000e+00	8.508416e-59	2.773996e-86	0.000000e+00	0.000000e+00	0.000000e+00	0.000000e+00	0.000000e+00	0.000000e+00	0.000000e+00	0.000000e+00	0.000000e+00	0.000000e+00	0.000000e+00	0.000000e+00	0.000000e+00	0.000000e+00	0.000000e+00	0.000000e+00	0.000000e+00	0.000000e+00	0.000000e+00	0.000000e+00	0.000000e+00	0.000000e+00	0.000000e+00	0.000000e+00	0.000000e+00	0.000000e+00	0.000000e+00	0.000000e+00	0.000000e+00	0.000000e+00	0.000000e+00	0.000000e+00	0.000000e+00	0.000000e+00	0.000000e+00	0.000000e+00	0.000000e+00	0.000000e+00	0.000000e+00	0.000000e+00	0.000000e+00	0.000000e+00	
1493.237518	1487.943113	1498.531924	201.037612	5.421549e+00	1.882658e-90	0.000000e+00	9.647537e-53	1.221512e-70	0.000000e+00	0.000000e+00	8.446433e-03	1.882658e-90	1.166024e-03	1.084214e-59	1.882658e-90	7.134883e-90	1.882658e-90	1.882658e-90	0.000000e+00	1.882658e-90	1.882658e-90	1.882658e-90	1.882658e-90	8.907826e-40	4.973855e-03	6.573221e-48	0.000000e+00	0.000000e+00	0.000000e+00	1.882658e-90	2.167122e-84	0.000000e+00	1.252804e-48	0.000000e+00	0.000000e+00	0.000000e+00	0.000000e+00	0.000000e+00	0.000000e+00	0.000000e+00	1.068690e-53	1.882658e-90	1.882658e-90	6.726847e-73	3.756404e-44	2.361920e-67	1.735881e-55	1.882658e-90	2.273385e-04	4.223292e-41	0.000000e+00	0.000000e+00	7.758449e-44	1.077662e-85	0.000000e+00	1.617941e-33	8.419248e-01	1.882658e-90	2.764036e-12	0.000000e+00	1.882658e-90	1.882658e-90	1.882658e-90	8.742159e-55	9.153044e-84	0.000000e+00	0.000000e+00	1.882658e-90	0.000000e+00	0.000000e+00	0.000000e+00	0.000000e+00	0.000000e+00	0.000000e+00	0.000000e+00	3.065500e-58	6.254240e-86	0.000000e+00	0.000000e+00	0.000000e+00	0.000000e+00	0.000000e+00	0.000000e+00	0.000000e+00	0.000000e+00	0.000000e+00	0.000000e+00	0.000000e+00	0.000000e+00	0.000000e+00	0.000000e+00	0.000000e+00	0.000000e+00	0.000000e+00	0.000000e+00	0.000000e+00	0.000000e+00	0.000000e+00	0.000000e+00	0.000000e+00	0.000000e+00	0.000000e+00	0.000000e+00	0.000000e+00	0.000000e+00	0.000000e+00	0.000000e+00	0.000000e+00	0.000000e+00	0.000000e+00	0.000000e+00	0.000000e+00	0.000000e+00	0.000000e+00	0.000000e+00	0.000000e+00	0.000000e+00	0.000000e+00	0.000000e+00	
1503.850346	1498.531924	1509.168768	201.941320	4.449195e+00	1.882668e-90	0.000000e+00	1.895347e-52	2.845765e-70	0.000000e+00	0.000000e+00	8.446771e-03	1.882668e-90	1.166000e-03	2.256310e-59	1.882668e-90	2.604374e-89	1.882668e-90	1.882668e-90	0.000000e+00	1.882668e-90	1.882668e-90	1.882668e-90	1.882668e-90	2.282040e-39	4.974108e-03	1.358274e-47	0.000000e+00	0.000000e+00	0.000000e+00	1.882668e-90	8.782020e-84	0.000000e+00	2.607247e-48	0.000000e+00	0.000000e+00	0.000000e+00	0.000000e+00	0.000000e+00	0.000000e+00	0.000000e+00	3.125266e-53	1.882668e-90	1.882668e-90	1.811631e-72	7.179642e-44	5.849889e-67	3.616235e-55	1.882668e-90	2.273422e-04	7.148267e-41	0.000000e+00	0.000000e+00	1.938183e-43	4.362701e-85	0.000000e+00	3.691644e-33	8.419238e-01	1.882668e-90	5.190983e-12	0.000000e+00	1.882668e-90	1.882668e-90	1.882668e-90	1.742950e-54	3.201437e-83	0.000000e+00	0.000000e+00	1.882668e-90	0.000000e+00	0.000000e+00	0.000000e+00	0.000000e+00	0.000000e+00	0.000000e+00	0.000000e+00	9.005435e-58	1.170307e-85	0.000000e+00	0.000000e+00	0.000000e+00	0.000000e+00	0.000000e+00	0.000000e+00	0.000000e+00	0.000000e+00	0.000000e+00	0.000000e+00	0.000000e+00	0.000000e+00	0.000000e+00	0.000000e+00	0.000000e+00	0.000000e+00	0.000000e+00	0.000000e+00	0.000000e+00	0.000000e+00	0.000000e+00	0.000000e+00	0.000000e+00	0.000000e+00	0.000000e+00	0.000000e+00	0.000000e+00	0.000000e+00	0.000000e+00	0.000000e+00	0.000000e+00	0.000000e+00	0.000000e+00	0.000000e+00	0.000000e+00	0.000000e+00	0.000000e+00	0.000000e+00	0.000000e+00	0.000000e+00	0.000000e+00	0.000000e+00	
1514.512111	1509.168768	1519.855454	202.879724	3.651233e+00	1.882620e-90	0.000000e+00	3.786714e-52	6.775195e-70	0.000000e+00	0.000000e+00	8.446603e-03	1.882620e-90	1.165951e-03	4.782781e-59	1.882620e-90	9.788103e-89	1.882620e-90	1.882620e-90	0.000000e+00	1.882620e-90	1.882620e-90	1.882620e-90	1.882620e-90	5.940172e-39	4.973488e-03	2.850055e-47	0.000000e+00	0.000000e+00	0.000000e+00	1.882620e-90	3.664260e-83	0.000000e+00	5.510506e-48	0.000000e+00	0.000000e+00	0.000000e+00	0.000000e+00	0.000000e+00	0.000000e+00	0.000000e+00	9.322915e-53	1.882620e-90	1.882620e-90	4.993021e-72	1.390476e-43	1.479142e-66	7.653247e-55	1.882620e-90	2.273410e-04	1.225048e-40	0.000000e+00	0.000000e+00	4.916657e-43	1.818504e-84	0.000000e+00	8.530411e-33	8.419284e-01	1.882620e-90	9.819046e-12	0.000000e+00	1.882620e-90	1.882620e-90	1.882620e-90	3.534782e-54	1.151319e-82	0.000000e+00	0.000000e+00	1.882620e-90	0.000000e+00	0.000000e+00	0.000000e+00	0.000000e+00	0.000000e+00	0.000000e+00	0.000000e+00	2.699158e-57	2.231197e-85	0.000000e+00	0.000000e+00	0.000000e+00	0.000000e+00	0.000000e+00	0.000000e+00	0.000000e+00	0.000000e+00	0.000000e+00	0.000000e+00	0.000000e+00	0.000000e+00	0.000000e+00	0.000000e+00	0.000000e+00	0.000000e+00	0.000000e+00	0.000000e+00	0.000000e+00	0.000000e+00	0.000000e+00	0.000000e+00	0.000000e+00	0.000000e+00	0.000000e+00	0.000000e+00	0.000000e+00	0.000000e+00	0.000000e+00	0.000000e+00	0.000000e+00	0.000000e+00	0.000000e+00	0.000000e+00	0.000000e+00	0.000000e+00	0.000000e+00	0.000000e+00	0.000000e+00	0.000000e+00	0.000000e+00	0.000000e+00	
1525.230932	1519.855454	1530.606409	204.095630	2.996385e+00	1.882648e-90	0.000000e+00	8.944828e-52	2.003869e-69	0.000000e+00	0.000000e+00	8.446389e-03	1.882648e-90	1.165959e-03	1.218860e-58	1.882648e-90	4.918341e-88	1.882648e-90	1.882648e-90	0.000000e+00	1.882648e-90	1.882648e-90	1.882648e-90	1.882648e-90	1.813001e-38	4.973875e-03	6.975486e-47	0.000000e+00	0.000000e+00	0.000000e+00	1.882648e-90	2.048594e-82	0.000000e+00	1.361655e-47	0.000000e+00	0.000000e+00	0.000000e+00	0.000000e+00	0.000000e+00	0.000000e+00	0.000000e+00	3.389160e-52	1.882648e-90	1.882648e-90	1.732822e-71	3.070149e-43	4.596806e-66	1.893850e-54	1.882648e-90	2.273512e-04	2.377170e-40	0.000000e+00	0.000000e+00	1.452193e-42	1.015019e-83	0.000000e+00	2.235321e-32	8.419258e-01	1.882648e-90	1.990066e-11	0.000000e+00	1.882648e-90	1.882648e-90	1.882648e-90	8.513811e-54	5.468208e-82	0.000000e+00	0.000000e+00	1.882648e-90	0.000000e+00	0.000000e+00	0.000000e+00	0.000000e+00	0.000000e+00	0.000000e+00	0.000000e+00	9.874289e-57	5.109570e-85	0.000000e+00	0.000000e+00	0.000000e+00	0.000000e+00	0.000000e+00	0.000000e+00	0.000000e+00	0.000000e+00	0.000000e+00	0.000000e+00	0.000000e+00	0.000000e+00	0.000000e+00	0.000000e+00	0.000000e+00	0.000000e+00	0.000000e+00	0.000000e+00	0.000000e+00	0.000000e+00	0.000000e+00	0.000000e+00	0.000000e+00	0.000000e+00	0.000000e+00	0.000000e+00	0.000000e+00	0.000000e+00	0.000000e+00	0.000000e+00	0.000000e+00	0.000000e+00	0.000000e+00	0.000000e+00	0.000000e+00	0.000000e+00	0.000000e+00	0.000000e+00	0.000000e+00	0.000000e+00	0.000000e+00	0.000000e+00	
1536.024791	1530.606409	1541.443173	205.719423	2.458984e+00	1.882583e-90	0.000000e+00	2.689998e-51	8.103203e-69	0.000000e+00	0.000000e+00	8.446242e-03	1.882583e-90	1.165922e-03	4.050265e-58	1.882583e-90	3.756565e-87	1.882583e-90	1.882583e-90	0.000000e+00	1.882583e-90	1.882583e-90	1.882583e-90	1.882583e-90	6.960187e-38	4.974068e-03	2.131094e-46	0.000000e+00	0.000000e+00	0.000000e+00	1.882583e-90	1.745616e-81	0.000000e+00	4.212773e-47	0.000000e+00	0.000000e+00	0.000000e+00	0.000000e+00	0.000000e+00	0.000000e+00	0.000000e+00	1.638187e-51	1.882583e-90	1.882583e-90	8.382526e-71	8.186811e-43	1.923115e-65	5.871939e-54	1.882583e-90	2.273349e-04	5.516607e-40	0.000000e+00	0.000000e+00	5.340455e-42	8.627340e-83	0.000000e+00	7.022290e-32	8.419313e-01	1.882583e-90	4.455848e-11	0.000000e+00	1.882583e-90	1.882583e-90	1.882583e-90	2.626720e-53	3.877690e-81	0.000000e+00	0.000000e+00	1.882583e-90	0.000000e+00	0.000000e+00	0.000000e+00	0.000000e+00	0.000000e+00	0.000000e+00	0.000000e+00	4.814430e-56	1.524665e-84	0.000000e+00	0.000000e+00	0.000000e+00	0.000000e+00	0.000000e+00	0.000000e+00	0.000000e+00	0.000000e+00	0.000000e+00	0.000000e+00	0.000000e+00	0.000000e+00	0.000000e+00	0.000000e+00	0.000000e+00	0.000000e+00	0.000000e+00	0.000000e+00	0.000000e+00	0.000000e+00	0.000000e+00	0.000000e+00	0.000000e+00	0.000000e+00	0.000000e+00	0.000000e+00	0.000000e+00	0.000000e+00	0.000000e+00	0.000000e+00	0.000000e+00	0.000000e+00	0.000000e+00	0.000000e+00	0.000000e+00	0.000000e+00	0.000000e+00	0.000000e+00	0.000000e+00	0.000000e+00	0.000000e+00	0.000000e+00	
1546.917048	1541.443173	1552.390922	207.821548	2.017966e+00	1.882604e-90	0.000000e+00	1.062291e-50	4.663457e-68	0.000000e+00	0.000000e+00	8.446565e-03	1.882604e-90	1.165967e-03	1.815755e-57	1.882604e-90	4.604350e-86	1.882604e-90	1.882604e-90	0.000000e+00	1.882604e-90	1.882604e-90	1.882604e-90	1.882604e-90	3.463044e-37	4.973329e-03	8.363853e-46	0.000000e+00	0.000000e+00	0.000000e+00	1.882604e-90	2.393700e-80	0.000000e+00	1.679876e-46	0.000000e+00	0.000000e+00	0.000000e+00	0.000000e+00	0.000000e+00	0.000000e+00	0.000000e+00	1.092697e-50	1.882604e-90	1.882604e-90	5.899956e-70	2.703260e-42	1.125733e-64	2.350438e-53	1.882604e-90	2.273504e-04	1.567012e-39	0.000000e+00	0.000000e+00	2.517700e-41	1.179127e-81	0.000000e+00	2.709313e-31	8.419292e-01	1.882604e-90	1.117455e-10	0.000000e+00	1.882604e-90	1.882604e-90	1.882604e-90	1.071436e-52	4.323402e-80	0.000000e+00	0.000000e+00	1.882604e-90	0.000000e+00	0.000000e+00	0.000000e+00	0.000000e+00	0.000000e+00	0.000000e+00	0.000000e+00	3.249116e-55	6.144599e-84	0.000000e+00	0.000000e+00	0.000000e+00	0.000000e+00	0.000000e+00	0.000000e+00	0.000000e+00	0.000000e+00	0.000000e+00	0.000000e+00	0.000000e+00	0.000000e+00	0.000000e+00	0.000000e+00	0.000000e+00	0.000000e+00	0.000000e+00	0.000000e+00	0.000000e+00	0.000000e+00	0.000000e+00	0.000000e+00	0.000000e+00	0.000000e+00	0.000000e+00	0.000000e+00	0.000000e+00	0.000000e+00	0.000000e+00	0.000000e+00	0.000000e+00	0.000000e+00	0.000000e+00	0.000000e+00	0.000000e+00	0.000000e+00	0.000000e+00	0.000000e+00	0.000000e+00	0.000000e+00	0.000000e+00	0.000000e+00	
1557.935421	1552.390922	1563.479919	210.499942	1.656044e+00	1.882743e-90	0.000000e+00	5.738388e-50	4.026685e-67	0.000000e+00	0.000000e+00	8.446775e-03	1.882743e-90	1.166012e-03	1.148372e-56	1.882743e-90	9.725514e-85	1.882743e-90	1.882743e-90	0.000000e+00	1.882743e-90	1.882743e-90	1.882743e-90	1.882743e-90	2.324838e-36	4.974394e-03	4.382662e-45	0.000000e+00	0.000000e+00	0.000000e+00	1.882743e-90	5.684339e-79	0.000000e+00	8.984291e-46	0.000000e+00	0.000000e+00	0.000000e+00	0.000000e+00	0.000000e+00	0.000000e+00	0.000000e+00	1.057056e-49	1.882743e-90	1.882743e-90	6.390455e-69	1.141265e-41	9.696607e-64	1.262712e-52	1.882743e-90	2.273579e-04	5.614949e-39	0.000000e+00	0.000000e+00	1.581831e-40	2.785226e-80	0.000000e+00	1.326188e-30	8.419178e-01	1.882743e-90	3.195634e-10	0.000000e+00	1.882743e-90	1.882743e-90	1.882743e-90	6.028732e-52	8.119377e-79	0.000000e+00	0.000000e+00	1.882743e-90	0.000000e+00	0.000000e+00	0.000000e+00	0.000000e+00	0.000000e+00	0.000000e+00	0.000000e+00	3.192277e-54	3.503742e-83	0.000000e+00	0.000000e+00	0.000000e+00	0.000000e+00	0.000000e+00	0.000000e+00	0.000000e+00	0.000000e+00	0.000000e+00	0.000000e+00	0.000000e+00	0.000000e+00	0.000000e+00	0.000000e+00	0.000000e+00	0.000000e+00	0.000000e+00	0.000000e+00	0.000000e+00	0.000000e+00	0.000000e+00	0.000000e+00	0.000000e+00	0.000000e+00	0.000000e+00	0.000000e+00	0.000000e+00	0.000000e+00	0.000000e+00	0.000000e+00	0.000000e+00	0.000000e+00	0.000000e+00	0.000000e+00	0.000000e+00	0.000000e+00	0.000000e+00	0.000000e+00	0.000000e+00	0.000000e+00	0.000000e+00	0.000000e+00	
1569.111094	1563.479919	1574.742270	213.788564	1.359033e+00	1.882636e-90	0.000000e+00	4.219745e-49	5.182773e-66	0.000000e+00	0.000000e+00	8.446251e-03	1.882636e-90	1.165885e-03	1.018765e-55	1.882636e-90	3.511943e-83	1.882636e-90	1.882636e-90	0.000000e+00	1.882636e-90	1.882636e-90	1.882636e-90	1.882636e-90	2.096732e-35	4.973614e-03	3.052076e-44	0.000000e+00	0.000000e+00	0.000000e+00	1.882636e-90	2.317042e-77	0.000000e+00	6.411060e-45	0.000000e+00	0.000000e+00	0.000000e+00	0.000000e+00	0.000000e+00	0.000000e+00	0.000000e+00	1.475050e-48	1.882636e-90	1.882636e-90	1.058035e-67	6.139218e-41	1.221901e-62	9.071911e-52	1.882636e-90	2.273486e-04	2.528732e-38	0.000000e+00	0.000000e+00	1.319726e-39	1.127275e-78	0.000000e+00	8.212583e-30	8.419270e-01	1.882636e-90	1.041198e-09	0.000000e+00	1.882636e-90	1.882636e-90	1.882636e-90	4.652780e-51	2.547384e-77	0.000000e+00	0.000000e+00	1.882636e-90	0.000000e+00	0.000000e+00	0.000000e+00	0.000000e+00	0.000000e+00	0.000000e+00	0.000000e+00	4.543566e-53	2.818826e-82	0.000000e+00	0.000000e+00	0.000000e+00	0.000000e+00	0.000000e+00	0.000000e+00	0.000000e+00	0.000000e+00	0.000000e+00	0.000000e+00	0.000000e+00	0.000000e+00	0.000000e+00	0.000000e+00	0.000000e+00	0.000000e+00	0.000000e+00	0.000000e+00	0.000000e+00	0.000000e+00	0.000000e+00	0.000000e+00	0.000000e+00	0.000000e+00	0.000000e+00	0.000000e+00	0.000000e+00	0.000000e+00	0.000000e+00	0.000000e+00	0.000000e+00	0.000000e+00	0.000000e+00	0.000000e+00	0.000000e+00	0.000000e+00	0.000000e+00	0.000000e+00	0.000000e+00	0.000000e+00	0.000000e+00	0.000000e+00	
1580.467849	1574.742270	1586.193428	217.368077	1.115291e+00	1.882589e-90	0.000000e+00	3.442334e-48	7.628981e-65	0.000000e+00	0.000000e+00	8.445999e-03	1.882589e-90	1.165909e-03	1.012545e-54	1.882589e-90	1.521723e-81	1.882589e-90	1.882589e-90	0.000000e+00	5.366487e-89	1.882589e-90	1.882589e-90	1.882589e-90	2.094600e-34	4.973572e-03	2.343342e-43	0.000000e+00	0.000000e+00	0.000000e+00	1.882589e-90	1.136301e-75	0.000000e+00	5.052928e-44	0.000000e+00	0.000000e+00	0.000000e+00	0.000000e+00	0.000000e+00	0.000000e+00	0.000000e+00	2.335944e-47	1.882589e-90	1.882589e-90	2.020791e-66	3.586834e-40	1.751533e-61	7.207133e-51	5.740292e-90	2.273310e-04	1.229908e-37	0.000000e+00	0.000000e+00	1.216311e-38	5.478986e-77	0.000000e+00	5.527969e-29	8.419310e-01	1.882589e-90	3.557501e-09	0.000000e+00	1.882589e-90	1.882589e-90	1.882589e-90	3.995035e-50	9.517011e-76	0.000000e+00	0.000000e+00	1.882589e-90	0.000000e+00	0.000000e+00	0.000000e+00	0.000000e+00	0.000000e+00	0.000000e+00	0.000000e+00	7.359137e-52	2.562254e-81	0.000000e+00	0.000000e+00	0.000000e+00	0.000000e+00	0.000000e+00	0.000000e+00	0.000000e+00	0.000000e+00	0.000000e+00	0.000000e+00	0.000000e+00	0.000000e+00	0.000000e+00	0.000000e+00	0.000000e+00	0.000000e+00	0.000000e+00	0.000000e+00	0.000000e+00	0.000000e+00	0.000000e+00	0.000000e+00	0.000000e+00	0.000000e+00	0.000000e+00	0.000000e+00	0.000000e+00	0.000000e+00	0.000000e+00	0.000000e+00	0.000000e+00	0.000000e+00	0.000000e+00	0.000000e+00	0.000000e+00	0.000000e+00	0.000000e+00	0.000000e+00	0.000000e+00	0.000000e+00	0.000000e+00	0.000000e+00	
1592.005858	1586.193428	1597.818288	220.662636	9.152635e-01	1.882761e-90	0.000000e+00	2.263745e-47	8.495229e-64	0.000000e+00	0.000000e+00	8.447594e-03	1.882761e-90	1.165996e-03	7.938614e-54	4.315393e-89	4.545074e-80	1.882761e-90	1.882761e-90	0.000000e+00	1.559958e-87	1.882761e-90	1.882761e-90	1.882761e-90	1.709348e-33	4.973721e-03	1.478495e-42	0.000000e+00	0.000000e+00	0.000000e+00	1.882761e-90	3.834396e-74	0.000000e+00	3.263843e-43	0.000000e+00	0.000000e+00	0.000000e+00	0.000000e+00	0.000000e+00	0.000000e+00	0.000000e+00	2.875864e-46	1.882761e-90	1.882761e-90	2.870107e-65	1.772731e-39	1.927603e-60	4.695267e-50	1.178160e-88	2.273528e-04	5.099589e-37	0.000000e+00	0.000000e+00	9.251844e-38	1.832357e-75	0.000000e+00	3.177047e-28	8.419157e-01	1.882761e-90	1.115336e-08	0.000000e+00	1.882761e-90	1.882761e-90	1.882761e-90	2.750379e-49	2.490363e-74	0.000000e+00	0.000000e+00	1.882761e-90	0.000000e+00	0.000000e+00	0.000000e+00	0.000000e+00	0.000000e+00	0.000000e+00	0.000000e+00	9.258963e-51	1.850703e-80	0.000000e+00	0.000000e+00	0.000000e+00	0.000000e+00	0.000000e+00	0.000000e+00	0.000000e+00	0.000000e+00	0.000000e+00	0.000000e+00	0.000000e+00	0.000000e+00	0.000000e+00	0.000000e+00	0.000000e+00	0.000000e+00	0.000000e+00	0.000000e+00	0.000000e+00	0.000000e+00	0.000000e+00	0.000000e+00	0.000000e+00	0.000000e+00	0.000000e+00	0.000000e+00	0.000000e+00	0.000000e+00	0.000000e+00	0.000000e+00	0.000000e+00	0.000000e+00	0.000000e+00	0.000000e+00	0.000000e+00	0.000000e+00	0.000000e+00	0.000000e+00	0.000000e+00	0.000000e+00	0.000000e+00	0.000000e+00	
1603.700018	1597.818288	1609.581749	223.292959	7.511111e-01	1.882562e-90	0.000000e+00	1.001002e-46	5.655099e-63	0.000000e+00	0.000000e+00	8.446279e-03	1.882562e-90	1.165850e-03	4.022480e-53	8.965835e-88	6.816057e-79	1.882562e-90	1.882562e-90	0.000000e+00	2.240062e-86	1.882562e-90	1.882562e-90	1.882562e-90	9.562127e-33	4.973330e-03	6.475223e-42	0.000000e+00	0.000000e+00	0.000000e+00	1.882562e-90	6.469537e-73	0.000000e+00	1.456363e-42	0.000000e+00	0.000000e+00	0.000000e+00	0.000000e+00	0.000000e+00	0.000000e+00	0.000000e+00	2.215509e-45	1.882562e-90	1.882562e-90	2.360675e-64	6.420058e-39	1.300422e-59	2.109141e-49	1.292459e-87	2.273433e-04	1.575139e-36	0.000000e+00	0.000000e+00	4.903709e-37	3.067895e-74	0.000000e+00	1.353947e-27	8.419332e-01	1.882562e-90	2.966879e-08	0.000000e+00	1.882562e-90	1.882562e-90	1.882562e-90	1.260171e-48	3.369998e-73	0.000000e+00	0.000000e+00	1.882562e-90	0.000000e+00	0.000000e+00	0.000000e+00	0.000000e+00	0.000000e+00	0.000000e+00	0.000000e+00	7.258497e-50	8.636778e-80	0.000000e+00	0.000000e+00	0.000000e+00	0.000000e+00	0.000000e+00	0.000000e+00	0.000000e+00	0.000000e+00	0.000000e+00	0.000000e+00	0.000000e+00	0.000000e+00	0.000000e+00	0.000000e+00	0.000000e+00	0.000000e+00	0.000000e+00	0.000000e+00	0.000000e+00	0.000000e+00	0.000000e+00	0.000000e+00	0.000000e+00	0.000000e+00	0.000000e+00	0.000000e+00	0.000000e+00	0.000000e+00	0.000000e+00	0.000000e+00	0.000000e+00	0.000000e+00	0.000000e+00	0.000000e+00	0.000000e+00	0.000000e+00	0.000000e+00	0.000000e+00	0.000000e+00	0.000000e+00	0.000000e+00	0.000000e+00	
1615.516073	1609.581749	1621.450398	225.288681	6.163995e-01	1.882632e-90	0.000000e+00	3.100391e-46	2.374410e-62	0.000000e+00	0.000000e+00	8.446823e-03	1.882632e-90	1.165783e-03	1.378452e-52	9.483599e-87	5.511289e-78	1.882632e-90	1.882632e-90	0.000000e+00	1.709503e-85	1.882632e-90	1.882632e-90	1.882632e-90	3.811652e-32	4.973634e-03	2.044451e-41	0.000000e+00	0.000000e+00	0.000000e+00	1.882632e-90	5.859368e-72	0.000000e+00	4.662726e-42	0.000000e+00	0.000000e+00	0.000000e+00	0.000000e+00	0.000000e+00	0.000000e+00	0.000000e+00	1.120297e-44	1.882632e-90	1.882632e-90	1.189725e-63	1.759104e-38	5.658685e-59	6.789658e-49	8.086245e-87	2.273381e-04	3.736541e-36	0.000000e+00	0.000000e+00	1.878889e-36	2.761250e-73	0.000000e+00	4.412082e-27	8.419267e-01	1.882632e-90	6.805771e-08	0.000000e+00	1.882632e-90	1.882632e-90	1.882632e-90	4.008240e-48	2.524724e-72	0.000000e+00	0.000000e+00	1.882632e-90	0.000000e+00	0.000000e+00	0.000000e+00	0.000000e+00	0.000000e+00	0.000000e+00	0.000000e+00	3.720936e-49	2.723776e-79	0.000000e+00	0.000000e+00	0.000000e+00	0.000000e+00	0.000000e+00	0.000000e+00	0.000000e+00	0.000000e+00	0.000000e+00	0.000000e+00	0.000000e+00	0.000000e+00	0.000000e+00	0.000000e+00	0.000000e+00	0.000000e+00	0.000000e+00	0.000000e+00	0.000000e+00	0.000000e+00	0.000000e+00	0.000000e+00	0.000000e+00	0.000000e+00	0.000000e+00	0.000000e+00	0.000000e+00	0.000000e+00	0.000000e+00	0.000000e+00	0.000000e+00	0.000000e+00	0.000000e+00	0.000000e+00	0.000000e+00	0.000000e+00	0.000000e+00	0.000000e+00	0.000000e+00	0.000000e+00	0.000000e+00	0.000000e+00	
1627.425389	1621.450398	1633.400381	226.829321	5.058484e-01	1.882592e-90	0.000000e+00	7.497799e-46	7.235288e-62	0.000000e+00	0.000000e+00	8.446533e-03	1.882592e-90	1.165609e-03	3.599127e-52	6.266862e-86	2.898693e-77	1.882592e-90	1.882592e-90	0.000000e+00	8.402247e-85	1.882592e-90	1.882592e-90	1.882592e-90	1.199327e-31	4.973066e-03	5.137643e-41	0.000000e+00	0.000000e+00	0.000000e+00	1.882592e-90	3.440133e-71	0.000000e+00	1.184183e-41	0.000000e+00	0.000000e+00	0.000000e+00	0.000000e+00	0.000000e+00	0.000000e+00	0.000000e+00	4.223721e-44	1.882592e-90	1.882592e-90	4.265480e-63	3.969326e-38	1.814609e-58	1.732077e-48	3.419171e-86	2.273295e-04	7.377767e-36	0.000000e+00	0.000000e+00	5.738215e-36	1.613349e-72	0.000000e+00	1.191330e-26	8.419307e-01	1.882592e-90	1.407226e-07	0.000000e+00	7.659984e-90	1.882592e-90	1.882592e-90	9.889541e-48	1.253004e-71	0.000000e+00	0.000000e+00	1.882592e-90	0.000000e+00	0.000000e+00	0.000000e+00	0.000000e+00	0.000000e+00	0.000000e+00	0.000000e+00	1.417817e-48	6.528306e-79	0.000000e+00	0.000000e+00	0.000000e+00	0.000000e+00	0.000000e+00	0.000000e+00	0.000000e+00	0.000000e+00	0.000000e+00	0.000000e+00	0.000000e+00	0.000000e+00	0.000000e+00	0.000000e+00	0.000000e+00	0.000000e+00	0.000000e+00	0.000000e+00	0.000000e+00	0.000000e+00	0.000000e+00	0.000000e+00	0.000000e+00	0.000000e+00	0.000000e+00	0.000000e+00	0.000000e+00	0.000000e+00	0.000000e+00	0.000000e+00	0.000000e+00	0.000000e+00	0.000000e+00	0.000000e+00	0.000000e+00	0.000000e+00	0.000000e+00	0.000000e+00	0.000000e+00	0.000000e+00	0.000000e+00	0.000000e+00	
1639.404492	1633.400381	1645.408604	227.935703	4.151246e-01	1.882606e-90	0.000000e+00	1.444304e-45	1.642246e-61	0.000000e+00	0.000000e+00	8.446310e-03	1.882606e-90	1.165490e-03	7.320408e-52	2.686959e-85	1.026773e-76	1.882606e-90	1.882606e-90	0.000000e+00	2.756152e-84	1.882606e-90	1.882606e-90	1.882606e-90	3.036585e-31	4.973570e-03	1.046981e-40	0.000000e+00	0.000000e+00	0.000000e+00	1.882606e-90	1.356522e-70	0.000000e+00	2.431913e-41	0.000000e+00	0.000000e+00	0.000000e+00	0.000000e+00	0.000000e+00	0.000000e+00	0.000000e+00	1.215947e-43	1.882606e-90	1.882606e-90	1.118388e-62	7.493212e-38	4.395881e-58	3.567786e-48	1.008367e-85	2.273437e-04	1.230757e-35	0.000000e+00	0.000000e+00	1.422784e-35	6.338619e-72	0.000000e+00	2.706350e-26	8.419294e-01	1.882606e-90	2.644383e-07	0.000000e+00	2.767926e-89	1.882606e-90	1.882606e-90	1.932703e-47	4.259959e-71	0.000000e+00	0.000000e+00	1.882606e-90	0.000000e+00	0.000000e+00	0.000000e+00	0.000000e+00	0.000000e+00	0.000000e+00	0.000000e+00	4.113178e-48	1.215303e-78	0.000000e+00	0.000000e+00	0.000000e+00	0.000000e+00	0.000000e+00	0.000000e+00	0.000000e+00	0.000000e+00	0.000000e+00	0.000000e+00	0.000000e+00	0.000000e+00	0.000000e+00	0.000000e+00	0.000000e+00	0.000000e+00	0.000000e+00	0.000000e+00	0.000000e+00	0.000000e+00	0.000000e+00	0.000000e+00	0.000000e+00	0.000000e+00	0.000000e+00	0.000000e+00	0.000000e+00	0.000000e+00	0.000000e+00	0.000000e+00	0.000000e+00	0.000000e+00	0.000000e+00	0.000000e+00	0.000000e+00	0.000000e+00	0.000000e+00	0.000000e+00	0.000000e+00	0.000000e+00	0.000000e+00	0.000000e+00	
1651.428694	1645.408604	1657.448784	228.541344	3.406721e-01	1.882681e-90	0.000000e+00	2.157602e-45	2.682309e-61	0.000000e+00	0.000000e+00	8.446936e-03	1.882681e-90	1.165078e-03	1.126016e-51	7.096620e-85	2.337138e-76	1.882681e-90	1.882681e-90	0.000000e+00	5.751397e-84	1.882681e-90	1.882681e-90	1.882681e-90	6.027604e-31	4.974275e-03	1.687523e-40	0.000000e+00	0.000000e+00	0.000000e+00	1.882681e-90	3.425575e-70	0.000000e+00	3.936280e-41	0.000000e+00	0.000000e+00	0.000000e+00	0.000000e+00	0.000000e+00	0.000000e+00	0.000000e+00	2.587112e-43	1.882681e-90	1.882681e-90	2.066658e-62	1.158343e-37	7.782239e-58	5.784453e-48	1.987197e-85	2.273504e-04	1.700346e-35	0.000000e+00	0.000000e+00	2.792450e-35	1.597284e-71	0.000000e+00	5.065446e-26	8.419226e-01	1.882681e-90	4.460675e-07	0.000000e+00	6.086854e-89	1.882681e-90	1.882681e-90	2.910203e-47	9.486376e-71	0.000000e+00	0.000000e+00	1.882681e-90	0.000000e+00	0.000000e+00	0.000000e+00	0.000000e+00	0.000000e+00	0.000000e+00	0.000000e+00	8.789345e-48	1.704558e-78	0.000000e+00	0.000000e+00	0.000000e+00	0.000000e+00	0.000000e+00	0.000000e+00	0.000000e+00	0.000000e+00	0.000000e+00	0.000000e+00	0.000000e+00	0.000000e+00	0.000000e+00	0.000000e+00	0.000000e+00	0.000000e+00	0.000000e+00	0.000000e+00	0.000000e+00	0.000000e+00	0.000000e+00	0.000000e+00	0.000000e+00	0.000000e+00	0.000000e+00	0.000000e+00	0.000000e+00	0.000000e+00	0.000000e+00	0.000000e+00	0.000000e+00	0.000000e+00	0.000000e+00	0.000000e+00	0.000000e+00	0.000000e+00	0.000000e+00	0.000000e+00	0.000000e+00	0.000000e+00	0.000000e+00	0.000000e+00	
1663.470709	1657.448784	1669.492633	228.610824	2.795726e-01	1.882753e-90	0.000000e+00	2.465590e-45	3.096656e-61	0.000000e+00	0.000000e+00	8.446996e-03	1.882753e-90	1.164672e-03	1.290666e-51	1.124828e-84	3.337721e-76	1.882753e-90	1.882753e-90	0.000000e+00	7.450913e-84	1.882753e-90	1.882753e-90	1.882753e-90	9.250991e-31	4.973574e-03	2.122864e-40	0.000000e+00	0.000000e+00	0.000000e+00	1.882753e-90	5.403416e-70	0.000000e+00	4.953360e-41	0.000000e+00	0.000000e+00	0.000000e+00	0.000000e+00	0.000000e+00	0.000000e+00	0.000000e+00	4.001046e-43	1.882753e-90	1.882753e-90	2.641366e-62	1.450659e-37	9.897758e-58	7.283302e-48	2.558613e-85	2.273675e-04	1.925913e-35	0.000000e+00	0.000000e+00	4.280564e-35	2.519478e-71	0.000000e+00	7.722248e-26	8.419181e-01	1.882753e-90	6.716770e-07	0.000000e+00	7.932886e-89	1.882753e-90	1.882753e-90	3.328133e-47	1.351584e-70	0.000000e+00	0.000000e+00	1.882753e-90	0.000000e+00	0.000000e+00	0.000000e+00	0.000000e+00	0.000000e+00	0.000000e+00	0.000000e+00	1.359978e-47	1.771985e-78	0.000000e+00	0.000000e+00	0.000000e+00	0.000000e+00	0.000000e+00	0.000000e+00	0.000000e+00	0.000000e+00	0.000000e+00	0.000000e+00	0.000000e+00	0.000000e+00	0.000000e+00	0.000000e+00	0.000000e+00	0.000000e+00	0.000000e+00	0.000000e+00	0.000000e+00	0.000000e+00	0.000000e+00	0.000000e+00	0.000000e+00	0.000000e+00	0.000000e+00	0.000000e+00	0.000000e+00	0.000000e+00	0.000000e+00	0.000000e+00	0.000000e+00	0.000000e+00	0.000000e+00	0.000000e+00	0.000000e+00	0.000000e+00	0.000000e+00	0.000000e+00	0.000000e+00	0.000000e+00	0.000000e+00	0.000000e+00	
1675.502114	1669.492633	1681.511596	228.137599	2.294313e-01	1.882629e-90	0.000000e+00	2.149311e-45	2.517989e-61	0.000000e+00	0.000000e+00	8.447146e-03	1.882629e-90	1.164184e-03	1.098957e-51	1.064121e-84	2.976093e-76	1.882629e-90	1.882629e-90	0.000000e+00	5.962695e-84	1.882629e-90	1.882629e-90	1.882629e-90	1.095445e-30	4.974047e-03	2.080080e-40	0.000000e+00	0.000000e+00	0.000000e+00	1.882629e-90	5.303139e-70	0.000000e+00	4.838244e-41	0.000000e+00	0.000000e+00	0.000000e+00	0.000000e+00	0.000000e+00	0.000000e+00	0.000000e+00	4.484529e-43	1.882629e-90	1.882629e-90	2.325387e-62	1.467826e-37	9.010782e-58	7.102149e-48	2.142615e-85	2.273397e-04	1.784285e-35	0.000000e+00	0.000000e+00	5.113159e-35	2.476067e-71	0.000000e+00	9.574036e-26	8.419276e-01	1.882629e-90	9.015712e-07	0.000000e+00	6.093501e-89	1.882629e-90	1.882629e-90	2.883879e-47	1.227034e-70	0.000000e+00	0.000000e+00	1.882629e-90	0.000000e+00	0.000000e+00	0.000000e+00	0.000000e+00	0.000000e+00	0.000000e+00	0.000000e+00	1.519278e-47	1.360995e-78	0.000000e+00	0.000000e+00	0.000000e+00	0.000000e+00	0.000000e+00	0.000000e+00	0.000000e+00	0.000000e+00	0.000000e+00	0.000000e+00	0.000000e+00	0.000000e+00	0.000000e+00	0.000000e+00	0.000000e+00	0.000000e+00	0.000000e+00	0.000000e+00	0.000000e+00	0.000000e+00	0.000000e+00	0.000000e+00	0.000000e+00	0.000000e+00	0.000000e+00	0.000000e+00	0.000000e+00	0.000000e+00	0.000000e+00	0.000000e+00	0.000000e+00	0.000000e+00	0.000000e+00	0.000000e+00	0.000000e+00	0.000000e+00	0.000000e+00	0.000000e+00	0.000000e+00	0.000000e+00	0.000000e+00	0.000000e+00	
1687.495245	1681.511596	1693.478894	227.154346	1.882829e-01	1.882603e-90	0.000000e+00	1.448156e-45	1.466607e-61	0.000000e+00	0.000000e+00	8.445919e-03	1.882603e-90	1.163838e-03	7.053319e-52	6.164263e-85	1.695463e-76	1.882603e-90	1.882603e-90	0.000000e+00	3.017829e-84	1.882603e-90	1.882603e-90	1.882603e-90	1.013147e-30	4.973626e-03	1.606226e-40	0.000000e+00	0.000000e+00	0.000000e+00	1.882603e-90	3.311983e-70	0.000000e+00	3.711189e-41	0.000000e+00	0.000000e+00	0.000000e+00	0.000000e+00	0.000000e+00	0.000000e+00	0.000000e+00	3.700410e-43	1.882603e-90	1.882603e-90	1.436397e-62	1.213293e-37	5.969378e-58	5.431448e-48	1.191733e-85	2.273350e-04	1.365816e-35	0.000000e+00	0.000000e+00	4.817593e-35	1.551477e-71	0.000000e+00	9.746536e-26	8.419311e-01	1.882603e-90	1.085489e-06	0.000000e+00	2.831046e-89	1.882603e-90	1.882603e-90	1.918401e-47	7.252188e-71	0.000000e+00	0.000000e+00	1.882603e-90	0.000000e+00	0.000000e+00	0.000000e+00	0.000000e+00	0.000000e+00	0.000000e+00	0.000000e+00	1.244871e-47	7.838137e-79	0.000000e+00	0.000000e+00	0.000000e+00	0.000000e+00	0.000000e+00	0.000000e+00	0.000000e+00	0.000000e+00	0.000000e+00	0.000000e+00	0.000000e+00	0.000000e+00	0.000000e+00	0.000000e+00	0.000000e+00	0.000000e+00	0.000000e+00	0.000000e+00	0.000000e+00	0.000000e+00	0.000000e+00	0.000000e+00	0.000000e+00	0.000000e+00	0.000000e+00	0.000000e+00	0.000000e+00	0.000000e+00	0.000000e+00	0.000000e+00	0.000000e+00	0.000000e+00	0.000000e+00	0.000000e+00	0.000000e+00	0.000000e+00	0.000000e+00	0.000000e+00	0.000000e+00	0.000000e+00	0.000000e+00	0.000000e+00	
1699.425282	1693.478894	1705.371671	225.741100	1.545144e-01	1.882694e-90	0.000000e+00	7.804650e-46	6.399648e-62	0.000000e+00	0.000000e+00	8.447541e-03	1.882694e-90	1.163543e-03	3.542752e-52	2.335896e-85	6.554412e-77	1.882694e-90	1.882694e-90	0.000000e+00	1.027280e-84	1.882694e-90	1.882694e-90	1.882694e-90	7.571591e-31	4.973854e-03	1.009911e-40	0.000000e+00	0.000000e+00	0.000000e+00	1.882694e-90	1.399088e-70	0.000000e+00	2.310422e-41	0.000000e+00	0.000000e+00	0.000000e+00	0.000000e+00	0.000000e+00	0.000000e+00	0.000000e+00	2.342717e-43	1.882694e-90	1.882694e-90	6.525772e-63	8.416771e-38	3.003603e-58	3.368913e-48	4.657694e-86	2.273395e-04	8.860019e-36	0.000000e+00	0.000000e+00	3.699590e-35	6.583591e-72	0.000000e+00	8.378149e-26	8.419225e-01	1.882694e-90	1.189705e-06	0.000000e+00	8.505495e-90	1.882694e-90	1.882694e-90	1.015068e-47	2.957372e-71	0.000000e+00	0.000000e+00	1.882694e-90	0.000000e+00	0.000000e+00	0.000000e+00	0.000000e+00	0.000000e+00	0.000000e+00	0.000000e+00	7.806035e-48	3.526207e-79	0.000000e+00	0.000000e+00	0.000000e+00	0.000000e+00	0.000000e+00	0.000000e+00	0.000000e+00	0.000000e+00	0.000000e+00	0.000000e+00	0.000000e+00	0.000000e+00	0.000000e+00	0.000000e+00	0.000000e+00	0.000000e+00	0.000000e+00	0.000000e+00	0.000000e+00	0.000000e+00	0.000000e+00	0.000000e+00	0.000000e+00	0.000000e+00	0.000000e+00	0.000000e+00	0.000000e+00	0.000000e+00	0.000000e+00	0.000000e+00	0.000000e+00	0.000000e+00	0.000000e+00	0.000000e+00	0.000000e+00	0.000000e+00	0.000000e+00	0.000000e+00	0.000000e+00	0.000000e+00	0.000000e+00	0.000000e+00	
1711.272335	1705.371671	1717.172999	224.004808	1.268022e-01	1.882619e-90	0.000000e+00	3.527287e-46	2.222585e-62	0.000000e+00	0.000000e+00	8.446713e-03	1.882619e-90	1.163481e-03	1.466854e-52	6.335975e-86	1.866052e-77	1.882619e-90	1.882619e-90	0.000000e+00	2.557153e-85	1.882619e-90	1.882619e-90	1.882619e-90	4.781336e-31	4.973776e-03	5.397147e-41	0.000000e+00	0.000000e+00	0.000000e+00	1.882619e-90	4.342407e-71	0.000000e+00	1.220004e-41	0.000000e+00	0.000000e+00	0.000000e+00	0.000000e+00	0.000000e+00	0.000000e+00	0.000000e+00	1.204014e-43	1.882619e-90	1.882619e-90	2.326789e-63	5.085040e-38	1.215988e-58	1.770036e-48	1.376576e-86	2.273320e-04	5.043824e-36	0.000000e+00	0.000000e+00	2.417228e-35	2.054447e-72	0.000000e+00	6.297894e-26	8.419288e-01	1.882619e-90	1.211748e-06	0.000000e+00	1.882619e-90	1.882619e-90	1.882619e-90	4.483378e-48	8.995760e-72	0.000000e+00	0.000000e+00	1.882619e-90	0.000000e+00	0.000000e+00	0.000000e+00	0.000000e+00	0.000000e+00	0.000000e+00	0.000000e+00	3.963955e-48	1.303779e-79	0.000000e+00	0.000000e+00	0.000000e+00	0.000000e+00	0.000000e+00	0.000000e+00	0.000000e+00	0.000000e+00	0.000000e+00	0.000000e+00	0.000000e+00	0.000000e+00	0.000000e+00	0.000000e+00	0.000000e+00	0.000000e+00	0.000000e+00	0.000000e+00	0.000000e+00	0.000000e+00	0.000000e+00	0.000000e+00	0.000000e+00	0.000000e+00	0.000000e+00	0.000000e+00	0.000000e+00	0.000000e+00	0.000000e+00	0.000000e+00	0.000000e+00	0.000000e+00	0.000000e+00	0.000000e+00	0.000000e+00	0.000000e+00	0.000000e+00	0.000000e+00	0.000000e+00	0.000000e+00	0.000000e+00	0.000000e+00	
1723.022155	1717.172999	1728.871310	222.049518	1.040603e-01	1.882752e-90	0.000000e+00	1.401136e-46	6.531918e-63	0.000000e+00	0.000000e+00	8.447190e-03	1.882752e-90	1.163689e-03	5.271564e-53	1.346790e-86	4.248932e-78	1.882752e-90	1.882752e-90	0.000000e+00	5.064047e-86	1.882752e-90	1.882752e-90	1.882752e-90	2.671273e-31	4.973802e-03	2.562325e-41	0.000000e+00	0.000000e+00	0.000000e+00	1.882752e-90	1.075928e-71	0.000000e+00	5.712703e-42	0.000000e+00	0.000000e+00	0.000000e+00	0.000000e+00	0.000000e+00	0.000000e+00	0.000000e+00	5.314775e-44	1.882752e-90	1.882752e-90	6.948055e-64	2.778106e-38	4.200936e-59	8.247179e-49	3.322054e-87	2.273674e-04	2.609856e-36	0.000000e+00	0.000000e+00	1.405058e-35	5.121167e-73	0.000000e+00	4.297828e-26	8.419180e-01	1.882752e-90	1.170613e-06	0.000000e+00	1.882752e-90	1.882752e-90	1.882752e-90	1.734813e-48	2.209016e-72	0.000000e+00	0.000000e+00	1.882752e-90	0.000000e+00	0.000000e+00	0.000000e+00	0.000000e+00	0.000000e+00	0.000000e+00	0.000000e+00	1.726923e-48	4.187237e-80	0.000000e+00	0.000000e+00	0.000000e+00	0.000000e+00	0.000000e+00	0.000000e+00	0.000000e+00	0.000000e+00	0.000000e+00	0.000000e+00	0.000000e+00	0.000000e+00	0.000000e+00	0.000000e+00	0.000000e+00	0.000000e+00	0.000000e+00	0.000000e+00	0.000000e+00	0.000000e+00	0.000000e+00	0.000000e+00	0.000000e+00	0.000000e+00	0.000000e+00	0.000000e+00	0.000000e+00	0.000000e+00	0.000000e+00	0.000000e+00	0.000000e+00	0.000000e+00	0.000000e+00	0.000000e+00	0.000000e+00	0.000000e+00	0.000000e+00	0.000000e+00	0.000000e+00	0.000000e+00	0.000000e+00	0.000000e+00	
1734.665791	1728.871310	1740.460272	219.974729	8.539710e-02	1.882677e-90	0.000000e+00	5.127772e-47	1.725981e-63	0.000000e+00	0.000000e+00	8.446490e-03	1.882677e-90	1.163870e-03	1.731074e-53	2.452192e-87	8.393271e-79	1.882677e-90	1.882677e-90	0.000000e+00	8.670521e-87	1.882677e-90	1.882677e-90	1.882677e-90	1.380873e-31	4.973587e-03	1.128311e-41	0.000000e+00	0.000000e+00	0.000000e+00	1.882677e-90	2.311146e-72	0.000000e+00	2.478868e-42	0.000000e+00	0.000000e+00	0.000000e+00	0.000000e+00	0.000000e+00	0.000000e+00	0.000000e+00	2.130511e-44	1.882677e-90	1.882677e-90	1.853079e-64	1.423036e-38	1.311616e-59	3.559009e-49	7.045865e-88	2.273513e-04	1.270510e-36	0.000000e+00	0.000000e+00	7.582491e-36	1.106613e-73	0.000000e+00	2.758550e-26	8.419243e-01	1.882677e-90	1.093758e-06	0.000000e+00	1.882677e-90	1.882677e-90	1.882677e-90	6.171258e-49	4.734607e-73	0.000000e+00	0.000000e+00	1.882677e-90	0.000000e+00	0.000000e+00	0.000000e+00	0.000000e+00	0.000000e+00	0.000000e+00	0.000000e+00	6.827197e-49	1.229500e-80	0.000000e+00	0.000000e+00	0.000000e+00	0.000000e+00	0.000000e+00	0.000000e+00	0.000000e+00	0.000000e+00	0.000000e+00	0.000000e+00	0.000000e+00	0.000000e+00	0.000000e+00	0.000000e+00	0.000000e+00	0.000000e+00	0.000000e+00	0.000000e+00	0.000000e+00	0.000000e+00	0.000000e+00	0.000000e+00	0.000000e+00	0.000000e+00	0.000000e+00	0.000000e+00	0.000000e+00	0.000000e+00	0.000000e+00	0.000000e+00	0.000000e+00	0.000000e+00	0.000000e+00	0.000000e+00	0.000000e+00	0.000000e+00	0.000000e+00	0.000000e+00	0.000000e+00	0.000000e+00	0.000000e+00	0.000000e+00	
1746.199649	1740.460272	1751.939026	217.882113	7.008115e-02	1.882662e-90	0.000000e+00	1.820491e-47	4.384791e-64	0.000000e+00	0.000000e+00	8.446343e-03	1.882662e-90	1.163965e-03	5.496637e-54	4.220615e-88	1.573834e-79	1.882662e-90	1.882662e-90	0.000000e+00	1.407186e-87	1.882662e-90	1.882662e-90	1.882662e-90	6.942682e-32	4.973668e-03	4.835158e-42	0.000000e+00	0.000000e+00	0.000000e+00	1.882662e-90	4.713148e-73	0.000000e+00	1.046461e-42	0.000000e+00	0.000000e+00	0.000000e+00	0.000000e+00	0.000000e+00	0.000000e+00	0.000000e+00	8.248188e-45	1.882662e-90	1.882662e-90	4.740588e-65	7.122016e-39	3.946518e-60	1.494638e-49	1.426952e-88	2.273521e-04	6.047809e-37	0.000000e+00	0.000000e+00	3.986968e-36	2.269658e-74	0.000000e+00	1.733418e-26	8.419259e-01	1.882662e-90	1.010285e-06	0.000000e+00	1.882662e-90	1.882662e-90	1.882662e-90	2.128166e-49	9.655715e-74	0.000000e+00	0.000000e+00	1.882662e-90	0.000000e+00	0.000000e+00	0.000000e+00	0.000000e+00	0.000000e+00	0.000000e+00	0.000000e+00	2.607240e-49	3.500696e-81	0.000000e+00	0.000000e+00	0.000000e+00	0.000000e+00	0.000000e+00	0.000000e+00	0.000000e+00	0.000000e+00	0.000000e+00	0.000000e+00	0.000000e+00	0.000000e+00	0.000000e+00	0.000000e+00	0.000000e+00	0.000000e+00	0.000000e+00	0.000000e+00	0.000000e+00	0.000000e+00	0.000000e+00	0.000000e+00	0.000000e+00	0.000000e+00	0.000000e+00	0.000000e+00	0.000000e+00	0.000000e+00	0.000000e+00	0.000000e+00	0.000000e+00	0.000000e+00	0.000000e+00	0.000000e+00	0.000000e+00	0.000000e+00	0.000000e+00	0.000000e+00	0.000000e+00	0.000000e+00	0.000000e+00	0.000000e+00	
1757.625316	1751.939026	1763.311605	215.867174	5.751211e-02	1.882639e-90	0.000000e+00	6.605108e-48	1.145610e-64	0.000000e+00	0.000000e+00	8.446073e-03	1.882639e-90	1.164017e-03	1.787083e-54	7.580691e-89	3.066328e-80	1.882639e-90	1.882639e-90	0.000000e+00	2.374604e-88	1.882639e-90	1.882639e-90	1.882639e-90	3.567263e-32	4.973676e-03	2.115138e-42	0.000000e+00	0.000000e+00	0.000000e+00	1.882639e-90	9.993866e-74	0.000000e+00	4.511412e-43	0.000000e+00	0.000000e+00	0.000000e+00	0.000000e+00	0.000000e+00	0.000000e+00	0.000000e+00	3.279983e-45	1.882639e-90	1.882639e-90	1.249538e-65	3.627026e-39	1.220018e-60	6.412692e-50	2.995417e-89	2.273468e-04	2.925504e-37	0.000000e+00	0.000000e+00	2.141633e-36	4.837639e-75	0.000000e+00	1.108993e-26	8.419282e-01	1.882639e-90	9.428637e-07	0.000000e+00	1.882639e-90	1.882639e-90	1.882639e-90	7.504365e-50	2.042829e-74	0.000000e+00	0.000000e+00	1.882639e-90	0.000000e+00	0.000000e+00	0.000000e+00	0.000000e+00	0.000000e+00	0.000000e+00	0.000000e+00	1.023501e-49	1.023483e-81	0.000000e+00	0.000000e+00	0.000000e+00	0.000000e+00	0.000000e+00	0.000000e+00	0.000000e+00	0.000000e+00	0.000000e+00	0.000000e+00	0.000000e+00	0.000000e+00	0.000000e+00	0.000000e+00	0.000000e+00	0.000000e+00	0.000000e+00	0.000000e+00	0.000000e+00	0.000000e+00	0.000000e+00	0.000000e+00	0.000000e+00	0.000000e+00	0.000000e+00	0.000000e+00	0.000000e+00	0.000000e+00	0.000000e+00	0.000000e+00	0.000000e+00	0.000000e+00	0.000000e+00	0.000000e+00	0.000000e+00	0.000000e+00	0.000000e+00	0.000000e+00	0.000000e+00	0.000000e+00	0.000000e+00	0.000000e+00	
1768.948580	1763.311605	1774.585555	213.994459	4.719732e-02	1.882677e-90	0.000000e+00	2.544954e-48	3.235626e-65	0.000000e+00	0.000000e+00	8.446730e-03	1.882677e-90	1.164181e-03	6.206550e-55	1.528777e-89	6.636982e-81	1.882677e-90	1.882677e-90	0.000000e+00	4.461683e-89	1.882677e-90	1.882677e-90	1.882677e-90	1.943194e-32	4.973604e-03	9.786009e-43	0.000000e+00	0.000000e+00	0.000000e+00	1.882677e-90	2.356363e-74	0.000000e+00	2.058610e-43	0.000000e+00	0.000000e+00	0.000000e+00	0.000000e+00	0.000000e+00	0.000000e+00	0.000000e+00	1.402177e-45	1.882677e-90	1.882677e-90	3.577815e-66	1.937150e-39	4.063403e-61	2.914598e-50	6.927248e-90	2.273443e-04	1.479697e-37	0.000000e+00	0.000000e+00	1.217273e-36	1.145832e-75	0.000000e+00	7.437786e-27	8.419245e-01	1.882677e-90	9.036143e-07	0.000000e+00	1.882677e-90	1.882677e-90	1.882677e-90	2.814526e-50	4.779605e-75	0.000000e+00	0.000000e+00	1.882677e-90	0.000000e+00	0.000000e+00	0.000000e+00	0.000000e+00	0.000000e+00	0.000000e+00	0.000000e+00	4.324849e-50	3.206727e-82	0.000000e+00	0.000000e+00	0.000000e+00	0.000000e+00	0.000000e+00	0.000000e+00	0.000000e+00	0.000000e+00	0.000000e+00	0.000000e+00	0.000000e+00	0.000000e+00	0.000000e+00	0.000000e+00	0.000000e+00	0.000000e+00	0.000000e+00	0.000000e+00	0.000000e+00	0.000000e+00	0.000000e+00	0.000000e+00	0.000000e+00	0.000000e+00	0.000000e+00	0.000000e+00	0.000000e+00	0.000000e+00	0.000000e+00	0.000000e+00	0.000000e+00	0.000000e+00	0.000000e+00	0.000000e+00	0.000000e+00	0.000000e+00	0.000000e+00	0.000000e+00	0.000000e+00	0.000000e+00	0.000000e+00	0.000000e+00	
1780.177611	1774.585555	1785.769668	212.289074	3.873249e-02	1.882777e-90	0.000000e+00	1.060337e-48	1.011181e-65	0.000000e+00	0.000000e+00	8.447084e-03	1.882777e-90	1.164282e-03	2.348510e-55	3.579894e-90	1.646148e-81	1.882777e-90	1.882777e-90	0.000000e+00	9.635254e-90	1.882777e-90	1.882777e-90	1.882777e-90	1.141478e-32	4.974192e-03	4.868428e-43	0.000000e+00	0.000000e+00	0.000000e+00	1.882777e-90	6.376946e-75	0.000000e+00	1.011362e-43	0.000000e+00	0.000000e+00	0.000000e+00	0.000000e+00	0.000000e+00	0.000000e+00	0.000000e+00	6.581883e-46	1.882777e-90	1.882777e-90	1.140969e-66	1.100592e-39	1.490765e-61	1.426701e-50	1.882777e-90	2.273621e-04	7.931789e-38	0.000000e+00	0.000000e+00	7.441258e-37	3.112897e-76	0.000000e+00	5.298935e-27	8.419160e-01	1.882777e-90	8.955173e-07	0.000000e+00	1.882777e-90	1.882777e-90	1.882777e-90	1.143927e-50	1.274282e-75	0.000000e+00	0.000000e+00	1.882777e-90	0.000000e+00	0.000000e+00	0.000000e+00	0.000000e+00	0.000000e+00	0.000000e+00	0.000000e+00	2.009144e-50	1.097371e-82	0.000000e+00	0.000000e+00	0.000000e+00	0.000000e+00	0.000000e+00	0.000000e+00	0.000000e+00	0.000000e+00	0.000000e+00	0.000000e+00	0.000000e+00	0.000000e+00	0.000000e+00	0.000000e+00	0.000000e+00	0.000000e+00	0.000000e+00	0.000000e+00	0.000000e+00	0.000000e+00	0.000000e+00	0.000000e+00	0.000000e+00	0.000000e+00	0.000000e+00	0.000000e+00	0.000000e+00	0.000000e+00	0.000000e+00	0.000000e+00	0.000000e+00	0.000000e+00	0.000000e+00	0.000000e+00	0.000000e+00	0.000000e+00	0.000000e+00	0.000000e+00	0.000000e+00	0.000000e+00	0.000000e+00	0.000000e+00	
1791.321226	1785.769668	1796.872783	210.748548	3.178583e-02	1.882671e-90	0.000000e+00	4.790142e-49	3.508360e-66	0.000000e+00	0.000000e+00	8.445947e-03	1.882671e-90	1.164144e-03	9.709585e-56	1.882671e-90	4.698287e-82	1.882671e-90	1.882671e-90	0.000000e+00	2.402028e-90	1.882671e-90	1.882671e-90	1.882671e-90	7.244604e-33	4.974155e-03	2.609268e-43	0.000000e+00	0.000000e+00	0.000000e+00	1.882671e-90	1.988613e-75	0.000000e+00	5.359152e-44	0.000000e+00	0.000000e+00	0.000000e+00	0.000000e+00	0.000000e+00	0.000000e+00	0.000000e+00	3.400920e-46	1.882671e-90	1.882671e-90	4.066650e-67	6.662599e-40	6.041986e-62	7.534920e-51	1.882671e-90	2.273593e-04	4.514190e-38	0.000000e+00	0.000000e+00	4.899670e-37	9.739394e-77	0.000000e+00	4.014600e-27	8.419251e-01	1.882671e-90	9.182020e-07	0.000000e+00	1.882671e-90	1.882671e-90	1.882671e-90	5.050956e-51	3.886376e-76	0.000000e+00	0.000000e+00	1.882671e-90	0.000000e+00	0.000000e+00	0.000000e+00	0.000000e+00	0.000000e+00	0.000000e+00	0.000000e+00	1.028467e-50	4.108391e-83	0.000000e+00	0.000000e+00	0.000000e+00	0.000000e+00	0.000000e+00	0.000000e+00	0.000000e+00	0.000000e+00	0.000000e+00	0.000000e+00	0.000000e+00	0.000000e+00	0.000000e+00	0.000000e+00	0.000000e+00	0.000000e+00	0.000000e+00	0.000000e+00	0.000000e+00	0.000000e+00	0.000000e+00	0.000000e+00	0.000000e+00	0.000000e+00	0.000000e+00	0.000000e+00	0.000000e+00	0.000000e+00	0.000000e+00	0.000000e+00	0.000000e+00	0.000000e+00	0.000000e+00	0.000000e+00	0.000000e+00	0.000000e+00	0.000000e+00	0.000000e+00	0.000000e+00	0.000000e+00	0.000000e+00	0.000000e+00	
1802.387461	1796.872783	1807.902138	209.350423	2.608505e-02	1.882676e-90	0.000000e+00	2.324202e-49	1.335408e-66	0.000000e+00	0.000000e+00	8.446132e-03	1.882676e-90	1.164034e-03	4.341846e-56	1.882676e-90	1.518730e-82	1.882676e-90	1.882676e-90	0.000000e+00	1.882676e-90	1.882676e-90	1.882676e-90	1.882676e-90	4.924791e-33	4.973840e-03	1.494076e-43	0.000000e+00	0.000000e+00	0.000000e+00	1.882676e-90	7.029085e-76	0.000000e+00	3.036298e-44	0.000000e+00	0.000000e+00	0.000000e+00	0.000000e+00	0.000000e+00	0.000000e+00	0.000000e+00	1.913258e-46	1.882676e-90	1.882676e-90	1.599095e-67	4.266005e-40	2.674850e-62	4.258304e-51	1.882676e-90	2.273440e-04	2.708764e-38	0.000000e+00	0.000000e+00	3.446206e-37	3.452198e-77	0.000000e+00	3.213445e-27	8.419256e-01	1.882676e-90	9.705499e-07	0.000000e+00	1.882676e-90	1.882676e-90	1.882676e-90	2.399658e-51	1.335250e-76	0.000000e+00	0.000000e+00	1.882676e-90	0.000000e+00	0.000000e+00	0.000000e+00	0.000000e+00	0.000000e+00	0.000000e+00	0.000000e+00	5.738786e-51	1.667116e-83	0.000000e+00	0.000000e+00	0.000000e+00	0.000000e+00	0.000000e+00	0.000000e+00	0.000000e+00	0.000000e+00	0.000000e+00	0.000000e+00	0.000000e+00	0.000000e+00	0.000000e+00	0.000000e+00	0.000000e+00	0.000000e+00	0.000000e+00	0.000000e+00	0.000000e+00	0.000000e+00	0.000000e+00	0.000000e+00	0.000000e+00	0.000000e+00	0.000000e+00	0.000000e+00	0.000000e+00	0.000000e+00	0.000000e+00	0.000000e+00	0.000000e+00	0.000000e+00	0.000000e+00	0.000000e+00	0.000000e+00	0.000000e+00	0.000000e+00	0.000000e+00	0.000000e+00	0.000000e+00	0.000000e+00	0.000000e+00	
1813.382831	1807.902138	1818.863524	208.060240	2.140670e-02	1.882654e-90	0.000000e+00	1.190118e-49	5.450118e-67	0.000000e+00	0.000000e+00	8.446324e-03	1.882654e-90	1.163857e-03	2.059660e-56	1.882654e-90	5.391410e-83	1.882654e-90	1.882654e-90	0.000000e+00	1.882654e-90	1.882654e-90	1.882654e-90	1.882654e-90	3.525376e-33	4.973413e-03	8.991671e-44	0.000000e+00	0.000000e+00	0.000000e+00	1.882654e-90	2.730788e-76	0.000000e+00	1.809337e-44	0.000000e+00	0.000000e+00	0.000000e+00	0.000000e+00	0.000000e+00	0.000000e+00	0.000000e+00	1.147549e-46	1.882654e-90	1.882654e-90	6.772552e-68	2.850368e-40	1.265748e-62	2.532438e-51	1.882654e-90	2.273553e-04	1.691834e-38	0.000000e+00	0.000000e+00	2.547696e-37	1.344603e-77	0.000000e+00	2.680455e-27	8.419268e-01	1.882654e-90	1.049537e-06	0.000000e+00	1.882654e-90	1.882654e-90	1.882654e-90	1.204782e-51	5.018164e-77	0.000000e+00	0.000000e+00	1.882654e-90	0.000000e+00	0.000000e+00	0.000000e+00	0.000000e+00	0.000000e+00	0.000000e+00	0.000000e+00	3.416747e-51	7.186394e-84	0.000000e+00	0.000000e+00	0.000000e+00	0.000000e+00	0.000000e+00	0.000000e+00	0.000000e+00	0.000000e+00	0.000000e+00	0.000000e+00	0.000000e+00	0.000000e+00	0.000000e+00	0.000000e+00	0.000000e+00	0.000000e+00	0.000000e+00	0.000000e+00	0.000000e+00	0.000000e+00	0.000000e+00	0.000000e+00	0.000000e+00	0.000000e+00	0.000000e+00	0.000000e+00	0.000000e+00	0.000000e+00	0.000000e+00	0.000000e+00	0.000000e+00	0.000000e+00	0.000000e+00	0.000000e+00	0.000000e+00	0.000000e+00	0.000000e+00	0.000000e+00	0.000000e+00	0.000000e+00	0.000000e+00	0.000000e+00	
1824.312101	1818.863524	1829.760678	206.840787	1.756741e-02	1.882627e-90	0.000000e+00	6.301510e-50	2.322840e-67	0.000000e+00	0.000000e+00	8.446585e-03	1.882627e-90	1.163594e-03	1.013520e-56	1.882627e-90	2.028734e-83	1.882627e-90	1.882627e-90	0.000000e+00	1.882627e-90	1.882627e-90	1.882627e-90	1.882627e-90	2.606750e-33	4.973794e-03	5.582793e-44	0.000000e+00	0.000000e+00	0.000000e+00	1.882627e-90	1.125607e-76	0.000000e+00	1.113043e-44	0.000000e+00	0.000000e+00	0.000000e+00	0.000000e+00	0.000000e+00	0.000000e+00	0.000000e+00	7.164275e-47	1.882627e-90	1.882627e-90	3.003182e-68	1.954899e-40	6.241722e-63	1.554445e-51	1.882627e-90	2.273372e-04	1.083098e-38	0.000000e+00	0.000000e+00	1.942957e-37	5.553303e-78	0.000000e+00	2.294738e-27	8.419287e-01	1.882627e-90	1.151220e-06	0.000000e+00	1.882627e-90	1.882627e-90	1.882627e-90	6.261115e-52	1.994593e-77	0.000000e+00	0.000000e+00	1.882627e-90	0.000000e+00	0.000000e+00	0.000000e+00	0.000000e+00	0.000000e+00	0.000000e+00	0.000000e+00	2.118612e-51	3.216825e-84	0.000000e+00	0.000000e+00	0.000000e+00	0.000000e+00	0.000000e+00	0.000000e+00	0.000000e+00	0.000000e+00	0.000000e+00	0.000000e+00	0.000000e+00	0.000000e+00	0.000000e+00	0.000000e+00	0.000000e+00	0.000000e+00	0.000000e+00	0.000000e+00	0.000000e+00	0.000000e+00	0.000000e+00	0.000000e+00	0.000000e+00	0.000000e+00	0.000000e+00	0.000000e+00	0.000000e+00	0.000000e+00	0.000000e+00	0.000000e+00	0.000000e+00	0.000000e+00	0.000000e+00	0.000000e+00	0.000000e+00	0.000000e+00	0.000000e+00	0.000000e+00	0.000000e+00	0.000000e+00	0.000000e+00	0.000000e+00	
1835.178185	1829.760678	1840.595692	205.661564	1.441670e-02	1.882659e-90	0.000000e+00	3.390784e-50	1.010780e-67	0.000000e+00	0.000000e+00	8.446205e-03	1.882659e-90	1.163483e-03	5.076819e-57	1.882659e-90	7.852972e-84	1.882659e-90	1.882659e-90	0.000000e+00	1.882659e-90	1.882659e-90	1.882659e-90	1.882659e-90	1.957500e-33	4.972955e-03	3.517801e-44	0.000000e+00	0.000000e+00	0.000000e+00	1.882659e-90	4.771871e-77	0.000000e+00	6.949411e-45	0.000000e+00	0.000000e+00	0.000000e+00	0.000000e+00	0.000000e+00	0.000000e+00	0.000000e+00	4.560346e-47	1.882659e-90	1.882659e-90	1.361792e-68	1.358388e-40	3.140289e-63	9.690425e-52	1.882659e-90	2.273489e-04	7.018249e-39	0.000000e+00	0.000000e+00	1.504332e-37	2.359284e-78	0.000000e+00	1.989006e-27	8.419273e-01	1.882659e-90	1.272243e-06	0.000000e+00	1.882659e-90	1.882659e-90	1.882659e-90	3.307304e-52	8.142720e-78	0.000000e+00	0.000000e+00	1.882659e-90	0.000000e+00	0.000000e+00	0.000000e+00	0.000000e+00	0.000000e+00	0.000000e+00	0.000000e+00	1.339808e-51	1.466873e-84	0.000000e+00	0.000000e+00	0.000000e+00	0.000000e+00	0.000000e+00	0.000000e+00	0.000000e+00	0.000000e+00	0.000000e+00	0.000000e+00	0.000000e+00	0.000000e+00	0.000000e+00	0.000000e+00	0.000000e+00	0.000000e+00	0.000000e+00	0.000000e+00	0.000000e+00	0.000000e+00	0.000000e+00	0.000000e+00	0.000000e+00	0.000000e+00	0.000000e+00	0.000000e+00	0.000000e+00	0.000000e+00	0.000000e+00	0.000000e+00	0.000000e+00	0.000000e+00	0.000000e+00	0.000000e+00	0.000000e+00	0.000000e+00	0.000000e+00	0.000000e+00	0.000000e+00	0.000000e+00	0.000000e+00	0.000000e+00	
1845.982776	1840.595692	1851.369859	204.506191	1.183107e-02	1.882783e-90	0.000000e+00	1.836736e-50	4.437061e-68	0.000000e+00	0.000000e+00	8.447077e-03	1.882783e-90	1.163220e-03	2.561216e-57	1.882783e-90	3.076050e-84	1.882783e-90	1.882783e-90	0.000000e+00	1.882783e-90	1.882783e-90	1.882783e-90	1.882783e-90	1.480670e-33	4.973712e-03	2.231894e-44	0.000000e+00	0.000000e+00	0.000000e+00	1.882783e-90	2.048897e-77	0.000000e+00	4.370171e-45	0.000000e+00	0.000000e+00	0.000000e+00	0.000000e+00	0.000000e+00	0.000000e+00	0.000000e+00	2.927771e-47	1.882783e-90	1.882783e-90	6.232355e-69	9.491033e-41	1.593485e-63	6.083668e-52	1.882783e-90	2.273706e-04	4.570441e-39	0.000000e+00	0.000000e+00	1.173195e-37	1.014701e-78	0.000000e+00	1.734917e-27	8.419168e-01	1.882783e-90	1.410308e-06	0.000000e+00	1.882783e-90	1.882783e-90	1.882783e-90	1.759585e-52	3.363714e-78	0.000000e+00	0.000000e+00	1.882783e-90	0.000000e+00	0.000000e+00	0.000000e+00	0.000000e+00	0.000000e+00	0.000000e+00	0.000000e+00	8.549378e-52	6.749324e-85	0.000000e+00	0.000000e+00	0.000000e+00	0.000000e+00	0.000000e+00	0.000000e+00	0.000000e+00	0.000000e+00	0.000000e+00	0.000000e+00	0.000000e+00	0.000000e+00	0.000000e+00	0.000000e+00	0.000000e+00	0.000000e+00	0.000000e+00	0.000000e+00	0.000000e+00	0.000000e+00	0.000000e+00	0.000000e+00	0.000000e+00	0.000000e+00	0.000000e+00	0.000000e+00	0.000000e+00	0.000000e+00	0.000000e+00	0.000000e+00	0.000000e+00	0.000000e+00	0.000000e+00	0.000000e+00	0.000000e+00	0.000000e+00	0.000000e+00	0.000000e+00	0.000000e+00	0.000000e+00	0.000000e+00	0.000000e+00	
1856.727114	1851.369859	1862.084368	203.374120	9.709169e-03	1.882713e-90	0.000000e+00	1.001598e-50	1.964276e-68	0.000000e+00	0.000000e+00	8.446653e-03	1.882713e-90	1.162830e-03	1.301377e-57	1.882713e-90	1.218839e-84	1.882713e-90	1.882713e-90	0.000000e+00	1.882713e-90	1.882713e-90	1.882713e-90	1.882713e-90	1.127147e-33	4.973724e-03	1.424599e-44	0.000000e+00	0.000000e+00	0.000000e+00	1.882713e-90	8.900694e-78	0.000000e+00	2.765177e-45	0.000000e+00	0.000000e+00	0.000000e+00	0.000000e+00	0.000000e+00	0.000000e+00	0.000000e+00	1.894716e-47	1.882713e-90	1.882713e-90	2.878046e-69	6.664552e-41	8.150514e-64	3.842730e-52	1.882713e-90	2.273520e-04	2.990570e-39	0.000000e+00	0.000000e+00	9.205400e-38	4.414468e-79	0.000000e+00	1.520987e-27	8.419220e-01	1.882713e-90	1.568024e-06	0.000000e+00	1.882713e-90	1.882713e-90	1.882713e-90	9.424344e-53	1.404853e-78	0.000000e+00	0.000000e+00	1.882713e-90	0.000000e+00	0.000000e+00	0.000000e+00	0.000000e+00	0.000000e+00	0.000000e+00	0.000000e+00	5.499644e-52	3.128622e-85	0.000000e+00	0.000000e+00	0.000000e+00	0.000000e+00	0.000000e+00	0.000000e+00	0.000000e+00	0.000000e+00	0.000000e+00	0.000000e+00	0.000000e+00	0.000000e+00	0.000000e+00	0.000000e+00	0.000000e+00	0.000000e+00	0.000000e+00	0.000000e+00	0.000000e+00	0.000000e+00	0.000000e+00	0.000000e+00	0.000000e+00	0.000000e+00	0.000000e+00	0.000000e+00	0.000000e+00	0.000000e+00	0.000000e+00	0.000000e+00	0.000000e+00	0.000000e+00	0.000000e+00	0.000000e+00	0.000000e+00	0.000000e+00	0.000000e+00	0.000000e+00	0.000000e+00	0.000000e+00	0.000000e+00	0.000000e+00	
1867.412579	1862.084368	1872.740791	202.272893	7.967831e-03	1.882605e-90	0.000000e+00	5.526698e-51	8.829318e-69	0.000000e+00	0.000000e+00	8.446085e-03	1.882605e-90	1.162385e-03	6.697973e-58	1.882605e-90	4.930097e-85	1.882605e-90	1.882605e-90	0.000000e+00	1.882605e-90	1.882605e-90	1.882605e-90	1.882605e-90	8.680246e-34	4.973796e-03	9.194172e-45	0.000000e+00	0.000000e+00	0.000000e+00	1.882605e-90	3.948613e-78	0.000000e+00	1.769473e-45	0.000000e+00	0.000000e+00	0.000000e+00	0.000000e+00	0.000000e+00	0.000000e+00	0.000000e+00	1.243826e-47	1.882605e-90	1.882605e-90	1.350818e-69	4.723907e-41	4.230295e-64	2.454992e-52	1.882605e-90	2.273324e-04	1.974003e-39	0.000000e+00	0.000000e+00	7.304766e-38	1.960867e-79	0.000000e+00	1.346033e-27	8.419313e-01	1.882605e-90	1.752565e-06	0.000000e+00	1.882605e-90	1.882605e-90	1.882605e-90	5.109229e-53	5.984757e-79	0.000000e+00	0.000000e+00	1.882605e-90	0.000000e+00	0.000000e+00	0.000000e+00	0.000000e+00	0.000000e+00	0.000000e+00	0.000000e+00	3.589753e-52	1.470331e-85	0.000000e+00	0.000000e+00	0.000000e+00	0.000000e+00	0.000000e+00	0.000000e+00	0.000000e+00	0.000000e+00	0.000000e+00	0.000000e+00	0.000000e+00	0.000000e+00	0.000000e+00	0.000000e+00	0.000000e+00	0.000000e+00	0.000000e+00	0.000000e+00	0.000000e+00	0.000000e+00	0.000000e+00	0.000000e+00	0.000000e+00	0.000000e+00	0.000000e+00	0.000000e+00	0.000000e+00	0.000000e+00	0.000000e+00	0.000000e+00	0.000000e+00	0.000000e+00	0.000000e+00	0.000000e+00	0.000000e+00	0.000000e+00	0.000000e+00	0.000000e+00	0.000000e+00	0.000000e+00	0.000000e+00	0.000000e+00	
1878.040454	1872.740791	1883.340118	201.187619	6.538802e-03	1.882723e-90	0.000000e+00	3.058004e-51	3.983683e-69	0.000000e+00	0.000000e+00	8.447065e-03	1.882723e-90	1.162050e-03	3.458005e-58	1.882723e-90	2.004965e-85	1.882723e-90	1.882723e-90	0.000000e+00	1.882723e-90	1.882723e-90	1.882723e-90	1.882723e-90	6.706656e-34	4.973780e-03	5.951640e-45	0.000000e+00	0.000000e+00	0.000000e+00	1.882723e-90	1.760994e-78	0.000000e+00	1.135574e-45	0.000000e+00	0.000000e+00	0.000000e+00	0.000000e+00	0.000000e+00	0.000000e+00	0.000000e+00	8.196934e-48	1.882723e-90	1.882723e-90	6.365680e-70	3.357505e-41	2.204283e-64	1.574085e-52	1.882723e-90	2.273517e-04	1.305918e-39	0.000000e+00	0.000000e+00	5.817143e-38	8.756320e-80	0.000000e+00	1.194937e-27	8.419211e-01	1.882723e-90	1.962587e-06	0.000000e+00	1.882723e-90	1.882723e-90	1.882723e-90	2.777775e-53	2.562524e-79	0.000000e+00	0.000000e+00	1.882723e-90	0.000000e+00	0.000000e+00	0.000000e+00	0.000000e+00	0.000000e+00	0.000000e+00	0.000000e+00	2.353186e-52	6.944488e-86	0.000000e+00	0.000000e+00	0.000000e+00	0.000000e+00	0.000000e+00	0.000000e+00	0.000000e+00	0.000000e+00	0.000000e+00	0.000000e+00	0.000000e+00	0.000000e+00	0.000000e+00	0.000000e+00	0.000000e+00	0.000000e+00	0.000000e+00	0.000000e+00	0.000000e+00	0.000000e+00	0.000000e+00	0.000000e+00	0.000000e+00	0.000000e+00	0.000000e+00	0.000000e+00	0.000000e+00	0.000000e+00	0.000000e+00	0.000000e+00	0.000000e+00	0.000000e+00	0.000000e+00	0.000000e+00	0.000000e+00	0.000000e+00	0.000000e+00	0.000000e+00	0.000000e+00	0.000000e+00	0.000000e+00	0.000000e+00	
1888.610021	1883.340118	1893.879924	200.057963	5.366069e-03	1.882701e-90	0.000000e+00	1.632150e-51	1.715020e-69	0.000000e+00	0.000000e+00	8.446565e-03	1.882701e-90	1.161683e-03	1.715706e-58	1.882701e-90	7.660495e-86	1.882701e-90	1.882701e-90	0.000000e+00	1.882701e-90	1.882701e-90	1.882701e-90	1.882701e-90	5.008795e-34	4.973495e-03	3.727516e-45	0.000000e+00	0.000000e+00	0.000000e+00	1.882701e-90	7.377786e-79	0.000000e+00	7.048971e-46	0.000000e+00	0.000000e+00	0.000000e+00	0.000000e+00	0.000000e+00	0.000000e+00	0.000000e+00	5.179419e-48	1.882701e-90	1.882701e-90	2.854456e-70	2.320094e-41	1.098594e-64	9.759605e-53	1.882701e-90	2.273534e-04	8.410873e-40	0.000000e+00	0.000000e+00	4.485400e-38	3.672771e-80	0.000000e+00	1.032868e-27	8.419239e-01	1.882701e-90	2.166656e-06	0.000000e+00	1.882701e-90	1.882701e-90	1.882701e-90	1.455339e-53	1.033569e-79	0.000000e+00	0.000000e+00	1.882701e-90	0.000000e+00	0.000000e+00	0.000000e+00	0.000000e+00	0.000000e+00	0.000000e+00	0.000000e+00	1.478676e-52	3.154579e-86	0.000000e+00	0.000000e+00	0.000000e+00	0.000000e+00	0.000000e+00	0.000000e+00	0.000000e+00	0.000000e+00	0.000000e+00	0.000000e+00	0.000000e+00	0.000000e+00	0.000000e+00	0.000000e+00	0.000000e+00	0.000000e+00	0.000000e+00	0.000000e+00	0.000000e+00	0.000000e+00	0.000000e+00	0.000000e+00	0.000000e+00	0.000000e+00	0.000000e+00	0.000000e+00	0.000000e+00	0.000000e+00	0.000000e+00	0.000000e+00	0.000000e+00	0.000000e+00	0.000000e+00	0.000000e+00	0.000000e+00	0.000000e+00	0.000000e+00	0.000000e+00	0.000000e+00	0.000000e+00	0.000000e+00	0.000000e+00	
1899.116271	1893.879924	1904.352618	198.784433	4.403666e-03	1.882747e-90	0.000000e+00	7.864590e-52	6.467577e-70	0.000000e+00	0.000000e+00	8.446787e-03	1.882747e-90	1.161410e-03	7.606960e-59	1.882747e-90	2.453304e-86	1.882747e-90	1.882747e-90	0.000000e+00	1.882747e-90	1.882747e-90	1.882747e-90	1.882747e-90	3.398969e-34	4.974128e-03	2.127206e-45	0.000000e+00	0.000000e+00	0.000000e+00	1.882747e-90	2.589397e-79	0.000000e+00	3.982599e-46	0.000000e+00	0.000000e+00	0.000000e+00	0.000000e+00	0.000000e+00	0.000000e+00	0.000000e+00	2.904805e-48	1.882747e-90	1.882747e-90	1.112090e-70	1.480689e-41	4.829587e-65	5.506812e-53	1.882747e-90	2.273609e-04	5.021783e-40	0.000000e+00	0.000000e+00	3.157619e-38	1.290257e-80	0.000000e+00	8.283732e-28	8.419199e-01	1.882747e-90	2.296518e-06	0.000000e+00	1.882747e-90	1.882747e-90	1.882747e-90	6.867284e-54	3.521246e-80	0.000000e+00	0.000000e+00	1.882747e-90	0.000000e+00	0.000000e+00	0.000000e+00	0.000000e+00	0.000000e+00	0.000000e+00	0.000000e+00	8.243617e-53	1.284632e-86	0.000000e+00	0.000000e+00	0.000000e+00	0.000000e+00	0.000000e+00	0.000000e+00	0.000000e+00	0.000000e+00	0.000000e+00	0.000000e+00	0.000000e+00	0.000000e+00	0.000000e+00	0.000000e+00	0.000000e+00	0.000000e+00	0.000000e+00	0.000000e+00	0.000000e+00	0.000000e+00	0.000000e+00	0.000000e+00	0.000000e+00	0.000000e+00	0.000000e+00	0.000000e+00	0.000000e+00	0.000000e+00	0.000000e+00	0.000000e+00	0.000000e+00	0.000000e+00	0.000000e+00	0.000000e+00	0.000000e+00	0.000000e+00	0.000000e+00	0.000000e+00	0.000000e+00	0.000000e+00	0.000000e+00	0.000000e+00	
1909.547883	1904.352618	1914.743148	197.224483	3.613869e-03	1.882656e-90	0.000000e+00	3.100478e-52	1.880128e-70	0.000000e+00	0.000000e+00	8.445919e-03	1.882656e-90	1.161410e-03	2.704731e-59	1.882656e-90	5.553982e-87	1.882656e-90	1.882656e-90	0.000000e+00	1.882656e-90	1.882656e-90	1.882656e-90	1.882656e-90	1.909188e-34	4.974336e-03	1.010467e-45	0.000000e+00	0.000000e+00	0.000000e+00	1.882656e-90	6.412604e-80	0.000000e+00	1.868629e-46	0.000000e+00	0.000000e+00	0.000000e+00	0.000000e+00	0.000000e+00	0.000000e+00	0.000000e+00	1.288289e-48	1.882656e-90	1.882656e-90	3.287001e-71	8.080473e-42	1.658656e-65	2.579758e-53	1.882656e-90	2.273409e-04	2.583408e-40	0.000000e+00	0.000000e+00	1.856841e-38	3.198004e-81	0.000000e+00	5.727666e-28	8.419281e-01	1.882656e-90	2.246925e-06	0.000000e+00	1.882656e-90	1.882656e-90	1.882656e-90	2.637494e-54	8.604829e-81	0.000000e+00	0.000000e+00	1.882656e-90	0.000000e+00	0.000000e+00	0.000000e+00	0.000000e+00	0.000000e+00	0.000000e+00	0.000000e+00	3.629970e-53	4.213771e-87	0.000000e+00	0.000000e+00	0.000000e+00	0.000000e+00	0.000000e+00	0.000000e+00	0.000000e+00	0.000000e+00	0.000000e+00	0.000000e+00	0.000000e+00	0.000000e+00	0.000000e+00	0.000000e+00	0.000000e+00	0.000000e+00	0.000000e+00	0.000000e+00	0.000000e+00	0.000000e+00	0.000000e+00	0.000000e+00	0.000000e+00	0.000000e+00	0.000000e+00	0.000000e+00	0.000000e+00	0.000000e+00	0.000000e+00	0.000000e+00	0.000000e+00	0.000000e+00	0.000000e+00	0.000000e+00	0.000000e+00	0.000000e+00	0.000000e+00	0.000000e+00	0.000000e+00	0.000000e+00	0.000000e+00	0.000000e+00	
1919.883704	1914.743148	1925.024260	195.148677	2.965723e-03	1.882577e-90	0.000000e+00	8.481233e-53	3.404011e-71	0.000000e+00	0.000000e+00	8.446376e-03	1.882577e-90	1.162145e-03	6.435344e-60	1.882577e-90	6.691306e-88	1.882577e-90	1.882577e-90	0.000000e+00	1.882577e-90	1.882577e-90	1.882577e-90	1.882577e-90	7.605645e-35	4.973649e-03	3.438746e-46	0.000000e+00	0.000000e+00	0.000000e+00	1.882577e-90	8.418666e-81	0.000000e+00	6.252326e-47	0.000000e+00	0.000000e+00	0.000000e+00	0.000000e+00	0.000000e+00	0.000000e+00	0.000000e+00	3.728390e-49	1.882577e-90	1.882577e-90	5.877096e-72	3.318309e-42	3.636613e-66	8.624868e-54	1.882577e-90	2.273312e-04	1.013612e-40	0.000000e+00	0.000000e+00	7.877400e-39	4.202048e-82	0.000000e+00	3.026567e-28	8.419336e-01	1.882577e-90	1.901797e-06	0.000000e+00	1.882577e-90	1.882577e-90	1.882577e-90	6.962764e-55	1.148867e-81	0.000000e+00	0.000000e+00	1.882577e-90	0.000000e+00	0.000000e+00	0.000000e+00	0.000000e+00	0.000000e+00	0.000000e+00	0.000000e+00	1.041330e-53	9.345451e-88	0.000000e+00	0.000000e+00	0.000000e+00	0.000000e+00	0.000000e+00	0.000000e+00	0.000000e+00	0.000000e+00	0.000000e+00	0.000000e+00	0.000000e+00	0.000000e+00	0.000000e+00	0.000000e+00	0.000000e+00	0.000000e+00	0.000000e+00	0.000000e+00	0.000000e+00	0.000000e+00	0.000000e+00	0.000000e+00	0.000000e+00	0.000000e+00	0.000000e+00	0.000000e+00	0.000000e+00	0.000000e+00	0.000000e+00	0.000000e+00	0.000000e+00	0.000000e+00	0.000000e+00	0.000000e+00	0.000000e+00	0.000000e+00	0.000000e+00	0.000000e+00	0.000000e+00	0.000000e+00	0.000000e+00	0.000000e+00	
1930.079383	1925.024260	1935.134507	191.905124	2.433821e-03	1.882749e-90	0.000000e+00	9.976183e-54	2.064204e-72	0.000000e+00	0.000000e+00	8.447021e-03	1.882749e-90	1.163658e-03	6.049655e-61	1.882749e-90	1.877643e-89	1.882749e-90	1.882749e-90	0.000000e+00	1.882749e-90	1.882749e-90	1.882749e-90	1.882749e-90	1.372441e-35	4.974657e-03	5.423557e-47	0.000000e+00	0.000000e+00	0.000000e+00	1.882749e-90	2.559104e-82	0.000000e+00	9.604273e-48	0.000000e+00	0.000000e+00	0.000000e+00	0.000000e+00	0.000000e+00	0.000000e+00	0.000000e+00	4.030950e-50	1.882749e-90	1.882749e-90	3.292196e-73	7.071023e-43	2.828727e-67	1.323806e-54	1.882749e-90	2.273606e-04	2.127618e-41	0.000000e+00	0.000000e+00	1.575492e-39	1.277097e-83	0.000000e+00	8.609406e-29	8.419180e-01	1.882749e-90	1.151529e-06	0.000000e+00	1.882749e-90	1.882749e-90	1.882749e-90	7.739988e-56	3.802418e-83	0.000000e+00	0.000000e+00	1.882749e-90	0.000000e+00	0.000000e+00	0.000000e+00	0.000000e+00	0.000000e+00	0.000000e+00	0.000000e+00	1.111949e-54	8.405733e-89	0.000000e+00	0.000000e+00	0.000000e+00	0.000000e+00	0.000000e+00	0.000000e+00	0.000000e+00	0.000000e+00	0.000000e+00	0.000000e+00	0.000000e+00	0.000000e+00	0.000000e+00	0.000000e+00	0.000000e+00	0.000000e+00	0.000000e+00	0.000000e+00	0.000000e+00	0.000000e+00	0.000000e+00	0.000000e+00	0.000000e+00	0.000000e+00	0.000000e+00	0.000000e+00	0.000000e+00	0.000000e+00	0.000000e+00	0.000000e+00	0.000000e+00	0.000000e+00	0.000000e+00	0.000000e+00	0.000000e+00	0.000000e+00	0.000000e+00	0.000000e+00	0.000000e+00	0.000000e+00	0.000000e+00	0.000000e+00	
1940.043700	1935.134507	1944.952893	186.365023	1.997316e-03	1.882715e-90	0.000000e+00	2.015781e-55	1.275666e-74	0.000000e+00	0.000000e+00	8.447574e-03	1.882715e-90	1.165246e-03	8.167135e-63	1.882715e-90	1.882715e-90	1.882715e-90	1.882715e-90	0.000000e+00	1.882715e-90	1.882715e-90	1.882715e-90	1.882715e-90	4.764626e-37	4.973317e-03	1.722051e-48	0.000000e+00	0.000000e+00	0.000000e+00	1.882715e-90	3.683900e-85	0.000000e+00	2.910717e-49	0.000000e+00	0.000000e+00	0.000000e+00	0.000000e+00	0.000000e+00	0.000000e+00	0.000000e+00	5.603502e-52	1.882715e-90	1.882715e-90	1.635169e-75	3.836514e-44	2.532766e-69	4.023047e-56	1.882715e-90	2.273459e-04	1.209629e-42	0.000000e+00	0.000000e+00	6.605001e-41	1.830855e-86	0.000000e+00	6.775836e-30	8.419198e-01	1.882715e-90	3.482827e-07	0.000000e+00	1.882715e-90	1.882715e-90	1.882715e-90	1.413143e-57	6.863637e-86	0.000000e+00	0.000000e+00	1.882715e-90	0.000000e+00	0.000000e+00	0.000000e+00	0.000000e+00	0.000000e+00	0.000000e+00	0.000000e+00	1.519600e-56	1.882715e-90	0.000000e+00	0.000000e+00	0.000000e+00	0.000000e+00	0.000000e+00	0.000000e+00	0.000000e+00	0.000000e+00	0.000000e+00	0.000000e+00	0.000000e+00	0.000000e+00	0.000000e+00	0.000000e+00	0.000000e+00	0.000000e+00	0.000000e+00	0.000000e+00	0.000000e+00	0.000000e+00	0.000000e+00	0.000000e+00	0.000000e+00	0.000000e+00	0.000000e+00	0.000000e+00	0.000000e+00	0.000000e+00	0.000000e+00	0.000000e+00	0.000000e+00	0.000000e+00	0.000000e+00	0.000000e+00	0.000000e+00	0.000000e+00	0.000000e+00	0.000000e+00	0.000000e+00	0.000000e+00	0.000000e+00	0.000000e+00	
1949.646997	1944.952893	1954.341101	178.199195	1.639098e-03	1.882690e-90	0.000000e+00	3.927510e-58	3.794316e-78	0.000000e+00	0.000000e+00	8.446118e-03	1.882690e-90	1.165924e-03	8.346148e-66	1.882690e-90	1.882690e-90	1.882690e-90	1.882690e-90	0.000000e+00	1.882690e-90	1.882690e-90	1.882690e-90	1.882690e-90	1.893941e-39	4.974310e-03	6.595179e-51	0.000000e+00	0.000000e+00	0.000000e+00	1.882690e-90	9.451720e-90	0.000000e+00	1.039505e-51	0.000000e+00	0.000000e+00	0.000000e+00	0.000000e+00	0.000000e+00	0.000000e+00	0.000000e+00	5.228935e-55	1.882690e-90	1.882690e-90	3.258217e-79	3.416593e-46	1.293332e-72	1.453627e-58	1.882690e-90	2.273555e-04	1.214589e-44	0.000000e+00	0.000000e+00	3.589202e-43	1.882690e-90	0.000000e+00	9.990324e-32	8.419219e-01	1.882690e-90	4.294078e-08	0.000000e+00	1.882690e-90	1.882690e-90	1.882690e-90	2.347822e-60	2.639663e-90	0.000000e+00	0.000000e+00	1.882690e-90	0.000000e+00	0.000000e+00	0.000000e+00	0.000000e+00	0.000000e+00	0.000000e+00	0.000000e+00	1.398954e-59	1.882690e-90	0.000000e+00	0.000000e+00	0.000000e+00	0.000000e+00	0.000000e+00	0.000000e+00	0.000000e+00	0.000000e+00	0.000000e+00	0.000000e+00	0.000000e+00	0.000000e+00	0.000000e+00	0.000000e+00	0.000000e+00	0.000000e+00	0.000000e+00	0.000000e+00	0.000000e+00	0.000000e+00	0.000000e+00	0.000000e+00	0.000000e+00	0.000000e+00	0.000000e+00	0.000000e+00	0.000000e+00	0.000000e+00	0.000000e+00	0.000000e+00	0.000000e+00	0.000000e+00	0.000000e+00	0.000000e+00	0.000000e+00	0.000000e+00	0.000000e+00	0.000000e+00	0.000000e+00	0.000000e+00	0.000000e+00	0.000000e+00	
1958.835384	1954.341101	1963.329667	170.614249	1.345126e-03	1.882608e-90	0.000000e+00	7.068606e-61	1.015973e-81	0.000000e+00	0.000000e+00	8.446602e-03	1.882608e-90	1.165935e-03	7.764946e-69	1.882608e-90	1.882608e-90	1.882608e-90	1.882608e-90	0.000000e+00	1.882608e-90	1.882608e-90	1.882608e-90	1.882608e-90	7.241769e-42	4.973015e-03	2.400375e-53	0.000000e+00	0.000000e+00	0.000000e+00	1.882608e-90	1.882608e-90	0.000000e+00	3.535778e-54	0.000000e+00	0.000000e+00	0.000000e+00	0.000000e+00	0.000000e+00	0.000000e+00	0.000000e+00	4.619646e-58	1.882608e-90	1.882608e-90	5.828400e-83	2.903462e-48	6.057346e-76	5.066327e-61	1.882608e-90	2.273433e-04	1.150082e-46	0.000000e+00	0.000000e+00	1.915718e-45	1.882608e-90	0.000000e+00	1.466363e-33	8.419291e-01	1.882608e-90	5.363175e-09	0.000000e+00	1.882608e-90	1.882608e-90	1.882608e-90	3.597640e-63	1.882608e-90	0.000000e+00	0.000000e+00	1.882608e-90	0.000000e+00	0.000000e+00	0.000000e+00	0.000000e+00	0.000000e+00	0.000000e+00	0.000000e+00	1.240657e-62	1.882608e-90	0.000000e+00	0.000000e+00	0.000000e+00	0.000000e+00	0.000000e+00	0.000000e+00	0.000000e+00	0.000000e+00	0.000000e+00	0.000000e+00	0.000000e+00	0.000000e+00	0.000000e+00	0.000000e+00	0.000000e+00	0.000000e+00	0.000000e+00	0.000000e+00	0.000000e+00	0.000000e+00	0.000000e+00	0.000000e+00	0.000000e+00	0.000000e+00	0.000000e+00	0.000000e+00	0.000000e+00	0.000000e+00	0.000000e+00	0.000000e+00	0.000000e+00	0.000000e+00	0.000000e+00	0.000000e+00	0.000000e+00	0.000000e+00	0.000000e+00	0.000000e+00	0.000000e+00	0.000000e+00	0.000000e+00	0.000000e+00	
1967.649777	1963.329667	1971.969887	164.000566	1.103878e-03	1.882567e-90	0.000000e+00	1.804865e-63	4.271225e-85	0.000000e+00	0.000000e+00	8.445749e-03	1.882567e-90	1.165889e-03	1.056624e-71	1.882567e-90	1.882567e-90	1.882567e-90	1.882567e-90	0.000000e+00	1.882567e-90	1.882567e-90	1.882567e-90	1.882567e-90	3.961894e-44	4.973599e-03	1.223673e-55	0.000000e+00	0.000000e+00	0.000000e+00	1.882567e-90	1.882567e-90	0.000000e+00	1.697593e-56	0.000000e+00	0.000000e+00	0.000000e+00	0.000000e+00	0.000000e+00	0.000000e+00	0.000000e+00	6.343652e-61	1.882567e-90	1.882567e-90	1.688585e-86	3.279188e-50	4.397703e-79	2.512613e-63	1.882567e-90	2.273223e-04	1.411647e-48	0.000000e+00	0.000000e+00	1.459595e-47	1.882567e-90	0.000000e+00	2.908909e-35	8.419325e-01	1.882567e-90	7.995449e-10	0.000000e+00	1.882567e-90	1.882567e-90	1.882567e-90	7.899753e-66	1.882567e-90	0.000000e+00	0.000000e+00	1.882567e-90	0.000000e+00	0.000000e+00	0.000000e+00	0.000000e+00	0.000000e+00	0.000000e+00	0.000000e+00	1.737277e-65	1.882567e-90	0.000000e+00	0.000000e+00	0.000000e+00	0.000000e+00	0.000000e+00	0.000000e+00	0.000000e+00	0.000000e+00	0.000000e+00	0.000000e+00	0.000000e+00	0.000000e+00	0.000000e+00	0.000000e+00	0.000000e+00	0.000000e+00	0.000000e+00	0.000000e+00	0.000000e+00	0.000000e+00	0.000000e+00	0.000000e+00	0.000000e+00	0.000000e+00	0.000000e+00	0.000000e+00	0.000000e+00	0.000000e+00	0.000000e+00	0.000000e+00	0.000000e+00	0.000000e+00	0.000000e+00	0.000000e+00	0.000000e+00	0.000000e+00	0.000000e+00	0.000000e+00	0.000000e+00	0.000000e+00	0.000000e+00	0.000000e+00	
