z		z0		z1		T		P		1		2		3		4		5		6		7		8		9		10		11		12		13		14		15		16		17		18		19		20		21		22		23		24		25		26		27		28		29		30		31		32		33		34		35		36		37		38		39		40		41		42		43		44		45		46		47		48		49		50		51		52		53		54		55		56		57		58		59		60		61		62		63		64		65		66		67		68		69		70		71		72		73		74		75		76		77		78		79		80		81		82		83		84		85		86		87		88		89		90		91		92		93		94		95		96		97		98		99		100		101		102		103		104		105		106		107		108		109		110		111		112		113		114		115		
km		km		km		K		Pa		
26.389171	0.000000	52.778341	1002.658605	1.811795e+07	8.783647e-25	0.000000e+00	1.637437e-10	3.906847e-15	0.000000e+00	0.000000e+00	8.444469e-03	2.869984e-25	9.076405e-04	2.048362e-13	8.171304e-25	7.044423e-20	7.375425e-33	1.595023e-51	0.000000e+00	2.421495e-22	6.339890e-29	1.359715e-42	1.536585e-35	6.219695e-08	4.972523e-03	1.240397e-11	0.000000e+00	0.000000e+00	0.000000e+00	3.091412e-43	2.269948e-16	0.000000e+00	1.373488e-11	0.000000e+00	0.000000e+00	0.000000e+00	0.000000e+00	0.000000e+00	0.000000e+00	0.000000e+00	2.365867e-11	1.675546e-24	5.439236e-26	8.218667e-17	2.181385e-14	2.399543e-17	1.050625e-17	1.693593e-29	2.272882e-04	1.180302e-10	0.000000e+00	0.000000e+00	5.316888e-13	1.547418e-18	0.000000e+00	8.920119e-10	8.420947e-01	4.889246e-27	1.290051e-04	0.000000e+00	2.809045e-21	2.487802e-30	1.925757e-21	2.060847e-11	4.901034e-17	0.000000e+00	0.000000e+00	1.214011e-26	0.000000e+00	0.000000e+00	0.000000e+00	0.000000e+00	0.000000e+00	0.000000e+00	0.000000e+00	1.402192e-14	1.007878e-31	0.000000e+00	0.000000e+00	0.000000e+00	0.000000e+00	0.000000e+00	0.000000e+00	0.000000e+00	0.000000e+00	0.000000e+00	0.000000e+00	0.000000e+00	0.000000e+00	0.000000e+00	0.000000e+00	0.000000e+00	0.000000e+00	0.000000e+00	0.000000e+00	0.000000e+00	0.000000e+00	0.000000e+00	0.000000e+00	0.000000e+00	0.000000e+00	0.000000e+00	0.000000e+00	0.000000e+00	0.000000e+00	0.000000e+00	0.000000e+00	0.000000e+00	0.000000e+00	0.000000e+00	0.000000e+00	0.000000e+00	0.000000e+00	0.000000e+00	0.000000e+00	0.000000e+00	0.000000e+00	0.000000e+00	0.000000e+00	
78.224865	52.778341	103.671390	966.882690	1.486850e+07	1.152218e-25	0.000000e+00	6.710313e-11	1.207362e-15	0.000000e+00	0.000000e+00	8.444645e-03	3.684311e-26	9.241449e-04	7.918487e-14	1.743652e-25	1.667073e-20	7.480989e-34	4.441346e-53	0.000000e+00	5.050829e-23	9.576194e-30	8.671318e-44	6.257476e-37	3.371229e-08	4.972587e-03	5.837539e-12	0.000000e+00	0.000000e+00	0.000000e+00	6.037811e-45	5.600015e-17	0.000000e+00	6.332378e-12	0.000000e+00	0.000000e+00	0.000000e+00	0.000000e+00	0.000000e+00	0.000000e+00	0.000000e+00	1.033549e-11	2.132691e-25	7.669749e-27	2.569626e-17	1.192418e-14	8.458906e-18	4.683075e-18	3.842337e-30	2.272908e-04	6.274665e-11	0.000000e+00	0.000000e+00	2.875695e-13	3.967525e-19	0.000000e+00	5.611079e-10	8.420817e-01	6.539756e-28	1.207726e-04	0.000000e+00	5.113396e-22	1.612364e-31	2.885247e-22	8.288778e-12	1.228284e-17	0.000000e+00	0.000000e+00	1.088293e-27	0.000000e+00	0.000000e+00	0.000000e+00	0.000000e+00	0.000000e+00	0.000000e+00	0.000000e+00	5.829677e-15	2.764239e-32	0.000000e+00	0.000000e+00	0.000000e+00	0.000000e+00	0.000000e+00	0.000000e+00	0.000000e+00	0.000000e+00	0.000000e+00	0.000000e+00	0.000000e+00	0.000000e+00	0.000000e+00	0.000000e+00	0.000000e+00	0.000000e+00	0.000000e+00	0.000000e+00	0.000000e+00	0.000000e+00	0.000000e+00	0.000000e+00	0.000000e+00	0.000000e+00	0.000000e+00	0.000000e+00	0.000000e+00	0.000000e+00	0.000000e+00	0.000000e+00	0.000000e+00	0.000000e+00	0.000000e+00	0.000000e+00	0.000000e+00	0.000000e+00	0.000000e+00	0.000000e+00	0.000000e+00	0.000000e+00	0.000000e+00	0.000000e+00	
128.173745	103.671390	152.676101	931.053858	1.220184e+07	1.270041e-26	0.000000e+00	2.545731e-11	3.377641e-16	0.000000e+00	0.000000e+00	8.444980e-03	3.950704e-27	9.458754e-04	2.829423e-14	3.224486e-26	3.457840e-21	6.226873e-35	9.181659e-55	0.000000e+00	9.213502e-24	1.234664e-30	4.416140e-45	1.922263e-38	1.689062e-08	4.972644e-03	2.551087e-12	0.000000e+00	0.000000e+00	0.000000e+00	8.266802e-47	1.201016e-17	0.000000e+00	2.706784e-12	0.000000e+00	0.000000e+00	0.000000e+00	0.000000e+00	0.000000e+00	0.000000e+00	0.000000e+00	4.119671e-12	2.230081e-26	8.967384e-28	7.223688e-18	6.122735e-15	2.707381e-18	1.931752e-18	7.658904e-31	2.272991e-04	3.150179e-11	0.000000e+00	0.000000e+00	1.438680e-13	8.863876e-20	0.000000e+00	3.304317e-10	8.420678e-01	7.362844e-29	1.099173e-04	0.000000e+00	8.049607e-23	8.238485e-33	3.667013e-23	3.079683e-12	2.699227e-18	0.000000e+00	0.000000e+00	7.769027e-29	0.000000e+00	0.000000e+00	0.000000e+00	0.000000e+00	0.000000e+00	0.000000e+00	0.000000e+00	2.204047e-15	6.879616e-33	0.000000e+00	0.000000e+00	0.000000e+00	0.000000e+00	0.000000e+00	0.000000e+00	0.000000e+00	0.000000e+00	0.000000e+00	0.000000e+00	0.000000e+00	0.000000e+00	0.000000e+00	0.000000e+00	0.000000e+00	0.000000e+00	0.000000e+00	0.000000e+00	0.000000e+00	0.000000e+00	0.000000e+00	0.000000e+00	0.000000e+00	0.000000e+00	0.000000e+00	0.000000e+00	0.000000e+00	0.000000e+00	0.000000e+00	0.000000e+00	0.000000e+00	0.000000e+00	0.000000e+00	0.000000e+00	0.000000e+00	0.000000e+00	0.000000e+00	0.000000e+00	0.000000e+00	0.000000e+00	0.000000e+00	0.000000e+00	
176.335196	152.676101	199.994291	899.053275	1.001344e+07	1.540475e-27	0.000000e+00	1.007961e-11	9.978388e-17	0.000000e+00	0.000000e+00	8.445070e-03	4.665156e-28	9.633200e-04	1.052641e-14	6.431063e-27	7.695741e-22	5.768617e-36	2.234714e-56	0.000000e+00	1.805362e-24	1.735173e-31	2.545515e-46	6.884810e-40	8.837397e-09	4.972716e-03	1.161559e-12	0.000000e+00	0.000000e+00	0.000000e+00	1.373047e-48	2.782691e-18	0.000000e+00	1.206652e-12	0.000000e+00	0.000000e+00	0.000000e+00	0.000000e+00	0.000000e+00	0.000000e+00	0.000000e+00	1.723645e-12	2.589707e-27	1.160532e-28	2.152558e-18	3.253764e-15	9.140632e-19	8.326670e-19	1.643327e-31	2.273004e-04	1.631632e-11	0.000000e+00	0.000000e+00	7.522334e-14	2.134391e-20	0.000000e+00	2.020957e-10	8.420578e-01	9.115380e-30	1.012092e-04	0.000000e+00	1.368512e-23	4.791060e-34	5.095816e-24	1.194521e-12	6.374510e-19	0.000000e+00	0.000000e+00	6.279232e-30	0.000000e+00	0.000000e+00	0.000000e+00	0.000000e+00	0.000000e+00	0.000000e+00	0.000000e+00	8.769261e-16	1.815866e-33	0.000000e+00	0.000000e+00	0.000000e+00	0.000000e+00	0.000000e+00	0.000000e+00	0.000000e+00	0.000000e+00	0.000000e+00	0.000000e+00	0.000000e+00	0.000000e+00	0.000000e+00	0.000000e+00	0.000000e+00	0.000000e+00	0.000000e+00	0.000000e+00	0.000000e+00	0.000000e+00	0.000000e+00	0.000000e+00	0.000000e+00	0.000000e+00	0.000000e+00	0.000000e+00	0.000000e+00	0.000000e+00	0.000000e+00	0.000000e+00	0.000000e+00	0.000000e+00	0.000000e+00	0.000000e+00	0.000000e+00	0.000000e+00	0.000000e+00	0.000000e+00	0.000000e+00	0.000000e+00	0.000000e+00	0.000000e+00	
222.910289	199.994291	245.826287	870.850075	8.217531e+06	2.136356e-28	0.000000e+00	4.236469e-12	3.181962e-17	0.000000e+00	0.000000e+00	8.445038e-03	6.315534e-29	9.757409e-04	4.151350e-15	1.429568e-27	1.893179e-22	6.216803e-37	6.842196e-58	0.000000e+00	3.916417e-25	2.754331e-32	1.746216e-47	3.058976e-41	4.913388e-09	4.972930e-03	5.601278e-13	0.000000e+00	0.000000e+00	0.000000e+00	2.991498e-50	7.183850e-19	0.000000e+00	5.704472e-13	0.000000e+00	0.000000e+00	0.000000e+00	0.000000e+00	0.000000e+00	0.000000e+00	0.000000e+00	7.729683e-13	3.489844e-28	1.733748e-29	6.960489e-19	1.814623e-15	3.325526e-19	3.815533e-19	3.905771e-32	2.273057e-04	8.829627e-12	0.000000e+00	0.000000e+00	4.182435e-14	5.710551e-21	0.000000e+00	1.302653e-10	8.420491e-01	1.288928e-30	9.499988e-05	0.000000e+00	2.595923e-24	3.341458e-35	8.028143e-25	4.921981e-13	1.665362e-19	0.000000e+00	0.000000e+00	6.041663e-31	0.000000e+00	0.000000e+00	0.000000e+00	0.000000e+00	0.000000e+00	0.000000e+00	0.000000e+00	3.752171e-16	5.194020e-34	0.000000e+00	0.000000e+00	0.000000e+00	0.000000e+00	0.000000e+00	0.000000e+00	0.000000e+00	0.000000e+00	0.000000e+00	0.000000e+00	0.000000e+00	0.000000e+00	0.000000e+00	0.000000e+00	0.000000e+00	0.000000e+00	0.000000e+00	0.000000e+00	0.000000e+00	0.000000e+00	0.000000e+00	0.000000e+00	0.000000e+00	0.000000e+00	0.000000e+00	0.000000e+00	0.000000e+00	0.000000e+00	0.000000e+00	0.000000e+00	0.000000e+00	0.000000e+00	0.000000e+00	0.000000e+00	0.000000e+00	0.000000e+00	0.000000e+00	0.000000e+00	0.000000e+00	0.000000e+00	0.000000e+00	0.000000e+00	
268.072180	245.826287	290.318074	845.401576	6.743719e+06	3.236954e-29	0.000000e+00	1.852267e-12	1.067221e-17	0.000000e+00	0.000000e+00	8.445089e-03	9.359799e-30	9.850106e-04	1.701809e-15	3.416230e-28	4.977462e-23	7.406763e-38	2.439131e-59	0.000000e+00	9.089389e-26	4.740436e-33	1.344616e-48	1.566794e-42	2.843617e-09	4.972805e-03	2.805446e-13	0.000000e+00	0.000000e+00	0.000000e+00	7.795081e-52	1.991813e-19	0.000000e+00	2.803222e-13	0.000000e+00	0.000000e+00	0.000000e+00	0.000000e+00	0.000000e+00	0.000000e+00	0.000000e+00	3.629884e-13	5.189306e-29	2.848700e-30	2.375483e-19	1.044763e-15	1.271159e-19	1.820808e-19	9.935064e-33	2.273062e-04	4.918299e-12	0.000000e+00	0.000000e+00	2.422027e-14	1.637777e-21	0.000000e+00	8.694334e-11	8.420419e-01	1.989972e-31	9.036758e-05	0.000000e+00	5.294749e-25	2.627186e-36	1.373869e-25	2.110471e-13	4.650787e-20	0.000000e+00	0.000000e+00	6.521291e-32	0.000000e+00	0.000000e+00	0.000000e+00	0.000000e+00	0.000000e+00	0.000000e+00	0.000000e+00	1.685084e-16	1.567585e-34	0.000000e+00	0.000000e+00	0.000000e+00	0.000000e+00	0.000000e+00	0.000000e+00	0.000000e+00	0.000000e+00	0.000000e+00	0.000000e+00	0.000000e+00	0.000000e+00	0.000000e+00	0.000000e+00	0.000000e+00	0.000000e+00	0.000000e+00	0.000000e+00	0.000000e+00	0.000000e+00	0.000000e+00	0.000000e+00	0.000000e+00	0.000000e+00	0.000000e+00	0.000000e+00	0.000000e+00	0.000000e+00	0.000000e+00	0.000000e+00	0.000000e+00	0.000000e+00	0.000000e+00	0.000000e+00	0.000000e+00	0.000000e+00	0.000000e+00	0.000000e+00	0.000000e+00	0.000000e+00	0.000000e+00	0.000000e+00	
311.943433	290.318074	333.568793	821.842600	5.534234e+06	5.106457e-30	0.000000e+00	8.245960e-13	3.662583e-18	0.000000e+00	0.000000e+00	8.445127e-03	1.445406e-30	9.927866e-04	7.099048e-16	8.439107e-29	1.348927e-23	9.238204e-39	9.322442e-61	0.000000e+00	2.175373e-26	8.467222e-34	1.091855e-49	8.560753e-44	1.676453e-09	4.972945e-03	1.429906e-13	0.000000e+00	0.000000e+00	0.000000e+00	2.203463e-53	5.706974e-20	0.000000e+00	1.402475e-13	0.000000e+00	0.000000e+00	0.000000e+00	0.000000e+00	0.000000e+00	0.000000e+00	0.000000e+00	1.741072e-13	8.069367e-30	4.889571e-31	8.308683e-20	6.103401e-16	4.969975e-20	8.854259e-20	2.608086e-33	2.273048e-04	2.775816e-12	0.000000e+00	0.000000e+00	1.429482e-14	4.848321e-22	0.000000e+00	5.898736e-11	8.420382e-01	3.198032e-32	8.648928e-05	0.000000e+00	1.116018e-25	2.181197e-37	2.441166e-26	9.215014e-14	1.339017e-20	0.000000e+00	0.000000e+00	7.417937e-33	0.000000e+00	0.000000e+00	0.000000e+00	0.000000e+00	0.000000e+00	0.000000e+00	0.000000e+00	7.738993e-17	4.853866e-35	0.000000e+00	0.000000e+00	0.000000e+00	0.000000e+00	0.000000e+00	0.000000e+00	0.000000e+00	0.000000e+00	0.000000e+00	0.000000e+00	0.000000e+00	0.000000e+00	0.000000e+00	0.000000e+00	0.000000e+00	0.000000e+00	0.000000e+00	0.000000e+00	0.000000e+00	0.000000e+00	0.000000e+00	0.000000e+00	0.000000e+00	0.000000e+00	0.000000e+00	0.000000e+00	0.000000e+00	0.000000e+00	0.000000e+00	0.000000e+00	0.000000e+00	0.000000e+00	0.000000e+00	0.000000e+00	0.000000e+00	0.000000e+00	0.000000e+00	0.000000e+00	0.000000e+00	0.000000e+00	0.000000e+00	0.000000e+00	
354.619179	333.568793	375.669566	800.002520	4.541670e+06	8.403195e-31	0.000000e+00	3.740854e-13	1.287567e-18	0.000000e+00	0.000000e+00	8.445255e-03	2.330754e-31	9.991123e-04	3.016481e-16	2.158995e-29	3.774219e-24	1.209060e-39	3.833007e-62	0.000000e+00	5.377598e-27	1.572489e-34	9.373549e-51	5.004877e-45	1.007624e-09	4.972948e-03	7.422093e-14	0.000000e+00	0.000000e+00	0.000000e+00	6.782517e-55	1.692110e-20	0.000000e+00	7.148547e-14	0.000000e+00	0.000000e+00	0.000000e+00	0.000000e+00	0.000000e+00	0.000000e+00	0.000000e+00	8.538939e-14	1.315158e-30	8.785774e-32	2.981867e-20	3.620414e-16	1.989693e-20	4.391242e-20	7.075575e-34	2.273034e-04	1.588355e-12	0.000000e+00	0.000000e+00	8.605344e-15	1.483647e-22	0.000000e+00	4.070772e-11	8.420335e-01	5.359882e-33	8.333734e-05	0.000000e+00	2.435159e-26	1.917132e-38	4.511595e-27	4.100518e-14	3.980078e-21	0.000000e+00	0.000000e+00	8.913260e-34	0.000000e+00	0.000000e+00	0.000000e+00	0.000000e+00	0.000000e+00	0.000000e+00	0.000000e+00	3.638779e-17	1.543405e-35	0.000000e+00	0.000000e+00	0.000000e+00	0.000000e+00	0.000000e+00	0.000000e+00	0.000000e+00	0.000000e+00	0.000000e+00	0.000000e+00	0.000000e+00	0.000000e+00	0.000000e+00	0.000000e+00	0.000000e+00	0.000000e+00	0.000000e+00	0.000000e+00	0.000000e+00	0.000000e+00	0.000000e+00	0.000000e+00	0.000000e+00	0.000000e+00	0.000000e+00	0.000000e+00	0.000000e+00	0.000000e+00	0.000000e+00	0.000000e+00	0.000000e+00	0.000000e+00	0.000000e+00	0.000000e+00	0.000000e+00	0.000000e+00	0.000000e+00	0.000000e+00	0.000000e+00	0.000000e+00	0.000000e+00	0.000000e+00	
396.180257	375.669566	416.690949	779.496357	3.727123e+06	1.411833e-31	0.000000e+00	1.712957e-13	4.580087e-19	0.000000e+00	0.000000e+00	8.445454e-03	3.838641e-32	1.004637e-03	1.293127e-16	5.620013e-30	1.072690e-24	1.620368e-40	1.634020e-63	0.000000e+00	1.350621e-27	2.977428e-35	8.273455e-52	3.024319e-46	6.115009e-10	4.972982e-03	3.887724e-14	0.000000e+00	0.000000e+00	0.000000e+00	2.176539e-56	5.103214e-21	0.000000e+00	3.677835e-14	0.000000e+00	0.000000e+00	0.000000e+00	0.000000e+00	0.000000e+00	0.000000e+00	0.000000e+00	4.234251e-14	2.193170e-31	1.614926e-32	1.083794e-20	2.164014e-16	8.059765e-21	2.199779e-20	1.951966e-34	2.273108e-04	9.150542e-13	0.000000e+00	0.000000e+00	5.233114e-15	4.614909e-23	0.000000e+00	2.834095e-11	8.420305e-01	9.171007e-34	8.056754e-05	0.000000e+00	5.403554e-27	1.732564e-39	8.499490e-28	1.841624e-14	1.201799e-21	0.000000e+00	0.000000e+00	1.100201e-34	0.000000e+00	0.000000e+00	0.000000e+00	0.000000e+00	0.000000e+00	0.000000e+00	0.000000e+00	1.731212e-17	4.977436e-36	0.000000e+00	0.000000e+00	0.000000e+00	0.000000e+00	0.000000e+00	0.000000e+00	0.000000e+00	0.000000e+00	0.000000e+00	0.000000e+00	0.000000e+00	0.000000e+00	0.000000e+00	0.000000e+00	0.000000e+00	0.000000e+00	0.000000e+00	0.000000e+00	0.000000e+00	0.000000e+00	0.000000e+00	0.000000e+00	0.000000e+00	0.000000e+00	0.000000e+00	0.000000e+00	0.000000e+00	0.000000e+00	0.000000e+00	0.000000e+00	0.000000e+00	0.000000e+00	0.000000e+00	0.000000e+00	0.000000e+00	0.000000e+00	0.000000e+00	0.000000e+00	0.000000e+00	0.000000e+00	0.000000e+00	0.000000e+00	
436.688999	416.690949	456.687049	760.018366	3.058664e+06	2.374128e-32	0.000000e+00	7.847609e-14	1.629902e-19	0.000000e+00	0.000000e+00	8.445415e-03	6.326424e-33	1.009985e-03	5.543291e-17	1.464443e-30	3.050793e-25	2.174112e-41	6.980323e-65	0.000000e+00	3.394245e-28	5.644469e-36	7.316332e-53	1.829343e-47	3.713451e-10	4.972894e-03	2.037594e-14	0.000000e+00	0.000000e+00	0.000000e+00	6.993607e-58	1.540642e-21	0.000000e+00	1.893418e-14	0.000000e+00	0.000000e+00	0.000000e+00	0.000000e+00	0.000000e+00	0.000000e+00	0.000000e+00	2.100938e-14	3.659663e-32	2.972393e-33	3.941153e-21	1.293998e-16	3.266877e-21	1.103065e-20	5.393998e-35	2.273135e-04	5.272754e-13	0.000000e+00	0.000000e+00	3.185810e-15	1.436380e-23	0.000000e+00	1.975295e-11	8.420265e-01	1.570727e-34	7.790570e-05	0.000000e+00	1.199451e-27	1.566983e-40	1.602017e-28	8.273058e-15	3.631547e-22	0.000000e+00	0.000000e+00	1.359365e-35	0.000000e+00	0.000000e+00	0.000000e+00	0.000000e+00	0.000000e+00	0.000000e+00	0.000000e+00	8.244198e-18	1.609246e-36	0.000000e+00	0.000000e+00	0.000000e+00	0.000000e+00	0.000000e+00	0.000000e+00	0.000000e+00	0.000000e+00	0.000000e+00	0.000000e+00	0.000000e+00	0.000000e+00	0.000000e+00	0.000000e+00	0.000000e+00	0.000000e+00	0.000000e+00	0.000000e+00	0.000000e+00	0.000000e+00	0.000000e+00	0.000000e+00	0.000000e+00	0.000000e+00	0.000000e+00	0.000000e+00	0.000000e+00	0.000000e+00	0.000000e+00	0.000000e+00	0.000000e+00	0.000000e+00	0.000000e+00	0.000000e+00	0.000000e+00	0.000000e+00	0.000000e+00	0.000000e+00	0.000000e+00	0.000000e+00	0.000000e+00	0.000000e+00	
476.191295	456.687049	495.695542	741.255799	2.510093e+06	3.893268e-33	0.000000e+00	3.555731e-14	5.717144e-20	0.000000e+00	0.000000e+00	8.445144e-03	1.015567e-33	1.015774e-03	2.348143e-17	3.737783e-31	8.511851e-26	2.834974e-42	2.857336e-66	0.000000e+00	8.364797e-29	1.046072e-36	6.266139e-54	1.062131e-48	2.230376e-10	4.972958e-03	1.056846e-14	0.000000e+00	0.000000e+00	0.000000e+00	2.134401e-59	4.560141e-22	0.000000e+00	9.645433e-15	0.000000e+00	0.000000e+00	0.000000e+00	0.000000e+00	0.000000e+00	0.000000e+00	0.000000e+00	1.028809e-14	5.933744e-33	5.326551e-34	1.411342e-21	7.668975e-17	1.306018e-21	5.472675e-21	1.464279e-35	2.273149e-04	3.013157e-13	0.000000e+00	0.000000e+00	1.919126e-15	4.383114e-24	0.000000e+00	1.364736e-11	8.420242e-01	2.624326e-35	7.500753e-05	0.000000e+00	2.605952e-28	1.369030e-41	2.948096e-29	3.673977e-15	1.076938e-22	0.000000e+00	0.000000e+00	1.625357e-36	0.000000e+00	0.000000e+00	0.000000e+00	0.000000e+00	0.000000e+00	0.000000e+00	0.000000e+00	3.873806e-18	5.139134e-37	0.000000e+00	0.000000e+00	0.000000e+00	0.000000e+00	0.000000e+00	0.000000e+00	0.000000e+00	0.000000e+00	0.000000e+00	0.000000e+00	0.000000e+00	0.000000e+00	0.000000e+00	0.000000e+00	0.000000e+00	0.000000e+00	0.000000e+00	0.000000e+00	0.000000e+00	0.000000e+00	0.000000e+00	0.000000e+00	0.000000e+00	0.000000e+00	0.000000e+00	0.000000e+00	0.000000e+00	0.000000e+00	0.000000e+00	0.000000e+00	0.000000e+00	0.000000e+00	0.000000e+00	0.000000e+00	0.000000e+00	0.000000e+00	0.000000e+00	0.000000e+00	0.000000e+00	0.000000e+00	0.000000e+00	0.000000e+00	
514.712845	495.695542	533.730149	722.749850	2.059909e+06	5.929733e-34	0.000000e+00	1.559183e-14	1.922373e-20	0.000000e+00	0.000000e+00	8.445438e-03	1.509311e-34	1.023179e-03	9.611955e-18	8.971920e-32	2.244720e-26	3.398365e-43	1.030769e-67	0.000000e+00	1.946487e-29	1.812501e-37	4.878780e-55	5.469785e-50	1.296235e-10	4.973068e-03	5.313627e-15	0.000000e+00	0.000000e+00	0.000000e+00	5.601356e-61	1.272390e-22	0.000000e+00	4.759836e-15	0.000000e+00	0.000000e+00	0.000000e+00	0.000000e+00	0.000000e+00	0.000000e+00	0.000000e+00	4.844655e-15	8.845121e-34	8.815886e-35	4.830768e-22	4.426421e-17	5.012210e-22	2.628919e-21	3.766064e-36	2.273133e-04	1.680472e-13	0.000000e+00	0.000000e+00	1.119276e-15	1.261743e-24	0.000000e+00	9.176697e-12	8.420168e-01	4.076029e-36	7.130020e-05	0.000000e+00	5.318939e-29	1.080922e-42	5.058314e-30	1.577502e-15	3.021221e-23	0.000000e+00	0.000000e+00	1.764460e-37	0.000000e+00	0.000000e+00	0.000000e+00	0.000000e+00	0.000000e+00	0.000000e+00	0.000000e+00	1.748467e-18	1.577444e-37	0.000000e+00	0.000000e+00	0.000000e+00	0.000000e+00	0.000000e+00	0.000000e+00	0.000000e+00	0.000000e+00	0.000000e+00	0.000000e+00	0.000000e+00	0.000000e+00	0.000000e+00	0.000000e+00	0.000000e+00	0.000000e+00	0.000000e+00	0.000000e+00	0.000000e+00	0.000000e+00	0.000000e+00	0.000000e+00	0.000000e+00	0.000000e+00	0.000000e+00	0.000000e+00	0.000000e+00	0.000000e+00	0.000000e+00	0.000000e+00	0.000000e+00	0.000000e+00	0.000000e+00	0.000000e+00	0.000000e+00	0.000000e+00	0.000000e+00	0.000000e+00	0.000000e+00	0.000000e+00	0.000000e+00	0.000000e+00	
552.250659	533.730149	570.771170	703.873119	1.690464e+06	7.745227e-35	0.000000e+00	6.386814e-15	5.920049e-21	0.000000e+00	0.000000e+00	8.445797e-03	1.911129e-35	1.033898e-03	3.665095e-18	1.893846e-32	5.263604e-27	3.417939e-44	2.856351e-69	0.000000e+00	4.019247e-30	2.728245e-38	3.111853e-56	2.196365e-51	7.032044e-11	4.973167e-03	2.503298e-15	0.000000e+00	0.000000e+00	0.000000e+00	1.074675e-62	3.139268e-23	0.000000e+00	2.198008e-15	0.000000e+00	0.000000e+00	0.000000e+00	0.000000e+00	0.000000e+00	0.000000e+00	0.000000e+00	2.102285e-15	1.107234e-34	1.235972e-35	1.505434e-22	2.418193e-17	1.766644e-22	1.179921e-21	8.646229e-37	2.273179e-04	8.910862e-14	0.000000e+00	0.000000e+00	6.098330e-16	3.217757e-25	0.000000e+00	5.825900e-12	8.420086e-01	5.437933e-37	6.596302e-05	0.000000e+00	9.536605e-30	6.918233e-44	7.506140e-31	6.316018e-16	7.550325e-24	0.000000e+00	0.000000e+00	1.567263e-38	0.000000e+00	0.000000e+00	0.000000e+00	0.000000e+00	0.000000e+00	0.000000e+00	0.000000e+00	7.252578e-19	4.448416e-38	0.000000e+00	0.000000e+00	0.000000e+00	0.000000e+00	0.000000e+00	0.000000e+00	0.000000e+00	0.000000e+00	0.000000e+00	0.000000e+00	0.000000e+00	0.000000e+00	0.000000e+00	0.000000e+00	0.000000e+00	0.000000e+00	0.000000e+00	0.000000e+00	0.000000e+00	0.000000e+00	0.000000e+00	0.000000e+00	0.000000e+00	0.000000e+00	0.000000e+00	0.000000e+00	0.000000e+00	0.000000e+00	0.000000e+00	0.000000e+00	0.000000e+00	0.000000e+00	0.000000e+00	0.000000e+00	0.000000e+00	0.000000e+00	0.000000e+00	0.000000e+00	0.000000e+00	0.000000e+00	0.000000e+00	0.000000e+00	
588.771017	570.771170	606.770865	684.092849	1.387280e+06	7.970983e-36	0.000000e+00	2.353850e-15	1.590690e-21	0.000000e+00	0.000000e+00	8.445650e-03	1.886133e-36	1.049013e-03	1.250980e-18	3.269041e-33	1.027710e-27	2.615580e-45	5.250964e-71	0.000000e+00	6.888710e-31	3.297659e-39	1.454869e-57	5.996267e-53	3.427781e-11	4.973070e-03	1.065928e-15	0.000000e+00	0.000000e+00	0.000000e+00	1.268554e-64	6.398654e-24	0.000000e+00	9.155403e-16	0.000000e+00	0.000000e+00	0.000000e+00	0.000000e+00	0.000000e+00	0.000000e+00	0.000000e+00	8.028909e-16	1.056353e-35	1.338096e-36	4.056008e-23	1.212914e-17	5.455837e-23	4.764259e-22	1.663392e-37	2.273187e-04	4.369093e-14	0.000000e+00	0.000000e+00	2.988623e-16	6.800039e-26	0.000000e+00	3.381742e-12	8.420027e-01	5.729868e-38	5.841147e-05	0.000000e+00	1.397448e-30	3.197515e-45	8.893240e-32	2.268989e-16	1.576943e-24	0.000000e+00	0.000000e+00	1.019807e-39	0.000000e+00	0.000000e+00	0.000000e+00	0.000000e+00	0.000000e+00	0.000000e+00	0.000000e+00	2.636030e-19	1.098809e-38	0.000000e+00	0.000000e+00	0.000000e+00	0.000000e+00	0.000000e+00	0.000000e+00	0.000000e+00	0.000000e+00	0.000000e+00	0.000000e+00	0.000000e+00	0.000000e+00	0.000000e+00	0.000000e+00	0.000000e+00	0.000000e+00	0.000000e+00	0.000000e+00	0.000000e+00	0.000000e+00	0.000000e+00	0.000000e+00	0.000000e+00	0.000000e+00	0.000000e+00	0.000000e+00	0.000000e+00	0.000000e+00	0.000000e+00	0.000000e+00	0.000000e+00	0.000000e+00	0.000000e+00	0.000000e+00	0.000000e+00	0.000000e+00	0.000000e+00	0.000000e+00	0.000000e+00	0.000000e+00	0.000000e+00	0.000000e+00	
624.221444	606.770865	641.672022	663.220190	1.138472e+06	6.105920e-37	0.000000e+00	7.610184e-16	3.609921e-22	0.000000e+00	0.000000e+00	8.445921e-03	1.364872e-37	1.068168e-03	3.716540e-19	4.385820e-34	1.597127e-28	1.424942e-46	5.799563e-73	0.000000e+00	9.360721e-32	3.033695e-40	4.624319e-59	1.014951e-54	1.463932e-11	4.973281e-03	4.005629e-16	0.000000e+00	0.000000e+00	0.000000e+00	8.203980e-67	1.029694e-24	0.000000e+00	3.357059e-16	0.000000e+00	0.000000e+00	0.000000e+00	0.000000e+00	0.000000e+00	0.000000e+00	0.000000e+00	2.614273e-16	7.188161e-37	1.050480e-37	9.124928e-24	5.473515e-18	1.430640e-23	1.688150e-22	2.572199e-38	2.273263e-04	1.944148e-14	0.000000e+00	0.000000e+00	1.285061e-16	1.138736e-26	0.000000e+00	1.757764e-12	8.419865e-01	4.507874e-39	4.885549e-05	0.000000e+00	1.592334e-31	9.872983e-47	7.972289e-33	7.127205e-17	2.637705e-25	0.000000e+00	0.000000e+00	4.513671e-41	0.000000e+00	0.000000e+00	0.000000e+00	0.000000e+00	0.000000e+00	0.000000e+00	0.000000e+00	8.125528e-20	2.305299e-39	0.000000e+00	0.000000e+00	0.000000e+00	0.000000e+00	0.000000e+00	0.000000e+00	0.000000e+00	0.000000e+00	0.000000e+00	0.000000e+00	0.000000e+00	0.000000e+00	0.000000e+00	0.000000e+00	0.000000e+00	0.000000e+00	0.000000e+00	0.000000e+00	0.000000e+00	0.000000e+00	0.000000e+00	0.000000e+00	0.000000e+00	0.000000e+00	0.000000e+00	0.000000e+00	0.000000e+00	0.000000e+00	0.000000e+00	0.000000e+00	0.000000e+00	0.000000e+00	0.000000e+00	0.000000e+00	0.000000e+00	0.000000e+00	0.000000e+00	0.000000e+00	0.000000e+00	0.000000e+00	0.000000e+00	0.000000e+00	
658.544432	641.672022	675.416842	641.255432	9.342870e+05	3.335542e-38	0.000000e+00	2.118020e-16	6.751568e-23	0.000000e+00	0.000000e+00	8.445726e-03	6.908411e-39	1.089634e-03	9.397501e-20	4.390311e-35	1.907049e-29	5.249194e-48	3.566751e-75	0.000000e+00	9.729065e-33	2.037272e-41	9.428971e-61	9.937896e-57	5.373748e-12	4.973269e-03	1.304507e-16	0.000000e+00	0.000000e+00	0.000000e+00	2.663924e-69	1.264240e-25	0.000000e+00	1.063726e-16	0.000000e+00	0.000000e+00	0.000000e+00	0.000000e+00	0.000000e+00	0.000000e+00	0.000000e+00	7.076127e-17	3.314405e-38	5.695901e-39	1.669894e-24	2.188252e-18	3.110396e-24	5.150575e-23	3.097502e-39	2.273176e-04	7.740941e-15	0.000000e+00	0.000000e+00	4.757072e-17	1.460866e-27	0.000000e+00	8.051534e-13	8.419776e-01	2.538007e-40	3.811221e-05	0.000000e+00	1.357329e-32	1.920792e-48	5.192776e-34	1.919639e-17	3.421349e-26	0.000000e+00	0.000000e+00	1.284981e-42	0.000000e+00	0.000000e+00	0.000000e+00	0.000000e+00	0.000000e+00	0.000000e+00	0.000000e+00	2.069602e-20	4.012543e-40	0.000000e+00	0.000000e+00	0.000000e+00	0.000000e+00	0.000000e+00	0.000000e+00	0.000000e+00	0.000000e+00	0.000000e+00	0.000000e+00	0.000000e+00	0.000000e+00	0.000000e+00	0.000000e+00	0.000000e+00	0.000000e+00	0.000000e+00	0.000000e+00	0.000000e+00	0.000000e+00	0.000000e+00	0.000000e+00	0.000000e+00	0.000000e+00	0.000000e+00	0.000000e+00	0.000000e+00	0.000000e+00	0.000000e+00	0.000000e+00	0.000000e+00	0.000000e+00	0.000000e+00	0.000000e+00	0.000000e+00	0.000000e+00	0.000000e+00	0.000000e+00	0.000000e+00	0.000000e+00	0.000000e+00	0.000000e+00	
691.688726	675.416842	707.960611	618.433143	7.667228e+05	1.279906e-39	0.000000e+00	5.040270e-17	1.031699e-23	0.000000e+00	0.000000e+00	8.446095e-03	2.400755e-40	1.110833e-03	2.002481e-20	3.222209e-36	1.725209e-30	1.282199e-49	1.187725e-77	0.000000e+00	7.624403e-34	9.828552e-43	1.207057e-62	5.490791e-59	1.684799e-12	4.973134e-03	3.659519e-17	0.000000e+00	0.000000e+00	0.000000e+00	4.210074e-72	1.170420e-26	0.000000e+00	2.894522e-17	0.000000e+00	0.000000e+00	0.000000e+00	0.000000e+00	0.000000e+00	0.000000e+00	0.000000e+00	1.575694e-17	1.015097e-39	2.094133e-40	2.463196e-25	7.711727e-19	5.561974e-25	1.345200e-23	2.875888e-40	2.273259e-04	2.744512e-15	0.000000e+00	0.000000e+00	1.507301e-17	1.419080e-28	0.000000e+00	3.234716e-13	8.419658e-01	1.007625e-41	2.751828e-05	0.000000e+00	8.520755e-34	2.305539e-50	2.422167e-35	4.402653e-18	3.403345e-27	0.000000e+00	0.000000e+00	2.306971e-44	0.000000e+00	0.000000e+00	0.000000e+00	0.000000e+00	0.000000e+00	0.000000e+00	0.000000e+00	4.310988e-21	5.756774e-41	0.000000e+00	0.000000e+00	0.000000e+00	0.000000e+00	0.000000e+00	0.000000e+00	0.000000e+00	0.000000e+00	0.000000e+00	0.000000e+00	0.000000e+00	0.000000e+00	0.000000e+00	0.000000e+00	0.000000e+00	0.000000e+00	0.000000e+00	0.000000e+00	0.000000e+00	0.000000e+00	0.000000e+00	0.000000e+00	0.000000e+00	0.000000e+00	0.000000e+00	0.000000e+00	0.000000e+00	0.000000e+00	0.000000e+00	0.000000e+00	0.000000e+00	0.000000e+00	0.000000e+00	0.000000e+00	0.000000e+00	0.000000e+00	0.000000e+00	0.000000e+00	0.000000e+00	0.000000e+00	0.000000e+00	0.000000e+00	
723.619690	707.960611	739.278770	595.143793	6.292112e+05	3.487523e-41	0.000000e+00	1.030622e-17	1.296037e-24	0.000000e+00	0.000000e+00	8.446269e-03	5.782695e-42	1.129213e-03	3.606425e-21	1.744164e-37	1.190308e-31	2.099385e-51	2.179024e-80	0.000000e+00	4.535397e-35	3.435467e-44	9.827001e-65	1.742505e-61	4.536492e-13	4.973654e-03	8.887878e-18	0.000000e+00	0.000000e+00	0.000000e+00	3.312599e-75	8.249540e-28	0.000000e+00	6.800917e-18	0.000000e+00	0.000000e+00	0.000000e+00	0.000000e+00	0.000000e+00	0.000000e+00	0.000000e+00	2.899721e-18	2.087394e-41	5.276981e-42	2.948237e-26	2.405421e-19	8.230782e-26	3.023413e-24	2.076857e-41	2.273408e-04	8.695335e-16	0.000000e+00	0.000000e+00	4.111470e-18	1.053245e-29	0.000000e+00	1.145502e-13	8.419470e-01	2.851617e-43	1.836401e-05	0.000000e+00	3.967665e-35	1.733016e-52	8.175401e-37	8.642275e-19	2.618788e-28	0.000000e+00	0.000000e+00	2.650990e-46	0.000000e+00	0.000000e+00	0.000000e+00	0.000000e+00	0.000000e+00	0.000000e+00	0.000000e+00	7.380349e-22	6.857927e-42	0.000000e+00	0.000000e+00	0.000000e+00	0.000000e+00	0.000000e+00	0.000000e+00	0.000000e+00	0.000000e+00	0.000000e+00	0.000000e+00	0.000000e+00	0.000000e+00	0.000000e+00	0.000000e+00	0.000000e+00	0.000000e+00	0.000000e+00	0.000000e+00	0.000000e+00	0.000000e+00	0.000000e+00	0.000000e+00	0.000000e+00	0.000000e+00	0.000000e+00	0.000000e+00	0.000000e+00	0.000000e+00	0.000000e+00	0.000000e+00	0.000000e+00	0.000000e+00	0.000000e+00	0.000000e+00	0.000000e+00	0.000000e+00	0.000000e+00	0.000000e+00	0.000000e+00	0.000000e+00	0.000000e+00	0.000000e+00	
754.324027	739.278770	769.369283	571.820689	5.163623e+05	6.945057e-43	0.000000e+00	1.834117e-18	1.360626e-25	0.000000e+00	0.000000e+00	8.446618e-03	9.941774e-44	1.143185e-03	5.558303e-22	7.128697e-39	6.400508e-33	2.380658e-53	2.314333e-83	0.000000e+00	2.093283e-36	8.932659e-46	5.282994e-67	3.325903e-64	1.062917e-13	4.973587e-03	1.891906e-18	0.000000e+00	0.000000e+00	0.000000e+00	1.375089e-78	4.529863e-29	0.000000e+00	1.396815e-18	0.000000e+00	0.000000e+00	0.000000e+00	0.000000e+00	0.000000e+00	0.000000e+00	0.000000e+00	4.476259e-19	2.975177e-43	9.400473e-44	2.913726e-27	6.708994e-20	1.024245e-26	5.925993e-25	1.192802e-42	2.273342e-04	2.484833e-16	0.000000e+00	0.000000e+00	9.782945e-19	6.108600e-31	0.000000e+00	3.616791e-14	8.419416e-01	5.919740e-45	1.137606e-05	0.000000e+00	1.402993e-36	8.479896e-55	2.050823e-38	1.470665e-19	1.592933e-29	0.000000e+00	0.000000e+00	2.023593e-48	0.000000e+00	0.000000e+00	0.000000e+00	0.000000e+00	0.000000e+00	0.000000e+00	0.000000e+00	1.054938e-22	6.904221e-43	0.000000e+00	0.000000e+00	0.000000e+00	0.000000e+00	0.000000e+00	0.000000e+00	0.000000e+00	0.000000e+00	0.000000e+00	0.000000e+00	0.000000e+00	0.000000e+00	0.000000e+00	0.000000e+00	0.000000e+00	0.000000e+00	0.000000e+00	0.000000e+00	0.000000e+00	0.000000e+00	0.000000e+00	0.000000e+00	0.000000e+00	0.000000e+00	0.000000e+00	0.000000e+00	0.000000e+00	0.000000e+00	0.000000e+00	0.000000e+00	0.000000e+00	0.000000e+00	0.000000e+00	0.000000e+00	0.000000e+00	0.000000e+00	0.000000e+00	0.000000e+00	0.000000e+00	0.000000e+00	0.000000e+00	0.000000e+00	
783.810397	769.369283	798.251510	548.857829	4.237528e+05	1.049891e-44	0.000000e+00	2.889163e-19	1.219890e-26	0.000000e+00	0.000000e+00	8.446473e-03	1.270665e-45	1.152781e-03	7.467089e-23	2.277450e-40	2.765012e-34	1.955419e-55	1.521483e-86	0.000000e+00	7.730405e-38	1.791685e-47	1.973709e-69	4.060816e-67	2.206028e-14	4.973891e-03	3.588801e-19	0.000000e+00	0.000000e+00	0.000000e+00	3.255774e-82	1.999776e-30	0.000000e+00	2.551517e-19	0.000000e+00	0.000000e+00	0.000000e+00	0.000000e+00	0.000000e+00	0.000000e+00	0.000000e+00	5.925575e-20	3.073398e-45	1.236058e-45	2.434079e-28	1.697165e-20	1.094996e-27	1.030874e-25	5.609447e-44	2.273416e-04	6.486298e-17	0.000000e+00	0.000000e+00	2.067705e-19	2.854807e-32	0.000000e+00	1.033865e-14	8.419297e-01	9.360260e-47	6.603577e-06	0.000000e+00	3.893783e-38	2.845102e-57	3.963745e-40	2.207834e-20	7.885813e-31	0.000000e+00	0.000000e+00	1.079079e-50	0.000000e+00	0.000000e+00	0.000000e+00	0.000000e+00	0.000000e+00	0.000000e+00	0.000000e+00	1.288298e-23	6.008598e-44	0.000000e+00	0.000000e+00	0.000000e+00	0.000000e+00	0.000000e+00	0.000000e+00	0.000000e+00	0.000000e+00	0.000000e+00	0.000000e+00	0.000000e+00	0.000000e+00	0.000000e+00	0.000000e+00	0.000000e+00	0.000000e+00	0.000000e+00	0.000000e+00	0.000000e+00	0.000000e+00	0.000000e+00	0.000000e+00	0.000000e+00	0.000000e+00	0.000000e+00	0.000000e+00	0.000000e+00	0.000000e+00	0.000000e+00	0.000000e+00	0.000000e+00	0.000000e+00	0.000000e+00	0.000000e+00	0.000000e+00	0.000000e+00	0.000000e+00	0.000000e+00	0.000000e+00	0.000000e+00	0.000000e+00	0.000000e+00	
812.107052	798.251510	825.962594	526.601693	3.477529e+05	1.264232e-46	0.000000e+00	4.115373e-20	9.601303e-28	0.000000e+00	0.000000e+00	8.446623e-03	1.271529e-47	1.158649e-03	8.953713e-24	5.944670e-42	9.975582e-36	1.231763e-57	6.741061e-90	0.000000e+00	2.375816e-39	2.903803e-49	5.468490e-72	3.427195e-70	4.145438e-15	4.973791e-03	6.192709e-20	0.000000e+00	0.000000e+00	0.000000e+00	4.847638e-86	7.377234e-32	0.000000e+00	4.232274e-20	0.000000e+00	0.000000e+00	0.000000e+00	0.000000e+00	0.000000e+00	0.000000e+00	0.000000e+00	6.914494e-21	2.434077e-47	1.266468e-47	1.769815e-29	3.961466e-21	1.032981e-28	1.626797e-26	2.240427e-45	2.273411e-04	1.571081e-17	0.000000e+00	0.000000e+00	3.967751e-20	1.116534e-33	0.000000e+00	2.726218e-15	8.419323e-01	1.182548e-48	3.636526e-06	0.000000e+00	8.846669e-40	6.986783e-60	6.175112e-42	2.988179e-21	3.294848e-32	0.000000e+00	0.000000e+00	4.279336e-53	0.000000e+00	0.000000e+00	0.000000e+00	0.000000e+00	0.000000e+00	0.000000e+00	0.000000e+00	1.383334e-24	4.649703e-45	0.000000e+00	0.000000e+00	0.000000e+00	0.000000e+00	0.000000e+00	0.000000e+00	0.000000e+00	0.000000e+00	0.000000e+00	0.000000e+00	0.000000e+00	0.000000e+00	0.000000e+00	0.000000e+00	0.000000e+00	0.000000e+00	0.000000e+00	0.000000e+00	0.000000e+00	0.000000e+00	0.000000e+00	0.000000e+00	0.000000e+00	0.000000e+00	0.000000e+00	0.000000e+00	0.000000e+00	0.000000e+00	0.000000e+00	0.000000e+00	0.000000e+00	0.000000e+00	0.000000e+00	0.000000e+00	0.000000e+00	0.000000e+00	0.000000e+00	0.000000e+00	0.000000e+00	0.000000e+00	0.000000e+00	0.000000e+00	
839.256354	825.962594	852.550114	505.250080	2.853835e+05	1.256820e-48	0.000000e+00	5.385647e-21	6.770924e-29	0.000000e+00	0.000000e+00	8.446786e-03	1.036200e-49	1.162089e-03	9.760624e-25	1.312292e-43	3.095975e-37	6.213520e-60	1.882653e-90	0.000000e+00	6.261588e-41	3.939000e-51	1.180132e-74	2.118862e-73	7.171485e-16	4.973786e-03	9.873146e-21	0.000000e+00	0.000000e+00	0.000000e+00	4.884703e-90	2.342067e-33	0.000000e+00	6.477975e-21	0.000000e+00	0.000000e+00	0.000000e+00	0.000000e+00	0.000000e+00	0.000000e+00	0.000000e+00	7.267726e-22	1.542883e-49	1.053983e-49	1.144901e-30	8.644955e-22	8.773128e-30	2.367346e-27	7.809835e-47	2.273411e-04	3.573052e-18	0.000000e+00	0.000000e+00	7.029458e-21	3.760997e-35	0.000000e+00	6.726676e-16	8.419271e-01	1.236875e-50	1.920410e-06	0.000000e+00	1.699153e-41	1.318802e-62	8.021814e-44	3.706496e-22	1.194125e-33	0.000000e+00	0.000000e+00	1.323207e-55	0.000000e+00	0.000000e+00	0.000000e+00	0.000000e+00	0.000000e+00	0.000000e+00	0.000000e+00	1.335757e-25	3.267204e-46	0.000000e+00	0.000000e+00	0.000000e+00	0.000000e+00	0.000000e+00	0.000000e+00	0.000000e+00	0.000000e+00	0.000000e+00	0.000000e+00	0.000000e+00	0.000000e+00	0.000000e+00	0.000000e+00	0.000000e+00	0.000000e+00	0.000000e+00	0.000000e+00	0.000000e+00	0.000000e+00	0.000000e+00	0.000000e+00	0.000000e+00	0.000000e+00	0.000000e+00	0.000000e+00	0.000000e+00	0.000000e+00	0.000000e+00	0.000000e+00	0.000000e+00	0.000000e+00	0.000000e+00	0.000000e+00	0.000000e+00	0.000000e+00	0.000000e+00	0.000000e+00	0.000000e+00	0.000000e+00	0.000000e+00	0.000000e+00	
865.304138	852.550114	878.058163	484.739632	2.342000e+05	1.016555e-50	0.000000e+00	6.433651e-22	4.242589e-30	0.000000e+00	0.000000e+00	8.446749e-03	6.776922e-52	1.164006e-03	9.612537e-26	2.424092e-45	8.180041e-39	2.470511e-62	1.882669e-90	0.000000e+00	1.400175e-42	4.416737e-53	1.948408e-77	9.371749e-77	1.135191e-16	4.973923e-03	1.445769e-21	0.000000e+00	0.000000e+00	0.000000e+00	1.882669e-90	6.327427e-35	0.000000e+00	9.094983e-22	0.000000e+00	0.000000e+00	0.000000e+00	0.000000e+00	0.000000e+00	0.000000e+00	0.000000e+00	6.834428e-23	7.704091e-52	7.021310e-52	6.531368e-32	1.754969e-22	6.654908e-31	3.157673e-28	2.351952e-48	2.273457e-04	7.593611e-19	0.000000e+00	0.000000e+00	1.143119e-21	1.078960e-36	0.000000e+00	1.545518e-16	8.419247e-01	1.055728e-52	9.715260e-07	0.000000e+00	2.726484e-43	1.875407e-65	8.570240e-46	4.185717e-23	3.713967e-35	0.000000e+00	0.000000e+00	3.130706e-58	0.000000e+00	0.000000e+00	0.000000e+00	0.000000e+00	0.000000e+00	0.000000e+00	0.000000e+00	1.151974e-26	2.069882e-47	0.000000e+00	0.000000e+00	0.000000e+00	0.000000e+00	0.000000e+00	0.000000e+00	0.000000e+00	0.000000e+00	0.000000e+00	0.000000e+00	0.000000e+00	0.000000e+00	0.000000e+00	0.000000e+00	0.000000e+00	0.000000e+00	0.000000e+00	0.000000e+00	0.000000e+00	0.000000e+00	0.000000e+00	0.000000e+00	0.000000e+00	0.000000e+00	0.000000e+00	0.000000e+00	0.000000e+00	0.000000e+00	0.000000e+00	0.000000e+00	0.000000e+00	0.000000e+00	0.000000e+00	0.000000e+00	0.000000e+00	0.000000e+00	0.000000e+00	0.000000e+00	0.000000e+00	0.000000e+00	0.000000e+00	0.000000e+00	
890.289946	878.058163	902.521729	464.887207	1.921963e+05	6.358723e-53	0.000000e+00	6.859613e-23	2.294444e-31	0.000000e+00	0.000000e+00	8.446863e-03	3.372528e-54	1.165019e-03	8.349354e-27	3.591055e-47	1.769860e-40	7.307130e-65	1.882683e-90	0.000000e+00	2.553238e-44	3.908567e-55	2.305105e-80	2.731212e-80	1.608262e-17	4.974003e-03	1.903922e-22	0.000000e+00	0.000000e+00	0.000000e+00	1.882683e-90	1.397593e-36	0.000000e+00	1.146317e-22	0.000000e+00	0.000000e+00	0.000000e+00	0.000000e+00	0.000000e+00	0.000000e+00	0.000000e+00	5.597819e-24	2.859970e-54	3.546139e-54	3.185470e-33	3.255059e-23	4.384567e-32	3.777408e-29	5.899706e-50	2.273432e-04	1.483087e-19	0.000000e+00	0.000000e+00	1.669831e-22	2.533657e-38	0.000000e+00	3.247619e-17	8.419230e-01	6.994850e-55	4.665474e-07	0.000000e+00	3.500144e-45	1.874225e-68	7.177099e-48	4.205309e-24	9.545551e-37	0.000000e+00	0.000000e+00	5.306031e-61	0.000000e+00	0.000000e+00	0.000000e+00	0.000000e+00	0.000000e+00	0.000000e+00	0.000000e+00	8.633291e-28	1.151436e-48	0.000000e+00	0.000000e+00	0.000000e+00	0.000000e+00	0.000000e+00	0.000000e+00	0.000000e+00	0.000000e+00	0.000000e+00	0.000000e+00	0.000000e+00	0.000000e+00	0.000000e+00	0.000000e+00	0.000000e+00	0.000000e+00	0.000000e+00	0.000000e+00	0.000000e+00	0.000000e+00	0.000000e+00	0.000000e+00	0.000000e+00	0.000000e+00	0.000000e+00	0.000000e+00	0.000000e+00	0.000000e+00	0.000000e+00	0.000000e+00	0.000000e+00	0.000000e+00	0.000000e+00	0.000000e+00	0.000000e+00	0.000000e+00	0.000000e+00	0.000000e+00	0.000000e+00	0.000000e+00	0.000000e+00	0.000000e+00	
914.248041	902.521729	925.974352	445.678834	1.577259e+05	3.029714e-55	0.000000e+00	6.484358e-24	1.061694e-32	0.000000e+00	0.000000e+00	8.446659e-03	1.257352e-56	1.165536e-03	6.351388e-28	4.217092e-49	3.101153e-42	1.581076e-67	1.882651e-90	0.000000e+00	3.753571e-46	2.694036e-57	1.917749e-83	5.117060e-84	2.026718e-18	4.973741e-03	2.241130e-23	0.000000e+00	0.000000e+00	0.000000e+00	1.882651e-90	2.495009e-38	0.000000e+00	1.289092e-23	0.000000e+00	0.000000e+00	0.000000e+00	0.000000e+00	0.000000e+00	0.000000e+00	0.000000e+00	3.964515e-25	7.761473e-57	1.337233e-56	1.316166e-34	5.488436e-24	2.488671e-33	4.028327e-30	1.220120e-51	2.273426e-04	2.648888e-20	0.000000e+00	0.000000e+00	2.178618e-23	4.814470e-40	0.000000e+00	6.211629e-18	8.419257e-01	3.544281e-57	2.123178e-07	0.000000e+00	3.549511e-47	1.289101e-71	4.644024e-50	3.732956e-25	2.005177e-38	0.000000e+00	0.000000e+00	6.317789e-64	0.000000e+00	0.000000e+00	0.000000e+00	0.000000e+00	0.000000e+00	0.000000e+00	0.000000e+00	5.581800e-29	5.585697e-50	0.000000e+00	0.000000e+00	0.000000e+00	0.000000e+00	0.000000e+00	0.000000e+00	0.000000e+00	0.000000e+00	0.000000e+00	0.000000e+00	0.000000e+00	0.000000e+00	0.000000e+00	0.000000e+00	0.000000e+00	0.000000e+00	0.000000e+00	0.000000e+00	0.000000e+00	0.000000e+00	0.000000e+00	0.000000e+00	0.000000e+00	0.000000e+00	0.000000e+00	0.000000e+00	0.000000e+00	0.000000e+00	0.000000e+00	0.000000e+00	0.000000e+00	0.000000e+00	0.000000e+00	0.000000e+00	0.000000e+00	0.000000e+00	0.000000e+00	0.000000e+00	0.000000e+00	0.000000e+00	0.000000e+00	0.000000e+00	
937.221967	925.974352	948.469581	427.484236	1.294378e+05	1.226833e-57	0.000000e+00	5.704607e-25	4.475243e-34	0.000000e+00	0.000000e+00	8.446892e-03	3.946026e-59	1.165801e-03	4.461450e-29	4.325291e-51	4.797597e-44	2.844112e-70	1.882722e-90	0.000000e+00	4.857013e-48	1.603468e-59	1.297262e-86	7.359268e-88	2.387358e-19	4.974152e-03	2.471033e-24	0.000000e+00	0.000000e+00	0.000000e+00	1.882722e-90	3.932287e-40	0.000000e+00	1.356853e-24	0.000000e+00	0.000000e+00	0.000000e+00	0.000000e+00	0.000000e+00	0.000000e+00	0.000000e+00	2.580907e-26	1.748571e-59	4.250875e-59	4.925588e-36	8.750666e-25	1.293289e-34	4.021689e-31	2.257454e-53	2.273518e-04	4.485126e-21	0.000000e+00	0.000000e+00	2.666845e-24	8.073254e-42	0.000000e+00	1.127519e-18	8.419195e-01	1.530862e-59	9.383930e-08	0.000000e+00	3.126081e-49	7.087244e-75	2.575159e-52	3.077822e-26	3.739815e-40	0.000000e+00	0.000000e+00	6.099758e-67	0.000000e+00	0.000000e+00	0.000000e+00	0.000000e+00	0.000000e+00	0.000000e+00	0.000000e+00	3.316962e-30	2.512945e-51	0.000000e+00	0.000000e+00	0.000000e+00	0.000000e+00	0.000000e+00	0.000000e+00	0.000000e+00	0.000000e+00	0.000000e+00	0.000000e+00	0.000000e+00	0.000000e+00	0.000000e+00	0.000000e+00	0.000000e+00	0.000000e+00	0.000000e+00	0.000000e+00	0.000000e+00	0.000000e+00	0.000000e+00	0.000000e+00	0.000000e+00	0.000000e+00	0.000000e+00	0.000000e+00	0.000000e+00	0.000000e+00	0.000000e+00	0.000000e+00	0.000000e+00	0.000000e+00	0.000000e+00	0.000000e+00	0.000000e+00	0.000000e+00	0.000000e+00	0.000000e+00	0.000000e+00	0.000000e+00	0.000000e+00	0.000000e+00	
959.274356	948.469581	970.079131	410.653492	1.062232e+05	4.877647e-60	0.000000e+00	4.979567e-26	1.866294e-35	0.000000e+00	0.000000e+00	8.446705e-03	1.215505e-61	1.165910e-03	3.103056e-30	4.396388e-53	7.338202e-46	5.029245e-73	1.882666e-90	0.000000e+00	6.206894e-50	9.430472e-62	8.626240e-90	1.882666e-90	2.802425e-20	4.973899e-03	2.711418e-25	0.000000e+00	0.000000e+00	0.000000e+00	1.882666e-90	6.136879e-42	0.000000e+00	1.421724e-25	0.000000e+00	0.000000e+00	0.000000e+00	0.000000e+00	0.000000e+00	0.000000e+00	0.000000e+00	1.671800e-27	3.863706e-62	1.334339e-61	1.823309e-37	1.388754e-25	6.663741e-36	4.004010e-32	4.153883e-55	2.273420e-04	7.548492e-22	0.000000e+00	0.000000e+00	3.262005e-25	1.337953e-43	0.000000e+00	2.048134e-19	8.419241e-01	6.500606e-62	4.155522e-08	0.000000e+00	2.709110e-51	3.793443e-78	1.402328e-54	2.516453e-27	6.899821e-42	0.000000e+00	0.000000e+00	5.762416e-70	0.000000e+00	0.000000e+00	0.000000e+00	0.000000e+00	0.000000e+00	0.000000e+00	0.000000e+00	1.965595e-31	1.133994e-52	0.000000e+00	0.000000e+00	0.000000e+00	0.000000e+00	0.000000e+00	0.000000e+00	0.000000e+00	0.000000e+00	0.000000e+00	0.000000e+00	0.000000e+00	0.000000e+00	0.000000e+00	0.000000e+00	0.000000e+00	0.000000e+00	0.000000e+00	0.000000e+00	0.000000e+00	0.000000e+00	0.000000e+00	0.000000e+00	0.000000e+00	0.000000e+00	0.000000e+00	0.000000e+00	0.000000e+00	0.000000e+00	0.000000e+00	0.000000e+00	0.000000e+00	0.000000e+00	0.000000e+00	0.000000e+00	0.000000e+00	0.000000e+00	0.000000e+00	0.000000e+00	0.000000e+00	0.000000e+00	0.000000e+00	0.000000e+00	
980.471210	970.079131	990.863288	394.968474	8.717206e+04	1.853556e-62	0.000000e+00	4.261492e-27	7.582819e-37	0.000000e+00	0.000000e+00	8.446897e-03	3.571577e-64	1.165926e-03	2.109521e-31	4.327598e-55	1.086882e-47	8.476641e-76	1.882693e-90	0.000000e+00	7.669071e-52	5.346630e-64	1.882693e-90	1.882693e-90	3.240790e-21	4.973841e-03	2.928597e-26	0.000000e+00	0.000000e+00	0.000000e+00	1.882693e-90	9.287319e-44	0.000000e+00	1.466611e-26	0.000000e+00	0.000000e+00	0.000000e+00	0.000000e+00	0.000000e+00	0.000000e+00	0.000000e+00	1.062193e-28	8.119999e-65	4.018147e-64	6.568019e-39	2.173610e-26	3.354959e-37	3.930632e-33	7.457486e-57	2.273414e-04	1.251799e-22	0.000000e+00	0.000000e+00	3.942823e-26	2.146501e-45	0.000000e+00	3.688636e-20	8.419219e-01	2.643057e-64	1.833907e-08	0.000000e+00	2.257202e-53	1.905560e-81	7.312311e-57	2.015829e-28	1.234578e-43	0.000000e+00	0.000000e+00	5.145244e-73	0.000000e+00	0.000000e+00	0.000000e+00	0.000000e+00	0.000000e+00	0.000000e+00	0.000000e+00	1.144719e-32	5.062128e-54	0.000000e+00	0.000000e+00	0.000000e+00	0.000000e+00	0.000000e+00	0.000000e+00	0.000000e+00	0.000000e+00	0.000000e+00	0.000000e+00	0.000000e+00	0.000000e+00	0.000000e+00	0.000000e+00	0.000000e+00	0.000000e+00	0.000000e+00	0.000000e+00	0.000000e+00	0.000000e+00	0.000000e+00	0.000000e+00	0.000000e+00	0.000000e+00	0.000000e+00	0.000000e+00	0.000000e+00	0.000000e+00	0.000000e+00	0.000000e+00	0.000000e+00	0.000000e+00	0.000000e+00	0.000000e+00	0.000000e+00	0.000000e+00	0.000000e+00	0.000000e+00	0.000000e+00	0.000000e+00	0.000000e+00	0.000000e+00	
1000.847487	990.863288	1010.831686	379.467711	7.153777e+04	4.739541e-65	0.000000e+00	3.060670e-28	2.455349e-38	0.000000e+00	0.000000e+00	8.446667e-03	6.898914e-67	1.165965e-03	1.183192e-32	3.043885e-57	1.185511e-49	9.074630e-79	1.882686e-90	0.000000e+00	6.931893e-54	2.109148e-66	1.882686e-90	1.882686e-90	3.162885e-22	4.973835e-03	2.687746e-27	0.000000e+00	0.000000e+00	0.000000e+00	1.882686e-90	1.031853e-45	0.000000e+00	1.282323e-27	0.000000e+00	0.000000e+00	0.000000e+00	0.000000e+00	0.000000e+00	0.000000e+00	0.000000e+00	5.469394e-30	1.083050e-67	7.921563e-67	1.858702e-40	2.962313e-27	1.359872e-38	3.265780e-34	1.011412e-58	2.273503e-04	1.822830e-23	0.000000e+00	0.000000e+00	4.046448e-27	2.532298e-47	0.000000e+00	5.797573e-21	8.419226e-01	7.273774e-67	7.499528e-09	0.000000e+00	1.335438e-55	5.558066e-85	2.620342e-59	1.348856e-29	1.647921e-45	0.000000e+00	0.000000e+00	2.750312e-76	0.000000e+00	0.000000e+00	0.000000e+00	0.000000e+00	0.000000e+00	0.000000e+00	0.000000e+00	5.385797e-34	1.852257e-55	0.000000e+00	0.000000e+00	0.000000e+00	0.000000e+00	0.000000e+00	0.000000e+00	0.000000e+00	0.000000e+00	0.000000e+00	0.000000e+00	0.000000e+00	0.000000e+00	0.000000e+00	0.000000e+00	0.000000e+00	0.000000e+00	0.000000e+00	0.000000e+00	0.000000e+00	0.000000e+00	0.000000e+00	0.000000e+00	0.000000e+00	0.000000e+00	0.000000e+00	0.000000e+00	0.000000e+00	0.000000e+00	0.000000e+00	0.000000e+00	0.000000e+00	0.000000e+00	0.000000e+00	0.000000e+00	0.000000e+00	0.000000e+00	0.000000e+00	0.000000e+00	0.000000e+00	0.000000e+00	0.000000e+00	0.000000e+00	
1020.377898	1010.831686	1029.924111	362.820350	5.870748e+04	4.297522e-68	0.000000e+00	1.389022e-29	4.391543e-40	0.000000e+00	0.000000e+00	8.446905e-03	4.439439e-70	1.165930e-03	4.015895e-34	8.800112e-60	5.782824e-52	2.945976e-82	1.882708e-90	0.000000e+00	2.756762e-56	3.198879e-69	1.882708e-90	1.882708e-90	1.967926e-23	4.974061e-03	1.604539e-28	0.000000e+00	0.000000e+00	0.000000e+00	1.882708e-90	5.072957e-48	0.000000e+00	7.239556e-29	0.000000e+00	0.000000e+00	0.000000e+00	0.000000e+00	0.000000e+00	0.000000e+00	0.000000e+00	1.613321e-31	4.382601e-71	5.102517e-70	2.795473e-42	2.802003e-28	3.118399e-40	1.741675e-35	6.517958e-61	2.273515e-04	1.888367e-24	0.000000e+00	0.000000e+00	2.680218e-28	1.331065e-49	0.000000e+00	6.320045e-22	8.419206e-01	7.199679e-70	2.491812e-09	0.000000e+00	3.225265e-58	3.916026e-89	3.521170e-62	5.635054e-31	1.017731e-47	0.000000e+00	0.000000e+00	3.826823e-80	0.000000e+00	0.000000e+00	0.000000e+00	0.000000e+00	0.000000e+00	0.000000e+00	0.000000e+00	1.435233e-35	3.962626e-57	0.000000e+00	0.000000e+00	0.000000e+00	0.000000e+00	0.000000e+00	0.000000e+00	0.000000e+00	0.000000e+00	0.000000e+00	0.000000e+00	0.000000e+00	0.000000e+00	0.000000e+00	0.000000e+00	0.000000e+00	0.000000e+00	0.000000e+00	0.000000e+00	0.000000e+00	0.000000e+00	0.000000e+00	0.000000e+00	0.000000e+00	0.000000e+00	0.000000e+00	0.000000e+00	0.000000e+00	0.000000e+00	0.000000e+00	0.000000e+00	0.000000e+00	0.000000e+00	0.000000e+00	0.000000e+00	0.000000e+00	0.000000e+00	0.000000e+00	0.000000e+00	0.000000e+00	0.000000e+00	0.000000e+00	0.000000e+00	
1038.991366	1029.924111	1048.058621	344.615925	4.817831e+04	9.034955e-72	0.000000e+00	3.300549e-31	3.401384e-42	0.000000e+00	0.000000e+00	8.446865e-03	6.069306e-74	1.165957e-03	6.713517e-36	7.284158e-63	9.082263e-55	1.781230e-86	1.882677e-90	0.000000e+00	3.448781e-59	1.262982e-72	1.882677e-90	1.882677e-90	6.500611e-25	4.973737e-03	5.228328e-30	0.000000e+00	0.000000e+00	0.000000e+00	1.882677e-90	7.913436e-51	0.000000e+00	2.208079e-30	0.000000e+00	0.000000e+00	0.000000e+00	0.000000e+00	0.000000e+00	0.000000e+00	0.000000e+00	2.173827e-33	3.303169e-75	6.807895e-74	1.724857e-44	1.585033e-29	3.205069e-42	4.979629e-37	1.474825e-63	2.273433e-04	1.210580e-25	0.000000e+00	0.000000e+00	9.597696e-30	2.240499e-52	0.000000e+00	4.122187e-23	8.419231e-01	1.686085e-73	6.193600e-10	0.000000e+00	2.203164e-61	1.882677e-90	1.186835e-65	1.211703e-32	2.122431e-50	0.000000e+00	0.000000e+00	7.990205e-85	0.000000e+00	0.000000e+00	0.000000e+00	0.000000e+00	0.000000e+00	0.000000e+00	0.000000e+00	1.720624e-37	3.992739e-59	0.000000e+00	0.000000e+00	0.000000e+00	0.000000e+00	0.000000e+00	0.000000e+00	0.000000e+00	0.000000e+00	0.000000e+00	0.000000e+00	0.000000e+00	0.000000e+00	0.000000e+00	0.000000e+00	0.000000e+00	0.000000e+00	0.000000e+00	0.000000e+00	0.000000e+00	0.000000e+00	0.000000e+00	0.000000e+00	0.000000e+00	0.000000e+00	0.000000e+00	0.000000e+00	0.000000e+00	0.000000e+00	0.000000e+00	0.000000e+00	0.000000e+00	0.000000e+00	0.000000e+00	0.000000e+00	0.000000e+00	0.000000e+00	0.000000e+00	0.000000e+00	0.000000e+00	0.000000e+00	0.000000e+00	0.000000e+00	
1056.626097	1048.058621	1065.193573	325.620203	3.953754e+04	4.695651e-76	0.000000e+00	4.225431e-33	1.183271e-44	0.000000e+00	0.000000e+00	8.446809e-03	1.889136e-78	1.166008e-03	5.696648e-38	1.840356e-66	4.846580e-58	1.882735e-90	1.882735e-90	0.000000e+00	1.432107e-62	1.386183e-76	1.882735e-90	1.882735e-90	1.179852e-26	4.973655e-03	9.588468e-32	0.000000e+00	0.000000e+00	0.000000e+00	1.882735e-90	4.147242e-54	0.000000e+00	3.756362e-32	0.000000e+00	0.000000e+00	0.000000e+00	0.000000e+00	0.000000e+00	0.000000e+00	0.000000e+00	1.394591e-35	5.007631e-80	2.036437e-78	4.542930e-47	5.501064e-31	1.532894e-44	7.898803e-39	1.239260e-66	2.273580e-04	4.906039e-27	0.000000e+00	0.000000e+00	1.927765e-31	1.274987e-55	0.000000e+00	1.661650e-24	8.419189e-01	9.966841e-78	1.175670e-10	0.000000e+00	4.498882e-65	1.882735e-90	1.065694e-69	1.381287e-34	1.574266e-53	0.000000e+00	0.000000e+00	2.730810e-90	0.000000e+00	0.000000e+00	0.000000e+00	0.000000e+00	0.000000e+00	0.000000e+00	0.000000e+00	9.709450e-40	1.989821e-61	0.000000e+00	0.000000e+00	0.000000e+00	0.000000e+00	0.000000e+00	0.000000e+00	0.000000e+00	0.000000e+00	0.000000e+00	0.000000e+00	0.000000e+00	0.000000e+00	0.000000e+00	0.000000e+00	0.000000e+00	0.000000e+00	0.000000e+00	0.000000e+00	0.000000e+00	0.000000e+00	0.000000e+00	0.000000e+00	0.000000e+00	0.000000e+00	0.000000e+00	0.000000e+00	0.000000e+00	0.000000e+00	0.000000e+00	0.000000e+00	0.000000e+00	0.000000e+00	0.000000e+00	0.000000e+00	0.000000e+00	0.000000e+00	0.000000e+00	0.000000e+00	0.000000e+00	0.000000e+00	0.000000e+00	0.000000e+00	
1073.268936	1065.193573	1081.344299	306.918753	3.244649e+04	8.575806e-81	0.000000e+00	3.406527e-35	2.260837e-47	0.000000e+00	0.000000e+00	8.447093e-03	1.946441e-83	1.166026e-03	2.906052e-40	1.938499e-70	1.159869e-61	1.882734e-90	1.882734e-90	0.000000e+00	2.616581e-66	5.892823e-81	1.882734e-90	1.882734e-90	1.380706e-28	4.974116e-03	1.150367e-33	0.000000e+00	0.000000e+00	0.000000e+00	1.882734e-90	9.700472e-58	0.000000e+00	4.156388e-34	0.000000e+00	0.000000e+00	0.000000e+00	0.000000e+00	0.000000e+00	0.000000e+00	0.000000e+00	5.186112e-38	2.296366e-85	2.018469e-83	6.330765e-50	1.329304e-32	4.147992e-47	8.139275e-41	5.032525e-70	2.273455e-04	1.410683e-28	0.000000e+00	0.000000e+00	2.546307e-33	3.240860e-59	0.000000e+00	4.738274e-26	8.419182e-01	2.107366e-82	1.844785e-11	0.000000e+00	3.721443e-69	1.882734e-90	3.553773e-74	9.797665e-37	5.419603e-57	0.000000e+00	0.000000e+00	1.882734e-90	0.000000e+00	0.000000e+00	0.000000e+00	0.000000e+00	0.000000e+00	0.000000e+00	0.000000e+00	3.163099e-42	5.987834e-64	0.000000e+00	0.000000e+00	0.000000e+00	0.000000e+00	0.000000e+00	0.000000e+00	0.000000e+00	0.000000e+00	0.000000e+00	0.000000e+00	0.000000e+00	0.000000e+00	0.000000e+00	0.000000e+00	0.000000e+00	0.000000e+00	0.000000e+00	0.000000e+00	0.000000e+00	0.000000e+00	0.000000e+00	0.000000e+00	0.000000e+00	0.000000e+00	0.000000e+00	0.000000e+00	0.000000e+00	0.000000e+00	0.000000e+00	0.000000e+00	0.000000e+00	0.000000e+00	0.000000e+00	0.000000e+00	0.000000e+00	0.000000e+00	0.000000e+00	0.000000e+00	0.000000e+00	0.000000e+00	0.000000e+00	0.000000e+00	
1088.949111	1081.344299	1096.553924	289.035551	2.662722e+04	6.755085e-86	0.000000e+00	1.894110e-37	2.667231e-50	0.000000e+00	0.000000e+00	8.446798e-03	8.259706e-89	1.166026e-03	9.835656e-43	1.022874e-74	1.464624e-65	1.882703e-90	1.882703e-90	0.000000e+00	2.480479e-70	1.178611e-85	1.882703e-90	1.882703e-90	1.144680e-30	4.973828e-03	9.860135e-36	0.000000e+00	0.000000e+00	0.000000e+00	1.882703e-90	1.195968e-61	0.000000e+00	3.272930e-36	0.000000e+00	0.000000e+00	0.000000e+00	0.000000e+00	0.000000e+00	0.000000e+00	0.000000e+00	1.255352e-40	1.882703e-90	8.339136e-89	5.292313e-53	2.410537e-34	7.121288e-50	5.981781e-43	1.153804e-73	2.273454e-04	3.079359e-30	0.000000e+00	0.000000e+00	2.431176e-35	4.332409e-63	0.000000e+00	1.035596e-27	8.419212e-01	1.952907e-87	2.510514e-12	0.000000e+00	1.488789e-73	1.882703e-90	5.339603e-79	4.746472e-39	1.011800e-60	0.000000e+00	0.000000e+00	1.882703e-90	0.000000e+00	0.000000e+00	0.000000e+00	0.000000e+00	0.000000e+00	0.000000e+00	0.000000e+00	6.712554e-45	1.225717e-66	0.000000e+00	0.000000e+00	0.000000e+00	0.000000e+00	0.000000e+00	0.000000e+00	0.000000e+00	0.000000e+00	0.000000e+00	0.000000e+00	0.000000e+00	0.000000e+00	0.000000e+00	0.000000e+00	0.000000e+00	0.000000e+00	0.000000e+00	0.000000e+00	0.000000e+00	0.000000e+00	0.000000e+00	0.000000e+00	0.000000e+00	0.000000e+00	0.000000e+00	0.000000e+00	0.000000e+00	0.000000e+00	0.000000e+00	0.000000e+00	0.000000e+00	0.000000e+00	0.000000e+00	0.000000e+00	0.000000e+00	0.000000e+00	0.000000e+00	0.000000e+00	0.000000e+00	0.000000e+00	0.000000e+00	0.000000e+00	
1103.727754	1096.553924	1110.901583	272.652407	2.185163e+04	1.882687e-90	0.000000e+00	9.010539e-40	2.567040e-53	0.000000e+00	0.000000e+00	8.446787e-03	1.882687e-90	1.165917e-03	2.794037e-45	4.124355e-79	1.426945e-69	1.882687e-90	1.882687e-90	0.000000e+00	1.796584e-74	1.882687e-90	1.882687e-90	1.882687e-90	8.337290e-33	4.973635e-03	7.406796e-38	0.000000e+00	0.000000e+00	0.000000e+00	1.882687e-90	1.144098e-65	0.000000e+00	2.258725e-38	0.000000e+00	0.000000e+00	0.000000e+00	0.000000e+00	0.000000e+00	0.000000e+00	0.000000e+00	2.579286e-43	1.882687e-90	1.882687e-90	3.571214e-56	3.898988e-36	1.014617e-52	3.875603e-45	2.129815e-77	2.273426e-04	5.987179e-32	0.000000e+00	0.000000e+00	2.072131e-37	4.461995e-67	0.000000e+00	2.071759e-29	8.419228e-01	1.882687e-90	3.280286e-13	0.000000e+00	4.385765e-78	1.882687e-90	5.727559e-84	1.959722e-41	1.474654e-64	0.000000e+00	0.000000e+00	1.882687e-90	0.000000e+00	0.000000e+00	0.000000e+00	0.000000e+00	0.000000e+00	0.000000e+00	0.000000e+00	1.218745e-47	2.215266e-69	0.000000e+00	0.000000e+00	0.000000e+00	0.000000e+00	0.000000e+00	0.000000e+00	0.000000e+00	0.000000e+00	0.000000e+00	0.000000e+00	0.000000e+00	0.000000e+00	0.000000e+00	0.000000e+00	0.000000e+00	0.000000e+00	0.000000e+00	0.000000e+00	0.000000e+00	0.000000e+00	0.000000e+00	0.000000e+00	0.000000e+00	0.000000e+00	0.000000e+00	0.000000e+00	0.000000e+00	0.000000e+00	0.000000e+00	0.000000e+00	0.000000e+00	0.000000e+00	0.000000e+00	0.000000e+00	0.000000e+00	0.000000e+00	0.000000e+00	0.000000e+00	0.000000e+00	0.000000e+00	0.000000e+00	0.000000e+00	
1117.707703	1110.901583	1124.513823	258.678242	1.793255e+04	1.882600e-90	0.000000e+00	5.584344e-42	3.471933e-56	0.000000e+00	0.000000e+00	8.446098e-03	1.882600e-90	1.165928e-03	1.056005e-47	2.860051e-83	2.238671e-73	1.882600e-90	1.882600e-90	0.000000e+00	2.107055e-78	1.882600e-90	1.882600e-90	1.882600e-90	8.038193e-35	4.973575e-03	7.219745e-40	0.000000e+00	0.000000e+00	0.000000e+00	1.882600e-90	1.788024e-69	0.000000e+00	2.036144e-40	0.000000e+00	0.000000e+00	0.000000e+00	0.000000e+00	0.000000e+00	0.000000e+00	0.000000e+00	7.475216e-46	1.882600e-90	1.882600e-90	3.470624e-59	7.852008e-38	2.019858e-55	3.313854e-47	6.233646e-81	2.273418e-04	1.416327e-33	0.000000e+00	0.000000e+00	2.346030e-39	7.414171e-71	0.000000e+00	5.284477e-31	8.419301e-01	1.882600e-90	4.963380e-14	0.000000e+00	2.162239e-82	1.882600e-90	1.077584e-88	1.061696e-43	3.394045e-68	0.000000e+00	0.000000e+00	1.882600e-90	0.000000e+00	0.000000e+00	0.000000e+00	0.000000e+00	0.000000e+00	0.000000e+00	0.000000e+00	3.174894e-50	5.744053e-72	0.000000e+00	0.000000e+00	0.000000e+00	0.000000e+00	0.000000e+00	0.000000e+00	0.000000e+00	0.000000e+00	0.000000e+00	0.000000e+00	0.000000e+00	0.000000e+00	0.000000e+00	0.000000e+00	0.000000e+00	0.000000e+00	0.000000e+00	0.000000e+00	0.000000e+00	0.000000e+00	0.000000e+00	0.000000e+00	0.000000e+00	0.000000e+00	0.000000e+00	0.000000e+00	0.000000e+00	0.000000e+00	0.000000e+00	0.000000e+00	0.000000e+00	0.000000e+00	0.000000e+00	0.000000e+00	0.000000e+00	0.000000e+00	0.000000e+00	0.000000e+00	0.000000e+00	0.000000e+00	0.000000e+00	0.000000e+00	
1131.010884	1124.513823	1137.507946	246.931213	1.471635e+04	1.882780e-90	0.000000e+00	5.060009e-44	7.665796e-59	0.000000e+00	0.000000e+00	8.447090e-03	1.882780e-90	1.166011e-03	6.029823e-50	4.236567e-87	6.904735e-77	1.882780e-90	1.882780e-90	0.000000e+00	4.909645e-82	1.882780e-90	1.882780e-90	1.882780e-90	1.143705e-36	4.974261e-03	1.014881e-41	0.000000e+00	0.000000e+00	0.000000e+00	1.882780e-90	5.577850e-73	0.000000e+00	2.667699e-42	0.000000e+00	0.000000e+00	0.000000e+00	0.000000e+00	0.000000e+00	0.000000e+00	0.000000e+00	3.497072e-48	1.882780e-90	1.882780e-90	5.693542e-62	2.154000e-39	6.476015e-58	4.161779e-49	3.465088e-84	2.273572e-04	4.440952e-35	0.000000e+00	0.000000e+00	3.912152e-41	2.428975e-74	0.000000e+00	1.871634e-32	8.419146e-01	1.882780e-90	9.105251e-15	0.000000e+00	2.235176e-86	1.882780e-90	1.882780e-90	8.496580e-46	1.493531e-71	0.000000e+00	0.000000e+00	1.882780e-90	0.000000e+00	0.000000e+00	0.000000e+00	0.000000e+00	0.000000e+00	0.000000e+00	0.000000e+00	1.358984e-52	2.419133e-74	0.000000e+00	0.000000e+00	0.000000e+00	0.000000e+00	0.000000e+00	0.000000e+00	0.000000e+00	0.000000e+00	0.000000e+00	0.000000e+00	0.000000e+00	0.000000e+00	0.000000e+00	0.000000e+00	0.000000e+00	0.000000e+00	0.000000e+00	0.000000e+00	0.000000e+00	0.000000e+00	0.000000e+00	0.000000e+00	0.000000e+00	0.000000e+00	0.000000e+00	0.000000e+00	0.000000e+00	0.000000e+00	0.000000e+00	0.000000e+00	0.000000e+00	0.000000e+00	0.000000e+00	0.000000e+00	0.000000e+00	0.000000e+00	0.000000e+00	0.000000e+00	0.000000e+00	0.000000e+00	0.000000e+00	0.000000e+00	
1143.714195	1137.507946	1149.920443	235.879755	1.207697e+04	1.882656e-90	0.000000e+00	3.967721e-46	1.401362e-61	0.000000e+00	0.000000e+00	8.446696e-03	1.882656e-90	1.165977e-03	2.927717e-52	1.882656e-90	1.674226e-80	1.882656e-90	1.882656e-90	0.000000e+00	8.912659e-86	1.882656e-90	1.882656e-90	1.882656e-90	1.442485e-38	4.973729e-03	1.261720e-43	0.000000e+00	0.000000e+00	0.000000e+00	1.882656e-90	1.374622e-76	0.000000e+00	3.090921e-44	0.000000e+00	0.000000e+00	0.000000e+00	0.000000e+00	0.000000e+00	0.000000e+00	0.000000e+00	1.404920e-50	1.882656e-90	1.882656e-90	7.658413e-65	5.313717e-41	1.746175e-60	4.646505e-51	1.573536e-87	2.273483e-04	1.250807e-36	0.000000e+00	0.000000e+00	5.866815e-43	6.247586e-78	0.000000e+00	6.100336e-34	8.419250e-01	1.882656e-90	1.608262e-15	0.000000e+00	1.882656e-90	1.882656e-90	1.882656e-90	5.862698e-48	5.222382e-75	0.000000e+00	0.000000e+00	1.882656e-90	0.000000e+00	0.000000e+00	0.000000e+00	0.000000e+00	0.000000e+00	0.000000e+00	0.000000e+00	5.030158e-55	9.058156e-77	0.000000e+00	0.000000e+00	0.000000e+00	0.000000e+00	0.000000e+00	0.000000e+00	0.000000e+00	0.000000e+00	0.000000e+00	0.000000e+00	0.000000e+00	0.000000e+00	0.000000e+00	0.000000e+00	0.000000e+00	0.000000e+00	0.000000e+00	0.000000e+00	0.000000e+00	0.000000e+00	0.000000e+00	0.000000e+00	0.000000e+00	0.000000e+00	0.000000e+00	0.000000e+00	0.000000e+00	0.000000e+00	0.000000e+00	0.000000e+00	0.000000e+00	0.000000e+00	0.000000e+00	0.000000e+00	0.000000e+00	0.000000e+00	0.000000e+00	0.000000e+00	0.000000e+00	0.000000e+00	0.000000e+00	0.000000e+00	
1155.852966	1149.920443	1161.785489	225.476553	9.910971e+03	1.882706e-90	0.000000e+00	2.691943e-48	2.121053e-64	0.000000e+00	0.000000e+00	8.447345e-03	1.882706e-90	1.165955e-03	1.208376e-54	1.882706e-90	3.196052e-84	1.882706e-90	1.882706e-90	0.000000e+00	1.261867e-89	1.882706e-90	1.882706e-90	1.882706e-90	1.616982e-40	4.974334e-03	1.389879e-45	0.000000e+00	0.000000e+00	0.000000e+00	1.882706e-90	2.683556e-80	0.000000e+00	3.174247e-46	0.000000e+00	0.000000e+00	0.000000e+00	0.000000e+00	0.000000e+00	0.000000e+00	0.000000e+00	4.859608e-53	1.882706e-90	1.882706e-90	8.447159e-68	1.180084e-42	3.963375e-63	4.624183e-53	1.882706e-90	2.273503e-04	3.164800e-38	0.000000e+00	0.000000e+00	7.941968e-45	1.263777e-81	0.000000e+00	1.837015e-35	8.419199e-01	1.882706e-90	2.742512e-16	0.000000e+00	1.882706e-90	1.882706e-90	1.882706e-90	3.489327e-50	1.453708e-78	0.000000e+00	0.000000e+00	1.882706e-90	0.000000e+00	0.000000e+00	0.000000e+00	0.000000e+00	0.000000e+00	0.000000e+00	0.000000e+00	1.616262e-57	3.032940e-79	0.000000e+00	0.000000e+00	0.000000e+00	0.000000e+00	0.000000e+00	0.000000e+00	0.000000e+00	0.000000e+00	0.000000e+00	0.000000e+00	0.000000e+00	0.000000e+00	0.000000e+00	0.000000e+00	0.000000e+00	0.000000e+00	0.000000e+00	0.000000e+00	0.000000e+00	0.000000e+00	0.000000e+00	0.000000e+00	0.000000e+00	0.000000e+00	0.000000e+00	0.000000e+00	0.000000e+00	0.000000e+00	0.000000e+00	0.000000e+00	0.000000e+00	0.000000e+00	0.000000e+00	0.000000e+00	0.000000e+00	0.000000e+00	0.000000e+00	0.000000e+00	0.000000e+00	0.000000e+00	0.000000e+00	0.000000e+00	
1167.505941	1161.785489	1173.226393	217.417302	8.133440e+03	1.882711e-90	0.000000e+00	4.141493e-50	9.253176e-67	0.000000e+00	0.000000e+00	8.446932e-03	1.882711e-90	1.166029e-03	1.221594e-56	1.882711e-90	2.561637e-87	1.882711e-90	1.882711e-90	0.000000e+00	1.882711e-90	1.882711e-90	1.882711e-90	1.882711e-90	4.042481e-42	4.974100e-03	3.295142e-47	0.000000e+00	0.000000e+00	0.000000e+00	1.882711e-90	2.240707e-83	0.000000e+00	7.107788e-48	0.000000e+00	0.000000e+00	0.000000e+00	0.000000e+00	0.000000e+00	0.000000e+00	0.000000e+00	4.536419e-55	1.882711e-90	1.882711e-90	2.876433e-70	5.025063e-44	2.483829e-65	1.014051e-54	1.882711e-90	2.273550e-04	1.469571e-39	0.000000e+00	0.000000e+00	2.345173e-46	1.080279e-84	0.000000e+00	1.061334e-36	8.419202e-01	1.882711e-90	6.766853e-17	0.000000e+00	1.882711e-90	1.882711e-90	1.882711e-90	4.810357e-52	1.598871e-81	0.000000e+00	0.000000e+00	1.882711e-90	0.000000e+00	0.000000e+00	0.000000e+00	0.000000e+00	0.000000e+00	0.000000e+00	0.000000e+00	1.429778e-59	2.641638e-81	0.000000e+00	0.000000e+00	0.000000e+00	0.000000e+00	0.000000e+00	0.000000e+00	0.000000e+00	0.000000e+00	0.000000e+00	0.000000e+00	0.000000e+00	0.000000e+00	0.000000e+00	0.000000e+00	0.000000e+00	0.000000e+00	0.000000e+00	0.000000e+00	0.000000e+00	0.000000e+00	0.000000e+00	0.000000e+00	0.000000e+00	0.000000e+00	0.000000e+00	0.000000e+00	0.000000e+00	0.000000e+00	0.000000e+00	0.000000e+00	0.000000e+00	0.000000e+00	0.000000e+00	0.000000e+00	0.000000e+00	0.000000e+00	0.000000e+00	0.000000e+00	0.000000e+00	0.000000e+00	0.000000e+00	0.000000e+00	
1178.821089	1173.226393	1184.415784	212.635435	6.674710e+03	1.882655e-90	0.000000e+00	3.117086e-51	3.152284e-68	0.000000e+00	0.000000e+00	8.446411e-03	1.882655e-90	1.165958e-03	7.051434e-58	1.882655e-90	3.255147e-89	1.882655e-90	1.882655e-90	0.000000e+00	1.882655e-90	1.882655e-90	1.882655e-90	1.882655e-90	4.644518e-43	4.973510e-03	3.391871e-48	0.000000e+00	0.000000e+00	0.000000e+00	1.882655e-90	3.039872e-85	0.000000e+00	7.063989e-49	0.000000e+00	0.000000e+00	0.000000e+00	0.000000e+00	0.000000e+00	0.000000e+00	0.000000e+00	2.807959e-56	1.882655e-90	1.882655e-90	8.706713e-72	7.462666e-45	1.105372e-66	9.971998e-56	1.882655e-90	2.273375e-04	2.214453e-40	0.000000e+00	0.000000e+00	3.002789e-47	1.482810e-86	0.000000e+00	2.072467e-37	8.419255e-01	1.882655e-90	3.284456e-17	0.000000e+00	1.882655e-90	1.882655e-90	1.882655e-90	3.379485e-53	2.478982e-83	0.000000e+00	0.000000e+00	1.882655e-90	0.000000e+00	0.000000e+00	0.000000e+00	0.000000e+00	0.000000e+00	0.000000e+00	0.000000e+00	8.588635e-61	1.365475e-82	0.000000e+00	0.000000e+00	0.000000e+00	0.000000e+00	0.000000e+00	0.000000e+00	0.000000e+00	0.000000e+00	0.000000e+00	0.000000e+00	0.000000e+00	0.000000e+00	0.000000e+00	0.000000e+00	0.000000e+00	0.000000e+00	0.000000e+00	0.000000e+00	0.000000e+00	0.000000e+00	0.000000e+00	0.000000e+00	0.000000e+00	0.000000e+00	0.000000e+00	0.000000e+00	0.000000e+00	0.000000e+00	0.000000e+00	0.000000e+00	0.000000e+00	0.000000e+00	0.000000e+00	0.000000e+00	0.000000e+00	0.000000e+00	0.000000e+00	0.000000e+00	0.000000e+00	0.000000e+00	0.000000e+00	0.000000e+00	
1189.945486	1184.415784	1195.475187	210.167609	5.477602e+03	1.882655e-90	0.000000e+00	8.211087e-52	5.439584e-69	0.000000e+00	0.000000e+00	8.446830e-03	1.882655e-90	1.165943e-03	1.611653e-58	1.882655e-90	3.645917e-90	1.882655e-90	1.882655e-90	0.000000e+00	1.882655e-90	1.882655e-90	1.882655e-90	1.882655e-90	1.765490e-43	4.973982e-03	1.107698e-48	0.000000e+00	0.000000e+00	0.000000e+00	1.882655e-90	3.696491e-86	0.000000e+00	2.264874e-49	0.000000e+00	0.000000e+00	0.000000e+00	0.000000e+00	0.000000e+00	0.000000e+00	0.000000e+00	7.674807e-57	1.882655e-90	1.882655e-90	1.477499e-72	2.961670e-45	2.305758e-67	3.181448e-56	1.882655e-90	2.273365e-04	8.448745e-41	0.000000e+00	0.000000e+00	1.210872e-47	1.812418e-87	0.000000e+00	1.046863e-37	8.419248e-01	1.882655e-90	2.694457e-17	0.000000e+00	1.882655e-90	1.882655e-90	1.882655e-90	8.582905e-54	3.088018e-84	0.000000e+00	0.000000e+00	1.882655e-90	0.000000e+00	0.000000e+00	0.000000e+00	0.000000e+00	0.000000e+00	0.000000e+00	0.000000e+00	2.313237e-61	2.828766e-83	0.000000e+00	0.000000e+00	0.000000e+00	0.000000e+00	0.000000e+00	0.000000e+00	0.000000e+00	0.000000e+00	0.000000e+00	0.000000e+00	0.000000e+00	0.000000e+00	0.000000e+00	0.000000e+00	0.000000e+00	0.000000e+00	0.000000e+00	0.000000e+00	0.000000e+00	0.000000e+00	0.000000e+00	0.000000e+00	0.000000e+00	0.000000e+00	0.000000e+00	0.000000e+00	0.000000e+00	0.000000e+00	0.000000e+00	0.000000e+00	0.000000e+00	0.000000e+00	0.000000e+00	0.000000e+00	0.000000e+00	0.000000e+00	0.000000e+00	0.000000e+00	0.000000e+00	0.000000e+00	0.000000e+00	0.000000e+00	
1200.958560	1195.475187	1206.441933	208.403163	4.495195e+03	1.882589e-90	0.000000e+00	3.188279e-52	1.551238e-69	0.000000e+00	0.000000e+00	8.446329e-03	1.882589e-90	1.165895e-03	5.641155e-59	1.882589e-90	1.882589e-90	1.882589e-90	1.882589e-90	0.000000e+00	1.882589e-90	1.882589e-90	1.882589e-90	1.882589e-90	9.714224e-44	4.973876e-03	5.169545e-49	0.000000e+00	0.000000e+00	0.000000e+00	1.882589e-90	8.858944e-87	0.000000e+00	1.043044e-49	0.000000e+00	0.000000e+00	0.000000e+00	0.000000e+00	0.000000e+00	0.000000e+00	0.000000e+00	3.320631e-57	1.882589e-90	1.882589e-90	4.276041e-73	1.593225e-45	7.758391e-68	1.460327e-56	1.882589e-90	2.273307e-04	4.297820e-41	0.000000e+00	0.000000e+00	6.959243e-48	4.358414e-88	0.000000e+00	7.090366e-38	8.419303e-01	1.882589e-90	2.599041e-17	0.000000e+00	1.882589e-90	1.882589e-90	1.882589e-90	3.244794e-54	7.330062e-85	0.000000e+00	0.000000e+00	1.882589e-90	0.000000e+00	0.000000e+00	0.000000e+00	0.000000e+00	0.000000e+00	0.000000e+00	0.000000e+00	9.906229e-62	8.994800e-84	0.000000e+00	0.000000e+00	0.000000e+00	0.000000e+00	0.000000e+00	0.000000e+00	0.000000e+00	0.000000e+00	0.000000e+00	0.000000e+00	0.000000e+00	0.000000e+00	0.000000e+00	0.000000e+00	0.000000e+00	0.000000e+00	0.000000e+00	0.000000e+00	0.000000e+00	0.000000e+00	0.000000e+00	0.000000e+00	0.000000e+00	0.000000e+00	0.000000e+00	0.000000e+00	0.000000e+00	0.000000e+00	0.000000e+00	0.000000e+00	0.000000e+00	0.000000e+00	0.000000e+00	0.000000e+00	0.000000e+00	0.000000e+00	0.000000e+00	0.000000e+00	0.000000e+00	0.000000e+00	0.000000e+00	0.000000e+00	
1211.887891	1206.441933	1217.333848	206.982902	3.688983e+03	1.882626e-90	0.000000e+00	1.498714e-52	5.666671e-70	0.000000e+00	0.000000e+00	8.446446e-03	1.882626e-90	1.165937e-03	2.436115e-59	1.882626e-90	1.882626e-90	1.882626e-90	1.882626e-90	0.000000e+00	1.882626e-90	1.882626e-90	1.882626e-90	1.882626e-90	6.414582e-44	4.973896e-03	2.877105e-49	0.000000e+00	0.000000e+00	0.000000e+00	1.882626e-90	2.966212e-87	0.000000e+00	5.742539e-50	0.000000e+00	0.000000e+00	0.000000e+00	0.000000e+00	0.000000e+00	0.000000e+00	0.000000e+00	1.801842e-57	1.882626e-90	1.882626e-90	1.609847e-73	9.956737e-46	3.304428e-68	8.020803e-57	1.882626e-90	2.273277e-04	2.519195e-41	0.000000e+00	0.000000e+00	4.763579e-48	1.462969e-88	0.000000e+00	5.550584e-38	8.419275e-01	1.882626e-90	2.715693e-17	0.000000e+00	1.882626e-90	1.882626e-90	1.882626e-90	1.492413e-54	2.390981e-85	0.000000e+00	0.000000e+00	1.882626e-90	0.000000e+00	0.000000e+00	0.000000e+00	0.000000e+00	0.000000e+00	0.000000e+00	0.000000e+00	5.332523e-62	3.533865e-84	0.000000e+00	0.000000e+00	0.000000e+00	0.000000e+00	0.000000e+00	0.000000e+00	0.000000e+00	0.000000e+00	0.000000e+00	0.000000e+00	0.000000e+00	0.000000e+00	0.000000e+00	0.000000e+00	0.000000e+00	0.000000e+00	0.000000e+00	0.000000e+00	0.000000e+00	0.000000e+00	0.000000e+00	0.000000e+00	0.000000e+00	0.000000e+00	0.000000e+00	0.000000e+00	0.000000e+00	0.000000e+00	0.000000e+00	0.000000e+00	0.000000e+00	0.000000e+00	0.000000e+00	0.000000e+00	0.000000e+00	0.000000e+00	0.000000e+00	0.000000e+00	0.000000e+00	0.000000e+00	0.000000e+00	0.000000e+00	
1222.747760	1217.333848	1228.161673	205.763560	3.027364e+03	1.882708e-90	0.000000e+00	7.876448e-53	2.391979e-70	0.000000e+00	0.000000e+00	8.447188e-03	1.882708e-90	1.165973e-03	1.189200e-59	1.882708e-90	1.882708e-90	1.882708e-90	1.882708e-90	0.000000e+00	1.882708e-90	1.882708e-90	1.882708e-90	1.882708e-90	4.711682e-44	4.973868e-03	1.774603e-49	0.000000e+00	0.000000e+00	0.000000e+00	1.882708e-90	1.207186e-87	0.000000e+00	3.508713e-50	0.000000e+00	0.000000e+00	0.000000e+00	0.000000e+00	0.000000e+00	0.000000e+00	0.000000e+00	1.115802e-57	1.882708e-90	1.882708e-90	7.067389e-74	6.793205e-46	1.615268e-68	4.892949e-57	1.882708e-90	2.273571e-04	1.604220e-41	0.000000e+00	0.000000e+00	3.611447e-48	5.966672e-89	0.000000e+00	4.728712e-38	8.419202e-01	1.882708e-90	2.972900e-17	0.000000e+00	1.882708e-90	1.882708e-90	1.882708e-90	7.696260e-55	9.389072e-86	0.000000e+00	0.000000e+00	1.882708e-90	0.000000e+00	0.000000e+00	0.000000e+00	0.000000e+00	0.000000e+00	0.000000e+00	0.000000e+00	3.280404e-62	1.571271e-84	0.000000e+00	0.000000e+00	0.000000e+00	0.000000e+00	0.000000e+00	0.000000e+00	0.000000e+00	0.000000e+00	0.000000e+00	0.000000e+00	0.000000e+00	0.000000e+00	0.000000e+00	0.000000e+00	0.000000e+00	0.000000e+00	0.000000e+00	0.000000e+00	0.000000e+00	0.000000e+00	0.000000e+00	0.000000e+00	0.000000e+00	0.000000e+00	0.000000e+00	0.000000e+00	0.000000e+00	0.000000e+00	0.000000e+00	0.000000e+00	0.000000e+00	0.000000e+00	0.000000e+00	0.000000e+00	0.000000e+00	0.000000e+00	0.000000e+00	0.000000e+00	0.000000e+00	0.000000e+00	0.000000e+00	0.000000e+00	
1233.547653	1228.161673	1238.933634	204.704595	2.484407e+03	1.882633e-90	0.000000e+00	4.531949e-53	1.135218e-70	0.000000e+00	0.000000e+00	8.446873e-03	1.882633e-90	1.165947e-03	6.412267e-60	1.882633e-90	1.882633e-90	1.882633e-90	1.882633e-90	0.000000e+00	1.882633e-90	1.882633e-90	1.882633e-90	1.882633e-90	3.771956e-44	4.973600e-03	1.189470e-49	0.000000e+00	0.000000e+00	0.000000e+00	1.882633e-90	5.755158e-88	0.000000e+00	2.332629e-50	0.000000e+00	0.000000e+00	0.000000e+00	0.000000e+00	0.000000e+00	0.000000e+00	0.000000e+00	7.690114e-58	1.882633e-90	1.882633e-90	3.513787e-74	4.973789e-46	8.825230e-69	3.247726e-57	1.882633e-90	2.273450e-04	1.092327e-41	0.000000e+00	0.000000e+00	2.972604e-48	2.849127e-89	0.000000e+00	4.312187e-38	8.419267e-01	1.882633e-90	3.378978e-17	0.000000e+00	1.882633e-90	1.882633e-90	1.882633e-90	4.355048e-55	4.284983e-86	0.000000e+00	0.000000e+00	1.882633e-90	0.000000e+00	0.000000e+00	0.000000e+00	0.000000e+00	0.000000e+00	0.000000e+00	0.000000e+00	2.247882e-62	7.714675e-85	0.000000e+00	0.000000e+00	0.000000e+00	0.000000e+00	0.000000e+00	0.000000e+00	0.000000e+00	0.000000e+00	0.000000e+00	0.000000e+00	0.000000e+00	0.000000e+00	0.000000e+00	0.000000e+00	0.000000e+00	0.000000e+00	0.000000e+00	0.000000e+00	0.000000e+00	0.000000e+00	0.000000e+00	0.000000e+00	0.000000e+00	0.000000e+00	0.000000e+00	0.000000e+00	0.000000e+00	0.000000e+00	0.000000e+00	0.000000e+00	0.000000e+00	0.000000e+00	0.000000e+00	0.000000e+00	0.000000e+00	0.000000e+00	0.000000e+00	0.000000e+00	0.000000e+00	0.000000e+00	0.000000e+00	0.000000e+00	
1244.295912	1238.933634	1249.658189	203.803595	2.038829e+03	1.882686e-90	0.000000e+00	2.858780e-53	6.069581e-71	0.000000e+00	0.000000e+00	8.446900e-03	1.882686e-90	1.165998e-03	3.825612e-60	1.882686e-90	1.882686e-90	1.882686e-90	1.882686e-90	0.000000e+00	1.882686e-90	1.882686e-90	1.882686e-90	1.882686e-90	3.296575e-44	4.974207e-03	8.678110e-50	0.000000e+00	0.000000e+00	0.000000e+00	1.882686e-90	3.223137e-88	0.000000e+00	1.690191e-50	0.000000e+00	0.000000e+00	0.000000e+00	0.000000e+00	0.000000e+00	0.000000e+00	0.000000e+00	5.910011e-58	1.882686e-90	1.882686e-90	1.982862e-74	3.914344e-46	5.401067e-69	2.349849e-57	1.882686e-90	2.273518e-04	7.963383e-42	0.000000e+00	0.000000e+00	2.661301e-48	1.597507e-89	0.000000e+00	4.215578e-38	8.419222e-01	1.882686e-90	3.990349e-17	0.000000e+00	1.882686e-90	1.882686e-90	1.882686e-90	2.708635e-55	2.278883e-86	0.000000e+00	0.000000e+00	1.882686e-90	0.000000e+00	0.000000e+00	0.000000e+00	0.000000e+00	0.000000e+00	0.000000e+00	0.000000e+00	1.719348e-62	4.191829e-85	0.000000e+00	0.000000e+00	0.000000e+00	0.000000e+00	0.000000e+00	0.000000e+00	0.000000e+00	0.000000e+00	0.000000e+00	0.000000e+00	0.000000e+00	0.000000e+00	0.000000e+00	0.000000e+00	0.000000e+00	0.000000e+00	0.000000e+00	0.000000e+00	0.000000e+00	0.000000e+00	0.000000e+00	0.000000e+00	0.000000e+00	0.000000e+00	0.000000e+00	0.000000e+00	0.000000e+00	0.000000e+00	0.000000e+00	0.000000e+00	0.000000e+00	0.000000e+00	0.000000e+00	0.000000e+00	0.000000e+00	0.000000e+00	0.000000e+00	0.000000e+00	0.000000e+00	0.000000e+00	0.000000e+00	0.000000e+00	
1255.001759	1249.658189	1260.345330	203.092294	1.673166e+03	1.882701e-90	0.000000e+00	2.021853e-53	3.763370e-71	0.000000e+00	0.000000e+00	8.446789e-03	1.882701e-90	1.166065e-03	2.588248e-60	1.882701e-90	1.882701e-90	1.882701e-90	1.882701e-90	0.000000e+00	1.882701e-90	1.882701e-90	1.882701e-90	1.882701e-90	3.210732e-44	4.973919e-03	7.030713e-50	0.000000e+00	0.000000e+00	0.000000e+00	1.882701e-90	2.202876e-88	0.000000e+00	1.361714e-50	0.000000e+00	0.000000e+00	0.000000e+00	0.000000e+00	0.000000e+00	0.000000e+00	0.000000e+00	5.196683e-58	1.882701e-90	1.882701e-90	1.309552e-74	3.368425e-46	3.805026e-69	1.891539e-57	1.882701e-90	2.273466e-04	6.318997e-42	0.000000e+00	0.000000e+00	2.642261e-48	1.092886e-89	0.000000e+00	4.488979e-38	8.419213e-01	1.882701e-90	4.939419e-17	0.000000e+00	1.882701e-90	1.882701e-90	1.882701e-90	1.893953e-55	1.464984e-86	0.000000e+00	0.000000e+00	1.882701e-90	0.000000e+00	0.000000e+00	0.000000e+00	0.000000e+00	0.000000e+00	0.000000e+00	0.000000e+00	1.506229e-62	2.580966e-85	0.000000e+00	0.000000e+00	0.000000e+00	0.000000e+00	0.000000e+00	0.000000e+00	0.000000e+00	0.000000e+00	0.000000e+00	0.000000e+00	0.000000e+00	0.000000e+00	0.000000e+00	0.000000e+00	0.000000e+00	0.000000e+00	0.000000e+00	0.000000e+00	0.000000e+00	0.000000e+00	0.000000e+00	0.000000e+00	0.000000e+00	0.000000e+00	0.000000e+00	0.000000e+00	0.000000e+00	0.000000e+00	0.000000e+00	0.000000e+00	0.000000e+00	0.000000e+00	0.000000e+00	0.000000e+00	0.000000e+00	0.000000e+00	0.000000e+00	0.000000e+00	0.000000e+00	0.000000e+00	0.000000e+00	0.000000e+00	
1265.677496	1260.345330	1271.009663	202.659674	1.373084e+03	1.882595e-90	0.000000e+00	1.699912e-53	2.919308e-71	0.000000e+00	0.000000e+00	8.446436e-03	1.882595e-90	1.165944e-03	2.117534e-60	1.882595e-90	1.882595e-90	1.882595e-90	1.882595e-90	0.000000e+00	1.882595e-90	1.882595e-90	1.882595e-90	1.882595e-90	3.683360e-44	4.973123e-03	6.673854e-50	0.000000e+00	0.000000e+00	0.000000e+00	1.882595e-90	2.034758e-88	0.000000e+00	1.288087e-50	0.000000e+00	0.000000e+00	0.000000e+00	0.000000e+00	0.000000e+00	0.000000e+00	0.000000e+00	5.599745e-58	1.882595e-90	1.882595e-90	1.097174e-74	3.317999e-46	3.316298e-69	1.788652e-57	1.882595e-90	2.273410e-04	5.700106e-42	0.000000e+00	0.000000e+00	3.067075e-48	1.010160e-89	0.000000e+00	5.438563e-38	8.419305e-01	1.882595e-90	6.560753e-17	0.000000e+00	1.882595e-90	1.882595e-90	1.882595e-90	1.581104e-55	1.254416e-86	0.000000e+00	0.000000e+00	1.882595e-90	0.000000e+00	0.000000e+00	0.000000e+00	0.000000e+00	0.000000e+00	0.000000e+00	0.000000e+00	1.619369e-62	1.918556e-85	0.000000e+00	0.000000e+00	0.000000e+00	0.000000e+00	0.000000e+00	0.000000e+00	0.000000e+00	0.000000e+00	0.000000e+00	0.000000e+00	0.000000e+00	0.000000e+00	0.000000e+00	0.000000e+00	0.000000e+00	0.000000e+00	0.000000e+00	0.000000e+00	0.000000e+00	0.000000e+00	0.000000e+00	0.000000e+00	0.000000e+00	0.000000e+00	0.000000e+00	0.000000e+00	0.000000e+00	0.000000e+00	0.000000e+00	0.000000e+00	0.000000e+00	0.000000e+00	0.000000e+00	0.000000e+00	0.000000e+00	0.000000e+00	0.000000e+00	0.000000e+00	0.000000e+00	0.000000e+00	0.000000e+00	0.000000e+00	
1276.337328	1271.009663	1281.664994	202.486702	1.126821e+03	1.882795e-90	0.000000e+00	1.682388e-53	2.797795e-71	0.000000e+00	0.000000e+00	8.447279e-03	1.882795e-90	1.165971e-03	2.073073e-60	1.882795e-90	1.882795e-90	1.882795e-90	1.882795e-90	0.000000e+00	1.882795e-90	1.882795e-90	1.882795e-90	1.882795e-90	4.933804e-44	4.973895e-03	7.360298e-50	0.000000e+00	0.000000e+00	0.000000e+00	1.882795e-90	2.498932e-88	0.000000e+00	1.418733e-50	0.000000e+00	0.000000e+00	0.000000e+00	0.000000e+00	0.000000e+00	0.000000e+00	0.000000e+00	7.314382e-58	1.882795e-90	1.882795e-90	1.150612e-74	3.713401e-46	3.533823e-69	1.969633e-57	1.882795e-90	2.273595e-04	5.803454e-42	0.000000e+00	0.000000e+00	4.128239e-48	1.240769e-89	0.000000e+00	7.447137e-38	8.419135e-01	1.882795e-90	9.317980e-17	0.000000e+00	1.882795e-90	1.882795e-90	1.882795e-90	1.560734e-55	1.408391e-86	0.000000e+00	0.000000e+00	1.882795e-90	0.000000e+00	0.000000e+00	0.000000e+00	0.000000e+00	0.000000e+00	0.000000e+00	0.000000e+00	2.113607e-62	1.704615e-85	0.000000e+00	0.000000e+00	0.000000e+00	0.000000e+00	0.000000e+00	0.000000e+00	0.000000e+00	0.000000e+00	0.000000e+00	0.000000e+00	0.000000e+00	0.000000e+00	0.000000e+00	0.000000e+00	0.000000e+00	0.000000e+00	0.000000e+00	0.000000e+00	0.000000e+00	0.000000e+00	0.000000e+00	0.000000e+00	0.000000e+00	0.000000e+00	0.000000e+00	0.000000e+00	0.000000e+00	0.000000e+00	0.000000e+00	0.000000e+00	0.000000e+00	0.000000e+00	0.000000e+00	0.000000e+00	0.000000e+00	0.000000e+00	0.000000e+00	0.000000e+00	0.000000e+00	0.000000e+00	0.000000e+00	0.000000e+00	
1286.990208	1281.664994	1292.315423	202.394432	9.247263e+02	1.882787e-90	0.000000e+00	1.751944e-53	2.863323e-71	0.000000e+00	0.000000e+00	8.446258e-03	1.882787e-90	1.165928e-03	2.146165e-60	1.882787e-90	1.882787e-90	1.882787e-90	1.882787e-90	0.000000e+00	1.882787e-90	1.882787e-90	1.882787e-90	1.882787e-90	6.932808e-44	4.974722e-03	8.502503e-50	0.000000e+00	0.000000e+00	0.000000e+00	1.882787e-90	3.353198e-88	0.000000e+00	1.638186e-50	0.000000e+00	0.000000e+00	0.000000e+00	0.000000e+00	0.000000e+00	0.000000e+00	0.000000e+00	1.014197e-57	1.882787e-90	1.882787e-90	1.293974e-74	4.323431e-46	4.007434e-69	2.272731e-57	1.882787e-90	2.273589e-04	6.135177e-42	0.000000e+00	0.000000e+00	5.815550e-48	1.664831e-89	0.000000e+00	1.058636e-37	8.419147e-01	1.882787e-90	1.350920e-16	0.000000e+00	1.882787e-90	1.882787e-90	1.882787e-90	1.623116e-55	1.719940e-86	0.000000e+00	0.000000e+00	1.882787e-90	0.000000e+00	0.000000e+00	0.000000e+00	0.000000e+00	0.000000e+00	0.000000e+00	0.000000e+00	2.928952e-62	1.599044e-85	0.000000e+00	0.000000e+00	0.000000e+00	0.000000e+00	0.000000e+00	0.000000e+00	0.000000e+00	0.000000e+00	0.000000e+00	0.000000e+00	0.000000e+00	0.000000e+00	0.000000e+00	0.000000e+00	0.000000e+00	0.000000e+00	0.000000e+00	0.000000e+00	0.000000e+00	0.000000e+00	0.000000e+00	0.000000e+00	0.000000e+00	0.000000e+00	0.000000e+00	0.000000e+00	0.000000e+00	0.000000e+00	0.000000e+00	0.000000e+00	0.000000e+00	0.000000e+00	0.000000e+00	0.000000e+00	0.000000e+00	0.000000e+00	0.000000e+00	0.000000e+00	0.000000e+00	0.000000e+00	0.000000e+00	0.000000e+00	
1297.633941	1292.315423	1302.952459	202.141605	7.588768e+02	1.882580e-90	0.000000e+00	1.647913e-53	2.568730e-71	0.000000e+00	0.000000e+00	8.446067e-03	1.882580e-90	1.165871e-03	1.986576e-60	1.882580e-90	1.882580e-90	1.882580e-90	1.882580e-90	0.000000e+00	1.882580e-90	1.882580e-90	1.882580e-90	1.882580e-90	8.845229e-44	4.973955e-03	8.945509e-50	0.000000e+00	0.000000e+00	0.000000e+00	1.882580e-90	3.766213e-88	0.000000e+00	1.719906e-50	0.000000e+00	0.000000e+00	0.000000e+00	0.000000e+00	0.000000e+00	0.000000e+00	0.000000e+00	1.247211e-57	1.882580e-90	1.882580e-90	1.264915e-74	4.647579e-46	4.009415e-69	2.385574e-57	1.882580e-90	2.273218e-04	6.013600e-42	0.000000e+00	0.000000e+00	7.470239e-48	1.870427e-89	0.000000e+00	1.394708e-37	8.419312e-01	1.882580e-90	1.878801e-16	0.000000e+00	1.882580e-90	1.882580e-90	1.882580e-90	1.520262e-55	1.773951e-86	0.000000e+00	0.000000e+00	1.882580e-90	0.000000e+00	0.000000e+00	0.000000e+00	0.000000e+00	0.000000e+00	0.000000e+00	0.000000e+00	3.597127e-62	1.343107e-85	0.000000e+00	0.000000e+00	0.000000e+00	0.000000e+00	0.000000e+00	0.000000e+00	0.000000e+00	0.000000e+00	0.000000e+00	0.000000e+00	0.000000e+00	0.000000e+00	0.000000e+00	0.000000e+00	0.000000e+00	0.000000e+00	0.000000e+00	0.000000e+00	0.000000e+00	0.000000e+00	0.000000e+00	0.000000e+00	0.000000e+00	0.000000e+00	0.000000e+00	0.000000e+00	0.000000e+00	0.000000e+00	0.000000e+00	0.000000e+00	0.000000e+00	0.000000e+00	0.000000e+00	0.000000e+00	0.000000e+00	0.000000e+00	0.000000e+00	0.000000e+00	0.000000e+00	0.000000e+00	0.000000e+00	0.000000e+00	
1308.258655	1302.952459	1313.564850	201.670471	6.227724e+02	1.882709e-90	0.000000e+00	1.348533e-53	1.924332e-71	0.000000e+00	0.000000e+00	8.447146e-03	1.882709e-90	1.165978e-03	1.577944e-60	1.882709e-90	1.882709e-90	1.882709e-90	1.882709e-90	0.000000e+00	1.882709e-90	1.882709e-90	1.882709e-90	1.882709e-90	9.895166e-44	4.973509e-03	8.286682e-50	0.000000e+00	0.000000e+00	0.000000e+00	1.882709e-90	3.319845e-88	0.000000e+00	1.587014e-50	0.000000e+00	0.000000e+00	0.000000e+00	0.000000e+00	0.000000e+00	0.000000e+00	0.000000e+00	1.302492e-57	1.882709e-90	1.882709e-90	1.021327e-74	4.484793e-46	3.381692e-69	2.201468e-57	1.882709e-90	2.273673e-04	5.318187e-42	0.000000e+00	0.000000e+00	8.468497e-48	1.650101e-89	0.000000e+00	1.657168e-37	8.419210e-01	1.882709e-90	2.469652e-16	0.000000e+00	1.882709e-90	1.882709e-90	1.882709e-90	1.234534e-55	1.452930e-86	0.000000e+00	0.000000e+00	1.882709e-90	0.000000e+00	0.000000e+00	0.000000e+00	0.000000e+00	0.000000e+00	0.000000e+00	0.000000e+00	3.748216e-62	9.707697e-86	0.000000e+00	0.000000e+00	0.000000e+00	0.000000e+00	0.000000e+00	0.000000e+00	0.000000e+00	0.000000e+00	0.000000e+00	0.000000e+00	0.000000e+00	0.000000e+00	0.000000e+00	0.000000e+00	0.000000e+00	0.000000e+00	0.000000e+00	0.000000e+00	0.000000e+00	0.000000e+00	0.000000e+00	0.000000e+00	0.000000e+00	0.000000e+00	0.000000e+00	0.000000e+00	0.000000e+00	0.000000e+00	0.000000e+00	0.000000e+00	0.000000e+00	0.000000e+00	0.000000e+00	0.000000e+00	0.000000e+00	0.000000e+00	0.000000e+00	0.000000e+00	0.000000e+00	0.000000e+00	0.000000e+00	0.000000e+00	
1318.855495	1313.564850	1324.146140	201.079932	5.110783e+02	1.882617e-90	0.000000e+00	1.020961e-53	1.303120e-71	0.000000e+00	0.000000e+00	8.446726e-03	1.882617e-90	1.165848e-03	1.150316e-60	1.882617e-90	1.882617e-90	1.882617e-90	1.882617e-90	0.000000e+00	1.882617e-90	1.882617e-90	1.882617e-90	1.882617e-90	1.028431e-43	4.973684e-03	7.148167e-50	0.000000e+00	0.000000e+00	0.000000e+00	1.882617e-90	2.556362e-88	0.000000e+00	1.362744e-50	0.000000e+00	0.000000e+00	0.000000e+00	0.000000e+00	0.000000e+00	0.000000e+00	0.000000e+00	1.241306e-57	1.882617e-90	1.882617e-90	7.406980e-75	4.069989e-46	2.590573e-69	1.888545e-57	1.882617e-90	2.273375e-04	4.438089e-42	0.000000e+00	0.000000e+00	8.946619e-48	1.271205e-89	0.000000e+00	1.857856e-37	8.419282e-01	1.882617e-90	3.143957e-16	0.000000e+00	1.882617e-90	1.882617e-90	1.882617e-90	9.257508e-56	1.045996e-86	0.000000e+00	0.000000e+00	1.882617e-90	0.000000e+00	0.000000e+00	0.000000e+00	0.000000e+00	0.000000e+00	0.000000e+00	0.000000e+00	3.561492e-62	6.441880e-86	0.000000e+00	0.000000e+00	0.000000e+00	0.000000e+00	0.000000e+00	0.000000e+00	0.000000e+00	0.000000e+00	0.000000e+00	0.000000e+00	0.000000e+00	0.000000e+00	0.000000e+00	0.000000e+00	0.000000e+00	0.000000e+00	0.000000e+00	0.000000e+00	0.000000e+00	0.000000e+00	0.000000e+00	0.000000e+00	0.000000e+00	0.000000e+00	0.000000e+00	0.000000e+00	0.000000e+00	0.000000e+00	0.000000e+00	0.000000e+00	0.000000e+00	0.000000e+00	0.000000e+00	0.000000e+00	0.000000e+00	0.000000e+00	0.000000e+00	0.000000e+00	0.000000e+00	0.000000e+00	0.000000e+00	0.000000e+00	
1329.420433	1324.146140	1334.694727	200.458035	4.194165e+02	1.882682e-90	0.000000e+00	7.558507e-54	8.573062e-72	0.000000e+00	0.000000e+00	8.447042e-03	1.882682e-90	1.165971e-03	8.183567e-61	1.882682e-90	1.882682e-90	1.882682e-90	1.882682e-90	0.000000e+00	1.882682e-90	1.882682e-90	1.882682e-90	1.882682e-90	1.046867e-43	4.974263e-03	6.042703e-50	0.000000e+00	0.000000e+00	0.000000e+00	1.882682e-90	1.893901e-88	0.000000e+00	1.146448e-50	0.000000e+00	0.000000e+00	0.000000e+00	0.000000e+00	0.000000e+00	0.000000e+00	0.000000e+00	1.152857e-57	1.882682e-90	1.882682e-90	5.209968e-75	3.631176e-46	1.931293e-69	1.587586e-57	1.882682e-90	2.273470e-04	3.643369e-42	0.000000e+00	0.000000e+00	9.268517e-48	9.422916e-90	0.000000e+00	2.049502e-37	8.419221e-01	1.882682e-90	3.968671e-16	0.000000e+00	1.882682e-90	1.882682e-90	1.882682e-90	6.785174e-56	7.258335e-87	0.000000e+00	0.000000e+00	1.882682e-90	0.000000e+00	0.000000e+00	0.000000e+00	0.000000e+00	0.000000e+00	0.000000e+00	0.000000e+00	3.297843e-62	4.175809e-86	0.000000e+00	0.000000e+00	0.000000e+00	0.000000e+00	0.000000e+00	0.000000e+00	0.000000e+00	0.000000e+00	0.000000e+00	0.000000e+00	0.000000e+00	0.000000e+00	0.000000e+00	0.000000e+00	0.000000e+00	0.000000e+00	0.000000e+00	0.000000e+00	0.000000e+00	0.000000e+00	0.000000e+00	0.000000e+00	0.000000e+00	0.000000e+00	0.000000e+00	0.000000e+00	0.000000e+00	0.000000e+00	0.000000e+00	0.000000e+00	0.000000e+00	0.000000e+00	0.000000e+00	0.000000e+00	0.000000e+00	0.000000e+00	0.000000e+00	0.000000e+00	0.000000e+00	0.000000e+00	0.000000e+00	0.000000e+00	
1339.952011	1334.694727	1345.209296	199.811954	3.441943e+02	1.882598e-90	0.000000e+00	5.495380e-54	5.508210e-72	0.000000e+00	0.000000e+00	8.445916e-03	1.882598e-90	1.165933e-03	5.706081e-61	1.882598e-90	1.882598e-90	1.882598e-90	1.882598e-90	0.000000e+00	1.882598e-90	1.882598e-90	1.882598e-90	1.882598e-90	1.047147e-43	4.973490e-03	5.022151e-50	0.000000e+00	0.000000e+00	0.000000e+00	1.882598e-90	1.358910e-88	0.000000e+00	9.479436e-51	0.000000e+00	0.000000e+00	0.000000e+00	0.000000e+00	0.000000e+00	0.000000e+00	0.000000e+00	1.047816e-57	1.882598e-90	1.882598e-90	3.574139e-75	3.193863e-46	1.407741e-69	1.311890e-57	1.882598e-90	2.273432e-04	2.950845e-42	0.000000e+00	0.000000e+00	9.442883e-48	6.766025e-90	0.000000e+00	2.229551e-37	8.419304e-01	1.882598e-90	4.972088e-16	0.000000e+00	1.882598e-90	1.882598e-90	1.882598e-90	4.880210e-56	4.885708e-87	0.000000e+00	0.000000e+00	1.882598e-90	0.000000e+00	0.000000e+00	0.000000e+00	0.000000e+00	0.000000e+00	0.000000e+00	0.000000e+00	2.987652e-62	2.652931e-86	0.000000e+00	0.000000e+00	0.000000e+00	0.000000e+00	0.000000e+00	0.000000e+00	0.000000e+00	0.000000e+00	0.000000e+00	0.000000e+00	0.000000e+00	0.000000e+00	0.000000e+00	0.000000e+00	0.000000e+00	0.000000e+00	0.000000e+00	0.000000e+00	0.000000e+00	0.000000e+00	0.000000e+00	0.000000e+00	0.000000e+00	0.000000e+00	0.000000e+00	0.000000e+00	0.000000e+00	0.000000e+00	0.000000e+00	0.000000e+00	0.000000e+00	0.000000e+00	0.000000e+00	0.000000e+00	0.000000e+00	0.000000e+00	0.000000e+00	0.000000e+00	0.000000e+00	0.000000e+00	0.000000e+00	0.000000e+00	
1350.449395	1345.209296	1355.689495	199.157482	2.824631e+02	1.882635e-90	0.000000e+00	3.963029e-54	3.502881e-72	0.000000e+00	0.000000e+00	8.447019e-03	1.882635e-90	1.165977e-03	3.943429e-61	1.882635e-90	1.882635e-90	1.882635e-90	1.882635e-90	0.000000e+00	1.882635e-90	1.882635e-90	1.882635e-90	1.882635e-90	1.040170e-43	4.974002e-03	4.145705e-50	0.000000e+00	0.000000e+00	0.000000e+00	1.882635e-90	9.620411e-89	0.000000e+00	7.784347e-51	0.000000e+00	0.000000e+00	0.000000e+00	0.000000e+00	0.000000e+00	0.000000e+00	0.000000e+00	9.438131e-58	1.882635e-90	1.882635e-90	2.424794e-75	2.791883e-46	1.016288e-69	1.076734e-57	1.882635e-90	2.273457e-04	2.375687e-42	0.000000e+00	0.000000e+00	9.558405e-48	4.792153e-90	0.000000e+00	2.413414e-37	8.419260e-01	1.882635e-90	6.211080e-16	0.000000e+00	1.882635e-90	1.882635e-90	1.882635e-90	3.481884e-56	3.246802e-87	0.000000e+00	0.000000e+00	1.882635e-90	0.000000e+00	0.000000e+00	0.000000e+00	0.000000e+00	0.000000e+00	0.000000e+00	0.000000e+00	2.683175e-62	1.673156e-86	0.000000e+00	0.000000e+00	0.000000e+00	0.000000e+00	0.000000e+00	0.000000e+00	0.000000e+00	0.000000e+00	0.000000e+00	0.000000e+00	0.000000e+00	0.000000e+00	0.000000e+00	0.000000e+00	0.000000e+00	0.000000e+00	0.000000e+00	0.000000e+00	0.000000e+00	0.000000e+00	0.000000e+00	0.000000e+00	0.000000e+00	0.000000e+00	0.000000e+00	0.000000e+00	0.000000e+00	0.000000e+00	0.000000e+00	0.000000e+00	0.000000e+00	0.000000e+00	0.000000e+00	0.000000e+00	0.000000e+00	0.000000e+00	0.000000e+00	0.000000e+00	0.000000e+00	0.000000e+00	0.000000e+00	0.000000e+00	
1360.913595	1355.689495	1366.137695	198.550825	2.318034e+02	1.882744e-90	0.000000e+00	2.941017e-54	2.311509e-72	0.000000e+00	0.000000e+00	8.446914e-03	1.882744e-90	1.166081e-03	2.812615e-61	1.882744e-90	1.882744e-90	1.882744e-90	1.882744e-90	0.000000e+00	1.882744e-90	1.882744e-90	1.882744e-90	1.882744e-90	1.061396e-43	4.973577e-03	3.512295e-50	0.000000e+00	0.000000e+00	0.000000e+00	1.882744e-90	7.157324e-89	0.000000e+00	6.562729e-51	0.000000e+00	0.000000e+00	0.000000e+00	0.000000e+00	0.000000e+00	0.000000e+00	0.000000e+00	8.792447e-58	1.882744e-90	1.882744e-90	1.711147e-75	2.495714e-46	7.599122e-70	9.074236e-58	1.882744e-90	2.273428e-04	1.953654e-42	0.000000e+00	0.000000e+00	9.926888e-48	3.567093e-90	0.000000e+00	2.667997e-37	8.419181e-01	1.882744e-90	7.851885e-16	0.000000e+00	1.882744e-90	1.882744e-90	1.882744e-90	2.557812e-56	2.262016e-87	0.000000e+00	0.000000e+00	1.882744e-90	0.000000e+00	0.000000e+00	0.000000e+00	0.000000e+00	0.000000e+00	0.000000e+00	0.000000e+00	2.492586e-62	1.088245e-86	0.000000e+00	0.000000e+00	0.000000e+00	0.000000e+00	0.000000e+00	0.000000e+00	0.000000e+00	0.000000e+00	0.000000e+00	0.000000e+00	0.000000e+00	0.000000e+00	0.000000e+00	0.000000e+00	0.000000e+00	0.000000e+00	0.000000e+00	0.000000e+00	0.000000e+00	0.000000e+00	0.000000e+00	0.000000e+00	0.000000e+00	0.000000e+00	0.000000e+00	0.000000e+00	0.000000e+00	0.000000e+00	0.000000e+00	0.000000e+00	0.000000e+00	0.000000e+00	0.000000e+00	0.000000e+00	0.000000e+00	0.000000e+00	0.000000e+00	0.000000e+00	0.000000e+00	0.000000e+00	0.000000e+00	0.000000e+00	
1371.349966	1366.137695	1376.562237	198.102984	1.902295e+02	1.882567e-90	0.000000e+00	2.417984e-54	1.741606e-72	0.000000e+00	0.000000e+00	8.445985e-03	1.882567e-90	1.165925e-03	2.244782e-61	1.882567e-90	1.882567e-90	1.882567e-90	1.882567e-90	0.000000e+00	1.882567e-90	1.882567e-90	1.882567e-90	1.882567e-90	1.193080e-43	4.973761e-03	3.268114e-50	0.000000e+00	0.000000e+00	0.000000e+00	1.882567e-90	6.365146e-89	0.000000e+00	6.085568e-51	0.000000e+00	0.000000e+00	0.000000e+00	0.000000e+00	0.000000e+00	0.000000e+00	0.000000e+00	9.236656e-58	1.882567e-90	1.882567e-90	1.390115e-75	2.416201e-46	6.443674e-70	8.408273e-58	1.882567e-90	2.273264e-04	1.733216e-42	0.000000e+00	0.000000e+00	1.130488e-47	3.172888e-90	0.000000e+00	3.182375e-37	8.419327e-01	1.882567e-90	1.034284e-15	0.000000e+00	1.882567e-90	1.882567e-90	1.882567e-90	2.087284e-56	1.867354e-87	0.000000e+00	0.000000e+00	1.882567e-90	0.000000e+00	0.000000e+00	0.000000e+00	0.000000e+00	0.000000e+00	0.000000e+00	0.000000e+00	2.612836e-62	7.905848e-87	0.000000e+00	0.000000e+00	0.000000e+00	0.000000e+00	0.000000e+00	0.000000e+00	0.000000e+00	0.000000e+00	0.000000e+00	0.000000e+00	0.000000e+00	0.000000e+00	0.000000e+00	0.000000e+00	0.000000e+00	0.000000e+00	0.000000e+00	0.000000e+00	0.000000e+00	0.000000e+00	0.000000e+00	0.000000e+00	0.000000e+00	0.000000e+00	0.000000e+00	0.000000e+00	0.000000e+00	0.000000e+00	0.000000e+00	0.000000e+00	0.000000e+00	0.000000e+00	0.000000e+00	0.000000e+00	0.000000e+00	0.000000e+00	0.000000e+00	0.000000e+00	0.000000e+00	0.000000e+00	0.000000e+00	0.000000e+00	
1381.771931	1376.562237	1386.981624	198.004796	1.561119e+02	1.882657e-90	0.000000e+00	2.501743e-54	1.767933e-72	0.000000e+00	0.000000e+00	8.446826e-03	1.882657e-90	1.166059e-03	2.307792e-61	1.882657e-90	1.882657e-90	1.882657e-90	1.882657e-90	0.000000e+00	1.882657e-90	1.882657e-90	1.882657e-90	1.882657e-90	1.666616e-43	4.973488e-03	3.753477e-50	0.000000e+00	0.000000e+00	0.000000e+00	1.882657e-90	8.443603e-89	0.000000e+00	6.982801e-51	0.000000e+00	0.000000e+00	0.000000e+00	0.000000e+00	0.000000e+00	0.000000e+00	0.000000e+00	1.271245e-57	1.882657e-90	1.882657e-90	1.549629e-75	2.799604e-46	7.252066e-70	9.650883e-58	1.882657e-90	2.273400e-04	1.823669e-42	0.000000e+00	0.000000e+00	1.583860e-47	4.209699e-90	0.000000e+00	4.504481e-37	8.419252e-01	1.882657e-90	1.496397e-15	0.000000e+00	1.882657e-90	1.882657e-90	1.882657e-90	2.155938e-56	2.256462e-87	0.000000e+00	0.000000e+00	1.882657e-90	0.000000e+00	0.000000e+00	0.000000e+00	0.000000e+00	0.000000e+00	0.000000e+00	0.000000e+00	3.594849e-62	7.374284e-87	0.000000e+00	0.000000e+00	0.000000e+00	0.000000e+00	0.000000e+00	0.000000e+00	0.000000e+00	0.000000e+00	0.000000e+00	0.000000e+00	0.000000e+00	0.000000e+00	0.000000e+00	0.000000e+00	0.000000e+00	0.000000e+00	0.000000e+00	0.000000e+00	0.000000e+00	0.000000e+00	0.000000e+00	0.000000e+00	0.000000e+00	0.000000e+00	0.000000e+00	0.000000e+00	0.000000e+00	0.000000e+00	0.000000e+00	0.000000e+00	0.000000e+00	0.000000e+00	0.000000e+00	0.000000e+00	0.000000e+00	0.000000e+00	0.000000e+00	0.000000e+00	0.000000e+00	0.000000e+00	0.000000e+00	0.000000e+00	
1392.200664	1386.981624	1397.419704	198.357906	1.281132e+02	1.882611e-90	0.000000e+00	3.485029e-54	2.638203e-72	0.000000e+00	0.000000e+00	8.446752e-03	1.882611e-90	1.165927e-03	3.290325e-61	1.882611e-90	1.882611e-90	1.882611e-90	1.882611e-90	0.000000e+00	1.882611e-90	1.882611e-90	1.882611e-90	1.882611e-90	3.082452e-43	4.973404e-03	5.658536e-50	0.000000e+00	0.000000e+00	0.000000e+00	1.882611e-90	1.879169e-88	0.000000e+00	1.055655e-50	0.000000e+00	0.000000e+00	0.000000e+00	0.000000e+00	0.000000e+00	0.000000e+00	0.000000e+00	2.479936e-57	1.882611e-90	1.882611e-90	2.600499e-75	4.090109e-46	1.176379e-69	1.459407e-57	1.882611e-90	2.273364e-04	2.392073e-42	0.000000e+00	0.000000e+00	2.899109e-47	9.366771e-90	0.000000e+00	7.948791e-37	8.419286e-01	1.882611e-90	2.441007e-15	0.000000e+00	1.882611e-90	1.882611e-90	1.882611e-90	3.021050e-56	4.462137e-87	0.000000e+00	0.000000e+00	1.882611e-90	0.000000e+00	0.000000e+00	0.000000e+00	0.000000e+00	0.000000e+00	0.000000e+00	0.000000e+00	7.023982e-62	9.485315e-87	0.000000e+00	0.000000e+00	0.000000e+00	0.000000e+00	0.000000e+00	0.000000e+00	0.000000e+00	0.000000e+00	0.000000e+00	0.000000e+00	0.000000e+00	0.000000e+00	0.000000e+00	0.000000e+00	0.000000e+00	0.000000e+00	0.000000e+00	0.000000e+00	0.000000e+00	0.000000e+00	0.000000e+00	0.000000e+00	0.000000e+00	0.000000e+00	0.000000e+00	0.000000e+00	0.000000e+00	0.000000e+00	0.000000e+00	0.000000e+00	0.000000e+00	0.000000e+00	0.000000e+00	0.000000e+00	0.000000e+00	0.000000e+00	0.000000e+00	0.000000e+00	0.000000e+00	0.000000e+00	0.000000e+00	0.000000e+00	
1402.652752	1397.419704	1407.885800	198.892363	1.051362e+02	1.882690e-90	0.000000e+00	5.462519e-54	4.587058e-72	0.000000e+00	0.000000e+00	8.446831e-03	1.882690e-90	1.165998e-03	5.342115e-61	1.882690e-90	1.882690e-90	1.882690e-90	1.882690e-90	0.000000e+00	1.882690e-90	1.882690e-90	1.882690e-90	1.882690e-90	6.374495e-43	4.974030e-03	9.504842e-50	0.000000e+00	0.000000e+00	0.000000e+00	1.882690e-90	5.136842e-88	0.000000e+00	1.781002e-50	0.000000e+00	0.000000e+00	0.000000e+00	0.000000e+00	0.000000e+00	0.000000e+00	0.000000e+00	5.558664e-57	1.882690e-90	1.882690e-90	5.133321e-75	6.552917e-46	2.206465e-69	2.462881e-57	1.882690e-90	2.273532e-04	3.424718e-42	0.000000e+00	0.000000e+00	5.903097e-47	2.559370e-89	0.000000e+00	1.531569e-36	8.419221e-01	1.882690e-90	4.178939e-15	0.000000e+00	1.882690e-90	1.882690e-90	1.882690e-90	4.778285e-56	1.073041e-86	0.000000e+00	0.000000e+00	1.882690e-90	0.000000e+00	0.000000e+00	0.000000e+00	0.000000e+00	0.000000e+00	0.000000e+00	0.000000e+00	1.578300e-61	1.386776e-86	0.000000e+00	0.000000e+00	0.000000e+00	0.000000e+00	0.000000e+00	0.000000e+00	0.000000e+00	0.000000e+00	0.000000e+00	0.000000e+00	0.000000e+00	0.000000e+00	0.000000e+00	0.000000e+00	0.000000e+00	0.000000e+00	0.000000e+00	0.000000e+00	0.000000e+00	0.000000e+00	0.000000e+00	0.000000e+00	0.000000e+00	0.000000e+00	0.000000e+00	0.000000e+00	0.000000e+00	0.000000e+00	0.000000e+00	0.000000e+00	0.000000e+00	0.000000e+00	0.000000e+00	0.000000e+00	0.000000e+00	0.000000e+00	0.000000e+00	0.000000e+00	0.000000e+00	0.000000e+00	0.000000e+00	0.000000e+00	
1413.125924	1407.885800	1418.366048	199.160600	8.628001e+01	1.882610e-90	0.000000e+00	7.185146e-54	6.353885e-72	0.000000e+00	0.000000e+00	8.445969e-03	1.882610e-90	1.165974e-03	7.151019e-61	1.882610e-90	1.882610e-90	1.882610e-90	1.882610e-90	0.000000e+00	1.882610e-90	1.882610e-90	1.882610e-90	1.882610e-90	1.116716e-42	4.973633e-03	1.359456e-49	0.000000e+00	0.000000e+00	0.000000e+00	1.882610e-90	1.034563e-87	0.000000e+00	2.552827e-50	0.000000e+00	0.000000e+00	0.000000e+00	0.000000e+00	0.000000e+00	0.000000e+00	0.000000e+00	1.013865e-56	1.882610e-90	1.882610e-90	7.960462e-75	9.154503e-46	3.335000e-69	3.530739e-57	1.882610e-90	2.273467e-04	4.304962e-42	0.000000e+00	0.000000e+00	1.026089e-46	5.153793e-89	0.000000e+00	2.589622e-36	8.419293e-01	1.882610e-90	6.662134e-15	0.000000e+00	1.882610e-90	1.882610e-90	1.882610e-90	6.312642e-56	1.929304e-86	0.000000e+00	0.000000e+00	1.882610e-90	0.000000e+00	0.000000e+00	0.000000e+00	0.000000e+00	0.000000e+00	0.000000e+00	0.000000e+00	2.881999e-61	1.675997e-86	0.000000e+00	0.000000e+00	0.000000e+00	0.000000e+00	0.000000e+00	0.000000e+00	0.000000e+00	0.000000e+00	0.000000e+00	0.000000e+00	0.000000e+00	0.000000e+00	0.000000e+00	0.000000e+00	0.000000e+00	0.000000e+00	0.000000e+00	0.000000e+00	0.000000e+00	0.000000e+00	0.000000e+00	0.000000e+00	0.000000e+00	0.000000e+00	0.000000e+00	0.000000e+00	0.000000e+00	0.000000e+00	0.000000e+00	0.000000e+00	0.000000e+00	0.000000e+00	0.000000e+00	0.000000e+00	0.000000e+00	0.000000e+00	0.000000e+00	0.000000e+00	0.000000e+00	0.000000e+00	0.000000e+00	0.000000e+00	
1423.600932	1418.366048	1428.835817	198.959667	7.080571e+01	1.882636e-90	0.000000e+00	6.955928e-54	5.917588e-72	0.000000e+00	0.000000e+00	8.446766e-03	1.882636e-90	1.165925e-03	6.832209e-61	1.882636e-90	1.882636e-90	1.882636e-90	1.882636e-90	0.000000e+00	1.882636e-90	1.882636e-90	1.882636e-90	1.882636e-90	1.465047e-42	4.973876e-03	1.469283e-49	0.000000e+00	0.000000e+00	0.000000e+00	1.882636e-90	1.222646e-87	0.000000e+00	2.754532e-50	0.000000e+00	0.000000e+00	0.000000e+00	0.000000e+00	0.000000e+00	0.000000e+00	0.000000e+00	1.290451e-56	1.882636e-90	1.882636e-90	8.097763e-75	1.006928e-45	3.458372e-69	3.809369e-57	1.882636e-90	2.273445e-04	4.311464e-42	0.000000e+00	0.000000e+00	1.353999e-46	6.091332e-89	0.000000e+00	3.488840e-36	8.419263e-01	1.882636e-90	9.378496e-15	0.000000e+00	1.882636e-90	1.882636e-90	1.882636e-90	6.091224e-56	2.088312e-86	0.000000e+00	0.000000e+00	1.882636e-90	0.000000e+00	0.000000e+00	0.000000e+00	0.000000e+00	0.000000e+00	0.000000e+00	0.000000e+00	3.665144e-61	1.454383e-86	0.000000e+00	0.000000e+00	0.000000e+00	0.000000e+00	0.000000e+00	0.000000e+00	0.000000e+00	0.000000e+00	0.000000e+00	0.000000e+00	0.000000e+00	0.000000e+00	0.000000e+00	0.000000e+00	0.000000e+00	0.000000e+00	0.000000e+00	0.000000e+00	0.000000e+00	0.000000e+00	0.000000e+00	0.000000e+00	0.000000e+00	0.000000e+00	0.000000e+00	0.000000e+00	0.000000e+00	0.000000e+00	0.000000e+00	0.000000e+00	0.000000e+00	0.000000e+00	0.000000e+00	0.000000e+00	0.000000e+00	0.000000e+00	0.000000e+00	0.000000e+00	0.000000e+00	0.000000e+00	0.000000e+00	0.000000e+00	
1434.057925	1428.835817	1439.280033	198.474632	5.810672e+01	1.882695e-90	0.000000e+00	5.587434e-54	4.326912e-72	0.000000e+00	0.000000e+00	8.446847e-03	1.882695e-90	1.166011e-03	5.316422e-61	1.882695e-90	1.882695e-90	1.882695e-90	1.882695e-90	0.000000e+00	1.882695e-90	1.882695e-90	1.882695e-90	1.882695e-90	1.611220e-42	4.973884e-03	1.338494e-49	0.000000e+00	0.000000e+00	0.000000e+00	1.882695e-90	1.044169e-87	0.000000e+00	2.499632e-50	0.000000e+00	0.000000e+00	0.000000e+00	0.000000e+00	0.000000e+00	0.000000e+00	0.000000e+00	1.319398e-56	1.882695e-90	1.882695e-90	6.372197e-75	9.575129e-46	2.850550e-69	3.455574e-57	1.882695e-90	2.273469e-04	3.759996e-42	0.000000e+00	0.000000e+00	1.510300e-46	5.204017e-89	0.000000e+00	4.091124e-36	8.419219e-01	1.882695e-90	1.224296e-14	0.000000e+00	1.882695e-90	1.882695e-90	1.882695e-90	4.853511e-56	1.659018e-86	0.000000e+00	0.000000e+00	1.882695e-90	0.000000e+00	0.000000e+00	0.000000e+00	0.000000e+00	0.000000e+00	0.000000e+00	0.000000e+00	3.739030e-61	1.030820e-86	0.000000e+00	0.000000e+00	0.000000e+00	0.000000e+00	0.000000e+00	0.000000e+00	0.000000e+00	0.000000e+00	0.000000e+00	0.000000e+00	0.000000e+00	0.000000e+00	0.000000e+00	0.000000e+00	0.000000e+00	0.000000e+00	0.000000e+00	0.000000e+00	0.000000e+00	0.000000e+00	0.000000e+00	0.000000e+00	0.000000e+00	0.000000e+00	0.000000e+00	0.000000e+00	0.000000e+00	0.000000e+00	0.000000e+00	0.000000e+00	0.000000e+00	0.000000e+00	0.000000e+00	0.000000e+00	0.000000e+00	0.000000e+00	0.000000e+00	0.000000e+00	0.000000e+00	0.000000e+00	0.000000e+00	0.000000e+00	
1444.489132	1439.280033	1449.698232	197.982847	4.768529e+01	1.882701e-90	0.000000e+00	4.461412e-54	3.139273e-72	0.000000e+00	0.000000e+00	8.446684e-03	1.882701e-90	1.166010e-03	4.109409e-61	1.882701e-90	1.882701e-90	1.882701e-90	1.882701e-90	0.000000e+00	1.882701e-90	1.882701e-90	1.882701e-90	1.882701e-90	1.762115e-42	4.974030e-03	1.212740e-49	0.000000e+00	0.000000e+00	0.000000e+00	1.882701e-90	8.826238e-88	0.000000e+00	2.256016e-50	0.000000e+00	0.000000e+00	0.000000e+00	0.000000e+00	0.000000e+00	0.000000e+00	0.000000e+00	1.339593e-56	1.882701e-90	1.882701e-90	4.973287e-75	9.063289e-46	2.332332e-69	3.117372e-57	1.882701e-90	2.273522e-04	3.264586e-42	0.000000e+00	0.000000e+00	1.675799e-46	4.400284e-89	0.000000e+00	4.776493e-36	8.419208e-01	1.882701e-90	1.594265e-14	0.000000e+00	1.882701e-90	1.882701e-90	1.882701e-90	3.843753e-56	1.305030e-86	0.000000e+00	0.000000e+00	1.882701e-90	0.000000e+00	0.000000e+00	0.000000e+00	0.000000e+00	0.000000e+00	0.000000e+00	0.000000e+00	3.787704e-61	7.259624e-87	0.000000e+00	0.000000e+00	0.000000e+00	0.000000e+00	0.000000e+00	0.000000e+00	0.000000e+00	0.000000e+00	0.000000e+00	0.000000e+00	0.000000e+00	0.000000e+00	0.000000e+00	0.000000e+00	0.000000e+00	0.000000e+00	0.000000e+00	0.000000e+00	0.000000e+00	0.000000e+00	0.000000e+00	0.000000e+00	0.000000e+00	0.000000e+00	0.000000e+00	0.000000e+00	0.000000e+00	0.000000e+00	0.000000e+00	0.000000e+00	0.000000e+00	0.000000e+00	0.000000e+00	0.000000e+00	0.000000e+00	0.000000e+00	0.000000e+00	0.000000e+00	0.000000e+00	0.000000e+00	0.000000e+00	0.000000e+00	
1454.895816	1449.698232	1460.093399	197.544756	3.913295e+01	1.882731e-90	0.000000e+00	3.685658e-54	2.380373e-72	0.000000e+00	0.000000e+00	8.446775e-03	1.882731e-90	1.166054e-03	3.297730e-61	1.882731e-90	1.882731e-90	1.882731e-90	1.882731e-90	0.000000e+00	1.882731e-90	1.882731e-90	1.882731e-90	1.882731e-90	1.990094e-42	4.973566e-03	1.133517e-49	0.000000e+00	0.000000e+00	0.000000e+00	1.882731e-90	7.914645e-88	0.000000e+00	2.101035e-50	0.000000e+00	0.000000e+00	0.000000e+00	0.000000e+00	0.000000e+00	0.000000e+00	0.000000e+00	1.415563e-56	1.882731e-90	1.882731e-90	4.067555e-75	8.809863e-46	1.990004e-69	2.902948e-57	1.882731e-90	2.273556e-04	2.906879e-42	0.000000e+00	0.000000e+00	1.917319e-46	3.947264e-89	0.000000e+00	5.719812e-36	8.419193e-01	1.882731e-90	2.105293e-14	0.000000e+00	1.882731e-90	1.882731e-90	1.882731e-90	3.151817e-56	1.086079e-86	0.000000e+00	0.000000e+00	1.882731e-90	0.000000e+00	0.000000e+00	0.000000e+00	0.000000e+00	0.000000e+00	0.000000e+00	0.000000e+00	3.994700e-61	5.306044e-87	0.000000e+00	0.000000e+00	0.000000e+00	0.000000e+00	0.000000e+00	0.000000e+00	0.000000e+00	0.000000e+00	0.000000e+00	0.000000e+00	0.000000e+00	0.000000e+00	0.000000e+00	0.000000e+00	0.000000e+00	0.000000e+00	0.000000e+00	0.000000e+00	0.000000e+00	0.000000e+00	0.000000e+00	0.000000e+00	0.000000e+00	0.000000e+00	0.000000e+00	0.000000e+00	0.000000e+00	0.000000e+00	0.000000e+00	0.000000e+00	0.000000e+00	0.000000e+00	0.000000e+00	0.000000e+00	0.000000e+00	0.000000e+00	0.000000e+00	0.000000e+00	0.000000e+00	0.000000e+00	0.000000e+00	0.000000e+00	
1465.281699	1460.093399	1470.470000	197.187212	3.211446e+01	1.882705e-90	0.000000e+00	3.208454e-54	1.931617e-72	0.000000e+00	0.000000e+00	8.446860e-03	1.882705e-90	1.165879e-03	2.802735e-61	1.882705e-90	1.882705e-90	1.882705e-90	1.882705e-90	0.000000e+00	1.882705e-90	1.882705e-90	1.882705e-90	1.882705e-90	2.361788e-42	4.973702e-03	1.111600e-49	0.000000e+00	0.000000e+00	0.000000e+00	1.882705e-90	7.776002e-88	0.000000e+00	2.054544e-50	0.000000e+00	0.000000e+00	0.000000e+00	0.000000e+00	0.000000e+00	0.000000e+00	0.000000e+00	1.590573e-56	1.882705e-90	1.882705e-90	3.575109e-75	8.920110e-46	1.810797e-69	2.837893e-57	1.882705e-90	2.273537e-04	2.690745e-42	0.000000e+00	0.000000e+00	2.299735e-46	3.878725e-89	0.000000e+00	7.121946e-36	8.419212e-01	1.882705e-90	2.838757e-14	0.000000e+00	1.882705e-90	1.882705e-90	1.882705e-90	2.727302e-56	9.858765e-87	0.000000e+00	0.000000e+00	1.882705e-90	0.000000e+00	0.000000e+00	0.000000e+00	0.000000e+00	0.000000e+00	0.000000e+00	0.000000e+00	4.481502e-61	4.104515e-87	0.000000e+00	0.000000e+00	0.000000e+00	0.000000e+00	0.000000e+00	0.000000e+00	0.000000e+00	0.000000e+00	0.000000e+00	0.000000e+00	0.000000e+00	0.000000e+00	0.000000e+00	0.000000e+00	0.000000e+00	0.000000e+00	0.000000e+00	0.000000e+00	0.000000e+00	0.000000e+00	0.000000e+00	0.000000e+00	0.000000e+00	0.000000e+00	0.000000e+00	0.000000e+00	0.000000e+00	0.000000e+00	0.000000e+00	0.000000e+00	0.000000e+00	0.000000e+00	0.000000e+00	0.000000e+00	0.000000e+00	0.000000e+00	0.000000e+00	0.000000e+00	0.000000e+00	0.000000e+00	0.000000e+00	0.000000e+00	
1475.652890	1470.470000	1480.835780	196.987759	2.635474e+01	1.882601e-90	0.000000e+00	3.101137e-54	1.794884e-72	0.000000e+00	0.000000e+00	8.446113e-03	1.882601e-90	1.165971e-03	2.673295e-61	1.882601e-90	1.882601e-90	1.882601e-90	1.882601e-90	0.000000e+00	1.882601e-90	1.882601e-90	1.882601e-90	1.882601e-90	3.093170e-42	4.973447e-03	1.199363e-49	0.000000e+00	0.000000e+00	0.000000e+00	1.882601e-90	9.163001e-88	0.000000e+00	2.213287e-50	0.000000e+00	0.000000e+00	0.000000e+00	0.000000e+00	0.000000e+00	0.000000e+00	0.000000e+00	2.020912e-56	1.882601e-90	1.882601e-90	3.628579e-75	9.798781e-46	1.873695e-69	3.056375e-57	1.882601e-90	2.273440e-04	2.691492e-42	0.000000e+00	0.000000e+00	3.029749e-46	4.571064e-89	0.000000e+00	9.580412e-36	8.419303e-01	1.882601e-90	3.995049e-14	0.000000e+00	1.882601e-90	1.882601e-90	1.882601e-90	2.627038e-56	1.064042e-86	0.000000e+00	0.000000e+00	1.882601e-90	0.000000e+00	0.000000e+00	0.000000e+00	0.000000e+00	0.000000e+00	0.000000e+00	0.000000e+00	5.688448e-61	3.553943e-87	0.000000e+00	0.000000e+00	0.000000e+00	0.000000e+00	0.000000e+00	0.000000e+00	0.000000e+00	0.000000e+00	0.000000e+00	0.000000e+00	0.000000e+00	0.000000e+00	0.000000e+00	0.000000e+00	0.000000e+00	0.000000e+00	0.000000e+00	0.000000e+00	0.000000e+00	0.000000e+00	0.000000e+00	0.000000e+00	0.000000e+00	0.000000e+00	0.000000e+00	0.000000e+00	0.000000e+00	0.000000e+00	0.000000e+00	0.000000e+00	0.000000e+00	0.000000e+00	0.000000e+00	0.000000e+00	0.000000e+00	0.000000e+00	0.000000e+00	0.000000e+00	0.000000e+00	0.000000e+00	0.000000e+00	0.000000e+00	
1486.015871	1480.835780	1491.195961	196.879292	2.162802e+01	1.882720e-90	0.000000e+00	3.184323e-54	1.804131e-72	0.000000e+00	0.000000e+00	8.446609e-03	1.882720e-90	1.165974e-03	2.725184e-61	1.882720e-90	1.882720e-90	1.882720e-90	1.882720e-90	0.000000e+00	1.882720e-90	1.882720e-90	1.882720e-90	1.882720e-90	4.290837e-42	4.974021e-03	1.368190e-49	0.000000e+00	0.000000e+00	0.000000e+00	1.882720e-90	1.200058e-87	0.000000e+00	2.522780e-50	0.000000e+00	0.000000e+00	0.000000e+00	0.000000e+00	0.000000e+00	0.000000e+00	0.000000e+00	2.757080e-56	1.882720e-90	1.882720e-90	4.002737e-75	1.128546e-45	2.089006e-69	3.483139e-57	1.882720e-90	2.273419e-04	2.815894e-42	0.000000e+00	0.000000e+00	4.216557e-46	5.986184e-89	0.000000e+00	1.348679e-35	8.419197e-01	1.882720e-90	5.761394e-14	0.000000e+00	1.882720e-90	1.882720e-90	1.882720e-90	2.692901e-56	1.269928e-86	0.000000e+00	0.000000e+00	1.882720e-90	0.000000e+00	0.000000e+00	0.000000e+00	0.000000e+00	0.000000e+00	0.000000e+00	0.000000e+00	7.757484e-61	3.287548e-87	0.000000e+00	0.000000e+00	0.000000e+00	0.000000e+00	0.000000e+00	0.000000e+00	0.000000e+00	0.000000e+00	0.000000e+00	0.000000e+00	0.000000e+00	0.000000e+00	0.000000e+00	0.000000e+00	0.000000e+00	0.000000e+00	0.000000e+00	0.000000e+00	0.000000e+00	0.000000e+00	0.000000e+00	0.000000e+00	0.000000e+00	0.000000e+00	0.000000e+00	0.000000e+00	0.000000e+00	0.000000e+00	0.000000e+00	0.000000e+00	0.000000e+00	0.000000e+00	0.000000e+00	0.000000e+00	0.000000e+00	0.000000e+00	0.000000e+00	0.000000e+00	0.000000e+00	0.000000e+00	0.000000e+00	0.000000e+00	
1496.380186	1491.195961	1501.564411	197.038072	1.774904e+01	1.882690e-90	0.000000e+00	3.907747e-54	2.284414e-72	0.000000e+00	0.000000e+00	8.446510e-03	1.882690e-90	1.165970e-03	3.380010e-61	1.882690e-90	1.882690e-90	1.882690e-90	1.882690e-90	0.000000e+00	1.882690e-90	1.882690e-90	1.882690e-90	1.882690e-90	7.040303e-42	4.973939e-03	1.836653e-49	0.000000e+00	0.000000e+00	0.000000e+00	1.882690e-90	2.142074e-87	0.000000e+00	3.390880e-50	0.000000e+00	0.000000e+00	0.000000e+00	0.000000e+00	0.000000e+00	0.000000e+00	0.000000e+00	4.635078e-56	1.882690e-90	1.882690e-90	5.642575e-75	1.493668e-45	2.899594e-69	4.682419e-57	1.882690e-90	2.273523e-04	3.362424e-42	0.000000e+00	0.000000e+00	6.885894e-46	1.068504e-88	0.000000e+00	2.165963e-35	8.419224e-01	1.882690e-90	8.928822e-14	0.000000e+00	1.882690e-90	1.882690e-90	1.882690e-90	3.313514e-56	2.035542e-86	0.000000e+00	0.000000e+00	1.882690e-90	0.000000e+00	0.000000e+00	0.000000e+00	0.000000e+00	0.000000e+00	0.000000e+00	0.000000e+00	1.305040e-60	3.686087e-87	0.000000e+00	0.000000e+00	0.000000e+00	0.000000e+00	0.000000e+00	0.000000e+00	0.000000e+00	0.000000e+00	0.000000e+00	0.000000e+00	0.000000e+00	0.000000e+00	0.000000e+00	0.000000e+00	0.000000e+00	0.000000e+00	0.000000e+00	0.000000e+00	0.000000e+00	0.000000e+00	0.000000e+00	0.000000e+00	0.000000e+00	0.000000e+00	0.000000e+00	0.000000e+00	0.000000e+00	0.000000e+00	0.000000e+00	0.000000e+00	0.000000e+00	0.000000e+00	0.000000e+00	0.000000e+00	0.000000e+00	0.000000e+00	0.000000e+00	0.000000e+00	0.000000e+00	0.000000e+00	0.000000e+00	0.000000e+00	
1506.776025	1501.564411	1511.987640	198.077434	1.456575e+01	1.882628e-90	0.000000e+00	8.592266e-54	6.158676e-72	0.000000e+00	0.000000e+00	8.446849e-03	1.882628e-90	1.165973e-03	7.963717e-61	1.882628e-90	1.882628e-90	1.882628e-90	1.882628e-90	0.000000e+00	1.882628e-90	1.882628e-90	1.882628e-90	1.882628e-90	2.003252e-41	4.974049e-03	4.203644e-49	0.000000e+00	0.000000e+00	0.000000e+00	1.882628e-90	1.054468e-86	0.000000e+00	7.825677e-50	0.000000e+00	0.000000e+00	0.000000e+00	0.000000e+00	0.000000e+00	0.000000e+00	0.000000e+00	1.544807e-55	1.882628e-90	1.882628e-90	1.774115e-74	3.115110e-45	8.244798e-69	1.081454e-56	1.882628e-90	2.273510e-04	6.186564e-42	0.000000e+00	0.000000e+00	1.899803e-45	5.256649e-88	0.000000e+00	5.362196e-35	8.419263e-01	1.882628e-90	1.752329e-13	0.000000e+00	1.882628e-90	1.882628e-90	1.882628e-90	7.414439e-56	8.572442e-86	0.000000e+00	0.000000e+00	1.882628e-90	0.000000e+00	0.000000e+00	0.000000e+00	0.000000e+00	0.000000e+00	0.000000e+00	0.000000e+00	4.369875e-60	7.767247e-87	0.000000e+00	0.000000e+00	0.000000e+00	0.000000e+00	0.000000e+00	0.000000e+00	0.000000e+00	0.000000e+00	0.000000e+00	0.000000e+00	0.000000e+00	0.000000e+00	0.000000e+00	0.000000e+00	0.000000e+00	0.000000e+00	0.000000e+00	0.000000e+00	0.000000e+00	0.000000e+00	0.000000e+00	0.000000e+00	0.000000e+00	0.000000e+00	0.000000e+00	0.000000e+00	0.000000e+00	0.000000e+00	0.000000e+00	0.000000e+00	0.000000e+00	0.000000e+00	0.000000e+00	0.000000e+00	0.000000e+00	0.000000e+00	0.000000e+00	0.000000e+00	0.000000e+00	0.000000e+00	0.000000e+00	0.000000e+00	
1517.258205	1511.987640	1522.528770	200.316926	1.195339e+01	1.882740e-90	0.000000e+00	4.087886e-53	4.513680e-71	0.000000e+00	0.000000e+00	8.447292e-03	1.882740e-90	1.166067e-03	4.386218e-60	1.882740e-90	1.882740e-90	1.882740e-90	1.882740e-90	0.000000e+00	1.882740e-90	1.882740e-90	1.882740e-90	1.882740e-90	1.182474e-40	4.973460e-03	1.950522e-48	0.000000e+00	0.000000e+00	0.000000e+00	1.882740e-90	1.989492e-85	0.000000e+00	3.695784e-49	0.000000e+00	0.000000e+00	0.000000e+00	0.000000e+00	0.000000e+00	0.000000e+00	0.000000e+00	1.275334e-54	1.882740e-90	1.882740e-90	1.613083e-73	1.186888e-44	6.059474e-68	5.119399e-56	1.882740e-90	2.273593e-04	2.017473e-41	0.000000e+00	0.000000e+00	1.051173e-44	9.901965e-87	0.000000e+00	2.357849e-34	8.419183e-01	1.882740e-90	4.709274e-13	0.000000e+00	1.882740e-90	1.882740e-90	1.882740e-90	3.660586e-55	1.297280e-84	0.000000e+00	0.000000e+00	1.882740e-90	0.000000e+00	0.000000e+00	0.000000e+00	0.000000e+00	0.000000e+00	0.000000e+00	0.000000e+00	3.645835e-59	3.783929e-86	0.000000e+00	0.000000e+00	0.000000e+00	0.000000e+00	0.000000e+00	0.000000e+00	0.000000e+00	0.000000e+00	0.000000e+00	0.000000e+00	0.000000e+00	0.000000e+00	0.000000e+00	0.000000e+00	0.000000e+00	0.000000e+00	0.000000e+00	0.000000e+00	0.000000e+00	0.000000e+00	0.000000e+00	0.000000e+00	0.000000e+00	0.000000e+00	0.000000e+00	0.000000e+00	0.000000e+00	0.000000e+00	0.000000e+00	0.000000e+00	0.000000e+00	0.000000e+00	0.000000e+00	0.000000e+00	0.000000e+00	0.000000e+00	0.000000e+00	0.000000e+00	0.000000e+00	0.000000e+00	0.000000e+00	0.000000e+00	
1527.870726	1522.528770	1533.212682	203.031957	9.809551e+00	1.882687e-90	0.000000e+00	2.542345e-52	4.679401e-70	0.000000e+00	0.000000e+00	8.446690e-03	1.882687e-90	1.166041e-03	3.242190e-59	1.882687e-90	2.623933e-89	1.882687e-90	1.882687e-90	0.000000e+00	1.882687e-90	1.882687e-90	1.882687e-90	1.882687e-90	9.011291e-40	4.973801e-03	1.158212e-47	0.000000e+00	0.000000e+00	0.000000e+00	1.882687e-90	5.998907e-84	0.000000e+00	2.242152e-48	0.000000e+00	0.000000e+00	0.000000e+00	0.000000e+00	0.000000e+00	0.000000e+00	0.000000e+00	1.445848e-53	1.882687e-90	1.882687e-90	2.120137e-72	5.577652e-44	6.194161e-67	3.114344e-55	1.882687e-90	2.273445e-04	8.023883e-41	0.000000e+00	0.000000e+00	7.427908e-44	2.976435e-85	0.000000e+00	1.269481e-33	8.419226e-01	1.882687e-90	1.414868e-12	0.000000e+00	1.882687e-90	1.882687e-90	1.882687e-90	2.379160e-54	3.064504e-83	0.000000e+00	0.000000e+00	1.882687e-90	0.000000e+00	0.000000e+00	0.000000e+00	0.000000e+00	0.000000e+00	0.000000e+00	0.000000e+00	4.189348e-58	2.476469e-85	0.000000e+00	0.000000e+00	0.000000e+00	0.000000e+00	0.000000e+00	0.000000e+00	0.000000e+00	0.000000e+00	0.000000e+00	0.000000e+00	0.000000e+00	0.000000e+00	0.000000e+00	0.000000e+00	0.000000e+00	0.000000e+00	0.000000e+00	0.000000e+00	0.000000e+00	0.000000e+00	0.000000e+00	0.000000e+00	0.000000e+00	0.000000e+00	0.000000e+00	0.000000e+00	0.000000e+00	0.000000e+00	0.000000e+00	0.000000e+00	0.000000e+00	0.000000e+00	0.000000e+00	0.000000e+00	0.000000e+00	0.000000e+00	0.000000e+00	0.000000e+00	0.000000e+00	0.000000e+00	0.000000e+00	0.000000e+00	
1538.609341	1533.212682	1544.006000	205.108481	8.050210e+00	1.882655e-90	0.000000e+00	1.021535e-51	2.754253e-69	0.000000e+00	0.000000e+00	8.446195e-03	1.882655e-90	1.165884e-03	1.481642e-58	1.882655e-90	3.309557e-88	1.882655e-90	1.882655e-90	0.000000e+00	1.882655e-90	1.882655e-90	1.882655e-90	1.882655e-90	4.549110e-39	4.973087e-03	4.612929e-47	0.000000e+00	0.000000e+00	0.000000e+00	1.882655e-90	8.463080e-83	0.000000e+00	9.074324e-48	0.000000e+00	0.000000e+00	0.000000e+00	0.000000e+00	0.000000e+00	0.000000e+00	0.000000e+00	9.821789e-53	1.882655e-90	1.882655e-90	1.528048e-71	1.865198e-43	3.701414e-66	1.264230e-54	1.882655e-90	2.273476e-04	2.308529e-40	0.000000e+00	0.000000e+00	3.547047e-43	4.187681e-84	0.000000e+00	4.947263e-33	8.419264e-01	1.882655e-90	3.564059e-12	0.000000e+00	1.882655e-90	1.882655e-90	1.882655e-90	9.878170e-54	3.512081e-82	0.000000e+00	0.000000e+00	1.882655e-90	0.000000e+00	0.000000e+00	0.000000e+00	0.000000e+00	0.000000e+00	0.000000e+00	0.000000e+00	2.876977e-57	1.012269e-84	0.000000e+00	0.000000e+00	0.000000e+00	0.000000e+00	0.000000e+00	0.000000e+00	0.000000e+00	0.000000e+00	0.000000e+00	0.000000e+00	0.000000e+00	0.000000e+00	0.000000e+00	0.000000e+00	0.000000e+00	0.000000e+00	0.000000e+00	0.000000e+00	0.000000e+00	0.000000e+00	0.000000e+00	0.000000e+00	0.000000e+00	0.000000e+00	0.000000e+00	0.000000e+00	0.000000e+00	0.000000e+00	0.000000e+00	0.000000e+00	0.000000e+00	0.000000e+00	0.000000e+00	0.000000e+00	0.000000e+00	0.000000e+00	0.000000e+00	0.000000e+00	0.000000e+00	0.000000e+00	0.000000e+00	0.000000e+00	
1549.431910	1544.006000	1554.857821	206.221588	6.606406e+00	1.882643e-90	0.000000e+00	2.230443e-51	7.356076e-69	0.000000e+00	0.000000e+00	8.445845e-03	1.882643e-90	1.165888e-03	3.462385e-58	1.882643e-90	1.451734e-87	1.882643e-90	1.882643e-90	0.000000e+00	1.882643e-90	1.882643e-90	1.882643e-90	1.882643e-90	1.289817e-38	4.973823e-03	1.050995e-46	0.000000e+00	0.000000e+00	0.000000e+00	1.882643e-90	4.129058e-82	0.000000e+00	2.085648e-47	0.000000e+00	0.000000e+00	0.000000e+00	0.000000e+00	0.000000e+00	0.000000e+00	0.000000e+00	3.257725e-52	1.882643e-90	1.882643e-90	4.758390e-71	3.872858e-43	1.044207e-65	2.909177e-54	1.882643e-90	2.273225e-04	4.225128e-40	0.000000e+00	0.000000e+00	9.767757e-43	2.039057e-83	0.000000e+00	1.223908e-32	8.419269e-01	1.882643e-90	7.001672e-12	0.000000e+00	1.882643e-90	1.882643e-90	1.882643e-90	2.194988e-53	1.464809e-81	0.000000e+00	0.000000e+00	1.882643e-90	0.000000e+00	0.000000e+00	0.000000e+00	0.000000e+00	0.000000e+00	0.000000e+00	0.000000e+00	9.599982e-57	2.131200e-84	0.000000e+00	0.000000e+00	0.000000e+00	0.000000e+00	0.000000e+00	0.000000e+00	0.000000e+00	0.000000e+00	0.000000e+00	0.000000e+00	0.000000e+00	0.000000e+00	0.000000e+00	0.000000e+00	0.000000e+00	0.000000e+00	0.000000e+00	0.000000e+00	0.000000e+00	0.000000e+00	0.000000e+00	0.000000e+00	0.000000e+00	0.000000e+00	0.000000e+00	0.000000e+00	0.000000e+00	0.000000e+00	0.000000e+00	0.000000e+00	0.000000e+00	0.000000e+00	0.000000e+00	0.000000e+00	0.000000e+00	0.000000e+00	0.000000e+00	0.000000e+00	0.000000e+00	0.000000e+00	0.000000e+00	0.000000e+00	
1560.299500	1554.857821	1565.741179	206.819990	5.421549e+00	1.882731e-90	0.000000e+00	3.542104e-51	1.300973e-68	0.000000e+00	0.000000e+00	8.447440e-03	1.882731e-90	1.166080e-03	5.702120e-58	1.882731e-90	3.669436e-87	1.882731e-90	1.882731e-90	0.000000e+00	1.882731e-90	1.882731e-90	1.882731e-90	1.882731e-90	2.704716e-38	4.973614e-03	1.788351e-46	0.000000e+00	0.000000e+00	0.000000e+00	1.882731e-90	1.156099e-81	0.000000e+00	3.564381e-47	0.000000e+00	0.000000e+00	0.000000e+00	0.000000e+00	0.000000e+00	0.000000e+00	0.000000e+00	7.427086e-52	1.882731e-90	1.882731e-90	9.564605e-71	6.273215e-43	1.991730e-65	4.979466e-54	1.882731e-90	2.273502e-04	6.108432e-40	0.000000e+00	0.000000e+00	2.017192e-42	5.704472e-83	0.000000e+00	2.387244e-32	8.419187e-01	1.882731e-90	1.207671e-11	0.000000e+00	1.882731e-90	1.882731e-90	1.882731e-90	3.518180e-53	3.603229e-81	0.000000e+00	0.000000e+00	1.882731e-90	0.000000e+00	0.000000e+00	0.000000e+00	0.000000e+00	0.000000e+00	0.000000e+00	0.000000e+00	2.196325e-56	3.174418e-84	0.000000e+00	0.000000e+00	0.000000e+00	0.000000e+00	0.000000e+00	0.000000e+00	0.000000e+00	0.000000e+00	0.000000e+00	0.000000e+00	0.000000e+00	0.000000e+00	0.000000e+00	0.000000e+00	0.000000e+00	0.000000e+00	0.000000e+00	0.000000e+00	0.000000e+00	0.000000e+00	0.000000e+00	0.000000e+00	0.000000e+00	0.000000e+00	0.000000e+00	0.000000e+00	0.000000e+00	0.000000e+00	0.000000e+00	0.000000e+00	0.000000e+00	0.000000e+00	0.000000e+00	0.000000e+00	0.000000e+00	0.000000e+00	0.000000e+00	0.000000e+00	0.000000e+00	0.000000e+00	0.000000e+00	0.000000e+00	
1571.196162	1565.741179	1576.651145	207.326392	4.449195e+00	1.882677e-90	0.000000e+00	5.310753e-51	2.135122e-68	0.000000e+00	0.000000e+00	8.447047e-03	1.882677e-90	1.165953e-03	8.812614e-58	1.882677e-90	8.390804e-87	1.882677e-90	1.882677e-90	0.000000e+00	1.882677e-90	1.882677e-90	1.882677e-90	1.882677e-90	5.370280e-38	4.974006e-03	2.886336e-46	0.000000e+00	0.000000e+00	0.000000e+00	1.882677e-90	2.928889e-81	0.000000e+00	5.775814e-47	0.000000e+00	0.000000e+00	0.000000e+00	0.000000e+00	0.000000e+00	0.000000e+00	0.000000e+00	1.582146e-51	1.882677e-90	1.882677e-90	1.775949e-70	9.711239e-43	3.537902e-65	8.073052e-54	1.882677e-90	2.273389e-04	8.461008e-40	0.000000e+00	0.000000e+00	3.953466e-42	1.443748e-82	0.000000e+00	4.458859e-32	8.419231e-01	1.882677e-90	2.033440e-11	0.000000e+00	1.882677e-90	1.882677e-90	1.882677e-90	5.316650e-53	8.055992e-81	0.000000e+00	0.000000e+00	1.882677e-90	0.000000e+00	0.000000e+00	0.000000e+00	0.000000e+00	0.000000e+00	0.000000e+00	0.000000e+00	4.691691e-56	4.435876e-84	0.000000e+00	0.000000e+00	0.000000e+00	0.000000e+00	0.000000e+00	0.000000e+00	0.000000e+00	0.000000e+00	0.000000e+00	0.000000e+00	0.000000e+00	0.000000e+00	0.000000e+00	0.000000e+00	0.000000e+00	0.000000e+00	0.000000e+00	0.000000e+00	0.000000e+00	0.000000e+00	0.000000e+00	0.000000e+00	0.000000e+00	0.000000e+00	0.000000e+00	0.000000e+00	0.000000e+00	0.000000e+00	0.000000e+00	0.000000e+00	0.000000e+00	0.000000e+00	0.000000e+00	0.000000e+00	0.000000e+00	0.000000e+00	0.000000e+00	0.000000e+00	0.000000e+00	0.000000e+00	0.000000e+00	0.000000e+00	
1582.120119	1576.651145	1587.589093	207.856553	3.651233e+00	1.882601e-90	0.000000e+00	8.065042e-51	3.562443e-68	0.000000e+00	0.000000e+00	8.446208e-03	1.882601e-90	1.165859e-03	1.381296e-57	1.882601e-90	1.961749e-86	1.882601e-90	1.882601e-90	0.000000e+00	1.882601e-90	1.882601e-90	1.882601e-90	1.882601e-90	1.079157e-37	4.973702e-03	4.712729e-46	0.000000e+00	0.000000e+00	0.000000e+00	1.882601e-90	7.585886e-81	0.000000e+00	9.469127e-47	0.000000e+00	0.000000e+00	0.000000e+00	0.000000e+00	0.000000e+00	0.000000e+00	0.000000e+00	3.421398e-51	1.882601e-90	1.882601e-90	3.356171e-70	1.518558e-42	6.384010e-65	1.324557e-53	1.882601e-90	2.273324e-04	1.183154e-39	0.000000e+00	0.000000e+00	7.838118e-42	3.735965e-82	0.000000e+00	8.407146e-32	8.419298e-01	1.882601e-90	3.442370e-11	0.000000e+00	1.882601e-90	1.882601e-90	1.882601e-90	8.139437e-53	1.839486e-80	0.000000e+00	0.000000e+00	1.882601e-90	0.000000e+00	0.000000e+00	0.000000e+00	0.000000e+00	0.000000e+00	0.000000e+00	0.000000e+00	1.017504e-55	6.285981e-84	0.000000e+00	0.000000e+00	0.000000e+00	0.000000e+00	0.000000e+00	0.000000e+00	0.000000e+00	0.000000e+00	0.000000e+00	0.000000e+00	0.000000e+00	0.000000e+00	0.000000e+00	0.000000e+00	0.000000e+00	0.000000e+00	0.000000e+00	0.000000e+00	0.000000e+00	0.000000e+00	0.000000e+00	0.000000e+00	0.000000e+00	0.000000e+00	0.000000e+00	0.000000e+00	0.000000e+00	0.000000e+00	0.000000e+00	0.000000e+00	0.000000e+00	0.000000e+00	0.000000e+00	0.000000e+00	0.000000e+00	0.000000e+00	0.000000e+00	0.000000e+00	0.000000e+00	0.000000e+00	0.000000e+00	0.000000e+00	
1593.075389	1587.589093	1598.561684	208.515458	2.996385e+00	1.882780e-90	0.000000e+00	1.320477e-50	6.553831e-68	0.000000e+00	0.000000e+00	8.447063e-03	1.882780e-90	1.165964e-03	2.352162e-57	1.882780e-90	5.228314e-86	1.882780e-90	1.882780e-90	0.000000e+00	1.882780e-90	1.882780e-90	1.882780e-90	1.882780e-90	2.330424e-37	4.974175e-03	8.249097e-46	0.000000e+00	0.000000e+00	0.000000e+00	1.882780e-90	2.241552e-80	0.000000e+00	1.665771e-46	0.000000e+00	0.000000e+00	0.000000e+00	0.000000e+00	0.000000e+00	0.000000e+00	0.000000e+00	8.089661e-51	1.882780e-90	1.882780e-90	7.035650e-70	2.519630e-42	1.264380e-64	2.333142e-53	1.882780e-90	2.273633e-04	1.749722e-39	0.000000e+00	0.000000e+00	1.665095e-41	1.102659e-81	0.000000e+00	1.678596e-31	8.419143e-01	1.882780e-90	6.014336e-11	0.000000e+00	1.882780e-90	1.882780e-90	1.882780e-90	1.346292e-52	4.761290e-80	0.000000e+00	0.000000e+00	1.882780e-90	0.000000e+00	0.000000e+00	0.000000e+00	0.000000e+00	0.000000e+00	0.000000e+00	0.000000e+00	2.415142e-55	9.685365e-84	0.000000e+00	0.000000e+00	0.000000e+00	0.000000e+00	0.000000e+00	0.000000e+00	0.000000e+00	0.000000e+00	0.000000e+00	0.000000e+00	0.000000e+00	0.000000e+00	0.000000e+00	0.000000e+00	0.000000e+00	0.000000e+00	0.000000e+00	0.000000e+00	0.000000e+00	0.000000e+00	0.000000e+00	0.000000e+00	0.000000e+00	0.000000e+00	0.000000e+00	0.000000e+00	0.000000e+00	0.000000e+00	0.000000e+00	0.000000e+00	0.000000e+00	0.000000e+00	0.000000e+00	0.000000e+00	0.000000e+00	0.000000e+00	0.000000e+00	0.000000e+00	0.000000e+00	0.000000e+00	0.000000e+00	0.000000e+00	
1604.069650	1598.561684	1609.577615	209.338092	2.458984e+00	1.882611e-90	0.000000e+00	2.376423e-50	1.362494e-67	0.000000e+00	0.000000e+00	8.446296e-03	1.882611e-90	1.165924e-03	4.443372e-57	1.882611e-90	1.641150e-85	1.882611e-90	1.882611e-90	0.000000e+00	1.882611e-90	1.882611e-90	1.882611e-90	1.882611e-90	5.503593e-37	4.973756e-03	1.574331e-45	0.000000e+00	0.000000e+00	0.000000e+00	1.882611e-90	7.809448e-80	0.000000e+00	3.198981e-46	0.000000e+00	0.000000e+00	0.000000e+00	0.000000e+00	0.000000e+00	0.000000e+00	0.000000e+00	2.137958e-50	1.882611e-90	1.882611e-90	1.679275e-69	4.499045e-42	2.811971e-64	4.486389e-53	1.882611e-90	2.273298e-04	2.774671e-39	0.000000e+00	0.000000e+00	3.852148e-41	3.835374e-81	0.000000e+00	3.596387e-31	8.419289e-01	1.882611e-90	1.092414e-10	0.000000e+00	1.882611e-90	1.882611e-90	1.882611e-90	2.453066e-52	1.441297e-79	0.000000e+00	0.000000e+00	1.882611e-90	0.000000e+00	0.000000e+00	0.000000e+00	0.000000e+00	0.000000e+00	0.000000e+00	0.000000e+00	6.412408e-55	1.653829e-83	0.000000e+00	0.000000e+00	0.000000e+00	0.000000e+00	0.000000e+00	0.000000e+00	0.000000e+00	0.000000e+00	0.000000e+00	0.000000e+00	0.000000e+00	0.000000e+00	0.000000e+00	0.000000e+00	0.000000e+00	0.000000e+00	0.000000e+00	0.000000e+00	0.000000e+00	0.000000e+00	0.000000e+00	0.000000e+00	0.000000e+00	0.000000e+00	0.000000e+00	0.000000e+00	0.000000e+00	0.000000e+00	0.000000e+00	0.000000e+00	0.000000e+00	0.000000e+00	0.000000e+00	0.000000e+00	0.000000e+00	0.000000e+00	0.000000e+00	0.000000e+00	0.000000e+00	0.000000e+00	0.000000e+00	0.000000e+00	
1615.111607	1609.577615	1620.645599	210.327347	2.017966e+00	1.882656e-90	0.000000e+00	4.698410e-50	3.199903e-67	0.000000e+00	0.000000e+00	8.446801e-03	1.882656e-90	1.166044e-03	9.308869e-57	1.882656e-90	6.066993e-85	1.882656e-90	1.882656e-90	0.000000e+00	1.882656e-90	1.882656e-90	1.882656e-90	1.882656e-90	1.422050e-36	4.973976e-03	3.277183e-45	0.000000e+00	0.000000e+00	0.000000e+00	1.882656e-90	3.207938e-79	0.000000e+00	6.708814e-46	0.000000e+00	0.000000e+00	0.000000e+00	0.000000e+00	0.000000e+00	0.000000e+00	0.000000e+00	6.317193e-50	1.882656e-90	1.882656e-90	4.562756e-69	8.651618e-42	7.024955e-64	9.426807e-53	1.882656e-90	2.273413e-04	4.718744e-39	0.000000e+00	0.000000e+00	9.715558e-41	1.572403e-80	0.000000e+00	8.276552e-31	8.419247e-01	1.882656e-90	2.064094e-10	0.000000e+00	1.882656e-90	1.882656e-90	1.882656e-90	4.922939e-52	5.102590e-79	0.000000e+00	0.000000e+00	1.882656e-90	0.000000e+00	0.000000e+00	0.000000e+00	0.000000e+00	0.000000e+00	0.000000e+00	0.000000e+00	1.905825e-54	3.135315e-83	0.000000e+00	0.000000e+00	0.000000e+00	0.000000e+00	0.000000e+00	0.000000e+00	0.000000e+00	0.000000e+00	0.000000e+00	0.000000e+00	0.000000e+00	0.000000e+00	0.000000e+00	0.000000e+00	0.000000e+00	0.000000e+00	0.000000e+00	0.000000e+00	0.000000e+00	0.000000e+00	0.000000e+00	0.000000e+00	0.000000e+00	0.000000e+00	0.000000e+00	0.000000e+00	0.000000e+00	0.000000e+00	0.000000e+00	0.000000e+00	0.000000e+00	0.000000e+00	0.000000e+00	0.000000e+00	0.000000e+00	0.000000e+00	0.000000e+00	0.000000e+00	0.000000e+00	0.000000e+00	0.000000e+00	0.000000e+00	
1626.210433	1620.645599	1631.775267	211.502837	1.656044e+00	1.882679e-90	0.000000e+00	1.029459e-49	8.584348e-67	0.000000e+00	0.000000e+00	8.446716e-03	1.882679e-90	1.165987e-03	2.182958e-56	1.882679e-90	2.680405e-84	1.882679e-90	1.882679e-90	0.000000e+00	1.882679e-90	1.882679e-90	1.882679e-90	1.882679e-90	4.052023e-36	4.973681e-03	7.497574e-45	0.000000e+00	0.000000e+00	0.000000e+00	1.882679e-90	1.576919e-78	0.000000e+00	1.548347e-45	0.000000e+00	0.000000e+00	0.000000e+00	0.000000e+00	0.000000e+00	0.000000e+00	0.000000e+00	2.107586e-49	1.882679e-90	1.882679e-90	1.428045e-68	1.803295e-41	1.991864e-63	2.180925e-52	1.882679e-90	2.273533e-04	8.660316e-39	0.000000e+00	0.000000e+00	2.691171e-40	7.711370e-80	0.000000e+00	2.058247e-30	8.419234e-01	1.882679e-90	4.069779e-10	0.000000e+00	1.882679e-90	1.882679e-90	1.882679e-90	1.097661e-51	2.142613e-78	0.000000e+00	0.000000e+00	1.882679e-90	0.000000e+00	0.000000e+00	0.000000e+00	0.000000e+00	0.000000e+00	0.000000e+00	0.000000e+00	6.402792e-54	6.657114e-83	0.000000e+00	0.000000e+00	0.000000e+00	0.000000e+00	0.000000e+00	0.000000e+00	0.000000e+00	0.000000e+00	0.000000e+00	0.000000e+00	0.000000e+00	0.000000e+00	0.000000e+00	0.000000e+00	0.000000e+00	0.000000e+00	0.000000e+00	0.000000e+00	0.000000e+00	0.000000e+00	0.000000e+00	0.000000e+00	0.000000e+00	0.000000e+00	0.000000e+00	0.000000e+00	0.000000e+00	0.000000e+00	0.000000e+00	0.000000e+00	0.000000e+00	0.000000e+00	0.000000e+00	0.000000e+00	0.000000e+00	0.000000e+00	0.000000e+00	0.000000e+00	0.000000e+00	0.000000e+00	0.000000e+00	0.000000e+00	
1637.375596	1631.775267	1642.975925	212.848777	1.359033e+00	1.882592e-90	0.000000e+00	2.468775e-49	2.588421e-66	0.000000e+00	0.000000e+00	8.446301e-03	1.882592e-90	1.165962e-03	5.652850e-56	1.882592e-90	1.385347e-83	1.882592e-90	1.882592e-90	0.000000e+00	1.882592e-90	1.882592e-90	1.882592e-90	1.882592e-90	1.258665e-35	4.973646e-03	1.864214e-44	0.000000e+00	0.000000e+00	0.000000e+00	1.882592e-90	9.080439e-78	0.000000e+00	3.888763e-45	0.000000e+00	0.000000e+00	0.000000e+00	0.000000e+00	0.000000e+00	0.000000e+00	0.000000e+00	7.827066e-49	1.882592e-90	1.882592e-90	5.060041e-68	4.033658e-41	6.311873e-63	5.491552e-52	1.882592e-90	2.273362e-04	1.699256e-38	0.000000e+00	0.000000e+00	8.096852e-40	4.427050e-79	0.000000e+00	5.481831e-30	8.419303e-01	1.882592e-90	8.335058e-10	0.000000e+00	1.882592e-90	1.882592e-90	1.882592e-90	2.685047e-51	1.045523e-77	0.000000e+00	0.000000e+00	1.882592e-90	0.000000e+00	0.000000e+00	0.000000e+00	0.000000e+00	0.000000e+00	0.000000e+00	0.000000e+00	2.397110e-53	1.562117e-82	0.000000e+00	0.000000e+00	0.000000e+00	0.000000e+00	0.000000e+00	0.000000e+00	0.000000e+00	0.000000e+00	0.000000e+00	0.000000e+00	0.000000e+00	0.000000e+00	0.000000e+00	0.000000e+00	0.000000e+00	0.000000e+00	0.000000e+00	0.000000e+00	0.000000e+00	0.000000e+00	0.000000e+00	0.000000e+00	0.000000e+00	0.000000e+00	0.000000e+00	0.000000e+00	0.000000e+00	0.000000e+00	0.000000e+00	0.000000e+00	0.000000e+00	0.000000e+00	0.000000e+00	0.000000e+00	0.000000e+00	0.000000e+00	0.000000e+00	0.000000e+00	0.000000e+00	0.000000e+00	0.000000e+00	0.000000e+00	
1648.610995	1642.975925	1654.246065	214.168136	1.115291e+00	1.882758e-90	0.000000e+00	5.776512e-49	7.560901e-66	0.000000e+00	0.000000e+00	8.447023e-03	1.882758e-90	1.165993e-03	1.424751e-55	1.882758e-90	6.864623e-83	1.882758e-90	1.882758e-90	0.000000e+00	2.252230e-90	1.882758e-90	1.882758e-90	1.882758e-90	3.822131e-35	4.973791e-03	4.533920e-44	0.000000e+00	0.000000e+00	0.000000e+00	1.882758e-90	5.012090e-77	0.000000e+00	9.549911e-45	0.000000e+00	0.000000e+00	0.000000e+00	0.000000e+00	0.000000e+00	0.000000e+00	0.000000e+00	2.825471e-48	1.882758e-90	1.882758e-90	1.733637e-67	8.855637e-41	1.941385e-62	1.352669e-51	1.882758e-90	2.273565e-04	3.274469e-38	0.000000e+00	0.000000e+00	2.384904e-39	2.436277e-78	0.000000e+00	1.434842e-29	8.419168e-01	1.882758e-90	1.691084e-09	0.000000e+00	1.882758e-90	1.882758e-90	1.882758e-90	6.404789e-51	4.900187e-77	0.000000e+00	0.000000e+00	1.882758e-90	0.000000e+00	0.000000e+00	0.000000e+00	0.000000e+00	0.000000e+00	0.000000e+00	0.000000e+00	8.724581e-53	3.574701e-82	0.000000e+00	0.000000e+00	0.000000e+00	0.000000e+00	0.000000e+00	0.000000e+00	0.000000e+00	0.000000e+00	0.000000e+00	0.000000e+00	0.000000e+00	0.000000e+00	0.000000e+00	0.000000e+00	0.000000e+00	0.000000e+00	0.000000e+00	0.000000e+00	0.000000e+00	0.000000e+00	0.000000e+00	0.000000e+00	0.000000e+00	0.000000e+00	0.000000e+00	0.000000e+00	0.000000e+00	0.000000e+00	0.000000e+00	0.000000e+00	0.000000e+00	0.000000e+00	0.000000e+00	0.000000e+00	0.000000e+00	0.000000e+00	0.000000e+00	0.000000e+00	0.000000e+00	0.000000e+00	0.000000e+00	0.000000e+00	
1659.906569	1654.246065	1665.567073	215.139604	9.152635e-01	1.882649e-90	0.000000e+00	1.102348e-48	1.695677e-65	0.000000e+00	0.000000e+00	8.446170e-03	1.882649e-90	1.165913e-03	2.869770e-55	1.882649e-90	2.387539e-82	1.882649e-90	1.882649e-90	0.000000e+00	7.255448e-90	1.882649e-90	1.882649e-90	1.882649e-90	9.558350e-35	4.973469e-03	9.140252e-44	0.000000e+00	0.000000e+00	0.000000e+00	1.882649e-90	1.937407e-76	0.000000e+00	1.939092e-44	0.000000e+00	0.000000e+00	0.000000e+00	0.000000e+00	0.000000e+00	0.000000e+00	0.000000e+00	8.015481e-48	1.882649e-90	1.882649e-90	4.486050e-67	1.656808e-40	4.643386e-62	2.751992e-51	1.882649e-90	2.273390e-04	5.423727e-38	0.000000e+00	0.000000e+00	5.833002e-39	9.395217e-78	0.000000e+00	3.220010e-29	8.419261e-01	1.882649e-90	3.152817e-09	0.000000e+00	1.882649e-90	1.882649e-90	1.882649e-90	1.239399e-50	1.636555e-76	0.000000e+00	0.000000e+00	1.882649e-90	0.000000e+00	0.000000e+00	0.000000e+00	0.000000e+00	0.000000e+00	0.000000e+00	0.000000e+00	2.489796e-52	6.533221e-82	0.000000e+00	0.000000e+00	0.000000e+00	0.000000e+00	0.000000e+00	0.000000e+00	0.000000e+00	0.000000e+00	0.000000e+00	0.000000e+00	0.000000e+00	0.000000e+00	0.000000e+00	0.000000e+00	0.000000e+00	0.000000e+00	0.000000e+00	0.000000e+00	0.000000e+00	0.000000e+00	0.000000e+00	0.000000e+00	0.000000e+00	0.000000e+00	0.000000e+00	0.000000e+00	0.000000e+00	0.000000e+00	0.000000e+00	0.000000e+00	0.000000e+00	0.000000e+00	0.000000e+00	0.000000e+00	0.000000e+00	0.000000e+00	0.000000e+00	0.000000e+00	0.000000e+00	0.000000e+00	0.000000e+00	0.000000e+00	
1671.239228	1665.567073	1676.911384	215.577340	7.511111e-01	1.882670e-90	0.000000e+00	1.554780e-48	2.571186e-65	0.000000e+00	0.000000e+00	8.446723e-03	1.882670e-90	1.165965e-03	4.146944e-55	1.882670e-90	4.915018e-82	1.882670e-90	1.882670e-90	0.000000e+00	1.366557e-89	1.882670e-90	1.882670e-90	1.882670e-90	1.792792e-34	4.973596e-03	1.395665e-43	0.000000e+00	0.000000e+00	0.000000e+00	1.882670e-90	4.415860e-76	0.000000e+00	2.970265e-44	0.000000e+00	0.000000e+00	0.000000e+00	0.000000e+00	0.000000e+00	0.000000e+00	0.000000e+00	1.590674e-47	1.882670e-90	1.882670e-90	7.659021e-67	2.446682e-40	7.654217e-62	4.220180e-51	1.882670e-90	2.273523e-04	7.180584e-38	0.000000e+00	0.000000e+00	1.083370e-38	2.139176e-77	0.000000e+00	5.754669e-29	8.419245e-01	1.882670e-90	5.184984e-09	0.000000e+00	1.882670e-90	1.882670e-90	1.882670e-90	1.759135e-50	3.308338e-76	0.000000e+00	0.000000e+00	1.882670e-90	0.000000e+00	0.000000e+00	0.000000e+00	0.000000e+00	0.000000e+00	0.000000e+00	0.000000e+00	4.954948e-52	8.564551e-82	0.000000e+00	0.000000e+00	0.000000e+00	0.000000e+00	0.000000e+00	0.000000e+00	0.000000e+00	0.000000e+00	0.000000e+00	0.000000e+00	0.000000e+00	0.000000e+00	0.000000e+00	0.000000e+00	0.000000e+00	0.000000e+00	0.000000e+00	0.000000e+00	0.000000e+00	0.000000e+00	0.000000e+00	0.000000e+00	0.000000e+00	0.000000e+00	0.000000e+00	0.000000e+00	0.000000e+00	0.000000e+00	0.000000e+00	0.000000e+00	0.000000e+00	0.000000e+00	0.000000e+00	0.000000e+00	0.000000e+00	0.000000e+00	0.000000e+00	0.000000e+00	0.000000e+00	0.000000e+00	0.000000e+00	0.000000e+00	
1682.582544	1676.911384	1688.253704	215.541575	6.163995e-01	1.882631e-90	0.000000e+00	1.682331e-48	2.765695e-65	0.000000e+00	0.000000e+00	8.446557e-03	1.882631e-90	1.165923e-03	4.478128e-55	1.882631e-90	6.385485e-82	1.882631e-90	1.882631e-90	0.000000e+00	1.607031e-89	1.882631e-90	1.882631e-90	1.882631e-90	2.611787e-34	4.973659e-03	1.669671e-43	0.000000e+00	0.000000e+00	0.000000e+00	1.882631e-90	6.331872e-76	0.000000e+00	3.552593e-44	0.000000e+00	0.000000e+00	0.000000e+00	0.000000e+00	0.000000e+00	0.000000e+00	0.000000e+00	2.306654e-47	1.882631e-90	1.882631e-90	9.079188e-67	2.934707e-40	9.099342e-62	5.046515e-51	2.097757e-90	2.273390e-04	7.809434e-38	0.000000e+00	0.000000e+00	1.579455e-38	3.067406e-77	0.000000e+00	8.416501e-29	8.419270e-01	1.882631e-90	7.634545e-09	0.000000e+00	1.882631e-90	1.882631e-90	1.882631e-90	1.902494e-50	4.304703e-76	0.000000e+00	0.000000e+00	1.882631e-90	0.000000e+00	0.000000e+00	0.000000e+00	0.000000e+00	0.000000e+00	0.000000e+00	0.000000e+00	7.183444e-52	8.376460e-82	0.000000e+00	0.000000e+00	0.000000e+00	0.000000e+00	0.000000e+00	0.000000e+00	0.000000e+00	0.000000e+00	0.000000e+00	0.000000e+00	0.000000e+00	0.000000e+00	0.000000e+00	0.000000e+00	0.000000e+00	0.000000e+00	0.000000e+00	0.000000e+00	0.000000e+00	0.000000e+00	0.000000e+00	0.000000e+00	0.000000e+00	0.000000e+00	0.000000e+00	0.000000e+00	0.000000e+00	0.000000e+00	0.000000e+00	0.000000e+00	0.000000e+00	0.000000e+00	0.000000e+00	0.000000e+00	0.000000e+00	0.000000e+00	0.000000e+00	0.000000e+00	0.000000e+00	0.000000e+00	0.000000e+00	0.000000e+00	
1693.915660	1688.253704	1699.577616	215.190064	5.058484e-01	1.882705e-90	0.000000e+00	1.525349e-48	2.366198e-65	0.000000e+00	0.000000e+00	8.446710e-03	1.882705e-90	1.165981e-03	3.982347e-55	1.882705e-90	6.104204e-82	1.882705e-90	1.882705e-90	0.000000e+00	1.380632e-89	1.882705e-90	1.882705e-90	1.882705e-90	3.214909e-34	4.973401e-03	1.697528e-43	0.000000e+00	0.000000e+00	0.000000e+00	1.882705e-90	6.664226e-76	0.000000e+00	3.602333e-44	0.000000e+00	0.000000e+00	0.000000e+00	0.000000e+00	0.000000e+00	0.000000e+00	0.000000e+00	2.713585e-47	1.882705e-90	1.882705e-90	8.439666e-67	3.065362e-40	8.700859e-62	5.114185e-51	1.882705e-90	2.273522e-04	7.450726e-38	0.000000e+00	0.000000e+00	1.959790e-38	3.231566e-77	0.000000e+00	1.077075e-28	8.419215e-01	1.882705e-90	1.044526e-08	0.000000e+00	1.882705e-90	1.882705e-90	1.882705e-90	1.716219e-50	4.175103e-76	0.000000e+00	0.000000e+00	1.882705e-90	0.000000e+00	0.000000e+00	0.000000e+00	0.000000e+00	0.000000e+00	0.000000e+00	0.000000e+00	8.432281e-52	6.742659e-82	0.000000e+00	0.000000e+00	0.000000e+00	0.000000e+00	0.000000e+00	0.000000e+00	0.000000e+00	0.000000e+00	0.000000e+00	0.000000e+00	0.000000e+00	0.000000e+00	0.000000e+00	0.000000e+00	0.000000e+00	0.000000e+00	0.000000e+00	0.000000e+00	0.000000e+00	0.000000e+00	0.000000e+00	0.000000e+00	0.000000e+00	0.000000e+00	0.000000e+00	0.000000e+00	0.000000e+00	0.000000e+00	0.000000e+00	0.000000e+00	0.000000e+00	0.000000e+00	0.000000e+00	0.000000e+00	0.000000e+00	0.000000e+00	0.000000e+00	0.000000e+00	0.000000e+00	0.000000e+00	0.000000e+00	0.000000e+00	
1705.224093	1699.577616	1710.870570	214.602410	4.151246e-01	1.882613e-90	0.000000e+00	1.210057e-48	1.702706e-65	0.000000e+00	0.000000e+00	8.446788e-03	1.882613e-90	1.165917e-03	3.057551e-55	1.882613e-90	4.626889e-82	1.882613e-90	1.882613e-90	0.000000e+00	9.354145e-90	1.882613e-90	1.882613e-90	1.882613e-90	3.484300e-34	4.973144e-03	1.526196e-43	0.000000e+00	0.000000e+00	0.000000e+00	1.882613e-90	5.553016e-76	0.000000e+00	3.224620e-44	0.000000e+00	0.000000e+00	0.000000e+00	0.000000e+00	0.000000e+00	0.000000e+00	0.000000e+00	2.725317e-47	1.882613e-90	1.882613e-90	6.526951e-67	2.882866e-40	7.055793e-62	4.572260e-51	1.882613e-90	2.273390e-04	6.437258e-38	0.000000e+00	0.000000e+00	2.152409e-38	2.696556e-77	0.000000e+00	1.246058e-28	8.419283e-01	1.882613e-90	1.351520e-08	0.000000e+00	1.882613e-90	1.882613e-90	1.882613e-90	1.349925e-50	3.243111e-76	0.000000e+00	0.000000e+00	1.882613e-90	0.000000e+00	0.000000e+00	0.000000e+00	0.000000e+00	0.000000e+00	0.000000e+00	0.000000e+00	8.437705e-52	4.683414e-82	0.000000e+00	0.000000e+00	0.000000e+00	0.000000e+00	0.000000e+00	0.000000e+00	0.000000e+00	0.000000e+00	0.000000e+00	0.000000e+00	0.000000e+00	0.000000e+00	0.000000e+00	0.000000e+00	0.000000e+00	0.000000e+00	0.000000e+00	0.000000e+00	0.000000e+00	0.000000e+00	0.000000e+00	0.000000e+00	0.000000e+00	0.000000e+00	0.000000e+00	0.000000e+00	0.000000e+00	0.000000e+00	0.000000e+00	0.000000e+00	0.000000e+00	0.000000e+00	0.000000e+00	0.000000e+00	0.000000e+00	0.000000e+00	0.000000e+00	0.000000e+00	0.000000e+00	0.000000e+00	0.000000e+00	0.000000e+00	
1716.496307	1710.870570	1722.122043	213.816677	3.406721e-01	1.882645e-90	0.000000e+00	8.563798e-49	1.056768e-65	0.000000e+00	0.000000e+00	8.446063e-03	1.882645e-90	1.165991e-03	2.070998e-55	1.882645e-90	2.877083e-82	1.882645e-90	1.882645e-90	0.000000e+00	5.175023e-90	1.882645e-90	1.882645e-90	1.882645e-90	3.387937e-34	4.973736e-03	1.235573e-43	0.000000e+00	0.000000e+00	0.000000e+00	1.882645e-90	3.791944e-76	0.000000e+00	2.596051e-44	0.000000e+00	0.000000e+00	0.000000e+00	0.000000e+00	0.000000e+00	0.000000e+00	0.000000e+00	2.392461e-47	1.882645e-90	1.882645e-90	4.314456e-67	2.479840e-40	4.971147e-62	3.673331e-51	1.882645e-90	2.273445e-04	5.110730e-38	0.000000e+00	0.000000e+00	2.131015e-38	1.844637e-77	0.000000e+00	1.322791e-28	8.419263e-01	1.882645e-90	1.668333e-08	0.000000e+00	1.882645e-90	1.882645e-90	1.882645e-90	9.446722e-51	2.084283e-76	0.000000e+00	0.000000e+00	1.882645e-90	0.000000e+00	0.000000e+00	0.000000e+00	0.000000e+00	0.000000e+00	0.000000e+00	0.000000e+00	7.370565e-52	2.868540e-82	0.000000e+00	0.000000e+00	0.000000e+00	0.000000e+00	0.000000e+00	0.000000e+00	0.000000e+00	0.000000e+00	0.000000e+00	0.000000e+00	0.000000e+00	0.000000e+00	0.000000e+00	0.000000e+00	0.000000e+00	0.000000e+00	0.000000e+00	0.000000e+00	0.000000e+00	0.000000e+00	0.000000e+00	0.000000e+00	0.000000e+00	0.000000e+00	0.000000e+00	0.000000e+00	0.000000e+00	0.000000e+00	0.000000e+00	0.000000e+00	0.000000e+00	0.000000e+00	0.000000e+00	0.000000e+00	0.000000e+00	0.000000e+00	0.000000e+00	0.000000e+00	0.000000e+00	0.000000e+00	0.000000e+00	0.000000e+00	
1727.723462	1722.122043	1733.324881	212.892621	2.795726e-01	1.882595e-90	0.000000e+00	5.581558e-49	5.895544e-66	0.000000e+00	0.000000e+00	8.446213e-03	1.882595e-90	1.165832e-03	1.281068e-55	1.882595e-90	1.550723e-82	1.882595e-90	1.882595e-90	0.000000e+00	2.473265e-90	1.882595e-90	1.882595e-90	1.882595e-90	3.046218e-34	4.973686e-03	9.273827e-44	0.000000e+00	0.000000e+00	0.000000e+00	1.882595e-90	2.242030e-76	0.000000e+00	1.935191e-44	0.000000e+00	0.000000e+00	0.000000e+00	0.000000e+00	0.000000e+00	0.000000e+00	0.000000e+00	1.905095e-47	1.882595e-90	1.882595e-90	2.546079e-67	1.999537e-40	3.164485e-62	2.732796e-51	1.882595e-90	2.273239e-04	3.816713e-38	0.000000e+00	0.000000e+00	1.957482e-38	1.092896e-77	0.000000e+00	1.320116e-28	8.419304e-01	1.882595e-90	1.989799e-08	0.000000e+00	1.882595e-90	1.882595e-90	1.882595e-90	6.074468e-51	1.168297e-76	0.000000e+00	0.000000e+00	1.882595e-90	0.000000e+00	0.000000e+00	0.000000e+00	0.000000e+00	0.000000e+00	0.000000e+00	0.000000e+00	5.836025e-52	1.605736e-82	0.000000e+00	0.000000e+00	0.000000e+00	0.000000e+00	0.000000e+00	0.000000e+00	0.000000e+00	0.000000e+00	0.000000e+00	0.000000e+00	0.000000e+00	0.000000e+00	0.000000e+00	0.000000e+00	0.000000e+00	0.000000e+00	0.000000e+00	0.000000e+00	0.000000e+00	0.000000e+00	0.000000e+00	0.000000e+00	0.000000e+00	0.000000e+00	0.000000e+00	0.000000e+00	0.000000e+00	0.000000e+00	0.000000e+00	0.000000e+00	0.000000e+00	0.000000e+00	0.000000e+00	0.000000e+00	0.000000e+00	0.000000e+00	0.000000e+00	0.000000e+00	0.000000e+00	0.000000e+00	0.000000e+00	0.000000e+00	
1738.899963	1733.324881	1744.475045	211.890555	2.294313e-01	1.882646e-90	0.000000e+00	3.461880e-49	3.084473e-66	0.000000e+00	0.000000e+00	8.446459e-03	1.882646e-90	1.165924e-03	7.505516e-56	1.882646e-90	7.672399e-83	1.882646e-90	1.882646e-90	0.000000e+00	1.882646e-90	1.882646e-90	1.882646e-90	1.882646e-90	2.613431e-34	4.973516e-03	6.651528e-44	0.000000e+00	0.000000e+00	0.000000e+00	1.882646e-90	1.215914e-76	0.000000e+00	1.377603e-44	0.000000e+00	0.000000e+00	0.000000e+00	0.000000e+00	0.000000e+00	0.000000e+00	0.000000e+00	1.431379e-47	1.882646e-90	1.882646e-90	1.403713e-67	1.551599e-40	1.895594e-62	1.941840e-51	1.882646e-90	2.273433e-04	2.747964e-38	0.000000e+00	0.000000e+00	1.719682e-38	5.940970e-78	0.000000e+00	1.269658e-28	8.419263e-01	1.882646e-90	2.326702e-08	0.000000e+00	1.882646e-90	1.882646e-90	1.882646e-90	3.712346e-51	6.031942e-77	0.000000e+00	0.000000e+00	1.882646e-90	0.000000e+00	0.000000e+00	0.000000e+00	0.000000e+00	0.000000e+00	0.000000e+00	0.000000e+00	4.358472e-52	8.518684e-83	0.000000e+00	0.000000e+00	0.000000e+00	0.000000e+00	0.000000e+00	0.000000e+00	0.000000e+00	0.000000e+00	0.000000e+00	0.000000e+00	0.000000e+00	0.000000e+00	0.000000e+00	0.000000e+00	0.000000e+00	0.000000e+00	0.000000e+00	0.000000e+00	0.000000e+00	0.000000e+00	0.000000e+00	0.000000e+00	0.000000e+00	0.000000e+00	0.000000e+00	0.000000e+00	0.000000e+00	0.000000e+00	0.000000e+00	0.000000e+00	0.000000e+00	0.000000e+00	0.000000e+00	0.000000e+00	0.000000e+00	0.000000e+00	0.000000e+00	0.000000e+00	0.000000e+00	0.000000e+00	0.000000e+00	0.000000e+00	
1750.022725	1744.475045	1755.570405	210.846633	1.882829e-01	1.882556e-90	0.000000e+00	2.084177e-49	1.552489e-66	0.000000e+00	0.000000e+00	8.445916e-03	1.882556e-90	1.165874e-03	4.254933e-56	1.882556e-90	3.604578e-83	1.882556e-90	1.882556e-90	0.000000e+00	1.882556e-90	1.882556e-90	1.882556e-90	1.882556e-90	2.179857e-34	4.973332e-03	4.642130e-44	0.000000e+00	0.000000e+00	0.000000e+00	1.882556e-90	6.261491e-77	0.000000e+00	9.539899e-45	0.000000e+00	0.000000e+00	0.000000e+00	0.000000e+00	0.000000e+00	0.000000e+00	0.000000e+00	1.038436e-47	1.882556e-90	1.882556e-90	7.426924e-68	1.175960e-40	1.094366e-62	1.341762e-51	1.882556e-90	2.273232e-04	1.934919e-38	0.000000e+00	0.000000e+00	1.470544e-38	3.066012e-78	0.000000e+00	1.194295e-28	8.419334e-01	1.882556e-90	2.687552e-08	0.000000e+00	1.882556e-90	1.882556e-90	1.882556e-90	2.200490e-51	2.964146e-77	0.000000e+00	0.000000e+00	1.882556e-90	0.000000e+00	0.000000e+00	0.000000e+00	0.000000e+00	0.000000e+00	0.000000e+00	0.000000e+00	3.142102e-52	4.374122e-83	0.000000e+00	0.000000e+00	0.000000e+00	0.000000e+00	0.000000e+00	0.000000e+00	0.000000e+00	0.000000e+00	0.000000e+00	0.000000e+00	0.000000e+00	0.000000e+00	0.000000e+00	0.000000e+00	0.000000e+00	0.000000e+00	0.000000e+00	0.000000e+00	0.000000e+00	0.000000e+00	0.000000e+00	0.000000e+00	0.000000e+00	0.000000e+00	0.000000e+00	0.000000e+00	0.000000e+00	0.000000e+00	0.000000e+00	0.000000e+00	0.000000e+00	0.000000e+00	0.000000e+00	0.000000e+00	0.000000e+00	0.000000e+00	0.000000e+00	0.000000e+00	0.000000e+00	0.000000e+00	0.000000e+00	0.000000e+00	
1761.089615	1755.570405	1766.608825	209.768051	1.545144e-01	1.882775e-90	0.000000e+00	1.222103e-49	7.553474e-67	0.000000e+00	0.000000e+00	8.447227e-03	1.882775e-90	1.166000e-03	2.343564e-56	1.882775e-90	1.618841e-83	1.882775e-90	1.882775e-90	0.000000e+00	1.882775e-90	1.882775e-90	1.882775e-90	1.882775e-90	1.774616e-34	4.973978e-03	3.164273e-44	0.000000e+00	0.000000e+00	0.000000e+00	1.882775e-90	3.081686e-77	0.000000e+00	6.450146e-45	0.000000e+00	0.000000e+00	0.000000e+00	0.000000e+00	0.000000e+00	0.000000e+00	0.000000e+00	7.308263e-48	1.882775e-90	1.882775e-90	3.791068e-68	8.738329e-41	6.120625e-63	9.056474e-52	1.882775e-90	2.273812e-04	1.336552e-38	0.000000e+00	0.000000e+00	1.229338e-38	1.512479e-78	0.000000e+00	1.102673e-28	8.419151e-01	1.882775e-90	3.073117e-08	0.000000e+00	1.882775e-90	1.882775e-90	1.882775e-90	1.269806e-51	1.395161e-77	0.000000e+00	0.000000e+00	1.882775e-90	0.000000e+00	0.000000e+00	0.000000e+00	0.000000e+00	0.000000e+00	0.000000e+00	0.000000e+00	2.197743e-52	2.186579e-83	0.000000e+00	0.000000e+00	0.000000e+00	0.000000e+00	0.000000e+00	0.000000e+00	0.000000e+00	0.000000e+00	0.000000e+00	0.000000e+00	0.000000e+00	0.000000e+00	0.000000e+00	0.000000e+00	0.000000e+00	0.000000e+00	0.000000e+00	0.000000e+00	0.000000e+00	0.000000e+00	0.000000e+00	0.000000e+00	0.000000e+00	0.000000e+00	0.000000e+00	0.000000e+00	0.000000e+00	0.000000e+00	0.000000e+00	0.000000e+00	0.000000e+00	0.000000e+00	0.000000e+00	0.000000e+00	0.000000e+00	0.000000e+00	0.000000e+00	0.000000e+00	0.000000e+00	0.000000e+00	0.000000e+00	0.000000e+00	
1772.098354	1766.608825	1777.587883	208.637818	1.268022e-01	1.882683e-90	0.000000e+00	6.904691e-50	3.501587e-67	0.000000e+00	0.000000e+00	8.447143e-03	1.882683e-90	1.165889e-03	1.238781e-56	1.882683e-90	6.814897e-84	1.882683e-90	1.882683e-90	0.000000e+00	1.882683e-90	1.882683e-90	1.882683e-90	1.882683e-90	1.394524e-34	4.973916e-03	2.084187e-44	0.000000e+00	0.000000e+00	0.000000e+00	1.882683e-90	1.421385e-77	0.000000e+00	4.212323e-45	0.000000e+00	0.000000e+00	0.000000e+00	0.000000e+00	0.000000e+00	0.000000e+00	0.000000e+00	4.922391e-48	1.882683e-90	1.882683e-90	1.837883e-68	6.302506e-41	3.268269e-63	5.901421e-52	1.882683e-90	2.273456e-04	8.977493e-39	0.000000e+00	0.000000e+00	9.932656e-39	6.990274e-79	0.000000e+00	9.899895e-29	8.419219e-01	1.882683e-90	3.460339e-08	0.000000e+00	1.882683e-90	1.882683e-90	1.882683e-90	7.052367e-52	6.172760e-78	0.000000e+00	0.000000e+00	1.882683e-90	0.000000e+00	0.000000e+00	0.000000e+00	0.000000e+00	0.000000e+00	0.000000e+00	0.000000e+00	1.470594e-52	1.049022e-83	0.000000e+00	0.000000e+00	0.000000e+00	0.000000e+00	0.000000e+00	0.000000e+00	0.000000e+00	0.000000e+00	0.000000e+00	0.000000e+00	0.000000e+00	0.000000e+00	0.000000e+00	0.000000e+00	0.000000e+00	0.000000e+00	0.000000e+00	0.000000e+00	0.000000e+00	0.000000e+00	0.000000e+00	0.000000e+00	0.000000e+00	0.000000e+00	0.000000e+00	0.000000e+00	0.000000e+00	0.000000e+00	0.000000e+00	0.000000e+00	0.000000e+00	0.000000e+00	0.000000e+00	0.000000e+00	0.000000e+00	0.000000e+00	0.000000e+00	0.000000e+00	0.000000e+00	0.000000e+00	0.000000e+00	0.000000e+00	
1783.045707	1777.587883	1788.503532	207.435438	1.040603e-01	1.882694e-90	0.000000e+00	3.708545e-50	1.520153e-67	0.000000e+00	0.000000e+00	8.446713e-03	1.882694e-90	1.165925e-03	6.194140e-57	1.882694e-90	2.628851e-84	1.882694e-90	1.882694e-90	0.000000e+00	1.882694e-90	1.882694e-90	1.882694e-90	1.882694e-90	1.044936e-34	4.974248e-03	1.310850e-44	0.000000e+00	0.000000e+00	0.000000e+00	1.882694e-90	6.005445e-78	0.000000e+00	2.625542e-45	0.000000e+00	0.000000e+00	0.000000e+00	0.000000e+00	0.000000e+00	0.000000e+00	0.000000e+00	3.125447e-48	1.882694e-90	1.882694e-90	8.312040e-69	4.371230e-41	1.640136e-63	3.669845e-52	1.882694e-90	2.273399e-04	5.808856e-39	0.000000e+00	0.000000e+00	7.671287e-39	2.959591e-79	0.000000e+00	8.562618e-29	8.419220e-01	1.882694e-90	3.819026e-08	0.000000e+00	1.882694e-90	1.882694e-90	1.882694e-90	3.719083e-52	2.511863e-78	0.000000e+00	0.000000e+00	1.882694e-90	0.000000e+00	0.000000e+00	0.000000e+00	0.000000e+00	0.000000e+00	0.000000e+00	0.000000e+00	9.273509e-53	4.765953e-84	0.000000e+00	0.000000e+00	0.000000e+00	0.000000e+00	0.000000e+00	0.000000e+00	0.000000e+00	0.000000e+00	0.000000e+00	0.000000e+00	0.000000e+00	0.000000e+00	0.000000e+00	0.000000e+00	0.000000e+00	0.000000e+00	0.000000e+00	0.000000e+00	0.000000e+00	0.000000e+00	0.000000e+00	0.000000e+00	0.000000e+00	0.000000e+00	0.000000e+00	0.000000e+00	0.000000e+00	0.000000e+00	0.000000e+00	0.000000e+00	0.000000e+00	0.000000e+00	0.000000e+00	0.000000e+00	0.000000e+00	0.000000e+00	0.000000e+00	0.000000e+00	0.000000e+00	0.000000e+00	0.000000e+00	0.000000e+00	
1793.928000	1788.503532	1799.352469	206.165645	8.539710e-02	1.882653e-90	0.000000e+00	1.895996e-50	6.190655e-68	0.000000e+00	0.000000e+00	8.446228e-03	1.882653e-90	1.165859e-03	2.933172e-57	1.882653e-90	9.311119e-85	1.882653e-90	1.882653e-90	0.000000e+00	1.882653e-90	1.882653e-90	1.882653e-90	1.882653e-90	7.473653e-35	4.973768e-03	7.880337e-45	0.000000e+00	0.000000e+00	0.000000e+00	1.882653e-90	2.328349e-78	0.000000e+00	1.563055e-45	0.000000e+00	0.000000e+00	0.000000e+00	0.000000e+00	0.000000e+00	0.000000e+00	0.000000e+00	1.872764e-48	1.882653e-90	1.882653e-90	3.512638e-69	2.917672e-41	7.746828e-64	2.180460e-52	1.882653e-90	2.273398e-04	3.623678e-39	0.000000e+00	0.000000e+00	5.668431e-39	1.150015e-79	0.000000e+00	7.140565e-29	8.419255e-01	1.882653e-90	4.131763e-08	0.000000e+00	1.882653e-90	1.882653e-90	1.882653e-90	1.864218e-52	9.418889e-79	0.000000e+00	0.000000e+00	1.882653e-90	0.000000e+00	0.000000e+00	0.000000e+00	0.000000e+00	0.000000e+00	0.000000e+00	0.000000e+00	5.517294e-53	2.053785e-84	0.000000e+00	0.000000e+00	0.000000e+00	0.000000e+00	0.000000e+00	0.000000e+00	0.000000e+00	0.000000e+00	0.000000e+00	0.000000e+00	0.000000e+00	0.000000e+00	0.000000e+00	0.000000e+00	0.000000e+00	0.000000e+00	0.000000e+00	0.000000e+00	0.000000e+00	0.000000e+00	0.000000e+00	0.000000e+00	0.000000e+00	0.000000e+00	0.000000e+00	0.000000e+00	0.000000e+00	0.000000e+00	0.000000e+00	0.000000e+00	0.000000e+00	0.000000e+00	0.000000e+00	0.000000e+00	0.000000e+00	0.000000e+00	0.000000e+00	0.000000e+00	0.000000e+00	0.000000e+00	0.000000e+00	0.000000e+00	
1804.742854	1799.352469	1810.133240	204.869847	7.008115e-02	1.882660e-90	0.000000e+00	9.450184e-51	2.439726e-68	0.000000e+00	0.000000e+00	8.446892e-03	1.882660e-90	1.165798e-03	1.350615e-57	1.882660e-90	3.157378e-85	1.882660e-90	1.882660e-90	0.000000e+00	1.882660e-90	1.882660e-90	1.882660e-90	1.882660e-90	5.222461e-35	4.974021e-03	4.631076e-45	0.000000e+00	0.000000e+00	0.000000e+00	1.882660e-90	8.643286e-79	0.000000e+00	9.094206e-46	0.000000e+00	0.000000e+00	0.000000e+00	0.000000e+00	0.000000e+00	0.000000e+00	0.000000e+00	1.089880e-48	1.882660e-90	1.882660e-90	1.433512e-69	1.909670e-41	3.547549e-64	1.266271e-52	1.882660e-90	2.273426e-04	2.218395e-39	0.000000e+00	0.000000e+00	4.097722e-39	4.277471e-80	0.000000e+00	5.849727e-29	8.419243e-01	1.882660e-90	4.426812e-08	0.000000e+00	1.882660e-90	1.882660e-90	1.882660e-90	9.105768e-53	3.388241e-79	0.000000e+00	0.000000e+00	1.882660e-90	0.000000e+00	0.000000e+00	0.000000e+00	0.000000e+00	0.000000e+00	0.000000e+00	0.000000e+00	3.188639e-53	8.623764e-85	0.000000e+00	0.000000e+00	0.000000e+00	0.000000e+00	0.000000e+00	0.000000e+00	0.000000e+00	0.000000e+00	0.000000e+00	0.000000e+00	0.000000e+00	0.000000e+00	0.000000e+00	0.000000e+00	0.000000e+00	0.000000e+00	0.000000e+00	0.000000e+00	0.000000e+00	0.000000e+00	0.000000e+00	0.000000e+00	0.000000e+00	0.000000e+00	0.000000e+00	0.000000e+00	0.000000e+00	0.000000e+00	0.000000e+00	0.000000e+00	0.000000e+00	0.000000e+00	0.000000e+00	0.000000e+00	0.000000e+00	0.000000e+00	0.000000e+00	0.000000e+00	0.000000e+00	0.000000e+00	0.000000e+00	0.000000e+00	
1815.490347	1810.133240	1820.847454	203.604307	5.751211e-02	1.882657e-90	0.000000e+00	4.752849e-51	9.726138e-69	0.000000e+00	0.000000e+00	8.446530e-03	1.882657e-90	1.165850e-03	6.280983e-58	1.882657e-90	1.087818e-85	1.882657e-90	1.882657e-90	0.000000e+00	1.882657e-90	1.882657e-90	1.882657e-90	1.882657e-90	3.681568e-35	4.973460e-03	2.744225e-45	0.000000e+00	0.000000e+00	0.000000e+00	1.882657e-90	3.259980e-79	0.000000e+00	5.335945e-46	0.000000e+00	0.000000e+00	0.000000e+00	0.000000e+00	0.000000e+00	0.000000e+00	0.000000e+00	6.413617e-49	1.882657e-90	1.882657e-90	5.923059e-70	1.258956e-41	1.642671e-64	7.417670e-53	1.882657e-90	2.273397e-04	1.367154e-39	0.000000e+00	0.000000e+00	2.987920e-39	1.616357e-80	0.000000e+00	4.826515e-29	8.419258e-01	1.882657e-90	4.764654e-08	0.000000e+00	1.882657e-90	1.882657e-90	1.882657e-90	4.488280e-53	1.237237e-79	0.000000e+00	0.000000e+00	1.882657e-90	0.000000e+00	0.000000e+00	0.000000e+00	0.000000e+00	0.000000e+00	0.000000e+00	0.000000e+00	1.863826e-53	3.659507e-85	0.000000e+00	0.000000e+00	0.000000e+00	0.000000e+00	0.000000e+00	0.000000e+00	0.000000e+00	0.000000e+00	0.000000e+00	0.000000e+00	0.000000e+00	0.000000e+00	0.000000e+00	0.000000e+00	0.000000e+00	0.000000e+00	0.000000e+00	0.000000e+00	0.000000e+00	0.000000e+00	0.000000e+00	0.000000e+00	0.000000e+00	0.000000e+00	0.000000e+00	0.000000e+00	0.000000e+00	0.000000e+00	0.000000e+00	0.000000e+00	0.000000e+00	0.000000e+00	0.000000e+00	0.000000e+00	0.000000e+00	0.000000e+00	0.000000e+00	0.000000e+00	0.000000e+00	0.000000e+00	0.000000e+00	0.000000e+00	
1826.173094	1820.847454	1831.498734	202.409690	4.719732e-02	1.882703e-90	0.000000e+00	2.476051e-51	4.058657e-69	0.000000e+00	0.000000e+00	8.446978e-03	1.882703e-90	1.165901e-03	3.036042e-58	1.882703e-90	3.985297e-86	1.882703e-90	1.882703e-90	0.000000e+00	1.882703e-90	1.882703e-90	1.882703e-90	1.882703e-90	2.685762e-35	4.974398e-03	1.680681e-45	0.000000e+00	0.000000e+00	0.000000e+00	1.882703e-90	1.308835e-79	0.000000e+00	3.238085e-46	0.000000e+00	0.000000e+00	0.000000e+00	0.000000e+00	0.000000e+00	0.000000e+00	0.000000e+00	3.937279e-49	1.882703e-90	1.882703e-90	2.568798e-70	8.532673e-42	7.945044e-65	4.493198e-53	1.882703e-90	2.273312e-04	8.648230e-40	0.000000e+00	0.000000e+00	2.251702e-39	6.497754e-81	0.000000e+00	4.093531e-29	8.419205e-01	1.882703e-90	5.205997e-08	0.000000e+00	1.882703e-90	1.882703e-90	1.882703e-90	2.294375e-53	4.792976e-80	0.000000e+00	0.000000e+00	1.882703e-90	0.000000e+00	0.000000e+00	0.000000e+00	0.000000e+00	0.000000e+00	0.000000e+00	0.000000e+00	1.137244e-53	1.616222e-85	0.000000e+00	0.000000e+00	0.000000e+00	0.000000e+00	0.000000e+00	0.000000e+00	0.000000e+00	0.000000e+00	0.000000e+00	0.000000e+00	0.000000e+00	0.000000e+00	0.000000e+00	0.000000e+00	0.000000e+00	0.000000e+00	0.000000e+00	0.000000e+00	0.000000e+00	0.000000e+00	0.000000e+00	0.000000e+00	0.000000e+00	0.000000e+00	0.000000e+00	0.000000e+00	0.000000e+00	0.000000e+00	0.000000e+00	0.000000e+00	0.000000e+00	0.000000e+00	0.000000e+00	0.000000e+00	0.000000e+00	0.000000e+00	0.000000e+00	0.000000e+00	0.000000e+00	0.000000e+00	0.000000e+00	0.000000e+00	
1836.794235	1831.498734	1842.089736	201.266687	3.873249e-02	1.882614e-90	0.000000e+00	1.321630e-51	1.747609e-69	0.000000e+00	0.000000e+00	8.447053e-03	1.882614e-90	1.165849e-03	1.506975e-58	1.882614e-90	1.522900e-86	1.882614e-90	1.882614e-90	0.000000e+00	1.882614e-90	1.882614e-90	1.882614e-90	1.882614e-90	2.004825e-35	4.973446e-03	1.052286e-45	0.000000e+00	0.000000e+00	0.000000e+00	1.882614e-90	5.479850e-80	0.000000e+00	2.008881e-46	0.000000e+00	0.000000e+00	0.000000e+00	0.000000e+00	0.000000e+00	0.000000e+00	0.000000e+00	2.487047e-49	1.882614e-90	1.882614e-90	1.151954e-70	5.895248e-42	3.959683e-65	2.784977e-53	1.882614e-90	2.273327e-04	5.570187e-40	0.000000e+00	0.000000e+00	1.734919e-39	2.724516e-81	0.000000e+00	3.535872e-29	8.419282e-01	1.882614e-90	5.746981e-08	0.000000e+00	1.882614e-90	1.882614e-90	1.882614e-90	1.201973e-53	1.932669e-80	0.000000e+00	0.000000e+00	1.882614e-90	0.000000e+00	0.000000e+00	0.000000e+00	0.000000e+00	0.000000e+00	0.000000e+00	0.000000e+00	7.142562e-54	7.335710e-86	0.000000e+00	0.000000e+00	0.000000e+00	0.000000e+00	0.000000e+00	0.000000e+00	0.000000e+00	0.000000e+00	0.000000e+00	0.000000e+00	0.000000e+00	0.000000e+00	0.000000e+00	0.000000e+00	0.000000e+00	0.000000e+00	0.000000e+00	0.000000e+00	0.000000e+00	0.000000e+00	0.000000e+00	0.000000e+00	0.000000e+00	0.000000e+00	0.000000e+00	0.000000e+00	0.000000e+00	0.000000e+00	0.000000e+00	0.000000e+00	0.000000e+00	0.000000e+00	0.000000e+00	0.000000e+00	0.000000e+00	0.000000e+00	0.000000e+00	0.000000e+00	0.000000e+00	0.000000e+00	0.000000e+00	0.000000e+00	
1847.354365	1842.089736	1852.618993	200.090420	3.178583e-02	1.882624e-90	0.000000e+00	6.848402e-52	7.240633e-70	0.000000e+00	0.000000e+00	8.446286e-03	1.882624e-90	1.165840e-03	7.239900e-59	1.882624e-90	5.529721e-87	1.882624e-90	1.882624e-90	0.000000e+00	1.882624e-90	1.882624e-90	1.882624e-90	1.882624e-90	1.455874e-35	4.972939e-03	6.413868e-46	0.000000e+00	0.000000e+00	0.000000e+00	1.882624e-90	2.180391e-80	0.000000e+00	1.213120e-46	0.000000e+00	0.000000e+00	0.000000e+00	0.000000e+00	0.000000e+00	0.000000e+00	0.000000e+00	1.518206e-49	1.882624e-90	1.882624e-90	4.959612e-71	3.980744e-42	1.902905e-65	1.679781e-53	1.882624e-90	2.273342e-04	3.509729e-40	0.000000e+00	0.000000e+00	1.302418e-39	1.085429e-81	0.000000e+00	2.989388e-29	8.419294e-01	1.882624e-90	6.272424e-08	0.000000e+00	1.882624e-90	1.882624e-90	1.882624e-90	6.109051e-54	7.421811e-81	0.000000e+00	0.000000e+00	1.882624e-90	0.000000e+00	0.000000e+00	0.000000e+00	0.000000e+00	0.000000e+00	0.000000e+00	0.000000e+00	4.334839e-54	3.226455e-86	0.000000e+00	0.000000e+00	0.000000e+00	0.000000e+00	0.000000e+00	0.000000e+00	0.000000e+00	0.000000e+00	0.000000e+00	0.000000e+00	0.000000e+00	0.000000e+00	0.000000e+00	0.000000e+00	0.000000e+00	0.000000e+00	0.000000e+00	0.000000e+00	0.000000e+00	0.000000e+00	0.000000e+00	0.000000e+00	0.000000e+00	0.000000e+00	0.000000e+00	0.000000e+00	0.000000e+00	0.000000e+00	0.000000e+00	0.000000e+00	0.000000e+00	0.000000e+00	0.000000e+00	0.000000e+00	0.000000e+00	0.000000e+00	0.000000e+00	0.000000e+00	0.000000e+00	0.000000e+00	0.000000e+00	0.000000e+00	
1857.849748	1852.618993	1863.080503	198.802806	2.608505e-02	1.882745e-90	0.000000e+00	3.270505e-52	2.699189e-70	0.000000e+00	0.000000e+00	8.446913e-03	1.882745e-90	1.165878e-03	3.179375e-59	1.882745e-90	1.744268e-87	1.882745e-90	1.882745e-90	0.000000e+00	1.882745e-90	1.882745e-90	1.882745e-90	1.882745e-90	9.798384e-36	4.974220e-03	3.631076e-46	0.000000e+00	0.000000e+00	0.000000e+00	1.882745e-90	7.536409e-81	0.000000e+00	6.799195e-47	0.000000e+00	0.000000e+00	0.000000e+00	0.000000e+00	0.000000e+00	0.000000e+00	0.000000e+00	8.429171e-50	1.882745e-90	1.882745e-90	1.908611e-71	2.522849e-42	8.274339e-66	9.400621e-54	1.882745e-90	2.273404e-04	2.081648e-40	0.000000e+00	0.000000e+00	9.096968e-40	3.754819e-82	0.000000e+00	2.382247e-29	8.419179e-01	1.882745e-90	6.627984e-08	0.000000e+00	1.882745e-90	1.882745e-90	1.882745e-90	2.856707e-54	2.491789e-81	0.000000e+00	0.000000e+00	1.882745e-90	0.000000e+00	0.000000e+00	0.000000e+00	0.000000e+00	0.000000e+00	0.000000e+00	0.000000e+00	2.392380e-54	1.301457e-86	0.000000e+00	0.000000e+00	0.000000e+00	0.000000e+00	0.000000e+00	0.000000e+00	0.000000e+00	0.000000e+00	0.000000e+00	0.000000e+00	0.000000e+00	0.000000e+00	0.000000e+00	0.000000e+00	0.000000e+00	0.000000e+00	0.000000e+00	0.000000e+00	0.000000e+00	0.000000e+00	0.000000e+00	0.000000e+00	0.000000e+00	0.000000e+00	0.000000e+00	0.000000e+00	0.000000e+00	0.000000e+00	0.000000e+00	0.000000e+00	0.000000e+00	0.000000e+00	0.000000e+00	0.000000e+00	0.000000e+00	0.000000e+00	0.000000e+00	0.000000e+00	0.000000e+00	0.000000e+00	0.000000e+00	0.000000e+00	
1868.273925	1863.080503	1873.467348	197.383548	2.140670e-02	1.882633e-90	0.000000e+00	1.415974e-52	8.860452e-71	0.000000e+00	0.000000e+00	8.447088e-03	1.882633e-90	1.165775e-03	1.253104e-59	1.882633e-90	4.643877e-88	1.882633e-90	1.882633e-90	0.000000e+00	1.882633e-90	1.882633e-90	1.882633e-90	1.882633e-90	6.012002e-36	4.973522e-03	1.879026e-46	0.000000e+00	0.000000e+00	0.000000e+00	1.882633e-90	2.195829e-81	0.000000e+00	3.478218e-47	0.000000e+00	0.000000e+00	0.000000e+00	0.000000e+00	0.000000e+00	0.000000e+00	0.000000e+00	4.171487e-50	1.882633e-90	1.882633e-90	6.417602e-72	1.481294e-42	3.189239e-66	4.805167e-54	1.882633e-90	2.273336e-04	1.147980e-40	0.000000e+00	0.000000e+00	5.819347e-40	1.095125e-82	0.000000e+00	1.765746e-29	8.419265e-01	1.882633e-90	6.734092e-08	0.000000e+00	1.882633e-90	1.882633e-90	1.882633e-90	1.207574e-54	7.110694e-82	0.000000e+00	0.000000e+00	1.882633e-90	0.000000e+00	0.000000e+00	0.000000e+00	0.000000e+00	0.000000e+00	0.000000e+00	0.000000e+00	1.176378e-54	4.726502e-87	0.000000e+00	0.000000e+00	0.000000e+00	0.000000e+00	0.000000e+00	0.000000e+00	0.000000e+00	0.000000e+00	0.000000e+00	0.000000e+00	0.000000e+00	0.000000e+00	0.000000e+00	0.000000e+00	0.000000e+00	0.000000e+00	0.000000e+00	0.000000e+00	0.000000e+00	0.000000e+00	0.000000e+00	0.000000e+00	0.000000e+00	0.000000e+00	0.000000e+00	0.000000e+00	0.000000e+00	0.000000e+00	0.000000e+00	0.000000e+00	0.000000e+00	0.000000e+00	0.000000e+00	0.000000e+00	0.000000e+00	0.000000e+00	0.000000e+00	0.000000e+00	0.000000e+00	0.000000e+00	0.000000e+00	0.000000e+00	
1878.620368	1873.467348	1883.773389	195.848216	1.756741e-02	1.882732e-90	0.000000e+00	5.594422e-53	2.583022e-71	0.000000e+00	0.000000e+00	8.446509e-03	1.882732e-90	1.165956e-03	4.466420e-60	1.882732e-90	1.056079e-88	1.882732e-90	1.882732e-90	0.000000e+00	1.882732e-90	1.882732e-90	1.882732e-90	1.882732e-90	3.386827e-36	4.973566e-03	8.948358e-47	0.000000e+00	0.000000e+00	0.000000e+00	1.882732e-90	5.463034e-82	0.000000e+00	1.636179e-47	0.000000e+00	0.000000e+00	0.000000e+00	0.000000e+00	0.000000e+00	0.000000e+00	0.000000e+00	1.856784e-50	1.882732e-90	1.882732e-90	1.903068e-72	8.104090e-43	1.098835e-66	2.258275e-54	1.882732e-90	2.273621e-04	5.916619e-41	0.000000e+00	0.000000e+00	3.433914e-40	2.726695e-83	0.000000e+00	1.224500e-29	8.419195e-01	1.882732e-90	6.603719e-08	0.000000e+00	1.882732e-90	1.882732e-90	1.882732e-90	4.648295e-55	1.744902e-82	0.000000e+00	0.000000e+00	1.882732e-90	0.000000e+00	0.000000e+00	0.000000e+00	0.000000e+00	0.000000e+00	0.000000e+00	0.000000e+00	5.201242e-55	1.557688e-87	0.000000e+00	0.000000e+00	0.000000e+00	0.000000e+00	0.000000e+00	0.000000e+00	0.000000e+00	0.000000e+00	0.000000e+00	0.000000e+00	0.000000e+00	0.000000e+00	0.000000e+00	0.000000e+00	0.000000e+00	0.000000e+00	0.000000e+00	0.000000e+00	0.000000e+00	0.000000e+00	0.000000e+00	0.000000e+00	0.000000e+00	0.000000e+00	0.000000e+00	0.000000e+00	0.000000e+00	0.000000e+00	0.000000e+00	0.000000e+00	0.000000e+00	0.000000e+00	0.000000e+00	0.000000e+00	0.000000e+00	0.000000e+00	0.000000e+00	0.000000e+00	0.000000e+00	0.000000e+00	0.000000e+00	0.000000e+00	
1888.882160	1883.773389	1893.990932	194.165647	1.441670e-02	1.882696e-90	0.000000e+00	1.966678e-53	6.472772e-72	0.000000e+00	0.000000e+00	8.446975e-03	1.882696e-90	1.165776e-03	1.399269e-60	1.882696e-90	1.963097e-89	1.882696e-90	1.882696e-90	0.000000e+00	1.882696e-90	1.882696e-90	1.882696e-90	1.882696e-90	1.711064e-36	4.974169e-03	3.833033e-47	0.000000e+00	0.000000e+00	0.000000e+00	1.882696e-90	1.110740e-82	0.000000e+00	6.913968e-48	0.000000e+00	0.000000e+00	0.000000e+00	0.000000e+00	0.000000e+00	0.000000e+00	0.000000e+00	7.213441e-51	1.882696e-90	1.882696e-90	4.805098e-73	4.048228e-43	3.280398e-67	9.534680e-55	1.882696e-90	2.273545e-04	2.795991e-41	0.000000e+00	0.000000e+00	1.827410e-40	5.544849e-84	0.000000e+00	7.802467e-30	8.419209e-01	1.882696e-90	6.181554e-08	0.000000e+00	1.882696e-90	1.882696e-90	1.882696e-90	1.587521e-55	3.531925e-83	0.000000e+00	0.000000e+00	1.882696e-90	0.000000e+00	0.000000e+00	0.000000e+00	0.000000e+00	0.000000e+00	0.000000e+00	0.000000e+00	2.006893e-55	4.537894e-88	0.000000e+00	0.000000e+00	0.000000e+00	0.000000e+00	0.000000e+00	0.000000e+00	0.000000e+00	0.000000e+00	0.000000e+00	0.000000e+00	0.000000e+00	0.000000e+00	0.000000e+00	0.000000e+00	0.000000e+00	0.000000e+00	0.000000e+00	0.000000e+00	0.000000e+00	0.000000e+00	0.000000e+00	0.000000e+00	0.000000e+00	0.000000e+00	0.000000e+00	0.000000e+00	0.000000e+00	0.000000e+00	0.000000e+00	0.000000e+00	0.000000e+00	0.000000e+00	0.000000e+00	0.000000e+00	0.000000e+00	0.000000e+00	0.000000e+00	0.000000e+00	0.000000e+00	0.000000e+00	0.000000e+00	0.000000e+00	
1899.048956	1893.990932	1904.106980	192.240204	1.183107e-02	1.882741e-90	0.000000e+00	5.721899e-54	1.269131e-72	0.000000e+00	0.000000e+00	8.447055e-03	1.882741e-90	1.165868e-03	3.559675e-61	1.882741e-90	2.633543e-90	1.882741e-90	1.882741e-90	0.000000e+00	1.882741e-90	1.882741e-90	1.882741e-90	1.882741e-90	7.241148e-37	4.973462e-03	1.381967e-47	0.000000e+00	0.000000e+00	0.000000e+00	1.882741e-90	1.627021e-83	0.000000e+00	2.453409e-48	0.000000e+00	0.000000e+00	0.000000e+00	0.000000e+00	0.000000e+00	0.000000e+00	0.000000e+00	2.248612e-51	1.882741e-90	1.882741e-90	9.353732e-74	1.746368e-43	7.764731e-68	3.383429e-55	1.882741e-90	2.273665e-04	1.148468e-41	0.000000e+00	0.000000e+00	8.222843e-41	8.122386e-85	0.000000e+00	4.330389e-30	8.419182e-01	1.882741e-90	5.374073e-08	0.000000e+00	1.882741e-90	1.882741e-90	1.882741e-90	4.464707e-56	5.229892e-84	0.000000e+00	0.000000e+00	1.882741e-90	0.000000e+00	0.000000e+00	0.000000e+00	0.000000e+00	0.000000e+00	0.000000e+00	0.000000e+00	6.210413e-56	1.081607e-88	0.000000e+00	0.000000e+00	0.000000e+00	0.000000e+00	0.000000e+00	0.000000e+00	0.000000e+00	0.000000e+00	0.000000e+00	0.000000e+00	0.000000e+00	0.000000e+00	0.000000e+00	0.000000e+00	0.000000e+00	0.000000e+00	0.000000e+00	0.000000e+00	0.000000e+00	0.000000e+00	0.000000e+00	0.000000e+00	0.000000e+00	0.000000e+00	0.000000e+00	0.000000e+00	0.000000e+00	0.000000e+00	0.000000e+00	0.000000e+00	0.000000e+00	0.000000e+00	0.000000e+00	0.000000e+00	0.000000e+00	0.000000e+00	0.000000e+00	0.000000e+00	0.000000e+00	0.000000e+00	0.000000e+00	0.000000e+00	
1909.105283	1904.106980	1914.103587	189.969043	9.709169e-03	1.882483e-90	0.000000e+00	1.266514e-54	1.745338e-73	0.000000e+00	0.000000e+00	8.445426e-03	1.882483e-90	1.165819e-03	6.698995e-62	1.882483e-90	1.882483e-90	1.882483e-90	1.882483e-90	0.000000e+00	1.882483e-90	1.882483e-90	1.882483e-90	1.882483e-90	2.373219e-37	4.972945e-03	3.885501e-48	0.000000e+00	0.000000e+00	0.000000e+00	1.882483e-90	1.485272e-84	0.000000e+00	6.770188e-49	0.000000e+00	0.000000e+00	0.000000e+00	0.000000e+00	0.000000e+00	0.000000e+00	0.000000e+00	5.099863e-52	1.882483e-90	1.882483e-90	1.249855e-74	6.090957e-44	1.313594e-68	9.335414e-56	1.882483e-90	2.273313e-04	3.850987e-42	0.000000e+00	0.000000e+00	2.903860e-41	7.407128e-86	0.000000e+00	1.969212e-30	8.419412e-01	1.882483e-90	4.195537e-08	0.000000e+00	1.882483e-90	1.882483e-90	1.882483e-90	9.487369e-57	4.930953e-85	0.000000e+00	0.000000e+00	1.882483e-90	0.000000e+00	0.000000e+00	0.000000e+00	0.000000e+00	0.000000e+00	0.000000e+00	0.000000e+00	1.397217e-56	1.928295e-89	0.000000e+00	0.000000e+00	0.000000e+00	0.000000e+00	0.000000e+00	0.000000e+00	0.000000e+00	0.000000e+00	0.000000e+00	0.000000e+00	0.000000e+00	0.000000e+00	0.000000e+00	0.000000e+00	0.000000e+00	0.000000e+00	0.000000e+00	0.000000e+00	0.000000e+00	0.000000e+00	0.000000e+00	0.000000e+00	0.000000e+00	0.000000e+00	0.000000e+00	0.000000e+00	0.000000e+00	0.000000e+00	0.000000e+00	0.000000e+00	0.000000e+00	0.000000e+00	0.000000e+00	0.000000e+00	0.000000e+00	0.000000e+00	0.000000e+00	0.000000e+00	0.000000e+00	0.000000e+00	0.000000e+00	0.000000e+00	
1919.031351	1914.103587	1923.959115	187.286018	7.967831e-03	1.882735e-90	0.000000e+00	1.994330e-55	1.544128e-74	0.000000e+00	0.000000e+00	8.446892e-03	1.882735e-90	1.165927e-03	8.662961e-63	1.882735e-90	1.882735e-90	1.882735e-90	1.882735e-90	0.000000e+00	1.882735e-90	1.882735e-90	1.882735e-90	1.882735e-90	5.669376e-38	4.973987e-03	8.027840e-49	0.000000e+00	0.000000e+00	0.000000e+00	1.882735e-90	7.537433e-86	0.000000e+00	1.367792e-49	0.000000e+00	0.000000e+00	0.000000e+00	0.000000e+00	0.000000e+00	0.000000e+00	0.000000e+00	7.798053e-53	1.882735e-90	1.882735e-90	1.045952e-75	1.632822e-44	1.464976e-69	1.888420e-56	1.882735e-90	2.273476e-04	1.003487e-42	0.000000e+00	0.000000e+00	7.607247e-42	3.749700e-87	0.000000e+00	7.009909e-31	8.419187e-01	1.882735e-90	2.870571e-08	0.000000e+00	1.882735e-90	1.882735e-90	1.882735e-90	1.422541e-57	2.654409e-86	0.000000e+00	0.000000e+00	1.882735e-90	0.000000e+00	0.000000e+00	0.000000e+00	0.000000e+00	0.000000e+00	0.000000e+00	0.000000e+00	2.119735e-57	2.407540e-90	0.000000e+00	0.000000e+00	0.000000e+00	0.000000e+00	0.000000e+00	0.000000e+00	0.000000e+00	0.000000e+00	0.000000e+00	0.000000e+00	0.000000e+00	0.000000e+00	0.000000e+00	0.000000e+00	0.000000e+00	0.000000e+00	0.000000e+00	0.000000e+00	0.000000e+00	0.000000e+00	0.000000e+00	0.000000e+00	0.000000e+00	0.000000e+00	0.000000e+00	0.000000e+00	0.000000e+00	0.000000e+00	0.000000e+00	0.000000e+00	0.000000e+00	0.000000e+00	0.000000e+00	0.000000e+00	0.000000e+00	0.000000e+00	0.000000e+00	0.000000e+00	0.000000e+00	0.000000e+00	0.000000e+00	0.000000e+00	
1928.805623	1923.959115	1933.652131	184.200341	6.538802e-03	1.882553e-90	0.000000e+00	2.189270e-56	8.553549e-76	0.000000e+00	0.000000e+00	8.446368e-03	1.882553e-90	1.165880e-03	7.523162e-64	1.882553e-90	1.882553e-90	1.882553e-90	1.882553e-90	0.000000e+00	1.882553e-90	1.882553e-90	1.882553e-90	1.882553e-90	9.686899e-39	4.973103e-03	1.195969e-49	0.000000e+00	0.000000e+00	0.000000e+00	1.882553e-90	2.052915e-87	0.000000e+00	1.984872e-50	0.000000e+00	0.000000e+00	0.000000e+00	0.000000e+00	0.000000e+00	0.000000e+00	0.000000e+00	7.855511e-54	1.882553e-90	1.882553e-90	5.328625e-77	3.310686e-45	1.049804e-70	2.748368e-57	1.882553e-90	2.273237e-04	2.000808e-43	0.000000e+00	0.000000e+00	1.452555e-42	1.016884e-88	0.000000e+00	1.925118e-31	8.419334e-01	1.882553e-90	1.709783e-08	0.000000e+00	1.882553e-90	1.882553e-90	1.882553e-90	1.472987e-58	7.885358e-88	0.000000e+00	0.000000e+00	1.882553e-90	0.000000e+00	0.000000e+00	0.000000e+00	0.000000e+00	0.000000e+00	0.000000e+00	0.000000e+00	2.119265e-58	1.882553e-90	0.000000e+00	0.000000e+00	0.000000e+00	0.000000e+00	0.000000e+00	0.000000e+00	0.000000e+00	0.000000e+00	0.000000e+00	0.000000e+00	0.000000e+00	0.000000e+00	0.000000e+00	0.000000e+00	0.000000e+00	0.000000e+00	0.000000e+00	0.000000e+00	0.000000e+00	0.000000e+00	0.000000e+00	0.000000e+00	0.000000e+00	0.000000e+00	0.000000e+00	0.000000e+00	0.000000e+00	0.000000e+00	0.000000e+00	0.000000e+00	0.000000e+00	0.000000e+00	0.000000e+00	0.000000e+00	0.000000e+00	0.000000e+00	0.000000e+00	0.000000e+00	0.000000e+00	0.000000e+00	0.000000e+00	0.000000e+00	
1938.409130	1933.652131	1943.166128	180.797247	5.366069e-03	1.882612e-90	0.000000e+00	1.733498e-57	3.101290e-77	0.000000e+00	0.000000e+00	8.446009e-03	1.882612e-90	1.165961e-03	4.555220e-65	1.882612e-90	1.882612e-90	1.882612e-90	1.882612e-90	0.000000e+00	1.882612e-90	1.882612e-90	1.882612e-90	1.882612e-90	1.226286e-39	4.973896e-03	1.328408e-50	0.000000e+00	0.000000e+00	0.000000e+00	1.882612e-90	3.195519e-89	0.000000e+00	2.141534e-51	0.000000e+00	0.000000e+00	0.000000e+00	0.000000e+00	0.000000e+00	0.000000e+00	0.000000e+00	5.443672e-55	1.882612e-90	1.882612e-90	1.732911e-78	5.222636e-46	5.047628e-72	2.979144e-58	1.882612e-90	2.273412e-04	3.131978e-44	0.000000e+00	0.000000e+00	2.093612e-43	1.882612e-90	0.000000e+00	4.201172e-32	8.419290e-01	1.882612e-90	9.016255e-09	0.000000e+00	1.882612e-90	1.882612e-90	1.882612e-90	1.091677e-59	1.370985e-89	0.000000e+00	0.000000e+00	1.882612e-90	0.000000e+00	0.000000e+00	0.000000e+00	0.000000e+00	0.000000e+00	0.000000e+00	0.000000e+00	1.460042e-59	1.882612e-90	0.000000e+00	0.000000e+00	0.000000e+00	0.000000e+00	0.000000e+00	0.000000e+00	0.000000e+00	0.000000e+00	0.000000e+00	0.000000e+00	0.000000e+00	0.000000e+00	0.000000e+00	0.000000e+00	0.000000e+00	0.000000e+00	0.000000e+00	0.000000e+00	0.000000e+00	0.000000e+00	0.000000e+00	0.000000e+00	0.000000e+00	0.000000e+00	0.000000e+00	0.000000e+00	0.000000e+00	0.000000e+00	0.000000e+00	0.000000e+00	0.000000e+00	0.000000e+00	0.000000e+00	0.000000e+00	0.000000e+00	0.000000e+00	0.000000e+00	0.000000e+00	0.000000e+00	0.000000e+00	0.000000e+00	0.000000e+00	
1947.828166	1943.166128	1952.490203	177.189382	4.403666e-03	1.882617e-90	0.000000e+00	1.051526e-58	7.957044e-79	0.000000e+00	0.000000e+00	8.446773e-03	1.882617e-90	1.165883e-03	2.053736e-66	1.882617e-90	1.882617e-90	1.882617e-90	1.882617e-90	0.000000e+00	1.882617e-90	1.882617e-90	1.882617e-90	1.882617e-90	1.218434e-40	4.973426e-03	1.162766e-51	0.000000e+00	0.000000e+00	0.000000e+00	1.882617e-90	1.882617e-90	0.000000e+00	1.816080e-52	0.000000e+00	0.000000e+00	0.000000e+00	0.000000e+00	0.000000e+00	0.000000e+00	0.000000e+00	2.786675e-56	1.882617e-90	1.882617e-90	3.907071e-80	6.718058e-47	1.753930e-73	2.546817e-59	1.882617e-90	2.273386e-04	4.023611e-45	0.000000e+00	0.000000e+00	2.407520e-44	1.882617e-90	0.000000e+00	7.630740e-33	8.419285e-01	1.882617e-90	4.318577e-09	0.000000e+00	1.882617e-90	1.882617e-90	1.882617e-90	6.156237e-61	1.882617e-90	0.000000e+00	0.000000e+00	1.882617e-90	0.000000e+00	0.000000e+00	0.000000e+00	0.000000e+00	0.000000e+00	0.000000e+00	0.000000e+00	7.452339e-61	1.882617e-90	0.000000e+00	0.000000e+00	0.000000e+00	0.000000e+00	0.000000e+00	0.000000e+00	0.000000e+00	0.000000e+00	0.000000e+00	0.000000e+00	0.000000e+00	0.000000e+00	0.000000e+00	0.000000e+00	0.000000e+00	0.000000e+00	0.000000e+00	0.000000e+00	0.000000e+00	0.000000e+00	0.000000e+00	0.000000e+00	0.000000e+00	0.000000e+00	0.000000e+00	0.000000e+00	0.000000e+00	0.000000e+00	0.000000e+00	0.000000e+00	0.000000e+00	0.000000e+00	0.000000e+00	0.000000e+00	0.000000e+00	0.000000e+00	0.000000e+00	0.000000e+00	0.000000e+00	0.000000e+00	0.000000e+00	0.000000e+00	
1957.053420	1952.490203	1961.616636	173.431617	3.613869e-03	1.882653e-90	0.000000e+00	4.988592e-60	1.483408e-80	0.000000e+00	0.000000e+00	8.446518e-03	1.882653e-90	1.165977e-03	7.053420e-68	1.882653e-90	1.882653e-90	1.882653e-90	1.882653e-90	0.000000e+00	1.882653e-90	1.882653e-90	1.882653e-90	1.882653e-90	9.707552e-42	4.973257e-03	8.183076e-53	0.000000e+00	0.000000e+00	0.000000e+00	1.882653e-90	1.882653e-90	0.000000e+00	1.236263e-53	0.000000e+00	0.000000e+00	0.000000e+00	0.000000e+00	0.000000e+00	0.000000e+00	0.000000e+00	1.082455e-57	1.882653e-90	1.882653e-90	6.284683e-82	7.168032e-48	4.519657e-75	1.752806e-60	1.882653e-90	2.273364e-04	4.308356e-46	0.000000e+00	0.000000e+00	2.256542e-45	1.882653e-90	0.000000e+00	1.174319e-33	8.419261e-01	1.882653e-90	1.900025e-09	0.000000e+00	1.882653e-90	1.882653e-90	1.882653e-90	2.699220e-62	1.882653e-90	0.000000e+00	0.000000e+00	1.882653e-90	0.000000e+00	0.000000e+00	0.000000e+00	0.000000e+00	0.000000e+00	0.000000e+00	0.000000e+00	2.896899e-62	1.882653e-90	0.000000e+00	0.000000e+00	0.000000e+00	0.000000e+00	0.000000e+00	0.000000e+00	0.000000e+00	0.000000e+00	0.000000e+00	0.000000e+00	0.000000e+00	0.000000e+00	0.000000e+00	0.000000e+00	0.000000e+00	0.000000e+00	0.000000e+00	0.000000e+00	0.000000e+00	0.000000e+00	0.000000e+00	0.000000e+00	0.000000e+00	0.000000e+00	0.000000e+00	0.000000e+00	0.000000e+00	0.000000e+00	0.000000e+00	0.000000e+00	0.000000e+00	0.000000e+00	0.000000e+00	0.000000e+00	0.000000e+00	0.000000e+00	0.000000e+00	0.000000e+00	0.000000e+00	0.000000e+00	0.000000e+00	0.000000e+00	
1966.071977	1961.616636	1970.527318	169.330846	2.965723e-03	1.882564e-90	0.000000e+00	1.520073e-61	1.556282e-82	0.000000e+00	0.000000e+00	8.445769e-03	1.882564e-90	1.165877e-03	1.483926e-69	1.882564e-90	1.882564e-90	1.882564e-90	1.882564e-90	0.000000e+00	1.882564e-90	1.882564e-90	1.882564e-90	1.882564e-90	5.179082e-43	4.973350e-03	3.880303e-54	0.000000e+00	0.000000e+00	0.000000e+00	1.882564e-90	1.882564e-90	0.000000e+00	5.650858e-55	0.000000e+00	0.000000e+00	0.000000e+00	0.000000e+00	0.000000e+00	0.000000e+00	0.000000e+00	2.546958e-59	1.882564e-90	1.882564e-90	5.501575e-84	5.453386e-49	6.791172e-77	8.137862e-62	1.882564e-90	2.273325e-04	3.322736e-47	0.000000e+00	0.000000e+00	1.456357e-46	1.882564e-90	0.000000e+00	1.334468e-34	8.419335e-01	1.882564e-90	7.136775e-10	0.000000e+00	1.882564e-90	1.882564e-90	1.882564e-90	7.519937e-64	1.882564e-90	0.000000e+00	0.000000e+00	1.882564e-90	0.000000e+00	0.000000e+00	0.000000e+00	0.000000e+00	0.000000e+00	0.000000e+00	0.000000e+00	6.856532e-64	1.882564e-90	0.000000e+00	0.000000e+00	0.000000e+00	0.000000e+00	0.000000e+00	0.000000e+00	0.000000e+00	0.000000e+00	0.000000e+00	0.000000e+00	0.000000e+00	0.000000e+00	0.000000e+00	0.000000e+00	0.000000e+00	0.000000e+00	0.000000e+00	0.000000e+00	0.000000e+00	0.000000e+00	0.000000e+00	0.000000e+00	0.000000e+00	0.000000e+00	0.000000e+00	0.000000e+00	0.000000e+00	0.000000e+00	0.000000e+00	0.000000e+00	0.000000e+00	0.000000e+00	0.000000e+00	0.000000e+00	0.000000e+00	0.000000e+00	0.000000e+00	0.000000e+00	0.000000e+00	0.000000e+00	0.000000e+00	0.000000e+00	
1974.843882	1970.527318	1979.160445	164.059989	2.433821e-03	1.882632e-90	0.000000e+00	1.286367e-63	3.095949e-85	0.000000e+00	0.000000e+00	8.445789e-03	1.882632e-90	1.165900e-03	7.575450e-72	1.882632e-90	1.882632e-90	1.882632e-90	1.882632e-90	0.000000e+00	1.882632e-90	1.882632e-90	1.882632e-90	1.882632e-90	8.586695e-45	4.973544e-03	5.840681e-56	0.000000e+00	0.000000e+00	0.000000e+00	1.882632e-90	1.882632e-90	0.000000e+00	8.107029e-57	0.000000e+00	0.000000e+00	0.000000e+00	0.000000e+00	0.000000e+00	0.000000e+00	0.000000e+00	1.392716e-61	1.882632e-90	1.882632e-90	8.279696e-87	1.553873e-50	2.137862e-79	1.199628e-63	1.882632e-90	2.273385e-04	9.915467e-49	0.000000e+00	0.000000e+00	3.153657e-48	1.882632e-90	0.000000e+00	6.228775e-36	8.419285e-01	1.882632e-90	1.680195e-10	0.000000e+00	1.882632e-90	1.882632e-90	1.882632e-90	5.638209e-66	1.882632e-90	0.000000e+00	0.000000e+00	1.882632e-90	0.000000e+00	0.000000e+00	0.000000e+00	0.000000e+00	0.000000e+00	0.000000e+00	0.000000e+00	3.813162e-66	1.882632e-90	0.000000e+00	0.000000e+00	0.000000e+00	0.000000e+00	0.000000e+00	0.000000e+00	0.000000e+00	0.000000e+00	0.000000e+00	0.000000e+00	0.000000e+00	0.000000e+00	0.000000e+00	0.000000e+00	0.000000e+00	0.000000e+00	0.000000e+00	0.000000e+00	0.000000e+00	0.000000e+00	0.000000e+00	0.000000e+00	0.000000e+00	0.000000e+00	0.000000e+00	0.000000e+00	0.000000e+00	0.000000e+00	0.000000e+00	0.000000e+00	0.000000e+00	0.000000e+00	0.000000e+00	0.000000e+00	0.000000e+00	0.000000e+00	0.000000e+00	0.000000e+00	0.000000e+00	0.000000e+00	0.000000e+00	0.000000e+00	
1983.317440	1979.160445	1987.474436	157.994589	1.997316e-03	1.882661e-90	0.000000e+00	3.531390e-66	1.427104e-88	0.000000e+00	0.000000e+00	8.446971e-03	1.882661e-90	1.166015e-03	1.111095e-74	1.882661e-90	1.882661e-90	1.882661e-90	1.882661e-90	0.000000e+00	1.882661e-90	1.882661e-90	1.882661e-90	1.882661e-90	5.183986e-47	4.972938e-03	3.239736e-58	0.000000e+00	0.000000e+00	0.000000e+00	1.882661e-90	1.882661e-90	0.000000e+00	4.250389e-59	0.000000e+00	0.000000e+00	0.000000e+00	0.000000e+00	0.000000e+00	0.000000e+00	0.000000e+00	2.151182e-64	1.882661e-90	1.882661e-90	2.653557e-90	1.880980e-52	1.712889e-82	6.566030e-66	1.882661e-90	2.273363e-04	1.284654e-50	0.000000e+00	0.000000e+00	2.681471e-50	1.882661e-90	0.000000e+00	1.364228e-37	8.419248e-01	1.882661e-90	2.680824e-11	0.000000e+00	1.882661e-90	1.882661e-90	1.882661e-90	1.334324e-68	1.882661e-90	0.000000e+00	0.000000e+00	1.882661e-90	0.000000e+00	0.000000e+00	0.000000e+00	0.000000e+00	0.000000e+00	0.000000e+00	0.000000e+00	6.098762e-69	1.882661e-90	0.000000e+00	0.000000e+00	0.000000e+00	0.000000e+00	0.000000e+00	0.000000e+00	0.000000e+00	0.000000e+00	0.000000e+00	0.000000e+00	0.000000e+00	0.000000e+00	0.000000e+00	0.000000e+00	0.000000e+00	0.000000e+00	0.000000e+00	0.000000e+00	0.000000e+00	0.000000e+00	0.000000e+00	0.000000e+00	0.000000e+00	0.000000e+00	0.000000e+00	0.000000e+00	0.000000e+00	0.000000e+00	0.000000e+00	0.000000e+00	0.000000e+00	0.000000e+00	0.000000e+00	0.000000e+00	0.000000e+00	0.000000e+00	0.000000e+00	0.000000e+00	0.000000e+00	0.000000e+00	0.000000e+00	0.000000e+00	
1991.499895	1987.474436	1995.525354	152.994646	1.639098e-03	1.882631e-90	0.000000e+00	1.963350e-68	1.882631e-90	0.000000e+00	0.000000e+00	8.446557e-03	1.882631e-90	1.165998e-03	3.537407e-77	1.882631e-90	1.882631e-90	1.882631e-90	1.882631e-90	0.000000e+00	1.882631e-90	1.882631e-90	1.882631e-90	1.882631e-90	6.142523e-49	4.973336e-03	3.443907e-60	0.000000e+00	0.000000e+00	0.000000e+00	1.882631e-90	1.882631e-90	0.000000e+00	4.312689e-61	0.000000e+00	0.000000e+00	0.000000e+00	0.000000e+00	0.000000e+00	0.000000e+00	0.000000e+00	7.674048e-67	1.882631e-90	1.882631e-90	1.882631e-90	3.961875e-54	3.276062e-85	6.973090e-68	1.882631e-90	2.273408e-04	2.808874e-52	0.000000e+00	0.000000e+00	4.352877e-52	1.882631e-90	0.000000e+00	5.104626e-39	8.419276e-01	1.882631e-90	5.750522e-12	0.000000e+00	1.882631e-90	1.882631e-90	1.882631e-90	6.513784e-71	1.882631e-90	0.000000e+00	0.000000e+00	1.882631e-90	0.000000e+00	0.000000e+00	0.000000e+00	0.000000e+00	0.000000e+00	0.000000e+00	0.000000e+00	2.272174e-71	1.882631e-90	0.000000e+00	0.000000e+00	0.000000e+00	0.000000e+00	0.000000e+00	0.000000e+00	0.000000e+00	0.000000e+00	0.000000e+00	0.000000e+00	0.000000e+00	0.000000e+00	0.000000e+00	0.000000e+00	0.000000e+00	0.000000e+00	0.000000e+00	0.000000e+00	0.000000e+00	0.000000e+00	0.000000e+00	0.000000e+00	0.000000e+00	0.000000e+00	0.000000e+00	0.000000e+00	0.000000e+00	0.000000e+00	0.000000e+00	0.000000e+00	0.000000e+00	0.000000e+00	0.000000e+00	0.000000e+00	0.000000e+00	0.000000e+00	0.000000e+00	0.000000e+00	0.000000e+00	0.000000e+00	0.000000e+00	0.000000e+00	
1999.468926	1995.525354	2003.412498	149.880913	1.345126e-03	1.882723e-90	0.000000e+00	6.754912e-70	1.882723e-90	0.000000e+00	0.000000e+00	8.446933e-03	1.882723e-90	1.165971e-03	8.426360e-79	1.882723e-90	1.882723e-90	1.882723e-90	1.882723e-90	0.000000e+00	1.882723e-90	1.882723e-90	1.882723e-90	1.882723e-90	3.896612e-50	4.973524e-03	1.890443e-61	0.000000e+00	0.000000e+00	0.000000e+00	1.882723e-90	1.882723e-90	0.000000e+00	2.299261e-62	0.000000e+00	0.000000e+00	0.000000e+00	0.000000e+00	0.000000e+00	0.000000e+00	0.000000e+00	2.218636e-68	1.882723e-90	1.882723e-90	1.882723e-90	3.396509e-55	5.818658e-87	3.847665e-69	1.882723e-90	2.273538e-04	2.371711e-53	0.000000e+00	0.000000e+00	3.416405e-53	1.882723e-90	0.000000e+00	6.928011e-40	8.419198e-01	1.882723e-90	2.443946e-12	0.000000e+00	1.882723e-90	1.882723e-90	1.882723e-90	2.058704e-72	1.882723e-90	0.000000e+00	0.000000e+00	1.882723e-90	0.000000e+00	0.000000e+00	0.000000e+00	0.000000e+00	0.000000e+00	0.000000e+00	0.000000e+00	6.803724e-73	1.882723e-90	0.000000e+00	0.000000e+00	0.000000e+00	0.000000e+00	0.000000e+00	0.000000e+00	0.000000e+00	0.000000e+00	0.000000e+00	0.000000e+00	0.000000e+00	0.000000e+00	0.000000e+00	0.000000e+00	0.000000e+00	0.000000e+00	0.000000e+00	0.000000e+00	0.000000e+00	0.000000e+00	0.000000e+00	0.000000e+00	0.000000e+00	0.000000e+00	0.000000e+00	0.000000e+00	0.000000e+00	0.000000e+00	0.000000e+00	0.000000e+00	0.000000e+00	0.000000e+00	0.000000e+00	0.000000e+00	0.000000e+00	0.000000e+00	0.000000e+00	0.000000e+00	0.000000e+00	0.000000e+00	0.000000e+00	0.000000e+00	
2007.273901	2003.412498	2011.135305	146.757242	1.103878e-03	1.882740e-90	0.000000e+00	1.990885e-71	1.882740e-90	0.000000e+00	0.000000e+00	8.446770e-03	1.882740e-90	1.165999e-03	1.688445e-80	1.882740e-90	1.882740e-90	1.882740e-90	1.882740e-90	0.000000e+00	1.882740e-90	1.882740e-90	1.882740e-90	1.882740e-90	2.172390e-51	4.974389e-03	9.099927e-63	0.000000e+00	0.000000e+00	0.000000e+00	1.882740e-90	1.882740e-90	0.000000e+00	1.075083e-63	0.000000e+00	0.000000e+00	0.000000e+00	0.000000e+00	0.000000e+00	0.000000e+00	0.000000e+00	5.448962e-70	1.882740e-90	1.882740e-90	1.882740e-90	2.599140e-56	8.587085e-89	1.870852e-70	1.882740e-90	2.273673e-04	1.785777e-54	0.000000e+00	0.000000e+00	2.392076e-54	1.882740e-90	0.000000e+00	8.596651e-41	8.419177e-01	1.882740e-90	9.967836e-13	0.000000e+00	1.882740e-90	1.882740e-90	1.882740e-90	5.555337e-74	1.882740e-90	0.000000e+00	0.000000e+00	1.882740e-90	0.000000e+00	0.000000e+00	0.000000e+00	0.000000e+00	0.000000e+00	0.000000e+00	0.000000e+00	1.742946e-74	1.882740e-90	0.000000e+00	0.000000e+00	0.000000e+00	0.000000e+00	0.000000e+00	0.000000e+00	0.000000e+00	0.000000e+00	0.000000e+00	0.000000e+00	0.000000e+00	0.000000e+00	0.000000e+00	0.000000e+00	0.000000e+00	0.000000e+00	0.000000e+00	0.000000e+00	0.000000e+00	0.000000e+00	0.000000e+00	0.000000e+00	0.000000e+00	0.000000e+00	0.000000e+00	0.000000e+00	0.000000e+00	0.000000e+00	0.000000e+00	0.000000e+00	0.000000e+00	0.000000e+00	0.000000e+00	0.000000e+00	0.000000e+00	0.000000e+00	0.000000e+00	0.000000e+00	0.000000e+00	0.000000e+00	0.000000e+00	0.000000e+00	
