26.949777	3.132548e-24	0.000000e+00	2.882241e-10	8.076418e-15	0.000000e+00	0.000000e+00	8.444034e-03	1.047943e-24	8.588166e-04	3.562213e-13	2.258963e-24	1.814618e-19	3.080791e-32	1.393362e-50	0.000000e+00	6.335984e-22	1.994887e-28	6.998903e-42	1.194993e-34	1.105040e-07	4.972245e-03	2.134263e-11	0.000000e+00	0.000000e+00	0.000000e+00	4.091277e-42	6.319344e-16	0.000000e+00	2.391169e-11	0.000000e+00	0.000000e+00	0.000000e+00	0.000000e+00	0.000000e+00	0.000000e+00	0.000000e+00	4.544857e-11	6.879451e-24	2.107439e-25	1.785597e-16	3.445620e-14	4.868668e-17	1.865078e-17	4.420821e-29	2.272732e-04	1.790453e-10	0.000000e+00	0.000000e+00	9.460465e-13	4.212867e-18	0.000000e+00	1.456327e-09	8.421259e-01	1.724397e-26	1.533809e-04	0.000000e+00	7.942416e-21	1.402933e-29	6.363936e-21	3.665165e-11	1.277923e-16	0.000000e+00	0.000000e+00	6.368202e-26	0.000000e+00	0.000000e+00	0.000000e+00	0.000000e+00	0.000000e+00	0.000000e+00	0.000000e+00	2.771184e-14	2.111003e-31	0.000000e+00	0.000000e+00	0.000000e+00	0.000000e+00	0.000000e+00	0.000000e+00	0.000000e+00	0.000000e+00	0.000000e+00	0.000000e+00	0.000000e+00	0.000000e+00	0.000000e+00	0.000000e+00	0.000000e+00	0.000000e+00	0.000000e+00	0.000000e+00	0.000000e+00	0.000000e+00	0.000000e+00	0.000000e+00	0.000000e+00	0.000000e+00	0.000000e+00	0.000000e+00	0.000000e+00	0.000000e+00	0.000000e+00	0.000000e+00	0.000000e+00	0.000000e+00	0.000000e+00	0.000000e+00	0.000000e+00	0.000000e+00	0.000000e+00	0.000000e+00	0.000000e+00	0.000000e+00	0.000000e+00	0.000000e+00	
79.594718	2.143643e-25	0.000000e+00	8.843269e-11	1.721248e-15	0.000000e+00	0.000000e+00	8.444312e-03	6.950646e-26	9.016040e-04	1.040048e-13	2.877357e-25	2.652130e-20	1.506811e-33	1.282183e-52	0.000000e+00	8.097032e-23	1.679357e-29	1.933296e-43	1.704037e-36	4.463288e-08	4.972402e-03	7.608046e-12	0.000000e+00	0.000000e+00	0.000000e+00	2.131853e-44	9.231559e-17	0.000000e+00	8.300317e-12	0.000000e+00	0.000000e+00	0.000000e+00	0.000000e+00	0.000000e+00	0.000000e+00	0.000000e+00	1.424824e-11	4.261224e-25	1.489119e-26	3.753357e-17	1.490625e-14	1.194844e-17	6.195741e-18	6.134866e-30	2.272828e-04	7.690851e-11	0.000000e+00	0.000000e+00	3.809043e-13	6.471016e-19	0.000000e+00	7.125874e-10	8.420984e-01	1.210027e-27	1.320252e-04	0.000000e+00	8.515042e-22	3.752929e-31	5.173176e-22	1.098074e-11	1.961287e-17	0.000000e+00	0.000000e+00	2.445062e-27	0.000000e+00	0.000000e+00	0.000000e+00	0.000000e+00	0.000000e+00	0.000000e+00	0.000000e+00	8.147485e-15	3.961214e-32	0.000000e+00	0.000000e+00	0.000000e+00	0.000000e+00	0.000000e+00	0.000000e+00	0.000000e+00	0.000000e+00	0.000000e+00	0.000000e+00	0.000000e+00	0.000000e+00	0.000000e+00	0.000000e+00	0.000000e+00	0.000000e+00	0.000000e+00	0.000000e+00	0.000000e+00	0.000000e+00	0.000000e+00	0.000000e+00	0.000000e+00	0.000000e+00	0.000000e+00	0.000000e+00	0.000000e+00	0.000000e+00	0.000000e+00	0.000000e+00	0.000000e+00	0.000000e+00	0.000000e+00	0.000000e+00	0.000000e+00	0.000000e+00	0.000000e+00	0.000000e+00	0.000000e+00	0.000000e+00	0.000000e+00	0.000000e+00	
129.722940	1.071830e-26	0.000000e+00	2.360807e-11	3.065577e-16	0.000000e+00	0.000000e+00	8.444952e-03	3.318718e-27	9.515075e-04	2.623995e-14	2.807516e-26	3.043257e-21	5.138135e-35	6.866784e-55	0.000000e+00	8.091855e-24	1.058142e-30	3.544559e-45	1.461741e-38	1.564361e-08	4.972727e-03	2.372945e-12	0.000000e+00	0.000000e+00	0.000000e+00	5.855353e-47	1.047684e-17	0.000000e+00	2.513901e-12	0.000000e+00	0.000000e+00	0.000000e+00	0.000000e+00	0.000000e+00	0.000000e+00	0.000000e+00	3.770587e-12	1.844101e-26	7.474351e-28	6.512874e-18	5.760100e-15	2.463464e-18	1.789534e-18	6.740054e-31	2.272959e-04	2.979634e-11	0.000000e+00	0.000000e+00	1.332350e-13	7.754113e-20	0.000000e+00	3.095599e-10	8.420644e-01	6.223071e-29	1.071008e-04	0.000000e+00	6.996341e-23	6.539448e-33	3.125962e-23	2.851758e-12	2.375105e-18	0.000000e+00	0.000000e+00	6.226831e-29	0.000000e+00	0.000000e+00	0.000000e+00	0.000000e+00	0.000000e+00	0.000000e+00	0.000000e+00	2.009803e-15	6.236803e-33	0.000000e+00	0.000000e+00	0.000000e+00	0.000000e+00	0.000000e+00	0.000000e+00	0.000000e+00	0.000000e+00	0.000000e+00	0.000000e+00	0.000000e+00	0.000000e+00	0.000000e+00	0.000000e+00	0.000000e+00	0.000000e+00	0.000000e+00	0.000000e+00	0.000000e+00	0.000000e+00	0.000000e+00	0.000000e+00	0.000000e+00	0.000000e+00	0.000000e+00	0.000000e+00	0.000000e+00	0.000000e+00	0.000000e+00	0.000000e+00	0.000000e+00	0.000000e+00	0.000000e+00	0.000000e+00	0.000000e+00	0.000000e+00	0.000000e+00	0.000000e+00	0.000000e+00	0.000000e+00	0.000000e+00	0.000000e+00	
177.402675	4.737833e-28	0.000000e+00	5.968892e-12	5.087223e-17	0.000000e+00	0.000000e+00	8.445374e-03	1.381614e-28	9.985232e-04	6.199198e-15	2.431849e-27	3.151554e-22	1.509643e-36	2.954511e-57	0.000000e+00	7.286047e-25	5.910946e-32	5.500443e-47	1.025797e-40	5.186618e-09	4.972885e-03	7.024701e-13	0.000000e+00	0.000000e+00	0.000000e+00	1.248525e-49	1.077060e-18	0.000000e+00	7.219065e-13	0.000000e+00	0.000000e+00	0.000000e+00	0.000000e+00	0.000000e+00	0.000000e+00	0.000000e+00	9.266410e-13	6.873145e-28	3.257072e-29	1.048008e-18	2.129336e-15	4.744354e-19	4.898148e-19	6.769981e-32	2.273077e-04	1.108303e-11	0.000000e+00	0.000000e+00	4.414763e-14	8.423607e-21	0.000000e+00	1.285116e-10	8.420349e-01	2.833313e-30	8.361752e-05	0.000000e+00	5.135137e-24	9.618987e-35	1.679607e-24	6.998533e-13	2.620219e-19	0.000000e+00	0.000000e+00	1.348535e-30	0.000000e+00	0.000000e+00	0.000000e+00	0.000000e+00	0.000000e+00	0.000000e+00	0.000000e+00	4.595839e-16	9.206680e-34	0.000000e+00	0.000000e+00	0.000000e+00	0.000000e+00	0.000000e+00	0.000000e+00	0.000000e+00	0.000000e+00	0.000000e+00	0.000000e+00	0.000000e+00	0.000000e+00	0.000000e+00	0.000000e+00	0.000000e+00	0.000000e+00	0.000000e+00	0.000000e+00	0.000000e+00	0.000000e+00	0.000000e+00	0.000000e+00	0.000000e+00	0.000000e+00	0.000000e+00	0.000000e+00	0.000000e+00	0.000000e+00	0.000000e+00	0.000000e+00	0.000000e+00	0.000000e+00	0.000000e+00	0.000000e+00	0.000000e+00	0.000000e+00	0.000000e+00	0.000000e+00	0.000000e+00	0.000000e+00	0.000000e+00	0.000000e+00	
222.832372	2.186767e-29	0.000000e+00	1.538952e-12	8.650842e-18	0.000000e+00	0.000000e+00	8.445517e-03	5.955388e-30	1.036679e-03	1.477899e-15	2.145520e-28	3.341479e-23	4.618561e-38	1.359057e-59	0.000000e+00	6.719343e-26	3.408306e-33	8.969201e-49	7.706321e-43	1.754200e-09	4.973050e-03	2.119289e-13	0.000000e+00	0.000000e+00	0.000000e+00	2.900323e-52	1.147148e-19	0.000000e+00	2.113854e-13	0.000000e+00	0.000000e+00	0.000000e+00	0.000000e+00	0.000000e+00	0.000000e+00	0.000000e+00	2.309011e-13	2.661215e-29	1.474764e-30	1.731132e-19	7.995213e-16	9.363043e-20	1.369393e-19	7.046486e-33	2.273119e-04	4.180005e-12	0.000000e+00	0.000000e+00	1.494342e-14	9.461829e-22	0.000000e+00	5.435977e-11	8.420111e-01	1.346836e-31	6.456047e-05	0.000000e+00	3.866823e-25	1.498388e-36	9.387224e-26	1.750415e-13	2.986094e-20	0.000000e+00	0.000000e+00	3.086871e-32	0.000000e+00	0.000000e+00	0.000000e+00	0.000000e+00	0.000000e+00	0.000000e+00	0.000000e+00	1.067554e-16	1.402405e-34	0.000000e+00	0.000000e+00	0.000000e+00	0.000000e+00	0.000000e+00	0.000000e+00	0.000000e+00	0.000000e+00	0.000000e+00	0.000000e+00	0.000000e+00	0.000000e+00	0.000000e+00	0.000000e+00	0.000000e+00	0.000000e+00	0.000000e+00	0.000000e+00	0.000000e+00	0.000000e+00	0.000000e+00	0.000000e+00	0.000000e+00	0.000000e+00	0.000000e+00	0.000000e+00	0.000000e+00	0.000000e+00	0.000000e+00	0.000000e+00	0.000000e+00	0.000000e+00	0.000000e+00	0.000000e+00	0.000000e+00	0.000000e+00	0.000000e+00	0.000000e+00	0.000000e+00	0.000000e+00	0.000000e+00	0.000000e+00	
266.272526	1.183513e-30	0.000000e+00	4.259909e-13	1.610871e-18	0.000000e+00	0.000000e+00	8.445730e-03	3.006450e-31	1.064675e-03	3.758942e-16	2.135951e-29	3.974122e-24	1.684530e-39	8.182123e-62	0.000000e+00	6.963687e-27	2.262681e-34	1.792403e-50	7.476724e-45	6.379081e-10	4.973327e-03	6.846782e-14	0.000000e+00	0.000000e+00	0.000000e+00	9.297813e-55	1.389824e-20	0.000000e+00	6.638823e-14	0.000000e+00	0.000000e+00	0.000000e+00	0.000000e+00	0.000000e+00	0.000000e+00	0.000000e+00	6.222921e-14	1.224215e-30	7.889634e-32	3.151083e-20	3.179606e-16	2.019779e-20	4.119673e-20	8.290710e-34	2.273210e-04	1.660704e-12	0.000000e+00	0.000000e+00	5.445113e-15	1.204559e-22	0.000000e+00	2.449320e-11	8.419925e-01	7.498908e-33	5.057695e-05	0.000000e+00	3.301538e-26	2.895640e-38	6.088528e-27	4.703571e-14	3.837487e-21	0.000000e+00	0.000000e+00	8.691689e-34	0.000000e+00	0.000000e+00	0.000000e+00	0.000000e+00	0.000000e+00	0.000000e+00	0.000000e+00	2.693556e-17	2.354683e-35	0.000000e+00	0.000000e+00	0.000000e+00	0.000000e+00	0.000000e+00	0.000000e+00	0.000000e+00	0.000000e+00	0.000000e+00	0.000000e+00	0.000000e+00	0.000000e+00	0.000000e+00	0.000000e+00	0.000000e+00	0.000000e+00	0.000000e+00	0.000000e+00	0.000000e+00	0.000000e+00	0.000000e+00	0.000000e+00	0.000000e+00	0.000000e+00	0.000000e+00	0.000000e+00	0.000000e+00	0.000000e+00	0.000000e+00	0.000000e+00	0.000000e+00	0.000000e+00	0.000000e+00	0.000000e+00	0.000000e+00	0.000000e+00	0.000000e+00	0.000000e+00	0.000000e+00	0.000000e+00	0.000000e+00	0.000000e+00	
307.983321	7.702069e-32	0.000000e+00	1.280092e-13	3.332313e-19	0.000000e+00	0.000000e+00	8.445905e-03	1.830828e-32	1.084550e-03	1.035362e-16	2.466271e-30	5.422605e-25	7.562561e-41	6.752322e-64	0.000000e+00	8.297496e-28	1.775269e-35	4.548891e-52	9.759263e-47	2.522507e-10	4.973355e-03	2.393967e-14	0.000000e+00	0.000000e+00	0.000000e+00	4.330955e-57	1.954270e-21	0.000000e+00	2.260462e-14	0.000000e+00	0.000000e+00	0.000000e+00	0.000000e+00	0.000000e+00	0.000000e+00	0.000000e+00	1.844353e-14	6.908506e-32	5.140796e-33	6.418476e-21	1.351425e-16	4.829137e-21	1.348345e-20	1.123034e-34	2.273294e-04	7.008196e-13	0.000000e+00	0.000000e+00	2.159546e-15	1.773059e-23	0.000000e+00	1.186470e-11	8.419792e-01	5.013439e-34	4.064691e-05	0.000000e+00	3.275768e-27	7.185704e-40	4.693619e-28	1.373576e-14	5.667700e-22	0.000000e+00	0.000000e+00	3.111230e-35	0.000000e+00	0.000000e+00	0.000000e+00	0.000000e+00	0.000000e+00	0.000000e+00	0.000000e+00	7.508652e-18	4.415754e-36	0.000000e+00	0.000000e+00	0.000000e+00	0.000000e+00	0.000000e+00	0.000000e+00	0.000000e+00	0.000000e+00	0.000000e+00	0.000000e+00	0.000000e+00	0.000000e+00	0.000000e+00	0.000000e+00	0.000000e+00	0.000000e+00	0.000000e+00	0.000000e+00	0.000000e+00	0.000000e+00	0.000000e+00	0.000000e+00	0.000000e+00	0.000000e+00	0.000000e+00	0.000000e+00	0.000000e+00	0.000000e+00	0.000000e+00	0.000000e+00	0.000000e+00	0.000000e+00	0.000000e+00	0.000000e+00	0.000000e+00	0.000000e+00	0.000000e+00	0.000000e+00	0.000000e+00	0.000000e+00	0.000000e+00	0.000000e+00	
348.199718	6.251180e-33	0.000000e+00	4.243833e-14	7.819839e-20	0.000000e+00	0.000000e+00	8.446144e-03	1.401054e-33	1.098051e-03	3.149852e-17	3.424256e-31	8.753806e-26	4.369379e-42	8.154712e-66	0.000000e+00	1.172782e-28	1.706775e-36	1.541351e-53	1.818629e-48	1.102768e-10	4.973526e-03	9.201285e-15	0.000000e+00	0.000000e+00	0.000000e+00	3.159137e-59	3.284617e-22	0.000000e+00	8.478543e-15	0.000000e+00	0.000000e+00	0.000000e+00	0.000000e+00	0.000000e+00	0.000000e+00	0.000000e+00	6.147342e-15	5.000341e-33	4.256434e-34	1.495998e-21	6.219655e-17	1.305848e-21	4.878981e-21	1.799034e-35	2.273325e-04	3.179329e-13	0.000000e+00	0.000000e+00	9.474752e-16	3.106377e-24	0.000000e+00	6.264192e-12	8.419683e-01	4.172744e-35	3.391878e-05	0.000000e+00	3.906346e-28	2.407434e-41	4.452436e-29	4.432990e-15	9.889914e-23	0.000000e+00	0.000000e+00	1.485427e-36	0.000000e+00	0.000000e+00	0.000000e+00	0.000000e+00	0.000000e+00	0.000000e+00	0.000000e+00	2.366354e-18	9.433440e-37	0.000000e+00	0.000000e+00	0.000000e+00	0.000000e+00	0.000000e+00	0.000000e+00	0.000000e+00	0.000000e+00	0.000000e+00	0.000000e+00	0.000000e+00	0.000000e+00	0.000000e+00	0.000000e+00	0.000000e+00	0.000000e+00	0.000000e+00	0.000000e+00	0.000000e+00	0.000000e+00	0.000000e+00	0.000000e+00	0.000000e+00	0.000000e+00	0.000000e+00	0.000000e+00	0.000000e+00	0.000000e+00	0.000000e+00	0.000000e+00	0.000000e+00	0.000000e+00	0.000000e+00	0.000000e+00	0.000000e+00	0.000000e+00	0.000000e+00	0.000000e+00	0.000000e+00	0.000000e+00	0.000000e+00	0.000000e+00	
387.126280	6.219191e-34	0.000000e+00	1.540299e-14	2.061290e-20	0.000000e+00	0.000000e+00	8.446185e-03	1.325561e-34	1.107114e-03	1.051914e-17	5.651056e-32	1.652463e-26	3.189809e-43	1.400657e-67	0.000000e+00	1.943082e-29	1.981586e-37	6.824937e-55	4.706184e-50	5.287540e-11	4.973497e-03	3.858369e-15	0.000000e+00	0.000000e+00	0.000000e+00	3.484780e-61	6.506249e-23	0.000000e+00	3.476137e-15	0.000000e+00	0.000000e+00	0.000000e+00	0.000000e+00	0.000000e+00	0.000000e+00	0.000000e+00	2.286354e-15	4.559717e-34	4.400854e-35	3.948185e-22	3.080322e-17	3.955184e-22	1.936129e-21	3.362465e-36	2.273313e-04	1.541848e-13	0.000000e+00	0.000000e+00	4.561184e-16	6.390287e-25	0.000000e+00	3.579291e-12	8.419627e-01	4.249953e-36	2.938898e-05	0.000000e+00	5.527716e-29	1.063807e-42	5.114231e-30	1.568812e-15	2.012393e-23	0.000000e+00	0.000000e+00	9.248807e-38	0.000000e+00	0.000000e+00	0.000000e+00	0.000000e+00	0.000000e+00	0.000000e+00	0.000000e+00	8.361095e-19	2.270663e-37	0.000000e+00	0.000000e+00	0.000000e+00	0.000000e+00	0.000000e+00	0.000000e+00	0.000000e+00	0.000000e+00	0.000000e+00	0.000000e+00	0.000000e+00	0.000000e+00	0.000000e+00	0.000000e+00	0.000000e+00	0.000000e+00	0.000000e+00	0.000000e+00	0.000000e+00	0.000000e+00	0.000000e+00	0.000000e+00	0.000000e+00	0.000000e+00	0.000000e+00	0.000000e+00	0.000000e+00	0.000000e+00	0.000000e+00	0.000000e+00	0.000000e+00	0.000000e+00	0.000000e+00	0.000000e+00	0.000000e+00	0.000000e+00	0.000000e+00	0.000000e+00	0.000000e+00	0.000000e+00	0.000000e+00	0.000000e+00	
424.929787	7.421254e-35	0.000000e+00	6.061294e-15	6.028169e-21	0.000000e+00	0.000000e+00	8.446161e-03	1.517204e-35	1.113137e-03	3.821723e-18	1.090112e-32	3.590450e-27	2.872338e-44	3.297840e-69	0.000000e+00	3.713603e-30	2.725089e-38	3.840717e-56	1.633089e-51	2.753364e-11	4.973413e-03	1.748823e-15	0.000000e+00	0.000000e+00	0.000000e+00	5.562844e-63	1.492473e-23	0.000000e+00	1.543120e-15	0.000000e+00	0.000000e+00	0.000000e+00	0.000000e+00	0.000000e+00	0.000000e+00	0.000000e+00	9.386901e-16	5.115883e-35	5.553657e-36	1.164335e-22	1.628907e-17	1.325660e-22	8.342691e-22	7.211568e-37	2.273315e-04	7.936812e-14	0.000000e+00	0.000000e+00	2.385418e-16	1.517443e-25	0.000000e+00	2.194571e-12	8.419590e-01	5.183874e-37	2.638123e-05	0.000000e+00	9.122603e-30	6.020047e-44	6.969851e-31	6.028738e-16	4.697400e-24	0.000000e+00	0.000000e+00	7.300718e-39	0.000000e+00	0.000000e+00	0.000000e+00	0.000000e+00	0.000000e+00	0.000000e+00	0.000000e+00	3.274789e-19	6.078009e-38	0.000000e+00	0.000000e+00	0.000000e+00	0.000000e+00	0.000000e+00	0.000000e+00	0.000000e+00	0.000000e+00	0.000000e+00	0.000000e+00	0.000000e+00	0.000000e+00	0.000000e+00	0.000000e+00	0.000000e+00	0.000000e+00	0.000000e+00	0.000000e+00	0.000000e+00	0.000000e+00	0.000000e+00	0.000000e+00	0.000000e+00	0.000000e+00	0.000000e+00	0.000000e+00	0.000000e+00	0.000000e+00	0.000000e+00	0.000000e+00	0.000000e+00	0.000000e+00	0.000000e+00	0.000000e+00	0.000000e+00	0.000000e+00	0.000000e+00	0.000000e+00	0.000000e+00	0.000000e+00	0.000000e+00	0.000000e+00	
461.727237	9.493055e-36	0.000000e+00	2.460161e-15	1.834266e-21	0.000000e+00	0.000000e+00	8.446411e-03	1.867392e-36	1.117887e-03	1.433528e-18	2.232879e-33	8.232885e-28	2.803082e-45	8.764028e-71	0.000000e+00	7.495877e-31	3.999667e-39	2.370273e-57	6.338104e-53	1.480264e-11	4.973719e-03	8.168412e-16	0.000000e+00	0.000000e+00	0.000000e+00	1.022626e-64	3.622718e-24	0.000000e+00	7.064346e-16	0.000000e+00	0.000000e+00	0.000000e+00	0.000000e+00	0.000000e+00	0.000000e+00	0.000000e+00	4.003386e-16	6.212725e-36	7.566844e-37	3.582409e-23	8.833253e-18	4.619301e-23	3.711743e-22	1.631573e-37	2.273319e-04	4.179562e-14	0.000000e+00	0.000000e+00	1.288532e-16	3.806957e-26	0.000000e+00	1.383369e-12	8.419563e-01	6.775056e-38	2.400777e-05	0.000000e+00	1.596310e-30	3.743718e-45	1.013896e-31	2.390877e-16	1.155827e-24	0.000000e+00	0.000000e+00	6.310776e-40	0.000000e+00	0.000000e+00	0.000000e+00	0.000000e+00	0.000000e+00	0.000000e+00	0.000000e+00	1.334871e-19	1.696917e-38	0.000000e+00	0.000000e+00	0.000000e+00	0.000000e+00	0.000000e+00	0.000000e+00	0.000000e+00	0.000000e+00	0.000000e+00	0.000000e+00	0.000000e+00	0.000000e+00	0.000000e+00	0.000000e+00	0.000000e+00	0.000000e+00	0.000000e+00	0.000000e+00	0.000000e+00	0.000000e+00	0.000000e+00	0.000000e+00	0.000000e+00	0.000000e+00	0.000000e+00	0.000000e+00	0.000000e+00	0.000000e+00	0.000000e+00	0.000000e+00	0.000000e+00	0.000000e+00	0.000000e+00	0.000000e+00	0.000000e+00	0.000000e+00	0.000000e+00	0.000000e+00	0.000000e+00	0.000000e+00	0.000000e+00	0.000000e+00	
497.568845	1.118507e-36	0.000000e+00	9.628686e-16	5.324679e-22	0.000000e+00	0.000000e+00	8.446336e-03	2.106777e-37	1.122957e-03	5.168824e-19	4.260132e-34	1.770654e-28	2.487536e-46	2.020787e-72	0.000000e+00	1.417502e-31	5.439397e-40	1.313770e-58	2.152700e-54	7.671995e-12	4.973533e-03	3.685216e-16	0.000000e+00	0.000000e+00	0.000000e+00	1.589396e-66	8.234995e-25	0.000000e+00	3.121513e-16	0.000000e+00	0.000000e+00	0.000000e+00	0.000000e+00	0.000000e+00	0.000000e+00	0.000000e+00	1.632499e-16	6.861739e-37	9.425111e-38	1.048290e-23	4.651806e-18	1.538141e-23	1.593146e-22	3.476194e-38	2.273314e-04	2.142272e-14	0.000000e+00	0.000000e+00	6.714782e-17	8.951790e-27	0.000000e+00	8.460640e-13	8.419527e-01	8.163494e-39	2.148175e-05	0.000000e+00	2.602263e-31	2.080153e-46	1.364353e-32	9.132385e-17	2.673602e-25	0.000000e+00	0.000000e+00	4.899363e-41	0.000000e+00	0.000000e+00	0.000000e+00	0.000000e+00	0.000000e+00	0.000000e+00	0.000000e+00	5.196043e-20	4.533554e-39	0.000000e+00	0.000000e+00	0.000000e+00	0.000000e+00	0.000000e+00	0.000000e+00	0.000000e+00	0.000000e+00	0.000000e+00	0.000000e+00	0.000000e+00	0.000000e+00	0.000000e+00	0.000000e+00	0.000000e+00	0.000000e+00	0.000000e+00	0.000000e+00	0.000000e+00	0.000000e+00	0.000000e+00	0.000000e+00	0.000000e+00	0.000000e+00	0.000000e+00	0.000000e+00	0.000000e+00	0.000000e+00	0.000000e+00	0.000000e+00	0.000000e+00	0.000000e+00	0.000000e+00	0.000000e+00	0.000000e+00	0.000000e+00	0.000000e+00	0.000000e+00	0.000000e+00	0.000000e+00	0.000000e+00	0.000000e+00	
532.438939	1.022567e-37	0.000000e+00	3.367596e-16	1.336883e-22	0.000000e+00	0.000000e+00	8.446162e-03	1.817369e-38	1.129442e-03	1.651168e-19	6.522002e-35	3.124370e-29	1.645542e-47	3.002138e-74	0.000000e+00	2.191821e-32	5.840106e-41	5.217468e-60	4.848999e-56	3.549311e-12	4.973561e-03	1.493327e-16	0.000000e+00	0.000000e+00	0.000000e+00	1.473190e-68	1.528057e-25	0.000000e+00	1.236254e-16	0.000000e+00	0.000000e+00	0.000000e+00	0.000000e+00	0.000000e+00	0.000000e+00	0.000000e+00	5.794227e-17	5.658658e-38	8.891406e-39	2.627333e-24	2.237092e-18	4.450048e-24	6.111945e-23	6.138859e-39	2.273330e-04	1.010223e-14	0.000000e+00	0.000000e+00	3.127327e-17	1.723606e-27	0.000000e+00	4.706101e-13	8.419499e-01	7.652498e-40	1.823593e-05	0.000000e+00	3.411465e-32	8.173105e-48	1.444794e-33	3.108306e-17	5.110257e-26	0.000000e+00	0.000000e+00	2.731649e-42	0.000000e+00	0.000000e+00	0.000000e+00	0.000000e+00	0.000000e+00	0.000000e+00	0.000000e+00	1.752469e-20	1.052666e-39	0.000000e+00	0.000000e+00	0.000000e+00	0.000000e+00	0.000000e+00	0.000000e+00	0.000000e+00	0.000000e+00	0.000000e+00	0.000000e+00	0.000000e+00	0.000000e+00	0.000000e+00	0.000000e+00	0.000000e+00	0.000000e+00	0.000000e+00	0.000000e+00	0.000000e+00	0.000000e+00	0.000000e+00	0.000000e+00	0.000000e+00	0.000000e+00	0.000000e+00	0.000000e+00	0.000000e+00	0.000000e+00	0.000000e+00	0.000000e+00	0.000000e+00	0.000000e+00	0.000000e+00	0.000000e+00	0.000000e+00	0.000000e+00	0.000000e+00	0.000000e+00	0.000000e+00	0.000000e+00	0.000000e+00	0.000000e+00	
566.284224	6.772963e-39	0.000000e+00	1.020957e-16	2.791446e-23	0.000000e+00	0.000000e+00	8.446239e-03	1.114071e-39	1.137022e-03	4.519556e-20	7.540834e-36	4.285132e-30	7.491124e-49	2.550583e-76	0.000000e+00	2.622927e-33	4.641726e-42	1.356146e-61	6.481710e-58	1.421513e-12	4.973606e-03	5.279936e-17	0.000000e+00	0.000000e+00	0.000000e+00	7.080156e-71	2.190917e-26	0.000000e+00	4.260198e-17	0.000000e+00	0.000000e+00	0.000000e+00	0.000000e+00	0.000000e+00	0.000000e+00	0.000000e+00	1.723083e-17	3.217571e-39	5.890082e-40	5.408594e-25	9.586621e-19	1.076978e-24	2.033558e-23	8.543729e-40	2.273379e-04	4.285182e-15	0.000000e+00	0.000000e+00	1.262981e-17	2.574510e-28	0.000000e+00	2.320925e-13	8.419442e-01	5.214948e-41	1.446290e-05	0.000000e+00	3.388503e-33	2.067431e-49	1.128383e-34	9.137064e-18	7.665639e-27	0.000000e+00	0.000000e+00	1.000074e-43	0.000000e+00	0.000000e+00	0.000000e+00	0.000000e+00	0.000000e+00	0.000000e+00	0.000000e+00	4.924185e-21	2.046151e-40	0.000000e+00	0.000000e+00	0.000000e+00	0.000000e+00	0.000000e+00	0.000000e+00	0.000000e+00	0.000000e+00	0.000000e+00	0.000000e+00	0.000000e+00	0.000000e+00	0.000000e+00	0.000000e+00	0.000000e+00	0.000000e+00	0.000000e+00	0.000000e+00	0.000000e+00	0.000000e+00	0.000000e+00	0.000000e+00	0.000000e+00	0.000000e+00	0.000000e+00	0.000000e+00	0.000000e+00	0.000000e+00	0.000000e+00	0.000000e+00	0.000000e+00	0.000000e+00	0.000000e+00	0.000000e+00	0.000000e+00	0.000000e+00	0.000000e+00	0.000000e+00	0.000000e+00	0.000000e+00	0.000000e+00	0.000000e+00	
599.046147	3.114097e-40	0.000000e+00	2.632682e-17	4.730195e-24	0.000000e+00	0.000000e+00	8.446923e-03	4.633753e-41	1.144773e-03	1.037412e-20	6.334810e-37	4.414610e-31	2.231861e-50	1.150114e-78	0.000000e+00	2.346113e-34	2.622727e-43	2.180006e-63	4.797138e-60	4.836964e-13	4.973909e-03	1.600069e-17	0.000000e+00	0.000000e+00	0.000000e+00	1.617138e-73	2.346501e-27	0.000000e+00	1.254424e-17	0.000000e+00	0.000000e+00	0.000000e+00	0.000000e+00	0.000000e+00	0.000000e+00	0.000000e+00	4.191070e-18	1.199733e-40	2.613226e-41	8.909343e-26	3.605509e-19	2.129566e-25	5.760495e-24	9.085161e-41	2.273460e-04	1.612206e-15	0.000000e+00	0.000000e+00	4.342294e-18	2.884826e-29	0.000000e+00	9.993778e-14	8.419331e-01	2.476822e-42	1.060380e-05	0.000000e+00	2.455394e-34	3.175395e-51	6.241808e-36	2.275073e-18	8.740786e-28	0.000000e+00	0.000000e+00	2.274016e-45	0.000000e+00	0.000000e+00	0.000000e+00	0.000000e+00	0.000000e+00	0.000000e+00	0.000000e+00	1.124673e-21	3.255260e-41	0.000000e+00	0.000000e+00	0.000000e+00	0.000000e+00	0.000000e+00	0.000000e+00	0.000000e+00	0.000000e+00	0.000000e+00	0.000000e+00	0.000000e+00	0.000000e+00	0.000000e+00	0.000000e+00	0.000000e+00	0.000000e+00	0.000000e+00	0.000000e+00	0.000000e+00	0.000000e+00	0.000000e+00	0.000000e+00	0.000000e+00	0.000000e+00	0.000000e+00	0.000000e+00	0.000000e+00	0.000000e+00	0.000000e+00	0.000000e+00	0.000000e+00	0.000000e+00	0.000000e+00	0.000000e+00	0.000000e+00	0.000000e+00	0.000000e+00	0.000000e+00	0.000000e+00	0.000000e+00	0.000000e+00	0.000000e+00	
630.666112	9.343648e-42	0.000000e+00	5.618933e-18	6.278345e-25	0.000000e+00	0.000000e+00	8.446521e-03	1.223897e-42	1.151760e-03	1.936717e-21	3.658485e-38	3.252421e-32	4.047383e-52	2.470992e-81	0.000000e+00	1.492002e-35	9.936821e-45	1.996529e-65	1.778637e-62	1.360225e-13	4.973529e-03	4.048452e-18	0.000000e+00	0.000000e+00	0.000000e+00	1.547699e-76	1.786939e-28	0.000000e+00	3.072917e-18	0.000000e+00	0.000000e+00	0.000000e+00	0.000000e+00	0.000000e+00	0.000000e+00	0.000000e+00	8.054052e-19	2.729288e-42	7.251559e-43	1.130953e-26	1.164165e-19	3.324548e-26	1.351877e-24	7.052675e-42	2.273430e-04	5.271712e-16	0.000000e+00	0.000000e+00	1.236921e-18	2.309923e-30	0.000000e+00	3.671656e-14	8.419341e-01	7.711317e-44	7.083117e-06	0.000000e+00	1.229710e-35	2.721378e-53	2.306651e-37	4.664861e-19	7.231877e-29	0.000000e+00	0.000000e+00	2.962670e-47	0.000000e+00	0.000000e+00	0.000000e+00	0.000000e+00	0.000000e+00	0.000000e+00	0.000000e+00	2.014715e-22	4.097938e-42	0.000000e+00	0.000000e+00	0.000000e+00	0.000000e+00	0.000000e+00	0.000000e+00	0.000000e+00	0.000000e+00	0.000000e+00	0.000000e+00	0.000000e+00	0.000000e+00	0.000000e+00	0.000000e+00	0.000000e+00	0.000000e+00	0.000000e+00	0.000000e+00	0.000000e+00	0.000000e+00	0.000000e+00	0.000000e+00	0.000000e+00	0.000000e+00	0.000000e+00	0.000000e+00	0.000000e+00	0.000000e+00	0.000000e+00	0.000000e+00	0.000000e+00	0.000000e+00	0.000000e+00	0.000000e+00	0.000000e+00	0.000000e+00	0.000000e+00	0.000000e+00	0.000000e+00	0.000000e+00	0.000000e+00	0.000000e+00	
661.107844	2.002800e-43	0.000000e+00	1.033223e-18	6.874172e-26	0.000000e+00	0.000000e+00	8.446406e-03	2.258249e-44	1.157133e-03	3.068687e-22	1.572168e-39	1.839369e-33	4.963872e-54	2.962015e-84	0.000000e+00	7.248885e-37	2.748713e-46	1.174771e-67	3.823910e-65	3.295579e-14	4.973668e-03	8.893618e-19	0.000000e+00	0.000000e+00	0.000000e+00	7.464458e-80	1.041452e-29	0.000000e+00	6.518574e-19	0.000000e+00	0.000000e+00	0.000000e+00	0.000000e+00	0.000000e+00	0.000000e+00	0.000000e+00	1.285817e-19	4.204200e-44	1.391370e-44	1.169171e-27	3.334595e-20	4.310181e-27	2.739204e-25	4.281535e-43	2.273416e-04	1.543380e-16	0.000000e+00	0.000000e+00	3.043588e-19	1.420149e-31	0.000000e+00	1.192743e-14	8.419332e-01	1.721895e-45	4.393854e-06	0.000000e+00	4.598180e-37	1.472158e-55	6.202190e-39	8.208485e-20	4.650776e-30	0.000000e+00	0.000000e+00	2.490209e-49	0.000000e+00	0.000000e+00	0.000000e+00	0.000000e+00	0.000000e+00	0.000000e+00	0.000000e+00	2.983082e-23	4.304625e-43	0.000000e+00	0.000000e+00	0.000000e+00	0.000000e+00	0.000000e+00	0.000000e+00	0.000000e+00	0.000000e+00	0.000000e+00	0.000000e+00	0.000000e+00	0.000000e+00	0.000000e+00	0.000000e+00	0.000000e+00	0.000000e+00	0.000000e+00	0.000000e+00	0.000000e+00	0.000000e+00	0.000000e+00	0.000000e+00	0.000000e+00	0.000000e+00	0.000000e+00	0.000000e+00	0.000000e+00	0.000000e+00	0.000000e+00	0.000000e+00	0.000000e+00	0.000000e+00	0.000000e+00	0.000000e+00	0.000000e+00	0.000000e+00	0.000000e+00	0.000000e+00	0.000000e+00	0.000000e+00	0.000000e+00	0.000000e+00	
690.379898	3.463133e-45	0.000000e+00	1.727575e-19	6.655483e-27	0.000000e+00	0.000000e+00	8.446695e-03	3.311922e-46	1.160747e-03	4.374561e-23	5.596811e-41	8.786613e-35	4.744292e-56	2.448691e-87	0.000000e+00	2.965197e-38	6.224413e-48	5.217884e-70	5.801238e-68	7.267252e-15	4.973688e-03	1.786345e-19	0.000000e+00	0.000000e+00	0.000000e+00	2.323180e-83	5.121524e-31	0.000000e+00	1.262195e-19	0.000000e+00	0.000000e+00	0.000000e+00	0.000000e+00	0.000000e+00	0.000000e+00	0.000000e+00	1.824440e-20	5.046399e-46	2.111521e-46	1.060201e-28	8.852629e-21	4.965165e-28	5.060737e-26	2.226547e-44	2.273476e-04	4.210454e-17	0.000000e+00	0.000000e+00	6.833032e-20	7.378880e-33	0.000000e+00	3.588582e-15	8.419280e-01	3.110474e-47	2.600239e-06	0.000000e+00	1.425525e-38	5.932041e-58	1.360563e-40	1.309772e-20	2.547793e-31	0.000000e+00	0.000000e+00	1.582350e-51	0.000000e+00	0.000000e+00	0.000000e+00	0.000000e+00	0.000000e+00	0.000000e+00	0.000000e+00	3.915568e-24	4.043445e-44	0.000000e+00	0.000000e+00	0.000000e+00	0.000000e+00	0.000000e+00	0.000000e+00	0.000000e+00	0.000000e+00	0.000000e+00	0.000000e+00	0.000000e+00	0.000000e+00	0.000000e+00	0.000000e+00	0.000000e+00	0.000000e+00	0.000000e+00	0.000000e+00	0.000000e+00	0.000000e+00	0.000000e+00	0.000000e+00	0.000000e+00	0.000000e+00	0.000000e+00	0.000000e+00	0.000000e+00	0.000000e+00	0.000000e+00	0.000000e+00	0.000000e+00	0.000000e+00	0.000000e+00	0.000000e+00	0.000000e+00	0.000000e+00	0.000000e+00	0.000000e+00	0.000000e+00	0.000000e+00	0.000000e+00	0.000000e+00	
718.545917	6.281856e-47	0.000000e+00	2.951198e-20	6.621481e-28	0.000000e+00	0.000000e+00	8.446756e-03	5.105666e-48	1.162851e-03	6.369161e-24	2.080246e-42	4.358918e-36	4.798100e-58	2.204842e-90	0.000000e+00	1.259871e-39	1.476454e-49	2.475290e-72	9.501569e-71	1.641032e-15	4.973553e-03	3.666973e-20	0.000000e+00	0.000000e+00	0.000000e+00	7.969405e-87	2.623299e-32	0.000000e+00	2.499478e-20	0.000000e+00	0.000000e+00	0.000000e+00	0.000000e+00	0.000000e+00	0.000000e+00	0.000000e+00	2.661356e-21	6.397749e-48	3.386268e-48	9.899914e-30	2.393071e-21	5.878530e-29	9.577996e-27	1.205063e-45	2.273484e-04	1.166774e-17	0.000000e+00	0.000000e+00	1.573029e-20	3.985737e-34	0.000000e+00	1.103672e-15	8.419248e-01	5.894879e-49	1.555491e-06	0.000000e+00	4.598499e-40	2.548863e-60	3.120582e-42	2.135560e-21	1.448857e-32	0.000000e+00	0.000000e+00	1.071127e-53	0.000000e+00	0.000000e+00	0.000000e+00	0.000000e+00	0.000000e+00	0.000000e+00	0.000000e+00	5.295743e-25	3.930284e-45	0.000000e+00	0.000000e+00	0.000000e+00	0.000000e+00	0.000000e+00	0.000000e+00	0.000000e+00	0.000000e+00	0.000000e+00	0.000000e+00	0.000000e+00	0.000000e+00	0.000000e+00	0.000000e+00	0.000000e+00	0.000000e+00	0.000000e+00	0.000000e+00	0.000000e+00	0.000000e+00	0.000000e+00	0.000000e+00	0.000000e+00	0.000000e+00	0.000000e+00	0.000000e+00	0.000000e+00	0.000000e+00	0.000000e+00	0.000000e+00	0.000000e+00	0.000000e+00	0.000000e+00	0.000000e+00	0.000000e+00	0.000000e+00	0.000000e+00	0.000000e+00	0.000000e+00	0.000000e+00	0.000000e+00	0.000000e+00	
745.705988	1.293209e-48	0.000000e+00	5.333647e-21	7.081126e-29	0.000000e+00	0.000000e+00	8.446592e-03	8.999992e-50	1.164063e-03	9.843025e-25	8.657377e-44	2.389839e-37	5.629098e-60	1.882660e-90	0.000000e+00	5.923546e-41	3.950586e-51	1.391704e-74	1.908604e-73	3.930548e-16	4.973513e-03	7.953568e-21	0.000000e+00	0.000000e+00	0.000000e+00	3.537866e-90	1.490503e-33	0.000000e+00	5.237040e-21	0.000000e+00	0.000000e+00	0.000000e+00	0.000000e+00	0.000000e+00	0.000000e+00	0.000000e+00	4.170349e-22	9.388583e-50	6.260340e-50	9.987815e-31	6.774816e-22	7.471534e-30	1.922415e-27	7.192669e-47	2.273411e-04	3.370348e-18	0.000000e+00	0.000000e+00	3.844328e-21	2.381339e-35	0.000000e+00	3.572771e-16	8.419260e-01	1.266935e-50	9.577114e-07	0.000000e+00	1.653037e-41	1.300555e-62	8.061666e-44	3.687944e-22	9.074263e-34	0.000000e+00	0.000000e+00	8.560442e-56	0.000000e+00	0.000000e+00	0.000000e+00	0.000000e+00	0.000000e+00	0.000000e+00	0.000000e+00	7.721621e-26	4.126941e-46	0.000000e+00	0.000000e+00	0.000000e+00	0.000000e+00	0.000000e+00	0.000000e+00	0.000000e+00	0.000000e+00	0.000000e+00	0.000000e+00	0.000000e+00	0.000000e+00	0.000000e+00	0.000000e+00	0.000000e+00	0.000000e+00	0.000000e+00	0.000000e+00	0.000000e+00	0.000000e+00	0.000000e+00	0.000000e+00	0.000000e+00	0.000000e+00	0.000000e+00	0.000000e+00	0.000000e+00	0.000000e+00	0.000000e+00	0.000000e+00	0.000000e+00	0.000000e+00	0.000000e+00	0.000000e+00	0.000000e+00	0.000000e+00	0.000000e+00	0.000000e+00	0.000000e+00	0.000000e+00	0.000000e+00	0.000000e+00	
771.954660	2.964964e-50	0.000000e+00	1.011264e-21	8.052813e-30	0.000000e+00	0.000000e+00	8.446405e-03	1.778521e-51	1.164713e-03	1.600575e-25	3.969286e-45	1.427095e-38	7.496010e-62	1.882636e-90	0.000000e+00	3.036582e-42	1.171645e-52	9.046053e-77	4.561043e-76	9.900783e-17	4.973669e-03	1.808149e-21	0.000000e+00	0.000000e+00	0.000000e+00	1.882636e-90	9.252235e-35	0.000000e+00	1.151495e-21	0.000000e+00	0.000000e+00	0.000000e+00	0.000000e+00	0.000000e+00	0.000000e+00	0.000000e+00	6.948336e-23	1.560841e-51	1.306903e-51	1.076280e-31	1.995237e-22	1.008843e-30	4.057468e-28	4.667764e-48	2.273398e-04	1.008628e-18	0.000000e+00	0.000000e+00	9.889243e-22	1.550572e-36	0.000000e+00	1.208521e-16	8.419275e-01	3.030759e-52	6.046559e-07	0.000000e+00	6.516855e-43	7.680847e-65	2.304556e-45	6.688173e-23	6.170869e-35	0.000000e+00	0.000000e+00	7.881089e-58	0.000000e+00	0.000000e+00	0.000000e+00	0.000000e+00	0.000000e+00	0.000000e+00	0.000000e+00	1.200881e-26	4.630308e-47	0.000000e+00	0.000000e+00	0.000000e+00	0.000000e+00	0.000000e+00	0.000000e+00	0.000000e+00	0.000000e+00	0.000000e+00	0.000000e+00	0.000000e+00	0.000000e+00	0.000000e+00	0.000000e+00	0.000000e+00	0.000000e+00	0.000000e+00	0.000000e+00	0.000000e+00	0.000000e+00	0.000000e+00	0.000000e+00	0.000000e+00	0.000000e+00	0.000000e+00	0.000000e+00	0.000000e+00	0.000000e+00	0.000000e+00	0.000000e+00	0.000000e+00	0.000000e+00	0.000000e+00	0.000000e+00	0.000000e+00	0.000000e+00	0.000000e+00	0.000000e+00	0.000000e+00	0.000000e+00	0.000000e+00	0.000000e+00	
797.366483	7.100250e-52	0.000000e+00	1.954956e-22	9.387923e-31	0.000000e+00	0.000000e+00	8.446848e-03	3.681441e-53	1.165212e-03	2.656118e-26	1.896453e-46	8.829250e-40	1.052007e-63	1.882684e-90	0.000000e+00	1.613086e-43	3.628217e-54	6.248529e-79	1.168636e-78	2.548482e-17	4.973683e-03	4.192898e-22	0.000000e+00	0.000000e+00	0.000000e+00	1.882684e-90	5.959374e-36	0.000000e+00	2.583839e-22	0.000000e+00	0.000000e+00	0.000000e+00	0.000000e+00	0.000000e+00	0.000000e+00	0.000000e+00	1.188372e-23	2.730210e-53	2.871528e-53	1.191191e-32	5.974439e-23	1.396684e-31	8.754142e-29	3.141201e-49	2.273531e-04	3.062043e-19	0.000000e+00	0.000000e+00	2.602595e-22	1.046040e-37	0.000000e+00	4.170244e-17	8.419231e-01	7.573946e-54	3.863134e-07	0.000000e+00	2.666588e-44	4.809224e-67	6.860704e-47	1.237025e-23	4.341721e-36	0.000000e+00	0.000000e+00	7.685463e-60	0.000000e+00	0.000000e+00	0.000000e+00	0.000000e+00	0.000000e+00	0.000000e+00	0.000000e+00	1.921085e-27	5.357684e-48	0.000000e+00	0.000000e+00	0.000000e+00	0.000000e+00	0.000000e+00	0.000000e+00	0.000000e+00	0.000000e+00	0.000000e+00	0.000000e+00	0.000000e+00	0.000000e+00	0.000000e+00	0.000000e+00	0.000000e+00	0.000000e+00	0.000000e+00	0.000000e+00	0.000000e+00	0.000000e+00	0.000000e+00	0.000000e+00	0.000000e+00	0.000000e+00	0.000000e+00	0.000000e+00	0.000000e+00	0.000000e+00	0.000000e+00	0.000000e+00	0.000000e+00	0.000000e+00	0.000000e+00	0.000000e+00	0.000000e+00	0.000000e+00	0.000000e+00	0.000000e+00	0.000000e+00	0.000000e+00	0.000000e+00	0.000000e+00	
821.981451	1.437952e-53	0.000000e+00	3.509408e-23	9.942171e-32	0.000000e+00	0.000000e+00	8.446349e-03	6.379660e-55	1.165508e-03	4.062901e-27	7.850312e-48	4.796427e-41	1.217533e-65	1.882667e-90	0.000000e+00	7.503748e-45	9.629159e-56	3.472872e-81	2.281599e-81	6.100886e-18	4.973439e-03	9.071092e-23	0.000000e+00	0.000000e+00	0.000000e+00	1.882667e-90	3.365713e-37	0.000000e+00	5.403365e-23	0.000000e+00	0.000000e+00	0.000000e+00	0.000000e+00	0.000000e+00	0.000000e+00	0.000000e+00	1.857887e-24	3.937863e-55	5.267868e-55	1.190301e-33	1.686442e-23	1.763571e-32	1.758619e-29	1.875322e-50	2.273469e-04	8.797472e-20	0.000000e+00	0.000000e+00	6.384395e-23	6.192676e-39	0.000000e+00	1.357047e-17	8.419251e-01	1.604344e-55	2.387103e-07	0.000000e+00	9.438364e-46	2.392925e-69	1.742738e-48	2.120065e-24	2.697206e-37	0.000000e+00	0.000000e+00	6.029738e-62	0.000000e+00	0.000000e+00	0.000000e+00	0.000000e+00	0.000000e+00	0.000000e+00	0.000000e+00	2.804522e-28	5.690435e-49	0.000000e+00	0.000000e+00	0.000000e+00	0.000000e+00	0.000000e+00	0.000000e+00	0.000000e+00	0.000000e+00	0.000000e+00	0.000000e+00	0.000000e+00	0.000000e+00	0.000000e+00	0.000000e+00	0.000000e+00	0.000000e+00	0.000000e+00	0.000000e+00	0.000000e+00	0.000000e+00	0.000000e+00	0.000000e+00	0.000000e+00	0.000000e+00	0.000000e+00	0.000000e+00	0.000000e+00	0.000000e+00	0.000000e+00	0.000000e+00	0.000000e+00	0.000000e+00	0.000000e+00	0.000000e+00	0.000000e+00	0.000000e+00	0.000000e+00	0.000000e+00	0.000000e+00	0.000000e+00	0.000000e+00	0.000000e+00	
845.808262	2.219651e-55	0.000000e+00	5.585977e-24	9.013426e-33	0.000000e+00	0.000000e+00	8.446866e-03	8.287174e-57	1.165691e-03	5.447762e-28	2.573091e-49	2.109845e-42	1.030629e-67	1.882655e-90	0.000000e+00	2.814539e-46	1.989101e-57	1.356025e-83	2.867562e-84	1.297790e-18	4.973628e-03	1.753328e-23	0.000000e+00	0.000000e+00	0.000000e+00	1.882655e-90	1.534936e-38	0.000000e+00	1.007525e-23	0.000000e+00	0.000000e+00	0.000000e+00	0.000000e+00	0.000000e+00	0.000000e+00	0.000000e+00	2.509130e-25	4.154006e-57	7.205930e-57	1.007857e-34	4.325729e-24	1.918210e-33	3.145479e-30	9.213106e-52	2.273493e-04	2.311873e-20	0.000000e+00	0.000000e+00	1.396128e-23	2.965749e-40	0.000000e+00	4.011893e-18	8.419252e-01	2.600005e-57	1.396123e-07	0.000000e+00	2.641243e-47	8.206106e-72	3.423533e-50	3.211557e-25	1.369080e-38	0.000000e+00	0.000000e+00	3.324319e-64	0.000000e+00	0.000000e+00	0.000000e+00	0.000000e+00	0.000000e+00	0.000000e+00	0.000000e+00	3.526302e-29	5.251607e-50	0.000000e+00	0.000000e+00	0.000000e+00	0.000000e+00	0.000000e+00	0.000000e+00	0.000000e+00	0.000000e+00	0.000000e+00	0.000000e+00	0.000000e+00	0.000000e+00	0.000000e+00	0.000000e+00	0.000000e+00	0.000000e+00	0.000000e+00	0.000000e+00	0.000000e+00	0.000000e+00	0.000000e+00	0.000000e+00	0.000000e+00	0.000000e+00	0.000000e+00	0.000000e+00	0.000000e+00	0.000000e+00	0.000000e+00	0.000000e+00	0.000000e+00	0.000000e+00	0.000000e+00	0.000000e+00	0.000000e+00	0.000000e+00	0.000000e+00	0.000000e+00	0.000000e+00	0.000000e+00	0.000000e+00	0.000000e+00	
868.843878	2.435381e-57	0.000000e+00	7.644437e-25	6.720382e-34	0.000000e+00	0.000000e+00	8.446564e-03	7.495462e-59	1.165793e-03	6.191137e-29	6.288948e-51	7.117740e-44	5.886613e-70	1.882638e-90	0.000000e+00	8.053752e-48	2.997707e-59	3.395262e-86	2.072307e-87	2.379035e-19	4.973749e-03	2.940443e-24	0.000000e+00	0.000000e+00	0.000000e+00	1.882638e-90	5.349662e-40	0.000000e+00	1.626142e-24	0.000000e+00	0.000000e+00	0.000000e+00	0.000000e+00	0.000000e+00	0.000000e+00	0.000000e+00	2.819260e-26	2.957913e-59	6.814818e-59	6.930063e-36	9.835974e-25	1.729206e-34	4.858964e-31	3.539771e-53	2.273409e-04	5.430814e-21	0.000000e+00	0.000000e+00	2.641190e-24	1.088015e-41	0.000000e+00	1.050603e-18	8.419266e-01	3.008352e-59	7.620963e-08	0.000000e+00	5.502778e-49	1.762977e-74	4.869214e-52	4.165791e-26	5.389650e-40	0.000000e+00	0.000000e+00	1.176319e-66	0.000000e+00	0.000000e+00	0.000000e+00	0.000000e+00	0.000000e+00	0.000000e+00	0.000000e+00	3.674049e-30	4.056958e-51	0.000000e+00	0.000000e+00	0.000000e+00	0.000000e+00	0.000000e+00	0.000000e+00	0.000000e+00	0.000000e+00	0.000000e+00	0.000000e+00	0.000000e+00	0.000000e+00	0.000000e+00	0.000000e+00	0.000000e+00	0.000000e+00	0.000000e+00	0.000000e+00	0.000000e+00	0.000000e+00	0.000000e+00	0.000000e+00	0.000000e+00	0.000000e+00	0.000000e+00	0.000000e+00	0.000000e+00	0.000000e+00	0.000000e+00	0.000000e+00	0.000000e+00	0.000000e+00	0.000000e+00	0.000000e+00	0.000000e+00	0.000000e+00	0.000000e+00	0.000000e+00	0.000000e+00	0.000000e+00	0.000000e+00	0.000000e+00	
891.105080	2.478238e-59	0.000000e+00	1.011990e-25	4.798675e-35	0.000000e+00	0.000000e+00	8.446287e-03	6.262231e-61	1.165923e-03	6.780520e-30	1.446749e-52	2.268808e-45	3.090444e-72	1.882672e-90	0.000000e+00	2.173881e-49	4.227194e-61	7.739270e-89	1.882672e-90	4.231607e-20	4.973539e-03	4.787298e-25	0.000000e+00	0.000000e+00	0.000000e+00	1.882672e-90	1.761815e-41	0.000000e+00	2.547127e-25	0.000000e+00	0.000000e+00	0.000000e+00	0.000000e+00	0.000000e+00	0.000000e+00	0.000000e+00	3.050717e-27	1.933390e-61	5.966684e-61	4.552437e-37	2.180814e-25	1.497180e-35	7.290399e-32	1.294377e-54	2.273520e-04	1.244717e-21	0.000000e+00	0.000000e+00	4.860165e-25	3.769632e-43	0.000000e+00	2.690205e-19	8.419244e-01	3.233706e-61	4.111588e-08	0.000000e+00	1.074104e-50	3.412754e-77	6.446045e-54	5.221485e-27	2.009389e-41	0.000000e+00	0.000000e+00	3.778902e-69	0.000000e+00	0.000000e+00	0.000000e+00	0.000000e+00	0.000000e+00	0.000000e+00	0.000000e+00	3.688724e-31	3.036649e-52	0.000000e+00	0.000000e+00	0.000000e+00	0.000000e+00	0.000000e+00	0.000000e+00	0.000000e+00	0.000000e+00	0.000000e+00	0.000000e+00	0.000000e+00	0.000000e+00	0.000000e+00	0.000000e+00	0.000000e+00	0.000000e+00	0.000000e+00	0.000000e+00	0.000000e+00	0.000000e+00	0.000000e+00	0.000000e+00	0.000000e+00	0.000000e+00	0.000000e+00	0.000000e+00	0.000000e+00	0.000000e+00	0.000000e+00	0.000000e+00	0.000000e+00	0.000000e+00	0.000000e+00	0.000000e+00	0.000000e+00	0.000000e+00	0.000000e+00	0.000000e+00	0.000000e+00	0.000000e+00	0.000000e+00	0.000000e+00	
912.633702	2.442004e-61	0.000000e+00	1.320912e-26	3.363665e-36	0.000000e+00	0.000000e+00	8.447018e-03	5.058162e-63	1.165910e-03	7.305513e-31	3.252214e-54	7.067369e-47	1.567865e-74	1.882676e-90	0.000000e+00	5.728108e-51	5.806915e-63	1.882676e-90	1.882676e-90	7.447168e-21	4.973791e-03	7.707484e-26	0.000000e+00	0.000000e+00	0.000000e+00	1.882676e-90	5.676342e-43	0.000000e+00	3.945705e-26	0.000000e+00	0.000000e+00	0.000000e+00	0.000000e+00	0.000000e+00	0.000000e+00	0.000000e+00	3.255577e-28	1.219238e-63	5.071176e-63	2.932704e-38	4.786553e-26	1.275000e-36	1.082883e-32	4.650688e-56	2.273505e-04	2.822683e-22	0.000000e+00	0.000000e+00	8.867039e-26	1.276020e-44	0.000000e+00	6.847133e-20	8.419231e-01	3.370315e-63	2.212240e-08	0.000000e+00	2.038386e-52	6.314277e-80	8.273879e-56	6.450257e-28	7.330002e-43	0.000000e+00	0.000000e+00	1.166147e-71	0.000000e+00	0.000000e+00	0.000000e+00	0.000000e+00	0.000000e+00	0.000000e+00	0.000000e+00	3.657499e-32	2.255474e-53	0.000000e+00	0.000000e+00	0.000000e+00	0.000000e+00	0.000000e+00	0.000000e+00	0.000000e+00	0.000000e+00	0.000000e+00	0.000000e+00	0.000000e+00	0.000000e+00	0.000000e+00	0.000000e+00	0.000000e+00	0.000000e+00	0.000000e+00	0.000000e+00	0.000000e+00	0.000000e+00	0.000000e+00	0.000000e+00	0.000000e+00	0.000000e+00	0.000000e+00	0.000000e+00	0.000000e+00	0.000000e+00	0.000000e+00	0.000000e+00	0.000000e+00	0.000000e+00	0.000000e+00	0.000000e+00	0.000000e+00	0.000000e+00	0.000000e+00	0.000000e+00	0.000000e+00	0.000000e+00	0.000000e+00	0.000000e+00	
933.470265	2.284730e-63	0.000000e+00	1.685396e-27	2.288406e-37	0.000000e+00	0.000000e+00	8.446583e-03	3.869995e-65	1.165905e-03	7.672181e-32	7.025398e-56	2.118901e-48	7.513448e-77	1.882671e-90	0.000000e+00	1.450729e-52	7.629548e-65	1.882671e-90	1.882671e-90	1.285243e-21	4.973624e-03	1.216682e-26	0.000000e+00	0.000000e+00	0.000000e+00	1.882671e-90	1.761341e-44	0.000000e+00	5.993093e-27	0.000000e+00	0.000000e+00	0.000000e+00	0.000000e+00	0.000000e+00	0.000000e+00	0.000000e+00	3.390308e-29	7.253964e-66	4.095589e-65	1.830955e-39	1.032921e-26	1.056353e-37	1.578260e-33	1.617747e-57	2.273406e-04	6.293338e-23	0.000000e+00	0.000000e+00	1.589997e-26	4.155869e-46	0.000000e+00	1.719028e-20	8.419242e-01	3.339587e-65	1.182701e-08	0.000000e+00	3.698999e-54	1.087159e-82	1.010808e-57	7.782963e-29	2.577592e-44	0.000000e+00	0.000000e+00	3.369684e-74	0.000000e+00	0.000000e+00	0.000000e+00	0.000000e+00	0.000000e+00	0.000000e+00	0.000000e+00	3.542210e-33	1.643718e-54	0.000000e+00	0.000000e+00	0.000000e+00	0.000000e+00	0.000000e+00	0.000000e+00	0.000000e+00	0.000000e+00	0.000000e+00	0.000000e+00	0.000000e+00	0.000000e+00	0.000000e+00	0.000000e+00	0.000000e+00	0.000000e+00	0.000000e+00	0.000000e+00	0.000000e+00	0.000000e+00	0.000000e+00	0.000000e+00	0.000000e+00	0.000000e+00	0.000000e+00	0.000000e+00	0.000000e+00	0.000000e+00	0.000000e+00	0.000000e+00	0.000000e+00	0.000000e+00	0.000000e+00	0.000000e+00	0.000000e+00	0.000000e+00	0.000000e+00	0.000000e+00	0.000000e+00	0.000000e+00	0.000000e+00	0.000000e+00	
953.631062	1.480349e-65	0.000000e+00	1.827694e-28	1.261493e-38	0.000000e+00	0.000000e+00	8.446540e-03	2.006151e-67	1.165923e-03	6.742127e-33	1.109587e-57	4.780565e-50	2.361728e-79	1.882669e-90	0.000000e+00	2.748367e-54	7.153993e-67	1.882669e-90	1.882669e-90	1.893513e-22	4.973868e-03	1.650549e-27	0.000000e+00	0.000000e+00	0.000000e+00	1.882669e-90	4.099579e-46	0.000000e+00	7.803757e-28	0.000000e+00	0.000000e+00	0.000000e+00	0.000000e+00	0.000000e+00	0.000000e+00	0.000000e+00	2.902246e-30	2.829803e-68	2.229756e-67	9.138495e-41	1.959831e-27	7.156178e-39	1.968786e-34	4.332539e-59	2.273516e-04	1.243786e-23	0.000000e+00	0.000000e+00	2.446396e-27	1.017252e-47	0.000000e+00	3.798706e-21	8.419240e-01	2.303951e-67	5.883979e-09	0.000000e+00	4.886298e-56	1.130984e-85	8.722057e-60	7.947795e-30	6.903622e-46	0.000000e+00	0.000000e+00	6.047730e-77	0.000000e+00	0.000000e+00	0.000000e+00	0.000000e+00	0.000000e+00	0.000000e+00	0.000000e+00	2.810546e-34	9.938631e-56	0.000000e+00	0.000000e+00	0.000000e+00	0.000000e+00	0.000000e+00	0.000000e+00	0.000000e+00	0.000000e+00	0.000000e+00	0.000000e+00	0.000000e+00	0.000000e+00	0.000000e+00	0.000000e+00	0.000000e+00	0.000000e+00	0.000000e+00	0.000000e+00	0.000000e+00	0.000000e+00	0.000000e+00	0.000000e+00	0.000000e+00	0.000000e+00	0.000000e+00	0.000000e+00	0.000000e+00	0.000000e+00	0.000000e+00	0.000000e+00	0.000000e+00	0.000000e+00	0.000000e+00	0.000000e+00	0.000000e+00	0.000000e+00	0.000000e+00	0.000000e+00	0.000000e+00	0.000000e+00	0.000000e+00	0.000000e+00	
973.093241	4.695061e-68	0.000000e+00	1.444566e-29	4.619602e-40	0.000000e+00	0.000000e+00	8.446731e-03	4.876473e-70	1.165914e-03	4.191377e-34	9.500148e-60	6.195697e-52	3.263034e-82	1.882669e-90	0.000000e+00	2.957441e-56	3.472439e-69	1.882669e-90	1.882669e-90	2.045672e-23	4.973318e-03	1.664765e-28	0.000000e+00	0.000000e+00	0.000000e+00	1.882669e-90	5.439686e-48	0.000000e+00	7.515438e-29	0.000000e+00	0.000000e+00	0.000000e+00	0.000000e+00	0.000000e+00	0.000000e+00	0.000000e+00	1.692507e-31	4.852505e-71	5.616991e-70	2.950507e-42	2.891250e-28	3.274205e-40	1.809722e-35	6.950402e-61	2.273495e-04	1.944043e-24	0.000000e+00	0.000000e+00	2.783856e-28	1.426346e-49	0.000000e+00	6.524286e-22	8.419244e-01	7.856930e-70	2.537812e-09	0.000000e+00	3.481484e-58	4.419542e-89	3.827874e-62	5.865457e-31	1.087092e-47	0.000000e+00	0.000000e+00	4.292484e-80	0.000000e+00	0.000000e+00	0.000000e+00	0.000000e+00	0.000000e+00	0.000000e+00	0.000000e+00	1.507484e-35	4.153319e-57	0.000000e+00	0.000000e+00	0.000000e+00	0.000000e+00	0.000000e+00	0.000000e+00	0.000000e+00	0.000000e+00	0.000000e+00	0.000000e+00	0.000000e+00	0.000000e+00	0.000000e+00	0.000000e+00	0.000000e+00	0.000000e+00	0.000000e+00	0.000000e+00	0.000000e+00	0.000000e+00	0.000000e+00	0.000000e+00	0.000000e+00	0.000000e+00	0.000000e+00	0.000000e+00	0.000000e+00	0.000000e+00	0.000000e+00	0.000000e+00	0.000000e+00	0.000000e+00	0.000000e+00	0.000000e+00	0.000000e+00	0.000000e+00	0.000000e+00	0.000000e+00	0.000000e+00	0.000000e+00	0.000000e+00	0.000000e+00	
991.799682	4.740870e-71	0.000000e+00	6.878407e-31	8.784923e-42	0.000000e+00	0.000000e+00	8.447124e-03	3.523429e-73	1.166005e-03	1.496810e-35	3.050256e-62	3.303885e-54	1.208065e-85	1.882688e-90	0.000000e+00	1.286033e-58	5.869276e-72	1.882688e-90	1.882688e-90	1.345182e-24	4.974054e-03	1.044838e-29	0.000000e+00	0.000000e+00	0.000000e+00	1.882688e-90	2.936527e-50	0.000000e+00	4.468487e-30	0.000000e+00	0.000000e+00	0.000000e+00	0.000000e+00	0.000000e+00	0.000000e+00	0.000000e+00	5.339803e-33	2.231390e-74	4.118909e-73	4.741191e-44	2.850671e-29	7.988820e-42	1.019914e-36	4.905234e-63	2.273476e-04	2.086658e-25	0.000000e+00	0.000000e+00	1.954757e-29	8.196674e-52	0.000000e+00	7.485700e-23	8.419218e-01	8.665007e-73	8.709559e-10	0.000000e+00	9.227472e-61	1.882688e-90	5.690539e-65	2.574088e-32	7.313240e-50	0.000000e+00	0.000000e+00	6.899700e-84	0.000000e+00	0.000000e+00	0.000000e+00	0.000000e+00	0.000000e+00	0.000000e+00	0.000000e+00	4.320252e-37	9.600937e-59	0.000000e+00	0.000000e+00	0.000000e+00	0.000000e+00	0.000000e+00	0.000000e+00	0.000000e+00	0.000000e+00	0.000000e+00	0.000000e+00	0.000000e+00	0.000000e+00	0.000000e+00	0.000000e+00	0.000000e+00	0.000000e+00	0.000000e+00	0.000000e+00	0.000000e+00	0.000000e+00	0.000000e+00	0.000000e+00	0.000000e+00	0.000000e+00	0.000000e+00	0.000000e+00	0.000000e+00	0.000000e+00	0.000000e+00	0.000000e+00	0.000000e+00	0.000000e+00	0.000000e+00	0.000000e+00	0.000000e+00	0.000000e+00	0.000000e+00	0.000000e+00	0.000000e+00	0.000000e+00	0.000000e+00	0.000000e+00	
1009.665800	9.503346e-75	0.000000e+00	1.600988e-32	6.618916e-44	0.000000e+00	0.000000e+00	8.446889e-03	4.588135e-77	1.165914e-03	2.441370e-37	2.456664e-65	5.030568e-57	6.970930e-90	1.882641e-90	0.000000e+00	1.556025e-61	2.239572e-75	1.882641e-90	1.882641e-90	4.393701e-26	4.973854e-03	3.357572e-31	0.000000e+00	0.000000e+00	0.000000e+00	1.882641e-90	4.455462e-53	0.000000e+00	1.345032e-31	0.000000e+00	0.000000e+00	0.000000e+00	0.000000e+00	0.000000e+00	0.000000e+00	0.000000e+00	7.085083e-35	1.599031e-78	5.297537e-77	2.843644e-46	1.592160e-30	8.024454e-44	2.886060e-38	1.088684e-65	2.273385e-04	1.317195e-26	0.000000e+00	0.000000e+00	6.958309e-31	1.337209e-54	0.000000e+00	4.870592e-24	8.419259e-01	1.940260e-76	2.169278e-10	0.000000e+00	6.048201e-64	1.882641e-90	1.831946e-68	5.418509e-34	1.481030e-52	0.000000e+00	0.000000e+00	1.361095e-88	0.000000e+00	0.000000e+00	0.000000e+00	0.000000e+00	0.000000e+00	0.000000e+00	0.000000e+00	5.121341e-39	9.663784e-61	0.000000e+00	0.000000e+00	0.000000e+00	0.000000e+00	0.000000e+00	0.000000e+00	0.000000e+00	0.000000e+00	0.000000e+00	0.000000e+00	0.000000e+00	0.000000e+00	0.000000e+00	0.000000e+00	0.000000e+00	0.000000e+00	0.000000e+00	0.000000e+00	0.000000e+00	0.000000e+00	0.000000e+00	0.000000e+00	0.000000e+00	0.000000e+00	0.000000e+00	0.000000e+00	0.000000e+00	0.000000e+00	0.000000e+00	0.000000e+00	0.000000e+00	0.000000e+00	0.000000e+00	0.000000e+00	0.000000e+00	0.000000e+00	0.000000e+00	0.000000e+00	0.000000e+00	0.000000e+00	0.000000e+00	0.000000e+00	
1026.617398	4.126396e-79	0.000000e+00	1.893637e-34	2.076648e-46	0.000000e+00	0.000000e+00	8.447068e-03	1.182933e-81	1.165947e-03	1.895624e-39	5.405738e-69	2.351563e-60	1.882688e-90	1.882688e-90	0.000000e+00	5.633280e-65	2.106793e-79	1.882688e-90	1.882688e-90	7.457338e-28	4.973637e-03	5.754248e-33	0.000000e+00	0.000000e+00	0.000000e+00	1.882688e-90	2.050076e-56	0.000000e+00	2.137901e-33	0.000000e+00	0.000000e+00	0.000000e+00	0.000000e+00	0.000000e+00	0.000000e+00	0.000000e+00	4.176595e-37	1.981494e-83	1.327961e-81	6.717619e-49	5.211561e-32	3.490106e-46	4.289322e-40	8.181523e-69	2.273562e-04	5.033382e-28	0.000000e+00	0.000000e+00	1.316997e-32	6.659916e-58	0.000000e+00	1.873769e-25	8.419222e-01	9.630194e-81	4.027316e-11	0.000000e+00	1.057320e-67	1.882688e-90	1.386288e-72	5.694632e-36	9.679375e-56	0.000000e+00	0.000000e+00	1.882688e-90	0.000000e+00	0.000000e+00	0.000000e+00	0.000000e+00	0.000000e+00	0.000000e+00	0.000000e+00	2.664769e-41	4.510084e-63	0.000000e+00	0.000000e+00	0.000000e+00	0.000000e+00	0.000000e+00	0.000000e+00	0.000000e+00	0.000000e+00	0.000000e+00	0.000000e+00	0.000000e+00	0.000000e+00	0.000000e+00	0.000000e+00	0.000000e+00	0.000000e+00	0.000000e+00	0.000000e+00	0.000000e+00	0.000000e+00	0.000000e+00	0.000000e+00	0.000000e+00	0.000000e+00	0.000000e+00	0.000000e+00	0.000000e+00	0.000000e+00	0.000000e+00	0.000000e+00	0.000000e+00	0.000000e+00	0.000000e+00	0.000000e+00	0.000000e+00	0.000000e+00	0.000000e+00	0.000000e+00	0.000000e+00	0.000000e+00	0.000000e+00	0.000000e+00	
1042.615724	3.842566e-84	0.000000e+00	1.133586e-36	2.696935e-49	0.000000e+00	0.000000e+00	8.446567e-03	5.985298e-87	1.165997e-03	6.965541e-42	3.257249e-73	3.365028e-64	1.882675e-90	1.882675e-90	0.000000e+00	6.075605e-69	4.878680e-84	1.882675e-90	1.882675e-90	6.599652e-30	4.974154e-03	5.262962e-35	0.000000e+00	0.000000e+00	0.000000e+00	1.882675e-90	2.861884e-60	0.000000e+00	1.797452e-35	0.000000e+00	0.000000e+00	0.000000e+00	0.000000e+00	0.000000e+00	0.000000e+00	0.000000e+00	1.097285e-39	4.214401e-89	6.496475e-87	6.215304e-52	9.991155e-34	6.551914e-49	3.359290e-42	2.090462e-72	2.273472e-04	1.160555e-29	0.000000e+00	0.000000e+00	1.334652e-34	1.009721e-61	0.000000e+00	4.296019e-27	8.419232e-01	1.050815e-85	5.614586e-12	0.000000e+00	4.888104e-72	1.882675e-90	2.442158e-77	2.976255e-38	2.036853e-59	0.000000e+00	0.000000e+00	1.882675e-90	0.000000e+00	0.000000e+00	0.000000e+00	0.000000e+00	0.000000e+00	0.000000e+00	0.000000e+00	6.126365e-44	9.883686e-66	0.000000e+00	0.000000e+00	0.000000e+00	0.000000e+00	0.000000e+00	0.000000e+00	0.000000e+00	0.000000e+00	0.000000e+00	0.000000e+00	0.000000e+00	0.000000e+00	0.000000e+00	0.000000e+00	0.000000e+00	0.000000e+00	0.000000e+00	0.000000e+00	0.000000e+00	0.000000e+00	0.000000e+00	0.000000e+00	0.000000e+00	0.000000e+00	0.000000e+00	0.000000e+00	0.000000e+00	0.000000e+00	0.000000e+00	0.000000e+00	0.000000e+00	0.000000e+00	0.000000e+00	0.000000e+00	0.000000e+00	0.000000e+00	0.000000e+00	0.000000e+00	0.000000e+00	0.000000e+00	0.000000e+00	0.000000e+00	
1057.673067	1.568233e-89	0.000000e+00	4.713685e-39	2.182540e-52	0.000000e+00	0.000000e+00	8.447112e-03	1.882703e-90	1.165994e-03	1.710349e-44	1.002185e-77	2.578960e-68	1.882703e-90	1.882703e-90	0.000000e+00	3.449554e-73	5.416229e-89	1.882703e-90	1.882703e-90	4.182833e-32	4.973672e-03	3.470250e-37	0.000000e+00	0.000000e+00	0.000000e+00	1.882703e-90	2.140346e-64	0.000000e+00	1.085532e-37	0.000000e+00	0.000000e+00	0.000000e+00	0.000000e+00	0.000000e+00	0.000000e+00	0.000000e+00	1.900244e-42	1.882703e-90	1.882703e-90	3.484296e-55	1.447883e-35	7.883482e-52	1.897317e-44	3.069396e-76	2.273555e-04	2.042313e-31	0.000000e+00	0.000000e+00	9.899193e-37	8.171043e-66	0.000000e+00	7.637020e-29	8.419210e-01	1.882703e-90	6.842091e-13	0.000000e+00	1.108058e-76	1.882703e-90	1.967225e-82	1.070240e-40	2.358131e-63	0.000000e+00	0.000000e+00	1.882703e-90	0.000000e+00	0.000000e+00	0.000000e+00	0.000000e+00	0.000000e+00	0.000000e+00	0.000000e+00	9.311213e-47	1.499935e-68	0.000000e+00	0.000000e+00	0.000000e+00	0.000000e+00	0.000000e+00	0.000000e+00	0.000000e+00	0.000000e+00	0.000000e+00	0.000000e+00	0.000000e+00	0.000000e+00	0.000000e+00	0.000000e+00	0.000000e+00	0.000000e+00	0.000000e+00	0.000000e+00	0.000000e+00	0.000000e+00	0.000000e+00	0.000000e+00	0.000000e+00	0.000000e+00	0.000000e+00	0.000000e+00	0.000000e+00	0.000000e+00	0.000000e+00	0.000000e+00	0.000000e+00	0.000000e+00	0.000000e+00	0.000000e+00	0.000000e+00	0.000000e+00	0.000000e+00	0.000000e+00	0.000000e+00	0.000000e+00	0.000000e+00	0.000000e+00	
1071.841321	1.882591e-90	0.000000e+00	1.400941e-41	1.141276e-55	0.000000e+00	0.000000e+00	8.446063e-03	1.882591e-90	1.165961e-03	2.893153e-47	1.674958e-82	1.115896e-72	1.882591e-90	1.882591e-90	0.000000e+00	1.087029e-77	1.882591e-90	1.882591e-90	1.882591e-90	1.961991e-34	4.973574e-03	1.699237e-39	0.000000e+00	0.000000e+00	0.000000e+00	1.882591e-90	9.070773e-69	0.000000e+00	4.858454e-40	0.000000e+00	0.000000e+00	0.000000e+00	0.000000e+00	0.000000e+00	0.000000e+00	0.000000e+00	2.258232e-45	1.882591e-90	1.882591e-90	1.230998e-58	1.625274e-37	6.305237e-55	7.977264e-47	2.729145e-80	2.273433e-04	2.801373e-33	0.000000e+00	0.000000e+00	5.560892e-39	3.722952e-70	0.000000e+00	1.084382e-30	8.419307e-01	1.882591e-90	7.429248e-14	0.000000e+00	1.301993e-81	1.882591e-90	7.699413e-88	2.727747e-43	1.580492e-67	0.000000e+00	0.000000e+00	1.882591e-90	0.000000e+00	0.000000e+00	0.000000e+00	0.000000e+00	0.000000e+00	0.000000e+00	0.000000e+00	9.766497e-50	1.646212e-71	0.000000e+00	0.000000e+00	0.000000e+00	0.000000e+00	0.000000e+00	0.000000e+00	0.000000e+00	0.000000e+00	0.000000e+00	0.000000e+00	0.000000e+00	0.000000e+00	0.000000e+00	0.000000e+00	0.000000e+00	0.000000e+00	0.000000e+00	0.000000e+00	0.000000e+00	0.000000e+00	0.000000e+00	0.000000e+00	0.000000e+00	0.000000e+00	0.000000e+00	0.000000e+00	0.000000e+00	0.000000e+00	0.000000e+00	0.000000e+00	0.000000e+00	0.000000e+00	0.000000e+00	0.000000e+00	0.000000e+00	0.000000e+00	0.000000e+00	0.000000e+00	0.000000e+00	0.000000e+00	0.000000e+00	0.000000e+00	
1085.183002	1.882646e-90	0.000000e+00	3.415982e-44	4.609966e-59	0.000000e+00	0.000000e+00	8.446736e-03	1.882646e-90	1.166005e-03	3.919098e-50	1.995917e-87	3.479880e-77	1.882646e-90	1.882646e-90	0.000000e+00	2.437533e-82	1.882646e-90	1.882646e-90	1.882646e-90	7.824402e-37	4.973712e-03	7.046961e-42	0.000000e+00	0.000000e+00	0.000000e+00	1.882646e-90	2.791508e-73	0.000000e+00	1.841754e-42	0.000000e+00	0.000000e+00	0.000000e+00	0.000000e+00	0.000000e+00	0.000000e+00	0.000000e+00	2.184584e-48	1.882646e-90	1.882646e-90	3.315007e-62	1.579540e-39	3.983717e-58	2.864249e-49	1.848500e-84	2.273412e-04	3.318256e-35	0.000000e+00	0.000000e+00	2.712265e-41	1.220144e-74	0.000000e+00	1.380130e-32	8.419257e-01	1.882646e-90	7.681351e-15	0.000000e+00	1.037981e-86	1.882646e-90	1.882646e-90	5.677309e-46	7.748418e-72	0.000000e+00	0.000000e+00	1.882646e-90	0.000000e+00	0.000000e+00	0.000000e+00	0.000000e+00	0.000000e+00	0.000000e+00	0.000000e+00	8.430868e-53	1.548966e-74	0.000000e+00	0.000000e+00	0.000000e+00	0.000000e+00	0.000000e+00	0.000000e+00	0.000000e+00	0.000000e+00	0.000000e+00	0.000000e+00	0.000000e+00	0.000000e+00	0.000000e+00	0.000000e+00	0.000000e+00	0.000000e+00	0.000000e+00	0.000000e+00	0.000000e+00	0.000000e+00	0.000000e+00	0.000000e+00	0.000000e+00	0.000000e+00	0.000000e+00	0.000000e+00	0.000000e+00	0.000000e+00	0.000000e+00	0.000000e+00	0.000000e+00	0.000000e+00	0.000000e+00	0.000000e+00	0.000000e+00	0.000000e+00	0.000000e+00	0.000000e+00	0.000000e+00	0.000000e+00	0.000000e+00	0.000000e+00	
1097.795025	1.882594e-90	0.000000e+00	1.183936e-46	2.928446e-62	0.000000e+00	0.000000e+00	8.446441e-03	1.882594e-90	1.165990e-03	7.766075e-53	1.882594e-90	2.038766e-81	1.882594e-90	1.882594e-90	0.000000e+00	1.035344e-86	1.882594e-90	1.882594e-90	1.882594e-90	4.509994e-39	4.973352e-03	4.120589e-44	0.000000e+00	0.000000e+00	0.000000e+00	1.882594e-90	1.642264e-77	0.000000e+00	9.925089e-45	0.000000e+00	0.000000e+00	0.000000e+00	0.000000e+00	0.000000e+00	0.000000e+00	0.000000e+00	3.321938e-51	1.882594e-90	1.882594e-90	1.449826e-65	2.050845e-41	3.921451e-61	1.480132e-51	2.294708e-88	2.273477e-04	5.101911e-37	0.000000e+00	0.000000e+00	1.916486e-43	7.533761e-79	0.000000e+00	2.409293e-34	8.419303e-01	1.882594e-90	9.594949e-16	0.000000e+00	1.882594e-90	1.882594e-90	1.882594e-90	1.695548e-48	6.954533e-76	0.000000e+00	0.000000e+00	1.882594e-90	0.000000e+00	0.000000e+00	0.000000e+00	0.000000e+00	0.000000e+00	0.000000e+00	0.000000e+00	1.167548e-55	2.328306e-77	0.000000e+00	0.000000e+00	0.000000e+00	0.000000e+00	0.000000e+00	0.000000e+00	0.000000e+00	0.000000e+00	0.000000e+00	0.000000e+00	0.000000e+00	0.000000e+00	0.000000e+00	0.000000e+00	0.000000e+00	0.000000e+00	0.000000e+00	0.000000e+00	0.000000e+00	0.000000e+00	0.000000e+00	0.000000e+00	0.000000e+00	0.000000e+00	0.000000e+00	0.000000e+00	0.000000e+00	0.000000e+00	0.000000e+00	0.000000e+00	0.000000e+00	0.000000e+00	0.000000e+00	0.000000e+00	0.000000e+00	0.000000e+00	0.000000e+00	0.000000e+00	0.000000e+00	0.000000e+00	0.000000e+00	0.000000e+00	
1109.820357	1.882644e-90	0.000000e+00	1.087365e-48	6.557696e-65	0.000000e+00	0.000000e+00	8.446607e-03	1.882644e-90	1.165930e-03	4.465831e-55	1.882644e-90	6.608515e-85	1.882644e-90	1.882644e-90	0.000000e+00	2.516882e-90	1.882644e-90	1.882644e-90	1.882644e-90	6.789192e-41	4.974177e-03	6.020551e-46	0.000000e+00	0.000000e+00	0.000000e+00	1.882644e-90	5.478695e-81	0.000000e+00	1.358323e-46	0.000000e+00	0.000000e+00	0.000000e+00	0.000000e+00	0.000000e+00	0.000000e+00	0.000000e+00	1.655487e-53	1.882644e-90	1.882644e-90	2.426275e-68	5.789582e-43	1.295112e-63	1.968937e-53	1.882644e-90	2.273453e-04	1.615892e-38	0.000000e+00	0.000000e+00	3.452188e-45	2.594256e-82	0.000000e+00	9.206250e-36	8.419255e-01	1.882644e-90	1.870893e-16	0.000000e+00	1.882644e-90	1.882644e-90	1.882644e-90	1.376949e-50	3.214568e-79	0.000000e+00	0.000000e+00	1.882644e-90	0.000000e+00	0.000000e+00	0.000000e+00	0.000000e+00	0.000000e+00	0.000000e+00	0.000000e+00	5.439674e-58	1.105035e-79	0.000000e+00	0.000000e+00	0.000000e+00	0.000000e+00	0.000000e+00	0.000000e+00	0.000000e+00	0.000000e+00	0.000000e+00	0.000000e+00	0.000000e+00	0.000000e+00	0.000000e+00	0.000000e+00	0.000000e+00	0.000000e+00	0.000000e+00	0.000000e+00	0.000000e+00	0.000000e+00	0.000000e+00	0.000000e+00	0.000000e+00	0.000000e+00	0.000000e+00	0.000000e+00	0.000000e+00	0.000000e+00	0.000000e+00	0.000000e+00	0.000000e+00	0.000000e+00	0.000000e+00	0.000000e+00	0.000000e+00	0.000000e+00	0.000000e+00	0.000000e+00	0.000000e+00	0.000000e+00	0.000000e+00	0.000000e+00	
1121.423899	1.882635e-90	0.000000e+00	3.866902e-50	8.466169e-67	0.000000e+00	0.000000e+00	8.446625e-03	1.882635e-90	1.165841e-03	1.132719e-56	1.882635e-90	2.273419e-87	1.882635e-90	1.882635e-90	0.000000e+00	1.882635e-90	1.882635e-90	1.882635e-90	1.882635e-90	3.785816e-42	4.973680e-03	3.092986e-47	0.000000e+00	0.000000e+00	0.000000e+00	1.882635e-90	1.986895e-83	0.000000e+00	6.665380e-48	0.000000e+00	0.000000e+00	0.000000e+00	0.000000e+00	0.000000e+00	0.000000e+00	0.000000e+00	4.181245e-55	1.882635e-90	1.882635e-90	2.617109e-70	4.761120e-44	2.282118e-65	9.506705e-55	1.882635e-90	2.273391e-04	1.396579e-39	0.000000e+00	0.000000e+00	2.202114e-46	9.582390e-85	0.000000e+00	1.007425e-36	8.419267e-01	1.882635e-90	6.573347e-17	0.000000e+00	1.882635e-90	1.882635e-90	1.882635e-90	4.483116e-52	1.426318e-81	0.000000e+00	0.000000e+00	1.882635e-90	0.000000e+00	0.000000e+00	0.000000e+00	0.000000e+00	0.000000e+00	0.000000e+00	0.000000e+00	1.316721e-59	2.448080e-81	0.000000e+00	0.000000e+00	0.000000e+00	0.000000e+00	0.000000e+00	0.000000e+00	0.000000e+00	0.000000e+00	0.000000e+00	0.000000e+00	0.000000e+00	0.000000e+00	0.000000e+00	0.000000e+00	0.000000e+00	0.000000e+00	0.000000e+00	0.000000e+00	0.000000e+00	0.000000e+00	0.000000e+00	0.000000e+00	0.000000e+00	0.000000e+00	0.000000e+00	0.000000e+00	0.000000e+00	0.000000e+00	0.000000e+00	0.000000e+00	0.000000e+00	0.000000e+00	0.000000e+00	0.000000e+00	0.000000e+00	0.000000e+00	0.000000e+00	0.000000e+00	0.000000e+00	0.000000e+00	0.000000e+00	0.000000e+00	
1132.737598	1.882668e-90	0.000000e+00	3.242064e-51	3.317179e-68	0.000000e+00	0.000000e+00	8.446981e-03	1.882668e-90	1.165972e-03	7.362862e-58	1.882668e-90	3.485262e-89	1.882668e-90	1.882668e-90	0.000000e+00	1.882668e-90	1.882668e-90	1.882668e-90	1.882668e-90	4.822636e-43	4.974203e-03	3.517472e-48	0.000000e+00	0.000000e+00	0.000000e+00	1.882668e-90	3.256954e-85	0.000000e+00	7.329820e-49	0.000000e+00	0.000000e+00	0.000000e+00	0.000000e+00	0.000000e+00	0.000000e+00	0.000000e+00	2.941990e-56	1.882668e-90	1.882668e-90	9.191072e-72	7.696742e-45	1.160366e-66	1.034772e-55	1.882668e-90	2.273474e-04	2.280057e-40	0.000000e+00	0.000000e+00	3.113079e-47	1.588304e-86	0.000000e+00	2.135404e-37	8.419233e-01	1.882668e-90	3.338591e-17	0.000000e+00	1.882668e-90	1.882668e-90	1.882668e-90	3.519021e-53	2.646841e-83	0.000000e+00	0.000000e+00	1.882668e-90	0.000000e+00	0.000000e+00	0.000000e+00	0.000000e+00	0.000000e+00	0.000000e+00	0.000000e+00	9.002971e-61	1.426298e-82	0.000000e+00	0.000000e+00	0.000000e+00	0.000000e+00	0.000000e+00	0.000000e+00	0.000000e+00	0.000000e+00	0.000000e+00	0.000000e+00	0.000000e+00	0.000000e+00	0.000000e+00	0.000000e+00	0.000000e+00	0.000000e+00	0.000000e+00	0.000000e+00	0.000000e+00	0.000000e+00	0.000000e+00	0.000000e+00	0.000000e+00	0.000000e+00	0.000000e+00	0.000000e+00	0.000000e+00	0.000000e+00	0.000000e+00	0.000000e+00	0.000000e+00	0.000000e+00	0.000000e+00	0.000000e+00	0.000000e+00	0.000000e+00	0.000000e+00	0.000000e+00	0.000000e+00	0.000000e+00	0.000000e+00	0.000000e+00	
1143.830954	1.882608e-90	0.000000e+00	3.926141e-52	2.091618e-69	0.000000e+00	0.000000e+00	8.446593e-03	1.882608e-90	1.165959e-03	7.162135e-59	1.882608e-90	1.882608e-90	1.882608e-90	1.882608e-90	0.000000e+00	1.882608e-90	1.882608e-90	1.882608e-90	1.882608e-90	8.756142e-44	4.973221e-03	5.623461e-49	0.000000e+00	0.000000e+00	0.000000e+00	1.882608e-90	1.019245e-86	0.000000e+00	1.138885e-49	0.000000e+00	0.000000e+00	0.000000e+00	0.000000e+00	0.000000e+00	0.000000e+00	0.000000e+00	3.212233e-57	1.882608e-90	1.882608e-90	5.353766e-73	1.662593e-45	9.292972e-68	1.596542e-56	1.882608e-90	2.273397e-04	4.888831e-41	0.000000e+00	0.000000e+00	6.192995e-48	5.010500e-88	0.000000e+00	6.012348e-38	8.419292e-01	1.882608e-90	1.986836e-17	0.000000e+00	1.882608e-90	1.882608e-90	1.882608e-90	4.026659e-54	9.070237e-85	0.000000e+00	0.000000e+00	1.882608e-90	0.000000e+00	0.000000e+00	0.000000e+00	0.000000e+00	0.000000e+00	0.000000e+00	0.000000e+00	9.611517e-62	1.259332e-83	0.000000e+00	0.000000e+00	0.000000e+00	0.000000e+00	0.000000e+00	0.000000e+00	0.000000e+00	0.000000e+00	0.000000e+00	0.000000e+00	0.000000e+00	0.000000e+00	0.000000e+00	0.000000e+00	0.000000e+00	0.000000e+00	0.000000e+00	0.000000e+00	0.000000e+00	0.000000e+00	0.000000e+00	0.000000e+00	0.000000e+00	0.000000e+00	0.000000e+00	0.000000e+00	0.000000e+00	0.000000e+00	0.000000e+00	0.000000e+00	0.000000e+00	0.000000e+00	0.000000e+00	0.000000e+00	0.000000e+00	0.000000e+00	0.000000e+00	0.000000e+00	0.000000e+00	0.000000e+00	0.000000e+00	0.000000e+00	
1154.745809	1.882634e-90	0.000000e+00	7.108718e-53	2.220265e-70	0.000000e+00	0.000000e+00	8.446923e-03	1.882634e-90	1.165878e-03	1.083401e-59	1.882634e-90	1.882634e-90	1.882634e-90	1.882634e-90	0.000000e+00	1.882634e-90	1.882634e-90	1.882634e-90	1.882634e-90	2.338506e-44	4.973791e-03	1.304004e-49	0.000000e+00	0.000000e+00	0.000000e+00	1.882634e-90	6.462488e-88	0.000000e+00	2.581378e-50	0.000000e+00	0.000000e+00	0.000000e+00	0.000000e+00	0.000000e+00	0.000000e+00	0.000000e+00	5.660105e-58	1.882634e-90	1.882634e-90	5.424702e-74	4.927620e-46	1.222829e-68	3.600343e-57	1.882634e-90	2.273484e-04	1.412624e-41	0.000000e+00	0.000000e+00	1.785112e-48	3.193312e-89	0.000000e+00	2.302692e-38	8.419264e-01	1.882634e-90	1.401786e-17	0.000000e+00	1.882634e-90	1.882634e-90	1.882634e-90	6.962802e-55	6.075542e-86	0.000000e+00	0.000000e+00	1.882634e-90	0.000000e+00	0.000000e+00	0.000000e+00	0.000000e+00	0.000000e+00	0.000000e+00	0.000000e+00	1.665391e-62	1.742916e-84	0.000000e+00	0.000000e+00	0.000000e+00	0.000000e+00	0.000000e+00	0.000000e+00	0.000000e+00	0.000000e+00	0.000000e+00	0.000000e+00	0.000000e+00	0.000000e+00	0.000000e+00	0.000000e+00	0.000000e+00	0.000000e+00	0.000000e+00	0.000000e+00	0.000000e+00	0.000000e+00	0.000000e+00	0.000000e+00	0.000000e+00	0.000000e+00	0.000000e+00	0.000000e+00	0.000000e+00	0.000000e+00	0.000000e+00	0.000000e+00	0.000000e+00	0.000000e+00	0.000000e+00	0.000000e+00	0.000000e+00	0.000000e+00	0.000000e+00	0.000000e+00	0.000000e+00	0.000000e+00	0.000000e+00	0.000000e+00	
1165.522466	1.882683e-90	0.000000e+00	1.949373e-53	4.034395e-71	0.000000e+00	0.000000e+00	8.446800e-03	1.882683e-90	1.166040e-03	2.586357e-60	1.882683e-90	1.882683e-90	1.882683e-90	1.882683e-90	0.000000e+00	1.882683e-90	1.882683e-90	1.882683e-90	1.882683e-90	9.277990e-45	4.974114e-03	4.430839e-50	0.000000e+00	0.000000e+00	0.000000e+00	1.882683e-90	8.468725e-89	0.000000e+00	8.620378e-51	0.000000e+00	0.000000e+00	0.000000e+00	0.000000e+00	0.000000e+00	0.000000e+00	0.000000e+00	1.630710e-58	1.882683e-90	1.882683e-90	9.730392e-75	2.022029e-46	2.683828e-69	1.198236e-57	1.882683e-90	2.273445e-04	5.552636e-42	0.000000e+00	0.000000e+00	7.517763e-49	4.198144e-90	0.000000e+00	1.207148e-38	8.419223e-01	1.882683e-90	1.176618e-17	0.000000e+00	1.882683e-90	1.882683e-90	1.882683e-90	1.842895e-55	8.113227e-87	0.000000e+00	0.000000e+00	1.882683e-90	0.000000e+00	0.000000e+00	0.000000e+00	0.000000e+00	0.000000e+00	0.000000e+00	0.000000e+00	4.740592e-63	3.814940e-85	0.000000e+00	0.000000e+00	0.000000e+00	0.000000e+00	0.000000e+00	0.000000e+00	0.000000e+00	0.000000e+00	0.000000e+00	0.000000e+00	0.000000e+00	0.000000e+00	0.000000e+00	0.000000e+00	0.000000e+00	0.000000e+00	0.000000e+00	0.000000e+00	0.000000e+00	0.000000e+00	0.000000e+00	0.000000e+00	0.000000e+00	0.000000e+00	0.000000e+00	0.000000e+00	0.000000e+00	0.000000e+00	0.000000e+00	0.000000e+00	0.000000e+00	0.000000e+00	0.000000e+00	0.000000e+00	0.000000e+00	0.000000e+00	0.000000e+00	0.000000e+00	0.000000e+00	0.000000e+00	0.000000e+00	0.000000e+00	
1176.198129	1.882770e-90	0.000000e+00	7.941283e-54	1.224128e-71	0.000000e+00	0.000000e+00	8.447009e-03	1.882770e-90	1.166032e-03	9.538339e-61	1.882770e-90	1.882770e-90	1.882770e-90	1.882770e-90	0.000000e+00	1.882770e-90	1.882770e-90	1.882770e-90	1.882770e-90	5.361599e-45	4.974038e-03	2.165602e-50	0.000000e+00	0.000000e+00	0.000000e+00	1.882770e-90	2.214374e-89	0.000000e+00	4.161329e-51	0.000000e+00	0.000000e+00	0.000000e+00	0.000000e+00	0.000000e+00	0.000000e+00	0.000000e+00	7.494202e-59	1.882770e-90	1.882770e-90	3.009160e-75	1.131317e-46	9.592501e-70	5.774007e-58	1.882770e-90	2.273729e-04	2.927428e-42	0.000000e+00	0.000000e+00	4.536778e-49	1.882770e-90	0.000000e+00	8.520329e-39	8.419155e-01	1.882770e-90	1.162684e-17	0.000000e+00	1.882770e-90	1.882770e-90	1.882770e-90	7.319269e-56	2.090103e-87	0.000000e+00	0.000000e+00	1.882770e-90	0.000000e+00	0.000000e+00	0.000000e+00	0.000000e+00	0.000000e+00	0.000000e+00	0.000000e+00	2.161054e-63	1.289413e-85	0.000000e+00	0.000000e+00	0.000000e+00	0.000000e+00	0.000000e+00	0.000000e+00	0.000000e+00	0.000000e+00	0.000000e+00	0.000000e+00	0.000000e+00	0.000000e+00	0.000000e+00	0.000000e+00	0.000000e+00	0.000000e+00	0.000000e+00	0.000000e+00	0.000000e+00	0.000000e+00	0.000000e+00	0.000000e+00	0.000000e+00	0.000000e+00	0.000000e+00	0.000000e+00	0.000000e+00	0.000000e+00	0.000000e+00	0.000000e+00	0.000000e+00	0.000000e+00	0.000000e+00	0.000000e+00	0.000000e+00	0.000000e+00	0.000000e+00	0.000000e+00	0.000000e+00	0.000000e+00	0.000000e+00	0.000000e+00	
1186.799878	1.882644e-90	0.000000e+00	4.015564e-54	4.913920e-72	0.000000e+00	0.000000e+00	8.446807e-03	1.882644e-90	1.165931e-03	4.460647e-61	1.882644e-90	1.882644e-90	1.882644e-90	1.882644e-90	0.000000e+00	1.882644e-90	1.882644e-90	1.882644e-90	1.882644e-90	3.803046e-45	4.973160e-03	1.290427e-50	0.000000e+00	0.000000e+00	0.000000e+00	1.882644e-90	8.439019e-90	0.000000e+00	2.455513e-51	0.000000e+00	0.000000e+00	0.000000e+00	0.000000e+00	0.000000e+00	0.000000e+00	0.000000e+00	4.442682e-59	1.882644e-90	1.882644e-90	1.252508e-75	7.491741e-47	4.472420e-70	3.403097e-58	1.882644e-90	2.273487e-04	1.811170e-42	0.000000e+00	0.000000e+00	3.329282e-49	1.882644e-90	0.000000e+00	7.070023e-39	8.419264e-01	1.882644e-90	1.255639e-17	0.000000e+00	1.882644e-90	1.882644e-90	1.882644e-90	3.627538e-56	7.705552e-88	0.000000e+00	0.000000e+00	1.882644e-90	0.000000e+00	0.000000e+00	0.000000e+00	0.000000e+00	0.000000e+00	0.000000e+00	0.000000e+00	1.273298e-63	5.518721e-86	0.000000e+00	0.000000e+00	0.000000e+00	0.000000e+00	0.000000e+00	0.000000e+00	0.000000e+00	0.000000e+00	0.000000e+00	0.000000e+00	0.000000e+00	0.000000e+00	0.000000e+00	0.000000e+00	0.000000e+00	0.000000e+00	0.000000e+00	0.000000e+00	0.000000e+00	0.000000e+00	0.000000e+00	0.000000e+00	0.000000e+00	0.000000e+00	0.000000e+00	0.000000e+00	0.000000e+00	0.000000e+00	0.000000e+00	0.000000e+00	0.000000e+00	0.000000e+00	0.000000e+00	0.000000e+00	0.000000e+00	0.000000e+00	0.000000e+00	0.000000e+00	0.000000e+00	0.000000e+00	0.000000e+00	0.000000e+00	
1197.340228	1.882677e-90	0.000000e+00	2.164874e-54	2.143359e-72	0.000000e+00	0.000000e+00	8.446867e-03	1.882677e-90	1.165950e-03	2.238483e-61	1.882677e-90	1.882677e-90	1.882677e-90	1.882677e-90	0.000000e+00	1.882677e-90	1.882677e-90	1.882677e-90	1.882677e-90	2.868870e-45	4.974287e-03	8.160347e-51	0.000000e+00	0.000000e+00	0.000000e+00	1.882677e-90	3.600624e-90	0.000000e+00	1.539567e-51	0.000000e+00	0.000000e+00	0.000000e+00	0.000000e+00	0.000000e+00	0.000000e+00	0.000000e+00	2.842818e-59	1.882677e-90	1.882677e-90	5.694628e-76	5.217939e-47	2.256994e-70	2.130379e-58	1.882677e-90	2.273470e-04	1.175215e-42	0.000000e+00	0.000000e+00	2.591944e-49	1.882677e-90	0.000000e+00	6.161043e-39	8.419228e-01	1.882677e-90	1.393089e-17	0.000000e+00	1.882677e-90	1.882677e-90	1.882677e-90	1.920801e-56	3.161609e-88	0.000000e+00	0.000000e+00	1.882677e-90	0.000000e+00	0.000000e+00	0.000000e+00	0.000000e+00	0.000000e+00	0.000000e+00	0.000000e+00	8.104252e-64	2.535877e-86	0.000000e+00	0.000000e+00	0.000000e+00	0.000000e+00	0.000000e+00	0.000000e+00	0.000000e+00	0.000000e+00	0.000000e+00	0.000000e+00	0.000000e+00	0.000000e+00	0.000000e+00	0.000000e+00	0.000000e+00	0.000000e+00	0.000000e+00	0.000000e+00	0.000000e+00	0.000000e+00	0.000000e+00	0.000000e+00	0.000000e+00	0.000000e+00	0.000000e+00	0.000000e+00	0.000000e+00	0.000000e+00	0.000000e+00	0.000000e+00	0.000000e+00	0.000000e+00	0.000000e+00	0.000000e+00	0.000000e+00	0.000000e+00	0.000000e+00	0.000000e+00	0.000000e+00	0.000000e+00	0.000000e+00	0.000000e+00	
1207.821515	1.882701e-90	0.000000e+00	1.138676e-54	9.054455e-73	0.000000e+00	0.000000e+00	8.447014e-03	1.882701e-90	1.165990e-03	1.093181e-61	1.882701e-90	1.882701e-90	1.882701e-90	1.882701e-90	0.000000e+00	1.882701e-90	1.882701e-90	1.882701e-90	1.882701e-90	2.114641e-45	4.974000e-03	5.045090e-51	0.000000e+00	0.000000e+00	0.000000e+00	1.882701e-90	1.882701e-90	0.000000e+00	9.431964e-52	0.000000e+00	0.000000e+00	0.000000e+00	0.000000e+00	0.000000e+00	0.000000e+00	0.000000e+00	1.767495e-59	1.882701e-90	1.882701e-90	2.502726e-76	3.565635e-47	1.105092e-70	1.304041e-58	1.882701e-90	2.273468e-04	7.487412e-43	0.000000e+00	0.000000e+00	1.974320e-49	1.882701e-90	0.000000e+00	5.273462e-39	8.419210e-01	1.882701e-90	1.531098e-17	0.000000e+00	1.882701e-90	1.882701e-90	1.882701e-90	9.913827e-57	1.245237e-88	0.000000e+00	0.000000e+00	1.882701e-90	0.000000e+00	0.000000e+00	0.000000e+00	0.000000e+00	0.000000e+00	0.000000e+00	0.000000e+00	5.012130e-64	1.135737e-86	0.000000e+00	0.000000e+00	0.000000e+00	0.000000e+00	0.000000e+00	0.000000e+00	0.000000e+00	0.000000e+00	0.000000e+00	0.000000e+00	0.000000e+00	0.000000e+00	0.000000e+00	0.000000e+00	0.000000e+00	0.000000e+00	0.000000e+00	0.000000e+00	0.000000e+00	0.000000e+00	0.000000e+00	0.000000e+00	0.000000e+00	0.000000e+00	0.000000e+00	0.000000e+00	0.000000e+00	0.000000e+00	0.000000e+00	0.000000e+00	0.000000e+00	0.000000e+00	0.000000e+00	0.000000e+00	0.000000e+00	0.000000e+00	0.000000e+00	0.000000e+00	0.000000e+00	0.000000e+00	0.000000e+00	0.000000e+00	
1218.245384	1.882744e-90	0.000000e+00	6.302460e-55	4.085991e-73	0.000000e+00	0.000000e+00	8.446924e-03	1.882744e-90	1.166025e-03	5.646240e-62	1.882744e-90	1.882744e-90	1.882744e-90	1.882744e-90	0.000000e+00	1.882744e-90	1.882744e-90	1.882744e-90	1.882744e-90	1.636309e-45	4.973959e-03	3.268987e-51	0.000000e+00	0.000000e+00	0.000000e+00	1.882744e-90	1.882744e-90	0.000000e+00	6.060560e-52	0.000000e+00	0.000000e+00	0.000000e+00	0.000000e+00	0.000000e+00	0.000000e+00	0.000000e+00	1.167298e-59	1.882744e-90	1.882744e-90	1.179915e-76	2.536137e-47	5.761910e-71	8.372940e-59	1.882744e-90	2.273587e-04	4.954359e-43	0.000000e+00	0.000000e+00	1.575590e-49	1.882744e-90	0.000000e+00	4.690894e-39	8.419178e-01	1.882744e-90	1.718843e-17	0.000000e+00	1.882744e-90	1.882744e-90	1.882744e-90	5.391787e-57	5.338289e-89	0.000000e+00	0.000000e+00	1.882744e-90	0.000000e+00	0.000000e+00	0.000000e+00	0.000000e+00	0.000000e+00	0.000000e+00	0.000000e+00	3.294447e-64	5.380699e-87	0.000000e+00	0.000000e+00	0.000000e+00	0.000000e+00	0.000000e+00	0.000000e+00	0.000000e+00	0.000000e+00	0.000000e+00	0.000000e+00	0.000000e+00	0.000000e+00	0.000000e+00	0.000000e+00	0.000000e+00	0.000000e+00	0.000000e+00	0.000000e+00	0.000000e+00	0.000000e+00	0.000000e+00	0.000000e+00	0.000000e+00	0.000000e+00	0.000000e+00	0.000000e+00	0.000000e+00	0.000000e+00	0.000000e+00	0.000000e+00	0.000000e+00	0.000000e+00	0.000000e+00	0.000000e+00	0.000000e+00	0.000000e+00	0.000000e+00	0.000000e+00	0.000000e+00	0.000000e+00	0.000000e+00	0.000000e+00	
1228.621175	1.882669e-90	0.000000e+00	4.136054e-55	2.299205e-73	0.000000e+00	0.000000e+00	8.447163e-03	1.882669e-90	1.165969e-03	3.516814e-62	1.882669e-90	1.882669e-90	1.882669e-90	1.882669e-90	0.000000e+00	1.882669e-90	1.882669e-90	1.882669e-90	1.882669e-90	1.487365e-45	4.973610e-03	2.475583e-51	0.000000e+00	0.000000e+00	0.000000e+00	1.882669e-90	1.882669e-90	0.000000e+00	4.560459e-52	0.000000e+00	0.000000e+00	0.000000e+00	0.000000e+00	0.000000e+00	0.000000e+00	0.000000e+00	9.415993e-60	1.882669e-90	1.882669e-90	7.030636e-77	2.059965e-47	3.704204e-71	6.298174e-59	1.882669e-90	2.273492e-04	3.719119e-43	0.000000e+00	0.000000e+00	1.465900e-49	1.882669e-90	0.000000e+00	4.736700e-39	8.419236e-01	1.882669e-90	2.067792e-17	0.000000e+00	1.882669e-90	1.882669e-90	1.882669e-90	3.491728e-57	3.034714e-89	0.000000e+00	0.000000e+00	1.882669e-90	0.000000e+00	0.000000e+00	0.000000e+00	0.000000e+00	0.000000e+00	0.000000e+00	0.000000e+00	2.648386e-64	3.067091e-87	0.000000e+00	0.000000e+00	0.000000e+00	0.000000e+00	0.000000e+00	0.000000e+00	0.000000e+00	0.000000e+00	0.000000e+00	0.000000e+00	0.000000e+00	0.000000e+00	0.000000e+00	0.000000e+00	0.000000e+00	0.000000e+00	0.000000e+00	0.000000e+00	0.000000e+00	0.000000e+00	0.000000e+00	0.000000e+00	0.000000e+00	0.000000e+00	0.000000e+00	0.000000e+00	0.000000e+00	0.000000e+00	0.000000e+00	0.000000e+00	0.000000e+00	0.000000e+00	0.000000e+00	0.000000e+00	0.000000e+00	0.000000e+00	0.000000e+00	0.000000e+00	0.000000e+00	0.000000e+00	0.000000e+00	0.000000e+00	
1238.958255	1.882650e-90	0.000000e+00	2.877056e-55	1.394946e-73	0.000000e+00	0.000000e+00	8.446202e-03	1.882650e-90	1.166019e-03	2.335554e-62	1.882650e-90	1.882650e-90	1.882650e-90	1.882650e-90	0.000000e+00	1.882650e-90	1.882650e-90	1.882650e-90	1.882650e-90	1.428673e-45	4.973975e-03	1.977554e-51	0.000000e+00	0.000000e+00	0.000000e+00	1.882650e-90	1.882650e-90	0.000000e+00	3.623507e-52	0.000000e+00	0.000000e+00	0.000000e+00	0.000000e+00	0.000000e+00	0.000000e+00	0.000000e+00	8.136265e-60	1.882650e-90	1.882650e-90	4.538763e-77	1.751147e-47	2.557960e-71	5.000212e-59	1.882650e-90	2.273432e-04	2.915078e-43	0.000000e+00	0.000000e+00	1.437619e-49	1.882650e-90	0.000000e+00	4.994943e-39	8.419255e-01	1.882650e-90	2.548082e-17	0.000000e+00	1.882650e-90	1.882650e-90	1.882650e-90	2.400726e-57	1.900090e-89	0.000000e+00	0.000000e+00	1.882650e-90	0.000000e+00	0.000000e+00	0.000000e+00	0.000000e+00	0.000000e+00	0.000000e+00	0.000000e+00	2.281410e-64	1.861713e-87	0.000000e+00	0.000000e+00	0.000000e+00	0.000000e+00	0.000000e+00	0.000000e+00	0.000000e+00	0.000000e+00	0.000000e+00	0.000000e+00	0.000000e+00	0.000000e+00	0.000000e+00	0.000000e+00	0.000000e+00	0.000000e+00	0.000000e+00	0.000000e+00	0.000000e+00	0.000000e+00	0.000000e+00	0.000000e+00	0.000000e+00	0.000000e+00	0.000000e+00	0.000000e+00	0.000000e+00	0.000000e+00	0.000000e+00	0.000000e+00	0.000000e+00	0.000000e+00	0.000000e+00	0.000000e+00	0.000000e+00	0.000000e+00	0.000000e+00	0.000000e+00	0.000000e+00	0.000000e+00	0.000000e+00	0.000000e+00	
1249.253333	1.882657e-90	0.000000e+00	1.723821e-55	6.976451e-74	0.000000e+00	0.000000e+00	8.447117e-03	1.882657e-90	1.165942e-03	1.315947e-62	1.882657e-90	1.882657e-90	1.882657e-90	1.882657e-90	0.000000e+00	1.882657e-90	1.882657e-90	1.882657e-90	1.882657e-90	1.192507e-45	4.973634e-03	1.378545e-51	0.000000e+00	0.000000e+00	0.000000e+00	1.882657e-90	1.882657e-90	0.000000e+00	2.507073e-52	0.000000e+00	0.000000e+00	0.000000e+00	0.000000e+00	0.000000e+00	0.000000e+00	0.000000e+00	5.901888e-60	1.882657e-90	1.882657e-90	2.386138e-77	1.325107e-47	1.470647e-71	3.459037e-59	1.882657e-90	2.273241e-04	2.045400e-43	0.000000e+00	0.000000e+00	1.233534e-49	1.882657e-90	0.000000e+00	4.719253e-39	8.419246e-01	1.882657e-90	2.956527e-17	0.000000e+00	1.882657e-90	1.882657e-90	1.882657e-90	1.416198e-57	9.294182e-90	0.000000e+00	0.000000e+00	1.882657e-90	0.000000e+00	0.000000e+00	0.000000e+00	0.000000e+00	0.000000e+00	0.000000e+00	0.000000e+00	1.648822e-64	9.632935e-88	0.000000e+00	0.000000e+00	0.000000e+00	0.000000e+00	0.000000e+00	0.000000e+00	0.000000e+00	0.000000e+00	0.000000e+00	0.000000e+00	0.000000e+00	0.000000e+00	0.000000e+00	0.000000e+00	0.000000e+00	0.000000e+00	0.000000e+00	0.000000e+00	0.000000e+00	0.000000e+00	0.000000e+00	0.000000e+00	0.000000e+00	0.000000e+00	0.000000e+00	0.000000e+00	0.000000e+00	0.000000e+00	0.000000e+00	0.000000e+00	0.000000e+00	0.000000e+00	0.000000e+00	0.000000e+00	0.000000e+00	0.000000e+00	0.000000e+00	0.000000e+00	0.000000e+00	0.000000e+00	0.000000e+00	0.000000e+00	
1259.489112	1.882572e-90	0.000000e+00	7.565440e-56	2.330122e-74	0.000000e+00	0.000000e+00	8.445987e-03	1.882572e-90	1.165948e-03	5.263566e-63	1.882572e-90	1.882572e-90	1.882572e-90	1.882572e-90	0.000000e+00	1.882572e-90	1.882572e-90	1.882572e-90	1.882572e-90	7.424638e-46	4.973141e-03	7.230458e-52	0.000000e+00	0.000000e+00	0.000000e+00	1.882572e-90	1.882572e-90	0.000000e+00	1.300643e-52	0.000000e+00	0.000000e+00	0.000000e+00	0.000000e+00	0.000000e+00	0.000000e+00	0.000000e+00	2.974265e-60	1.882572e-90	1.882572e-90	8.175562e-78	7.870201e-48	5.766606e-72	1.793557e-59	1.882572e-90	2.273263e-04	1.139472e-43	0.000000e+00	0.000000e+00	8.009948e-50	1.882572e-90	0.000000e+00	3.542569e-39	8.419327e-01	1.882572e-90	3.028340e-17	0.000000e+00	1.882572e-90	1.882572e-90	1.882572e-90	6.071018e-58	2.715504e-90	0.000000e+00	0.000000e+00	1.882572e-90	0.000000e+00	0.000000e+00	0.000000e+00	0.000000e+00	0.000000e+00	0.000000e+00	0.000000e+00	8.263200e-65	3.564157e-88	0.000000e+00	0.000000e+00	0.000000e+00	0.000000e+00	0.000000e+00	0.000000e+00	0.000000e+00	0.000000e+00	0.000000e+00	0.000000e+00	0.000000e+00	0.000000e+00	0.000000e+00	0.000000e+00	0.000000e+00	0.000000e+00	0.000000e+00	0.000000e+00	0.000000e+00	0.000000e+00	0.000000e+00	0.000000e+00	0.000000e+00	0.000000e+00	0.000000e+00	0.000000e+00	0.000000e+00	0.000000e+00	0.000000e+00	0.000000e+00	0.000000e+00	0.000000e+00	0.000000e+00	0.000000e+00	0.000000e+00	0.000000e+00	0.000000e+00	0.000000e+00	0.000000e+00	0.000000e+00	0.000000e+00	0.000000e+00	
1269.637420	1.882743e-90	0.000000e+00	2.113208e-56	4.334376e-75	0.000000e+00	0.000000e+00	8.447429e-03	1.882743e-90	1.165980e-03	1.280181e-63	1.882743e-90	1.882743e-90	1.882743e-90	1.882743e-90	0.000000e+00	1.882743e-90	1.882743e-90	1.882743e-90	1.882743e-90	3.026294e-46	4.974041e-03	2.513385e-52	0.000000e+00	0.000000e+00	0.000000e+00	1.882743e-90	1.882743e-90	0.000000e+00	4.448492e-53	0.000000e+00	0.000000e+00	0.000000e+00	0.000000e+00	0.000000e+00	0.000000e+00	0.000000e+00	8.845193e-61	1.882743e-90	1.882743e-90	1.504907e-78	3.290172e-48	1.298774e-72	6.133656e-60	1.882743e-90	2.273591e-04	4.541620e-44	0.000000e+00	0.000000e+00	3.478804e-50	1.882743e-90	0.000000e+00	1.910049e-39	8.419173e-01	1.882743e-90	2.590798e-17	0.000000e+00	1.882743e-90	1.882743e-90	1.882743e-90	1.638090e-58	1.882743e-90	0.000000e+00	0.000000e+00	1.882743e-90	0.000000e+00	0.000000e+00	0.000000e+00	0.000000e+00	0.000000e+00	0.000000e+00	0.000000e+00	2.439721e-65	8.142995e-89	0.000000e+00	0.000000e+00	0.000000e+00	0.000000e+00	0.000000e+00	0.000000e+00	0.000000e+00	0.000000e+00	0.000000e+00	0.000000e+00	0.000000e+00	0.000000e+00	0.000000e+00	0.000000e+00	0.000000e+00	0.000000e+00	0.000000e+00	0.000000e+00	0.000000e+00	0.000000e+00	0.000000e+00	0.000000e+00	0.000000e+00	0.000000e+00	0.000000e+00	0.000000e+00	0.000000e+00	0.000000e+00	0.000000e+00	0.000000e+00	0.000000e+00	0.000000e+00	0.000000e+00	0.000000e+00	0.000000e+00	0.000000e+00	0.000000e+00	0.000000e+00	0.000000e+00	0.000000e+00	0.000000e+00	0.000000e+00	
1279.666149	1.882684e-90	0.000000e+00	3.753347e-57	4.481574e-76	0.000000e+00	0.000000e+00	8.446435e-03	1.882684e-90	1.165958e-03	1.890621e-64	1.882684e-90	1.882684e-90	1.882684e-90	1.882684e-90	0.000000e+00	1.882684e-90	1.882684e-90	1.882684e-90	1.882684e-90	8.071242e-47	4.973936e-03	5.784045e-53	0.000000e+00	0.000000e+00	0.000000e+00	1.882684e-90	1.882684e-90	0.000000e+00	1.002260e-53	0.000000e+00	0.000000e+00	0.000000e+00	0.000000e+00	0.000000e+00	0.000000e+00	0.000000e+00	1.552171e-61	1.882684e-90	1.882684e-90	1.485789e-79	9.673161e-49	1.677252e-73	1.382181e-60	1.882684e-90	2.273422e-04	1.293704e-44	0.000000e+00	0.000000e+00	1.010419e-50	1.882684e-90	0.000000e+00	7.395610e-40	8.419231e-01	1.882684e-90	1.853779e-17	0.000000e+00	1.882684e-90	1.882684e-90	1.882684e-90	2.777980e-59	1.882684e-90	0.000000e+00	0.000000e+00	1.882684e-90	0.000000e+00	0.000000e+00	0.000000e+00	0.000000e+00	0.000000e+00	0.000000e+00	0.000000e+00	4.243961e-66	1.148616e-89	0.000000e+00	0.000000e+00	0.000000e+00	0.000000e+00	0.000000e+00	0.000000e+00	0.000000e+00	0.000000e+00	0.000000e+00	0.000000e+00	0.000000e+00	0.000000e+00	0.000000e+00	0.000000e+00	0.000000e+00	0.000000e+00	0.000000e+00	0.000000e+00	0.000000e+00	0.000000e+00	0.000000e+00	0.000000e+00	0.000000e+00	0.000000e+00	0.000000e+00	0.000000e+00	0.000000e+00	0.000000e+00	0.000000e+00	0.000000e+00	0.000000e+00	0.000000e+00	0.000000e+00	0.000000e+00	0.000000e+00	0.000000e+00	0.000000e+00	0.000000e+00	0.000000e+00	0.000000e+00	0.000000e+00	0.000000e+00	
1289.549428	1.882750e-90	0.000000e+00	4.750742e-58	2.986842e-77	0.000000e+00	0.000000e+00	8.447025e-03	1.882750e-90	1.165961e-03	1.921726e-65	1.882750e-90	1.882750e-90	1.882750e-90	1.882750e-90	0.000000e+00	1.882750e-90	1.882750e-90	1.882750e-90	1.882750e-90	1.571996e-47	4.973984e-03	9.796494e-54	0.000000e+00	0.000000e+00	0.000000e+00	1.882750e-90	1.882750e-90	0.000000e+00	1.655781e-54	0.000000e+00	0.000000e+00	0.000000e+00	0.000000e+00	0.000000e+00	0.000000e+00	0.000000e+00	1.840775e-62	1.882750e-90	1.882750e-90	9.207584e-81	2.188846e-49	1.430723e-74	2.287725e-61	1.882750e-90	2.273496e-04	2.867061e-45	0.000000e+00	0.000000e+00	2.181524e-51	1.882750e-90	0.000000e+00	2.245490e-40	8.419173e-01	1.882750e-90	1.164121e-17	0.000000e+00	1.882750e-90	1.882750e-90	1.882750e-90	3.329078e-60	1.882750e-90	0.000000e+00	0.000000e+00	1.882750e-90	0.000000e+00	0.000000e+00	0.000000e+00	0.000000e+00	0.000000e+00	0.000000e+00	0.000000e+00	4.991267e-67	1.882750e-90	0.000000e+00	0.000000e+00	0.000000e+00	0.000000e+00	0.000000e+00	0.000000e+00	0.000000e+00	0.000000e+00	0.000000e+00	0.000000e+00	0.000000e+00	0.000000e+00	0.000000e+00	0.000000e+00	0.000000e+00	0.000000e+00	0.000000e+00	0.000000e+00	0.000000e+00	0.000000e+00	0.000000e+00	0.000000e+00	0.000000e+00	0.000000e+00	0.000000e+00	0.000000e+00	0.000000e+00	0.000000e+00	0.000000e+00	0.000000e+00	0.000000e+00	0.000000e+00	0.000000e+00	0.000000e+00	0.000000e+00	0.000000e+00	0.000000e+00	0.000000e+00	0.000000e+00	0.000000e+00	0.000000e+00	0.000000e+00	
1299.274267	1.882617e-90	0.000000e+00	5.181296e-59	1.640440e-78	0.000000e+00	0.000000e+00	8.446283e-03	1.882617e-90	1.165985e-03	1.656687e-66	1.882617e-90	1.882617e-90	1.882617e-90	1.882617e-90	0.000000e+00	1.882617e-90	1.882617e-90	1.882617e-90	1.882617e-90	2.673616e-48	4.973465e-03	1.452164e-54	0.000000e+00	0.000000e+00	0.000000e+00	1.882617e-90	1.882617e-90	0.000000e+00	2.391195e-55	0.000000e+00	0.000000e+00	0.000000e+00	0.000000e+00	0.000000e+00	0.000000e+00	0.000000e+00	1.843448e-63	1.882617e-90	1.882617e-90	4.649383e-82	4.418483e-50	1.017538e-75	3.314349e-62	1.882617e-90	2.273283e-04	5.689143e-46	0.000000e+00	0.000000e+00	4.150504e-52	1.882617e-90	0.000000e+00	6.150798e-41	8.419288e-01	1.882617e-90	6.929434e-18	0.000000e+00	1.882617e-90	1.882617e-90	1.882617e-90	3.424604e-61	1.882617e-90	0.000000e+00	0.000000e+00	1.882617e-90	0.000000e+00	0.000000e+00	0.000000e+00	0.000000e+00	0.000000e+00	0.000000e+00	0.000000e+00	4.964047e-68	1.882617e-90	0.000000e+00	0.000000e+00	0.000000e+00	0.000000e+00	0.000000e+00	0.000000e+00	0.000000e+00	0.000000e+00	0.000000e+00	0.000000e+00	0.000000e+00	0.000000e+00	0.000000e+00	0.000000e+00	0.000000e+00	0.000000e+00	0.000000e+00	0.000000e+00	0.000000e+00	0.000000e+00	0.000000e+00	0.000000e+00	0.000000e+00	0.000000e+00	0.000000e+00	0.000000e+00	0.000000e+00	0.000000e+00	0.000000e+00	0.000000e+00	0.000000e+00	0.000000e+00	0.000000e+00	0.000000e+00	0.000000e+00	0.000000e+00	0.000000e+00	0.000000e+00	0.000000e+00	0.000000e+00	0.000000e+00	0.000000e+00	
1308.840810	1.882668e-90	0.000000e+00	5.713087e-60	9.136906e-80	0.000000e+00	0.000000e+00	8.446617e-03	1.882668e-90	1.165919e-03	1.444350e-67	1.882668e-90	1.882668e-90	1.882668e-90	1.882668e-90	0.000000e+00	1.882668e-90	1.882668e-90	1.882668e-90	1.882668e-90	4.617033e-49	4.973980e-03	2.180994e-55	0.000000e+00	0.000000e+00	0.000000e+00	1.882668e-90	1.882668e-90	0.000000e+00	3.501242e-56	0.000000e+00	0.000000e+00	0.000000e+00	0.000000e+00	0.000000e+00	0.000000e+00	0.000000e+00	1.879533e-64	1.882668e-90	1.882668e-90	2.384340e-83	9.017180e-51	7.347800e-77	4.875818e-63	1.882668e-90	2.273568e-04	1.138408e-46	0.000000e+00	0.000000e+00	8.033230e-53	1.882668e-90	0.000000e+00	1.710984e-41	8.419241e-01	1.882668e-90	4.166467e-18	0.000000e+00	1.882668e-90	1.882668e-90	1.882668e-90	3.563868e-62	1.882668e-90	0.000000e+00	0.000000e+00	1.882668e-90	0.000000e+00	0.000000e+00	0.000000e+00	0.000000e+00	0.000000e+00	0.000000e+00	0.000000e+00	5.038475e-69	1.882668e-90	0.000000e+00	0.000000e+00	0.000000e+00	0.000000e+00	0.000000e+00	0.000000e+00	0.000000e+00	0.000000e+00	0.000000e+00	0.000000e+00	0.000000e+00	0.000000e+00	0.000000e+00	0.000000e+00	0.000000e+00	0.000000e+00	0.000000e+00	0.000000e+00	0.000000e+00	0.000000e+00	0.000000e+00	0.000000e+00	0.000000e+00	0.000000e+00	0.000000e+00	0.000000e+00	0.000000e+00	0.000000e+00	0.000000e+00	0.000000e+00	0.000000e+00	0.000000e+00	0.000000e+00	0.000000e+00	0.000000e+00	0.000000e+00	0.000000e+00	0.000000e+00	0.000000e+00	0.000000e+00	0.000000e+00	0.000000e+00	
1318.262540	1.882700e-90	0.000000e+00	8.112337e-61	7.061838e-81	0.000000e+00	0.000000e+00	8.446790e-03	1.882700e-90	1.165992e-03	1.663093e-68	1.882700e-90	1.882700e-90	1.882700e-90	1.882700e-90	0.000000e+00	1.882700e-90	1.882700e-90	1.882700e-90	1.882700e-90	1.013567e-49	4.973870e-03	4.131170e-56	0.000000e+00	0.000000e+00	0.000000e+00	1.882700e-90	1.882700e-90	0.000000e+00	6.485679e-57	0.000000e+00	0.000000e+00	0.000000e+00	0.000000e+00	0.000000e+00	0.000000e+00	0.000000e+00	2.582369e-65	1.882700e-90	1.882700e-90	1.731303e-84	2.241830e-51	7.242971e-78	9.080889e-64	1.882700e-90	2.273357e-04	2.747264e-47	0.000000e+00	0.000000e+00	1.955175e-53	1.882700e-90	0.000000e+00	5.752867e-42	8.419215e-01	1.882700e-90	2.780962e-18	0.000000e+00	1.882700e-90	1.882700e-90	1.882700e-90	4.806471e-63	1.882700e-90	0.000000e+00	0.000000e+00	1.882700e-90	0.000000e+00	0.000000e+00	0.000000e+00	0.000000e+00	0.000000e+00	0.000000e+00	0.000000e+00	6.907750e-70	1.882700e-90	0.000000e+00	0.000000e+00	0.000000e+00	0.000000e+00	0.000000e+00	0.000000e+00	0.000000e+00	0.000000e+00	0.000000e+00	0.000000e+00	0.000000e+00	0.000000e+00	0.000000e+00	0.000000e+00	0.000000e+00	0.000000e+00	0.000000e+00	0.000000e+00	0.000000e+00	0.000000e+00	0.000000e+00	0.000000e+00	0.000000e+00	0.000000e+00	0.000000e+00	0.000000e+00	0.000000e+00	0.000000e+00	0.000000e+00	0.000000e+00	0.000000e+00	0.000000e+00	0.000000e+00	0.000000e+00	0.000000e+00	0.000000e+00	0.000000e+00	0.000000e+00	0.000000e+00	0.000000e+00	0.000000e+00	0.000000e+00	
1327.572920	1.882639e-90	0.000000e+00	2.240508e-61	1.292852e-81	0.000000e+00	0.000000e+00	8.446147e-03	1.882639e-90	1.165962e-03	3.985062e-69	1.882639e-90	1.882639e-90	1.882639e-90	1.882639e-90	0.000000e+00	1.882639e-90	1.882639e-90	1.882639e-90	1.882639e-90	4.144174e-50	4.973161e-03	1.432774e-56	0.000000e+00	0.000000e+00	0.000000e+00	1.882639e-90	1.882639e-90	0.000000e+00	2.216132e-57	0.000000e+00	0.000000e+00	0.000000e+00	0.000000e+00	0.000000e+00	0.000000e+00	0.000000e+00	7.694711e-66	1.882639e-90	1.882639e-90	3.138789e-85	9.342839e-52	1.615063e-78	3.116657e-64	1.882639e-90	2.273328e-04	1.085760e-47	0.000000e+00	0.000000e+00	8.580069e-54	1.882639e-90	0.000000e+00	3.140220e-42	8.419276e-01	1.882639e-90	2.411755e-18	0.000000e+00	1.882639e-90	1.882639e-90	1.882639e-90	1.281968e-63	1.882639e-90	0.000000e+00	0.000000e+00	1.882639e-90	0.000000e+00	0.000000e+00	0.000000e+00	0.000000e+00	0.000000e+00	0.000000e+00	0.000000e+00	2.057193e-70	1.882639e-90	0.000000e+00	0.000000e+00	0.000000e+00	0.000000e+00	0.000000e+00	0.000000e+00	0.000000e+00	0.000000e+00	0.000000e+00	0.000000e+00	0.000000e+00	0.000000e+00	0.000000e+00	0.000000e+00	0.000000e+00	0.000000e+00	0.000000e+00	0.000000e+00	0.000000e+00	0.000000e+00	0.000000e+00	0.000000e+00	0.000000e+00	0.000000e+00	0.000000e+00	0.000000e+00	0.000000e+00	0.000000e+00	0.000000e+00	0.000000e+00	0.000000e+00	0.000000e+00	0.000000e+00	0.000000e+00	0.000000e+00	0.000000e+00	0.000000e+00	0.000000e+00	0.000000e+00	0.000000e+00	0.000000e+00	0.000000e+00	
1336.825453	1.882707e-90	0.000000e+00	1.609089e-61	8.174488e-82	0.000000e+00	0.000000e+00	8.447607e-03	1.882707e-90	1.165978e-03	2.738554e-69	1.882707e-90	1.882707e-90	1.882707e-90	1.882707e-90	0.000000e+00	1.882707e-90	1.882707e-90	1.882707e-90	1.882707e-90	4.127023e-50	4.973402e-03	1.182842e-56	0.000000e+00	0.000000e+00	0.000000e+00	1.882707e-90	1.882707e-90	0.000000e+00	1.820999e-57	0.000000e+00	0.000000e+00	0.000000e+00	0.000000e+00	0.000000e+00	0.000000e+00	0.000000e+00	6.945374e-66	1.882707e-90	1.882707e-90	2.117953e-85	8.163330e-52	1.162410e-78	2.565438e-64	1.882707e-90	2.273430e-04	8.715248e-48	0.000000e+00	0.000000e+00	8.736086e-54	1.882707e-90	0.000000e+00	3.421809e-42	8.419207e-01	1.882707e-90	3.032348e-18	0.000000e+00	1.882707e-90	1.882707e-90	1.882707e-90	9.108760e-64	1.882707e-90	0.000000e+00	0.000000e+00	1.882707e-90	0.000000e+00	0.000000e+00	0.000000e+00	0.000000e+00	0.000000e+00	0.000000e+00	0.000000e+00	1.857235e-70	1.882707e-90	0.000000e+00	0.000000e+00	0.000000e+00	0.000000e+00	0.000000e+00	0.000000e+00	0.000000e+00	0.000000e+00	0.000000e+00	0.000000e+00	0.000000e+00	0.000000e+00	0.000000e+00	0.000000e+00	0.000000e+00	0.000000e+00	0.000000e+00	0.000000e+00	0.000000e+00	0.000000e+00	0.000000e+00	0.000000e+00	0.000000e+00	0.000000e+00	0.000000e+00	0.000000e+00	0.000000e+00	0.000000e+00	0.000000e+00	0.000000e+00	0.000000e+00	0.000000e+00	0.000000e+00	0.000000e+00	0.000000e+00	0.000000e+00	0.000000e+00	0.000000e+00	0.000000e+00	0.000000e+00	0.000000e+00	0.000000e+00	
1346.072941	1.882694e-90	0.000000e+00	2.320400e-61	1.275984e-81	0.000000e+00	0.000000e+00	8.446823e-03	1.882694e-90	1.165917e-03	4.058748e-69	1.882694e-90	1.882694e-90	1.882694e-90	1.882694e-90	0.000000e+00	1.882694e-90	1.882694e-90	1.882694e-90	1.882694e-90	7.857011e-50	4.974139e-03	1.836435e-56	0.000000e+00	0.000000e+00	0.000000e+00	1.882694e-90	1.882694e-90	0.000000e+00	2.835919e-57	0.000000e+00	0.000000e+00	0.000000e+00	0.000000e+00	0.000000e+00	0.000000e+00	0.000000e+00	1.405509e-65	1.882694e-90	1.882694e-90	3.727115e-85	1.223428e-51	1.965191e-78	3.989905e-64	1.882694e-90	2.273531e-04	1.172898e-47	0.000000e+00	0.000000e+00	1.640519e-53	1.882694e-90	0.000000e+00	6.159905e-42	8.419217e-01	1.882694e-90	4.992651e-18	0.000000e+00	1.882694e-90	1.882694e-90	1.882694e-90	1.322552e-63	1.882694e-90	0.000000e+00	0.000000e+00	1.882694e-90	0.000000e+00	0.000000e+00	0.000000e+00	0.000000e+00	0.000000e+00	0.000000e+00	0.000000e+00	3.757975e-70	1.882694e-90	0.000000e+00	0.000000e+00	0.000000e+00	0.000000e+00	0.000000e+00	0.000000e+00	0.000000e+00	0.000000e+00	0.000000e+00	0.000000e+00	0.000000e+00	0.000000e+00	0.000000e+00	0.000000e+00	0.000000e+00	0.000000e+00	0.000000e+00	0.000000e+00	0.000000e+00	0.000000e+00	0.000000e+00	0.000000e+00	0.000000e+00	0.000000e+00	0.000000e+00	0.000000e+00	0.000000e+00	0.000000e+00	0.000000e+00	0.000000e+00	0.000000e+00	0.000000e+00	0.000000e+00	0.000000e+00	0.000000e+00	0.000000e+00	0.000000e+00	0.000000e+00	0.000000e+00	0.000000e+00	0.000000e+00	0.000000e+00	
1355.339717	1.882697e-90	0.000000e+00	3.579365e-61	2.173729e-81	0.000000e+00	0.000000e+00	8.446686e-03	1.882697e-90	1.165949e-03	6.479699e-69	1.882697e-90	1.882697e-90	1.882697e-90	1.882697e-90	0.000000e+00	1.882697e-90	1.882697e-90	1.882697e-90	1.882697e-90	1.592404e-49	4.973753e-03	3.030397e-56	0.000000e+00	0.000000e+00	0.000000e+00	1.882697e-90	1.882697e-90	0.000000e+00	4.696089e-57	0.000000e+00	0.000000e+00	0.000000e+00	0.000000e+00	0.000000e+00	0.000000e+00	0.000000e+00	3.074915e-65	1.882697e-90	1.882697e-90	7.195460e-85	1.931687e-51	3.608640e-78	6.600706e-64	1.882697e-90	2.273592e-04	1.659299e-47	0.000000e+00	0.000000e+00	3.268331e-53	1.882697e-90	0.000000e+00	1.164136e-41	8.419217e-01	1.882697e-90	8.439542e-18	0.000000e+00	1.882697e-90	1.882697e-90	1.882697e-90	2.057136e-63	1.882697e-90	0.000000e+00	0.000000e+00	1.882697e-90	0.000000e+00	0.000000e+00	0.000000e+00	0.000000e+00	0.000000e+00	0.000000e+00	0.000000e+00	8.221521e-70	1.882697e-90	0.000000e+00	0.000000e+00	0.000000e+00	0.000000e+00	0.000000e+00	0.000000e+00	0.000000e+00	0.000000e+00	0.000000e+00	0.000000e+00	0.000000e+00	0.000000e+00	0.000000e+00	0.000000e+00	0.000000e+00	0.000000e+00	0.000000e+00	0.000000e+00	0.000000e+00	0.000000e+00	0.000000e+00	0.000000e+00	0.000000e+00	0.000000e+00	0.000000e+00	0.000000e+00	0.000000e+00	0.000000e+00	0.000000e+00	0.000000e+00	0.000000e+00	0.000000e+00	0.000000e+00	0.000000e+00	0.000000e+00	0.000000e+00	0.000000e+00	0.000000e+00	0.000000e+00	0.000000e+00	0.000000e+00	0.000000e+00	
1364.617008	1.882665e-90	0.000000e+00	3.906576e-61	2.364443e-81	0.000000e+00	0.000000e+00	8.446661e-03	1.882665e-90	1.165981e-03	7.063981e-69	1.882665e-90	1.882665e-90	1.882665e-90	1.882665e-90	0.000000e+00	1.882665e-90	1.882665e-90	1.882665e-90	1.882665e-90	2.339531e-49	4.973499e-03	3.654660e-56	0.000000e+00	0.000000e+00	0.000000e+00	1.882665e-90	1.882665e-90	0.000000e+00	5.662527e-57	0.000000e+00	0.000000e+00	0.000000e+00	0.000000e+00	0.000000e+00	0.000000e+00	0.000000e+00	4.506040e-65	1.882665e-90	1.882665e-90	8.631510e-85	2.332899e-51	4.336175e-78	7.959548e-64	1.882665e-90	2.273423e-04	1.816174e-47	0.000000e+00	0.000000e+00	4.804196e-53	1.882665e-90	0.000000e+00	1.714378e-41	8.419246e-01	1.882665e-90	1.247726e-17	0.000000e+00	1.882665e-90	1.882665e-90	1.882665e-90	2.244430e-63	1.882665e-90	0.000000e+00	0.000000e+00	1.882665e-90	0.000000e+00	0.000000e+00	0.000000e+00	0.000000e+00	0.000000e+00	0.000000e+00	0.000000e+00	1.204788e-69	1.882665e-90	0.000000e+00	0.000000e+00	0.000000e+00	0.000000e+00	0.000000e+00	0.000000e+00	0.000000e+00	0.000000e+00	0.000000e+00	0.000000e+00	0.000000e+00	0.000000e+00	0.000000e+00	0.000000e+00	0.000000e+00	0.000000e+00	0.000000e+00	0.000000e+00	0.000000e+00	0.000000e+00	0.000000e+00	0.000000e+00	0.000000e+00	0.000000e+00	0.000000e+00	0.000000e+00	0.000000e+00	0.000000e+00	0.000000e+00	0.000000e+00	0.000000e+00	0.000000e+00	0.000000e+00	0.000000e+00	0.000000e+00	0.000000e+00	0.000000e+00	0.000000e+00	0.000000e+00	0.000000e+00	0.000000e+00	0.000000e+00	
1373.882333	1.882646e-90	0.000000e+00	2.958404e-61	1.601148e-81	0.000000e+00	0.000000e+00	8.446808e-03	1.882646e-90	1.165923e-03	5.146344e-69	1.882646e-90	1.882646e-90	1.882646e-90	1.882646e-90	0.000000e+00	1.882646e-90	1.882646e-90	1.882646e-90	1.882646e-90	2.446970e-49	4.973717e-03	3.164976e-56	0.000000e+00	0.000000e+00	0.000000e+00	1.882646e-90	1.882646e-90	0.000000e+00	4.884338e-57	0.000000e+00	0.000000e+00	0.000000e+00	0.000000e+00	0.000000e+00	0.000000e+00	0.000000e+00	4.324088e-65	1.882646e-90	1.882646e-90	6.264596e-85	2.123622e-51	3.329694e-78	6.874109e-64	1.882646e-90	2.273499e-04	1.516232e-47	0.000000e+00	0.000000e+00	5.123202e-53	1.882646e-90	0.000000e+00	1.940018e-41	8.419255e-01	1.882646e-90	1.600939e-17	0.000000e+00	1.882646e-90	1.882646e-90	1.882646e-90	1.683781e-63	1.882646e-90	0.000000e+00	0.000000e+00	1.882646e-90	0.000000e+00	0.000000e+00	0.000000e+00	0.000000e+00	0.000000e+00	0.000000e+00	0.000000e+00	1.156147e-69	1.882646e-90	0.000000e+00	0.000000e+00	0.000000e+00	0.000000e+00	0.000000e+00	0.000000e+00	0.000000e+00	0.000000e+00	0.000000e+00	0.000000e+00	0.000000e+00	0.000000e+00	0.000000e+00	0.000000e+00	0.000000e+00	0.000000e+00	0.000000e+00	0.000000e+00	0.000000e+00	0.000000e+00	0.000000e+00	0.000000e+00	0.000000e+00	0.000000e+00	0.000000e+00	0.000000e+00	0.000000e+00	0.000000e+00	0.000000e+00	0.000000e+00	0.000000e+00	0.000000e+00	0.000000e+00	0.000000e+00	0.000000e+00	0.000000e+00	0.000000e+00	0.000000e+00	0.000000e+00	0.000000e+00	0.000000e+00	0.000000e+00	
1383.122091	1.882666e-90	0.000000e+00	2.093871e-61	9.932083e-82	0.000000e+00	0.000000e+00	8.446813e-03	1.882666e-90	1.165957e-03	3.480095e-69	1.882666e-90	1.882666e-90	1.882666e-90	1.882666e-90	0.000000e+00	1.882666e-90	1.882666e-90	1.882666e-90	1.882666e-90	2.403622e-49	4.973821e-03	2.578098e-56	0.000000e+00	0.000000e+00	0.000000e+00	1.882666e-90	1.882666e-90	0.000000e+00	3.960037e-57	0.000000e+00	0.000000e+00	0.000000e+00	0.000000e+00	0.000000e+00	0.000000e+00	0.000000e+00	3.837722e-65	1.882666e-90	1.882666e-90	4.142811e-85	1.834460e-51	2.353440e-78	5.581425e-64	1.882666e-90	2.273454e-04	1.203871e-47	0.000000e+00	0.000000e+00	5.148962e-53	1.882666e-90	0.000000e+00	2.091252e-41	8.419238e-01	1.882666e-90	2.001755e-17	0.000000e+00	1.882666e-90	1.882666e-90	1.882666e-90	1.178566e-63	1.882666e-90	0.000000e+00	0.000000e+00	1.882666e-90	0.000000e+00	0.000000e+00	0.000000e+00	0.000000e+00	0.000000e+00	0.000000e+00	0.000000e+00	1.026175e-69	1.882666e-90	0.000000e+00	0.000000e+00	0.000000e+00	0.000000e+00	0.000000e+00	0.000000e+00	0.000000e+00	0.000000e+00	0.000000e+00	0.000000e+00	0.000000e+00	0.000000e+00	0.000000e+00	0.000000e+00	0.000000e+00	0.000000e+00	0.000000e+00	0.000000e+00	0.000000e+00	0.000000e+00	0.000000e+00	0.000000e+00	0.000000e+00	0.000000e+00	0.000000e+00	0.000000e+00	0.000000e+00	0.000000e+00	0.000000e+00	0.000000e+00	0.000000e+00	0.000000e+00	0.000000e+00	0.000000e+00	0.000000e+00	0.000000e+00	0.000000e+00	0.000000e+00	0.000000e+00	0.000000e+00	0.000000e+00	0.000000e+00	
1392.338538	1.882578e-90	0.000000e+00	1.692846e-61	7.319940e-82	0.000000e+00	0.000000e+00	8.445787e-03	1.882578e-90	1.165828e-03	2.724682e-69	1.882578e-90	1.882578e-90	1.882578e-90	1.882578e-90	0.000000e+00	1.882578e-90	1.882578e-90	1.882578e-90	1.882578e-90	2.671943e-49	4.974209e-03	2.369056e-56	0.000000e+00	0.000000e+00	0.000000e+00	1.882578e-90	1.882578e-90	0.000000e+00	3.627723e-57	0.000000e+00	0.000000e+00	0.000000e+00	0.000000e+00	0.000000e+00	0.000000e+00	0.000000e+00	3.973396e-65	1.882578e-90	1.882578e-90	3.289469e-85	1.756464e-51	1.957657e-78	5.116317e-64	1.882578e-90	2.273339e-04	1.054893e-47	0.000000e+00	0.000000e+00	5.816304e-53	1.882578e-90	0.000000e+00	2.480934e-41	8.419316e-01	1.882578e-90	2.634698e-17	0.000000e+00	1.882578e-90	1.882578e-90	1.882578e-90	9.455083e-64	1.882578e-90	0.000000e+00	0.000000e+00	1.882578e-90	0.000000e+00	0.000000e+00	0.000000e+00	0.000000e+00	0.000000e+00	0.000000e+00	0.000000e+00	1.062416e-69	1.882578e-90	0.000000e+00	0.000000e+00	0.000000e+00	0.000000e+00	0.000000e+00	0.000000e+00	0.000000e+00	0.000000e+00	0.000000e+00	0.000000e+00	0.000000e+00	0.000000e+00	0.000000e+00	0.000000e+00	0.000000e+00	0.000000e+00	0.000000e+00	0.000000e+00	0.000000e+00	0.000000e+00	0.000000e+00	0.000000e+00	0.000000e+00	0.000000e+00	0.000000e+00	0.000000e+00	0.000000e+00	0.000000e+00	0.000000e+00	0.000000e+00	0.000000e+00	0.000000e+00	0.000000e+00	0.000000e+00	0.000000e+00	0.000000e+00	0.000000e+00	0.000000e+00	0.000000e+00	0.000000e+00	0.000000e+00	0.000000e+00	
1401.544983	1.882661e-90	0.000000e+00	1.820692e-61	7.812965e-82	0.000000e+00	0.000000e+00	8.446568e-03	1.882661e-90	1.165840e-03	2.922682e-69	1.882661e-90	1.882661e-90	1.882661e-90	1.882661e-90	0.000000e+00	1.882661e-90	1.882661e-90	1.882661e-90	1.882661e-90	3.872635e-49	4.973569e-03	2.819497e-56	0.000000e+00	0.000000e+00	0.000000e+00	1.882661e-90	1.882661e-90	0.000000e+00	4.315342e-57	0.000000e+00	0.000000e+00	0.000000e+00	0.000000e+00	0.000000e+00	0.000000e+00	0.000000e+00	5.724344e-65	1.882661e-90	1.882661e-90	3.867694e-85	2.097895e-51	2.310998e-78	6.089673e-64	1.882661e-90	2.273441e-04	1.142283e-47	0.000000e+00	0.000000e+00	8.441787e-53	1.882661e-90	0.000000e+00	3.615795e-41	8.419250e-01	1.882661e-90	3.873207e-17	0.000000e+00	1.882661e-90	1.882661e-90	1.882661e-90	1.016129e-63	1.882661e-90	0.000000e+00	0.000000e+00	1.882661e-90	0.000000e+00	0.000000e+00	0.000000e+00	0.000000e+00	0.000000e+00	0.000000e+00	0.000000e+00	1.530757e-69	1.882661e-90	0.000000e+00	0.000000e+00	0.000000e+00	0.000000e+00	0.000000e+00	0.000000e+00	0.000000e+00	0.000000e+00	0.000000e+00	0.000000e+00	0.000000e+00	0.000000e+00	0.000000e+00	0.000000e+00	0.000000e+00	0.000000e+00	0.000000e+00	0.000000e+00	0.000000e+00	0.000000e+00	0.000000e+00	0.000000e+00	0.000000e+00	0.000000e+00	0.000000e+00	0.000000e+00	0.000000e+00	0.000000e+00	0.000000e+00	0.000000e+00	0.000000e+00	0.000000e+00	0.000000e+00	0.000000e+00	0.000000e+00	0.000000e+00	0.000000e+00	0.000000e+00	0.000000e+00	0.000000e+00	0.000000e+00	0.000000e+00	
1410.764774	1.882606e-90	0.000000e+00	3.089151e-61	1.506077e-81	0.000000e+00	0.000000e+00	8.447055e-03	1.882606e-90	1.165846e-03	5.182702e-69	1.882606e-90	1.882606e-90	1.882606e-90	1.882606e-90	0.000000e+00	1.882606e-90	1.882606e-90	1.882606e-90	1.882606e-90	8.575328e-49	4.974054e-03	5.072414e-56	0.000000e+00	0.000000e+00	0.000000e+00	1.882606e-90	1.882606e-90	0.000000e+00	7.799142e-57	0.000000e+00	0.000000e+00	0.000000e+00	0.000000e+00	0.000000e+00	0.000000e+00	0.000000e+00	1.398184e-64	1.882606e-90	1.882606e-90	8.510735e-85	3.564735e-51	4.768452e-78	1.098768e-63	1.882606e-90	2.273302e-04	1.734041e-47	0.000000e+00	0.000000e+00	1.828109e-52	1.882606e-90	0.000000e+00	7.318271e-41	8.419282e-01	1.882606e-90	6.790451e-17	0.000000e+00	1.882606e-90	1.882606e-90	1.882606e-90	1.742874e-63	1.882606e-90	0.000000e+00	0.000000e+00	1.882606e-90	0.000000e+00	0.000000e+00	0.000000e+00	0.000000e+00	0.000000e+00	0.000000e+00	0.000000e+00	3.738638e-69	1.882606e-90	0.000000e+00	0.000000e+00	0.000000e+00	0.000000e+00	0.000000e+00	0.000000e+00	0.000000e+00	0.000000e+00	0.000000e+00	0.000000e+00	0.000000e+00	0.000000e+00	0.000000e+00	0.000000e+00	0.000000e+00	0.000000e+00	0.000000e+00	0.000000e+00	0.000000e+00	0.000000e+00	0.000000e+00	0.000000e+00	0.000000e+00	0.000000e+00	0.000000e+00	0.000000e+00	0.000000e+00	0.000000e+00	0.000000e+00	0.000000e+00	0.000000e+00	0.000000e+00	0.000000e+00	0.000000e+00	0.000000e+00	0.000000e+00	0.000000e+00	0.000000e+00	0.000000e+00	0.000000e+00	0.000000e+00	0.000000e+00	
1420.033508	1.882605e-90	0.000000e+00	1.019774e-60	6.881036e-81	0.000000e+00	0.000000e+00	8.446385e-03	1.882605e-90	1.165906e-03	1.914472e-68	1.882605e-90	1.882605e-90	1.882605e-90	1.882605e-90	0.000000e+00	1.882605e-90	1.882605e-90	1.882605e-90	1.882605e-90	3.526387e-48	4.973874e-03	1.668110e-55	0.000000e+00	0.000000e+00	0.000000e+00	1.882605e-90	1.882605e-90	0.000000e+00	2.594970e-56	0.000000e+00	0.000000e+00	0.000000e+00	0.000000e+00	0.000000e+00	0.000000e+00	0.000000e+00	7.384751e-64	1.882605e-90	1.882605e-90	4.677573e-84	1.014310e-50	2.224453e-77	3.642485e-63	1.882605e-90	2.273391e-04	4.312032e-47	0.000000e+00	0.000000e+00	7.106590e-52	1.882605e-90	0.000000e+00	2.393645e-40	8.419291e-01	1.882605e-90	1.541216e-16	0.000000e+00	1.882605e-90	1.882605e-90	1.882605e-90	5.913350e-63	1.882605e-90	0.000000e+00	0.000000e+00	1.882605e-90	0.000000e+00	0.000000e+00	0.000000e+00	0.000000e+00	0.000000e+00	0.000000e+00	0.000000e+00	1.974533e-68	1.882605e-90	0.000000e+00	0.000000e+00	0.000000e+00	0.000000e+00	0.000000e+00	0.000000e+00	0.000000e+00	0.000000e+00	0.000000e+00	0.000000e+00	0.000000e+00	0.000000e+00	0.000000e+00	0.000000e+00	0.000000e+00	0.000000e+00	0.000000e+00	0.000000e+00	0.000000e+00	0.000000e+00	0.000000e+00	0.000000e+00	0.000000e+00	0.000000e+00	0.000000e+00	0.000000e+00	0.000000e+00	0.000000e+00	0.000000e+00	0.000000e+00	0.000000e+00	0.000000e+00	0.000000e+00	0.000000e+00	0.000000e+00	0.000000e+00	0.000000e+00	0.000000e+00	0.000000e+00	0.000000e+00	0.000000e+00	0.000000e+00	
1429.403995	1.882628e-90	0.000000e+00	8.726734e-60	1.081097e-79	0.000000e+00	0.000000e+00	8.446607e-03	1.882628e-90	1.165876e-03	2.020370e-67	1.882628e-90	1.882628e-90	1.882628e-90	1.882628e-90	0.000000e+00	1.882628e-90	1.882628e-90	1.882628e-90	1.882628e-90	3.527261e-47	4.973907e-03	1.303184e-54	0.000000e+00	0.000000e+00	0.000000e+00	1.882628e-90	1.882628e-90	0.000000e+00	2.072467e-55	0.000000e+00	0.000000e+00	0.000000e+00	0.000000e+00	0.000000e+00	0.000000e+00	0.000000e+00	1.179300e-62	1.882628e-90	1.882628e-90	9.527360e-83	6.040125e-50	3.337716e-76	2.892174e-62	1.882628e-90	2.273440e-04	2.172626e-46	0.000000e+00	0.000000e+00	6.407332e-51	1.882628e-90	0.000000e+00	1.563020e-39	8.419271e-01	1.882628e-90	5.076136e-16	0.000000e+00	1.882628e-90	1.882628e-90	1.882628e-90	5.327205e-62	1.882628e-90	0.000000e+00	0.000000e+00	1.882628e-90	0.000000e+00	0.000000e+00	0.000000e+00	0.000000e+00	0.000000e+00	0.000000e+00	0.000000e+00	3.157783e-67	1.882628e-90	0.000000e+00	0.000000e+00	0.000000e+00	0.000000e+00	0.000000e+00	0.000000e+00	0.000000e+00	0.000000e+00	0.000000e+00	0.000000e+00	0.000000e+00	0.000000e+00	0.000000e+00	0.000000e+00	0.000000e+00	0.000000e+00	0.000000e+00	0.000000e+00	0.000000e+00	0.000000e+00	0.000000e+00	0.000000e+00	0.000000e+00	0.000000e+00	0.000000e+00	0.000000e+00	0.000000e+00	0.000000e+00	0.000000e+00	0.000000e+00	0.000000e+00	0.000000e+00	0.000000e+00	0.000000e+00	0.000000e+00	0.000000e+00	0.000000e+00	0.000000e+00	0.000000e+00	0.000000e+00	0.000000e+00	0.000000e+00	
1438.951219	1.882597e-90	0.000000e+00	2.529722e-58	8.257859e-78	0.000000e+00	0.000000e+00	8.446075e-03	1.882597e-90	1.165966e-03	8.173857e-66	1.882597e-90	1.882597e-90	1.882597e-90	1.882597e-90	0.000000e+00	1.882597e-90	1.882597e-90	1.882597e-90	1.882597e-90	1.107193e-45	4.973201e-03	3.092910e-53	0.000000e+00	0.000000e+00	0.000000e+00	1.882597e-90	1.882597e-90	0.000000e+00	5.098646e-54	0.000000e+00	0.000000e+00	0.000000e+00	0.000000e+00	0.000000e+00	0.000000e+00	0.000000e+00	7.816507e-61	1.882597e-90	1.882597e-90	1.039133e-80	9.283370e-49	2.239591e-74	7.066335e-61	1.882597e-90	2.273332e-04	2.704564e-45	0.000000e+00	0.000000e+00	1.710171e-49	1.882597e-90	0.000000e+00	2.493401e-38	8.419313e-01	1.882597e-90	2.713791e-15	0.000000e+00	1.882597e-90	1.882597e-90	1.882597e-90	1.676290e-60	1.882597e-90	0.000000e+00	0.000000e+00	1.882597e-90	0.000000e+00	0.000000e+00	0.000000e+00	0.000000e+00	0.000000e+00	0.000000e+00	0.000000e+00	2.105315e-65	1.882597e-90	0.000000e+00	0.000000e+00	0.000000e+00	0.000000e+00	0.000000e+00	0.000000e+00	0.000000e+00	0.000000e+00	0.000000e+00	0.000000e+00	0.000000e+00	0.000000e+00	0.000000e+00	0.000000e+00	0.000000e+00	0.000000e+00	0.000000e+00	0.000000e+00	0.000000e+00	0.000000e+00	0.000000e+00	0.000000e+00	0.000000e+00	0.000000e+00	0.000000e+00	0.000000e+00	0.000000e+00	0.000000e+00	0.000000e+00	0.000000e+00	0.000000e+00	0.000000e+00	0.000000e+00	0.000000e+00	0.000000e+00	0.000000e+00	0.000000e+00	0.000000e+00	0.000000e+00	0.000000e+00	0.000000e+00	0.000000e+00	
1448.753378	1.882567e-90	0.000000e+00	1.663202e-56	1.822219e-75	0.000000e+00	0.000000e+00	8.446015e-03	1.882567e-90	1.165839e-03	8.134519e-64	1.882567e-90	1.882567e-90	1.882567e-90	1.882567e-90	0.000000e+00	1.882567e-90	1.882567e-90	1.882567e-90	1.882567e-90	7.565576e-44	4.973476e-03	1.557384e-51	0.000000e+00	0.000000e+00	0.000000e+00	1.882567e-90	1.882567e-90	0.000000e+00	2.689483e-52	0.000000e+00	0.000000e+00	0.000000e+00	0.000000e+00	0.000000e+00	0.000000e+00	0.000000e+00	1.361255e-58	1.882567e-90	1.882567e-90	3.497020e-78	2.707769e-47	4.119826e-72	3.709558e-59	1.882567e-90	2.273259e-04	6.179071e-44	0.000000e+00	0.000000e+00	9.600914e-48	1.882567e-90	0.000000e+00	7.355904e-37	8.419328e-01	1.882567e-90	2.032583e-14	0.000000e+00	1.882567e-90	1.882567e-90	1.882567e-90	1.221867e-58	3.171245e-90	0.000000e+00	0.000000e+00	1.882567e-90	0.000000e+00	0.000000e+00	0.000000e+00	0.000000e+00	0.000000e+00	0.000000e+00	0.000000e+00	3.717110e-63	8.418063e-90	0.000000e+00	0.000000e+00	0.000000e+00	0.000000e+00	0.000000e+00	0.000000e+00	0.000000e+00	0.000000e+00	0.000000e+00	0.000000e+00	0.000000e+00	0.000000e+00	0.000000e+00	0.000000e+00	0.000000e+00	0.000000e+00	0.000000e+00	0.000000e+00	0.000000e+00	0.000000e+00	0.000000e+00	0.000000e+00	0.000000e+00	0.000000e+00	0.000000e+00	0.000000e+00	0.000000e+00	0.000000e+00	0.000000e+00	0.000000e+00	0.000000e+00	0.000000e+00	0.000000e+00	0.000000e+00	0.000000e+00	0.000000e+00	0.000000e+00	0.000000e+00	0.000000e+00	0.000000e+00	0.000000e+00	0.000000e+00	
1458.841693	1.882701e-90	0.000000e+00	7.971505e-55	2.667148e-73	0.000000e+00	0.000000e+00	8.446760e-03	1.882701e-90	1.166039e-03	5.704811e-62	1.882701e-90	1.882701e-90	1.882701e-90	1.882701e-90	0.000000e+00	1.882701e-90	1.882701e-90	1.882701e-90	1.882701e-90	3.894289e-42	4.973590e-03	5.926568e-50	0.000000e+00	0.000000e+00	0.000000e+00	1.882701e-90	2.642322e-88	0.000000e+00	1.069637e-50	0.000000e+00	0.000000e+00	0.000000e+00	0.000000e+00	0.000000e+00	0.000000e+00	0.000000e+00	1.663274e-56	1.882701e-90	1.882701e-90	7.624043e-76	6.212894e-46	5.162428e-70	1.475315e-57	1.882701e-90	2.273442e-04	1.117032e-42	0.000000e+00	0.000000e+00	4.148325e-46	1.319141e-89	0.000000e+00	1.755778e-35	8.419214e-01	1.882701e-90	1.366033e-13	0.000000e+00	1.882701e-90	1.882701e-90	1.882701e-90	6.443019e-57	2.181842e-87	0.000000e+00	0.000000e+00	1.882701e-90	0.000000e+00	0.000000e+00	0.000000e+00	0.000000e+00	0.000000e+00	0.000000e+00	0.000000e+00	4.628862e-61	4.817805e-88	0.000000e+00	0.000000e+00	0.000000e+00	0.000000e+00	0.000000e+00	0.000000e+00	0.000000e+00	0.000000e+00	0.000000e+00	0.000000e+00	0.000000e+00	0.000000e+00	0.000000e+00	0.000000e+00	0.000000e+00	0.000000e+00	0.000000e+00	0.000000e+00	0.000000e+00	0.000000e+00	0.000000e+00	0.000000e+00	0.000000e+00	0.000000e+00	0.000000e+00	0.000000e+00	0.000000e+00	0.000000e+00	0.000000e+00	0.000000e+00	0.000000e+00	0.000000e+00	0.000000e+00	0.000000e+00	0.000000e+00	0.000000e+00	0.000000e+00	0.000000e+00	0.000000e+00	0.000000e+00	0.000000e+00	0.000000e+00	
1469.172982	1.882716e-90	0.000000e+00	1.170926e-53	8.425564e-72	0.000000e+00	0.000000e+00	8.447084e-03	1.882716e-90	1.165942e-03	1.086668e-60	1.882716e-90	1.882716e-90	1.882716e-90	1.882716e-90	0.000000e+00	1.882716e-90	1.882716e-90	1.882716e-90	1.882716e-90	6.640337e-41	4.974444e-03	7.698124e-49	0.000000e+00	0.000000e+00	0.000000e+00	1.882716e-90	3.531940e-86	0.000000e+00	1.433415e-49	0.000000e+00	0.000000e+00	0.000000e+00	0.000000e+00	0.000000e+00	0.000000e+00	0.000000e+00	5.135754e-55	1.882716e-90	1.882716e-90	3.268120e-74	5.694051e-45	1.515955e-68	1.980720e-56	1.882716e-90	2.273507e-04	8.402545e-42	0.000000e+00	0.000000e+00	6.293814e-45	1.760550e-87	0.000000e+00	1.772842e-34	8.419191e-01	1.882716e-90	5.766996e-13	0.000000e+00	1.882716e-90	1.882716e-90	1.882716e-90	1.010839e-55	2.132190e-85	0.000000e+00	0.000000e+00	1.882716e-90	0.000000e+00	0.000000e+00	0.000000e+00	0.000000e+00	0.000000e+00	0.000000e+00	0.000000e+00	1.452960e-59	7.878714e-87	0.000000e+00	0.000000e+00	0.000000e+00	0.000000e+00	0.000000e+00	0.000000e+00	0.000000e+00	0.000000e+00	0.000000e+00	0.000000e+00	0.000000e+00	0.000000e+00	0.000000e+00	0.000000e+00	0.000000e+00	0.000000e+00	0.000000e+00	0.000000e+00	0.000000e+00	0.000000e+00	0.000000e+00	0.000000e+00	0.000000e+00	0.000000e+00	0.000000e+00	0.000000e+00	0.000000e+00	0.000000e+00	0.000000e+00	0.000000e+00	0.000000e+00	0.000000e+00	0.000000e+00	0.000000e+00	0.000000e+00	0.000000e+00	0.000000e+00	0.000000e+00	0.000000e+00	0.000000e+00	0.000000e+00	0.000000e+00	
1479.661841	1.882768e-90	0.000000e+00	5.128558e-53	5.547236e-71	0.000000e+00	0.000000e+00	8.447220e-03	1.882768e-90	1.166002e-03	5.464316e-60	1.882768e-90	2.107859e-90	1.882768e-90	1.882768e-90	0.000000e+00	1.882768e-90	1.882768e-90	1.882768e-90	1.882768e-90	3.624685e-40	4.973938e-03	3.311342e-48	0.000000e+00	0.000000e+00	0.000000e+00	1.882768e-90	5.770202e-85	0.000000e+00	6.269522e-49	0.000000e+00	0.000000e+00	0.000000e+00	0.000000e+00	0.000000e+00	0.000000e+00	0.000000e+00	3.847082e-54	1.882768e-90	1.882768e-90	2.651772e-73	2.033723e-44	1.006276e-67	8.681601e-56	1.882768e-90	2.273536e-04	2.577033e-41	0.000000e+00	0.000000e+00	3.232030e-44	2.871845e-86	0.000000e+00	7.329673e-34	8.419156e-01	1.882768e-90	1.498461e-12	0.000000e+00	1.882768e-90	1.882768e-90	1.882768e-90	4.584801e-55	2.813240e-84	0.000000e+00	0.000000e+00	1.882768e-90	0.000000e+00	0.000000e+00	0.000000e+00	0.000000e+00	0.000000e+00	0.000000e+00	0.000000e+00	1.099199e-58	3.508201e-86	0.000000e+00	0.000000e+00	0.000000e+00	0.000000e+00	0.000000e+00	0.000000e+00	0.000000e+00	0.000000e+00	0.000000e+00	0.000000e+00	0.000000e+00	0.000000e+00	0.000000e+00	0.000000e+00	0.000000e+00	0.000000e+00	0.000000e+00	0.000000e+00	0.000000e+00	0.000000e+00	0.000000e+00	0.000000e+00	0.000000e+00	0.000000e+00	0.000000e+00	0.000000e+00	0.000000e+00	0.000000e+00	0.000000e+00	0.000000e+00	0.000000e+00	0.000000e+00	0.000000e+00	0.000000e+00	0.000000e+00	0.000000e+00	0.000000e+00	0.000000e+00	0.000000e+00	0.000000e+00	0.000000e+00	0.000000e+00	
1490.237299	1.882739e-90	0.000000e+00	1.191356e-52	1.605422e-70	0.000000e+00	0.000000e+00	8.445948e-03	1.882739e-90	1.166044e-03	1.367446e-59	1.882739e-90	1.028124e-89	1.882739e-90	1.882739e-90	0.000000e+00	1.882739e-90	1.882739e-90	1.882739e-90	1.882739e-90	1.087558e-39	4.974165e-03	7.974664e-48	0.000000e+00	0.000000e+00	0.000000e+00	1.882739e-90	3.129708e-84	0.000000e+00	1.524042e-48	0.000000e+00	0.000000e+00	0.000000e+00	0.000000e+00	0.000000e+00	0.000000e+00	0.000000e+00	1.369656e-53	1.882739e-90	1.882739e-90	8.992720e-73	4.429614e-44	3.061961e-67	2.112096e-55	1.882739e-90	2.273512e-04	4.938712e-41	0.000000e+00	0.000000e+00	9.385833e-44	1.555790e-85	0.000000e+00	1.893220e-33	8.419186e-01	1.882739e-90	3.012334e-12	0.000000e+00	1.882739e-90	1.882739e-90	1.882739e-90	1.085440e-54	1.298518e-83	0.000000e+00	0.000000e+00	1.882739e-90	0.000000e+00	0.000000e+00	0.000000e+00	0.000000e+00	0.000000e+00	0.000000e+00	0.000000e+00	3.935013e-58	7.863989e-86	0.000000e+00	0.000000e+00	0.000000e+00	0.000000e+00	0.000000e+00	0.000000e+00	0.000000e+00	0.000000e+00	0.000000e+00	0.000000e+00	0.000000e+00	0.000000e+00	0.000000e+00	0.000000e+00	0.000000e+00	0.000000e+00	0.000000e+00	0.000000e+00	0.000000e+00	0.000000e+00	0.000000e+00	0.000000e+00	0.000000e+00	0.000000e+00	0.000000e+00	0.000000e+00	0.000000e+00	0.000000e+00	0.000000e+00	0.000000e+00	0.000000e+00	0.000000e+00	0.000000e+00	0.000000e+00	0.000000e+00	0.000000e+00	0.000000e+00	0.000000e+00	0.000000e+00	0.000000e+00	0.000000e+00	0.000000e+00	
1500.867381	1.882674e-90	0.000000e+00	2.329576e-52	3.717557e-70	0.000000e+00	0.000000e+00	8.446531e-03	1.882674e-90	1.165915e-03	2.830764e-59	1.882674e-90	3.722366e-89	1.882674e-90	1.882674e-90	0.000000e+00	1.882674e-90	1.882674e-90	1.882674e-90	1.882674e-90	2.773537e-39	4.973523e-03	1.640608e-47	0.000000e+00	0.000000e+00	0.000000e+00	1.882674e-90	1.257577e-83	0.000000e+00	3.156953e-48	0.000000e+00	0.000000e+00	0.000000e+00	0.000000e+00	0.000000e+00	0.000000e+00	0.000000e+00	3.982550e-53	1.882674e-90	1.882674e-90	2.406340e-72	8.436170e-44	7.540617e-67	4.381548e-55	1.882674e-90	2.273636e-04	8.330398e-41	0.000000e+00	0.000000e+00	2.334780e-43	6.246325e-85	0.000000e+00	4.304560e-33	8.419241e-01	1.882674e-90	5.645915e-12	0.000000e+00	1.882674e-90	1.882674e-90	1.882674e-90	2.153291e-54	4.506059e-83	0.000000e+00	0.000000e+00	1.882674e-90	0.000000e+00	0.000000e+00	0.000000e+00	0.000000e+00	0.000000e+00	0.000000e+00	0.000000e+00	1.149421e-57	1.464585e-85	0.000000e+00	0.000000e+00	0.000000e+00	0.000000e+00	0.000000e+00	0.000000e+00	0.000000e+00	0.000000e+00	0.000000e+00	0.000000e+00	0.000000e+00	0.000000e+00	0.000000e+00	0.000000e+00	0.000000e+00	0.000000e+00	0.000000e+00	0.000000e+00	0.000000e+00	0.000000e+00	0.000000e+00	0.000000e+00	0.000000e+00	0.000000e+00	0.000000e+00	0.000000e+00	0.000000e+00	0.000000e+00	0.000000e+00	0.000000e+00	0.000000e+00	0.000000e+00	0.000000e+00	0.000000e+00	0.000000e+00	0.000000e+00	0.000000e+00	0.000000e+00	0.000000e+00	0.000000e+00	0.000000e+00	0.000000e+00	
1511.546175	1.882750e-90	0.000000e+00	4.633720e-52	8.801465e-70	0.000000e+00	0.000000e+00	8.447503e-03	1.882750e-90	1.165953e-03	5.971790e-59	1.882750e-90	1.388755e-88	1.882750e-90	1.882750e-90	0.000000e+00	1.882750e-90	1.882750e-90	1.882750e-90	1.882750e-90	7.194092e-39	4.974761e-03	3.430621e-47	0.000000e+00	0.000000e+00	0.000000e+00	1.882750e-90	5.211608e-83	0.000000e+00	6.650652e-48	0.000000e+00	0.000000e+00	0.000000e+00	0.000000e+00	0.000000e+00	0.000000e+00	0.000000e+00	1.182577e-52	1.882750e-90	1.882750e-90	6.591771e-72	1.628181e-43	1.896600e-66	9.238366e-55	1.882750e-90	2.273530e-04	1.422924e-40	0.000000e+00	0.000000e+00	5.903106e-43	2.584847e-84	0.000000e+00	9.922408e-33	8.419161e-01	1.882750e-90	1.066370e-11	0.000000e+00	1.882750e-90	1.882750e-90	1.882750e-90	4.348910e-54	1.609649e-82	0.000000e+00	0.000000e+00	1.882750e-90	0.000000e+00	0.000000e+00	0.000000e+00	0.000000e+00	0.000000e+00	0.000000e+00	0.000000e+00	3.429868e-57	2.781094e-85	0.000000e+00	0.000000e+00	0.000000e+00	0.000000e+00	0.000000e+00	0.000000e+00	0.000000e+00	0.000000e+00	0.000000e+00	0.000000e+00	0.000000e+00	0.000000e+00	0.000000e+00	0.000000e+00	0.000000e+00	0.000000e+00	0.000000e+00	0.000000e+00	0.000000e+00	0.000000e+00	0.000000e+00	0.000000e+00	0.000000e+00	0.000000e+00	0.000000e+00	0.000000e+00	0.000000e+00	0.000000e+00	0.000000e+00	0.000000e+00	0.000000e+00	0.000000e+00	0.000000e+00	0.000000e+00	0.000000e+00	0.000000e+00	0.000000e+00	0.000000e+00	0.000000e+00	0.000000e+00	0.000000e+00	0.000000e+00	
1522.281816	1.882650e-90	0.000000e+00	1.089360e-51	2.586859e-69	0.000000e+00	0.000000e+00	8.446545e-03	1.882650e-90	1.165898e-03	1.513784e-58	1.882650e-90	6.920204e-88	1.882650e-90	1.882650e-90	0.000000e+00	1.882650e-90	1.882650e-90	1.882650e-90	1.882650e-90	2.185247e-38	4.973744e-03	8.357175e-47	0.000000e+00	0.000000e+00	0.000000e+00	1.882650e-90	2.888229e-82	0.000000e+00	1.635313e-47	0.000000e+00	0.000000e+00	0.000000e+00	0.000000e+00	0.000000e+00	0.000000e+00	0.000000e+00	4.274036e-52	1.882650e-90	1.882650e-90	2.272402e-71	3.580830e-43	5.858494e-66	2.275496e-54	1.882650e-90	2.273338e-04	2.751029e-40	0.000000e+00	0.000000e+00	1.735461e-42	1.430324e-83	0.000000e+00	2.590071e-32	8.419258e-01	1.882650e-90	2.157135e-11	0.000000e+00	1.882650e-90	1.882650e-90	1.882650e-90	1.042061e-53	7.582441e-82	0.000000e+00	0.000000e+00	1.882650e-90	0.000000e+00	0.000000e+00	0.000000e+00	0.000000e+00	0.000000e+00	0.000000e+00	0.000000e+00	1.247351e-56	6.334329e-85	0.000000e+00	0.000000e+00	0.000000e+00	0.000000e+00	0.000000e+00	0.000000e+00	0.000000e+00	0.000000e+00	0.000000e+00	0.000000e+00	0.000000e+00	0.000000e+00	0.000000e+00	0.000000e+00	0.000000e+00	0.000000e+00	0.000000e+00	0.000000e+00	0.000000e+00	0.000000e+00	0.000000e+00	0.000000e+00	0.000000e+00	0.000000e+00	0.000000e+00	0.000000e+00	0.000000e+00	0.000000e+00	0.000000e+00	0.000000e+00	0.000000e+00	0.000000e+00	0.000000e+00	0.000000e+00	0.000000e+00	0.000000e+00	0.000000e+00	0.000000e+00	0.000000e+00	0.000000e+00	0.000000e+00	0.000000e+00	
1533.092283	1.882732e-90	0.000000e+00	3.257841e-51	1.038596e-68	0.000000e+00	0.000000e+00	8.446798e-03	1.882732e-90	1.166086e-03	5.000454e-58	1.882732e-90	5.236750e-87	1.882732e-90	1.882732e-90	0.000000e+00	1.882732e-90	1.882732e-90	1.882732e-90	1.882732e-90	8.347310e-38	4.974061e-03	2.540707e-46	0.000000e+00	0.000000e+00	0.000000e+00	1.882732e-90	2.437900e-81	0.000000e+00	5.034271e-47	0.000000e+00	0.000000e+00	0.000000e+00	0.000000e+00	0.000000e+00	0.000000e+00	0.000000e+00	2.053273e-51	1.882732e-90	1.882732e-90	1.091049e-70	9.510502e-43	2.434831e-65	7.021775e-54	1.882732e-90	2.273475e-04	6.358786e-40	0.000000e+00	0.000000e+00	6.353212e-42	1.204352e-82	0.000000e+00	8.106250e-32	8.419188e-01	1.882732e-90	4.821904e-11	0.000000e+00	1.882732e-90	1.882732e-90	1.882732e-90	3.196826e-53	5.328616e-81	0.000000e+00	0.000000e+00	1.882732e-90	0.000000e+00	0.000000e+00	0.000000e+00	0.000000e+00	0.000000e+00	0.000000e+00	0.000000e+00	6.045131e-56	1.880138e-84	0.000000e+00	0.000000e+00	0.000000e+00	0.000000e+00	0.000000e+00	0.000000e+00	0.000000e+00	0.000000e+00	0.000000e+00	0.000000e+00	0.000000e+00	0.000000e+00	0.000000e+00	0.000000e+00	0.000000e+00	0.000000e+00	0.000000e+00	0.000000e+00	0.000000e+00	0.000000e+00	0.000000e+00	0.000000e+00	0.000000e+00	0.000000e+00	0.000000e+00	0.000000e+00	0.000000e+00	0.000000e+00	0.000000e+00	0.000000e+00	0.000000e+00	0.000000e+00	0.000000e+00	0.000000e+00	0.000000e+00	0.000000e+00	0.000000e+00	0.000000e+00	0.000000e+00	0.000000e+00	0.000000e+00	0.000000e+00	
1544.000904	1.882680e-90	0.000000e+00	1.277769e-50	5.924335e-68	0.000000e+00	0.000000e+00	8.447078e-03	1.882680e-90	1.166013e-03	2.224626e-57	1.882680e-90	6.342959e-86	1.882680e-90	1.882680e-90	0.000000e+00	1.882680e-90	1.882680e-90	1.882680e-90	1.882680e-90	4.127789e-37	4.974138e-03	9.911740e-46	0.000000e+00	0.000000e+00	0.000000e+00	1.882680e-90	3.305065e-80	0.000000e+00	1.995642e-46	0.000000e+00	0.000000e+00	0.000000e+00	0.000000e+00	0.000000e+00	0.000000e+00	0.000000e+00	1.358937e-50	1.882680e-90	1.882680e-90	7.606978e-70	3.123533e-42	1.413323e-64	2.793195e-53	1.882680e-90	2.273525e-04	1.797013e-39	0.000000e+00	0.000000e+00	2.977818e-41	1.626907e-81	0.000000e+00	3.112908e-31	8.419225e-01	1.882680e-90	1.205916e-10	0.000000e+00	1.882680e-90	1.882680e-90	1.882680e-90	1.295081e-52	5.875650e-80	0.000000e+00	0.000000e+00	1.882680e-90	0.000000e+00	0.000000e+00	0.000000e+00	0.000000e+00	0.000000e+00	0.000000e+00	0.000000e+00	4.048116e-55	7.523646e-84	0.000000e+00	0.000000e+00	0.000000e+00	0.000000e+00	0.000000e+00	0.000000e+00	0.000000e+00	0.000000e+00	0.000000e+00	0.000000e+00	0.000000e+00	0.000000e+00	0.000000e+00	0.000000e+00	0.000000e+00	0.000000e+00	0.000000e+00	0.000000e+00	0.000000e+00	0.000000e+00	0.000000e+00	0.000000e+00	0.000000e+00	0.000000e+00	0.000000e+00	0.000000e+00	0.000000e+00	0.000000e+00	0.000000e+00	0.000000e+00	0.000000e+00	0.000000e+00	0.000000e+00	0.000000e+00	0.000000e+00	0.000000e+00	0.000000e+00	0.000000e+00	0.000000e+00	0.000000e+00	0.000000e+00	0.000000e+00	
1555.035302	1.882572e-90	0.000000e+00	6.839978e-50	5.054881e-67	0.000000e+00	0.000000e+00	8.446500e-03	1.882572e-90	1.165986e-03	1.392808e-56	1.882572e-90	1.318730e-84	1.882572e-90	1.882572e-90	0.000000e+00	1.882572e-90	1.882572e-90	1.882572e-90	1.882572e-90	2.746711e-36	4.973878e-03	5.149189e-45	0.000000e+00	0.000000e+00	0.000000e+00	1.882572e-90	7.722097e-79	0.000000e+00	1.057870e-45	0.000000e+00	0.000000e+00	0.000000e+00	0.000000e+00	0.000000e+00	0.000000e+00	0.000000e+00	1.300388e-49	1.882572e-90	1.882572e-90	8.136324e-69	1.309256e-41	1.203665e-63	1.487769e-52	1.882572e-90	2.273465e-04	6.395372e-39	0.000000e+00	0.000000e+00	1.855217e-40	3.781553e-80	0.000000e+00	1.513074e-30	8.419312e-01	1.882572e-90	3.436030e-10	0.000000e+00	1.882572e-90	1.882572e-90	1.882572e-90	7.217521e-52	1.086620e-78	0.000000e+00	0.000000e+00	1.882572e-90	0.000000e+00	0.000000e+00	0.000000e+00	0.000000e+00	0.000000e+00	0.000000e+00	0.000000e+00	3.933918e-54	4.247754e-83	0.000000e+00	0.000000e+00	0.000000e+00	0.000000e+00	0.000000e+00	0.000000e+00	0.000000e+00	0.000000e+00	0.000000e+00	0.000000e+00	0.000000e+00	0.000000e+00	0.000000e+00	0.000000e+00	0.000000e+00	0.000000e+00	0.000000e+00	0.000000e+00	0.000000e+00	0.000000e+00	0.000000e+00	0.000000e+00	0.000000e+00	0.000000e+00	0.000000e+00	0.000000e+00	0.000000e+00	0.000000e+00	0.000000e+00	0.000000e+00	0.000000e+00	0.000000e+00	0.000000e+00	0.000000e+00	0.000000e+00	0.000000e+00	0.000000e+00	0.000000e+00	0.000000e+00	0.000000e+00	0.000000e+00	0.000000e+00	
1566.226469	1.882769e-90	0.000000e+00	4.968002e-49	6.403575e-66	0.000000e+00	0.000000e+00	8.446870e-03	1.882769e-90	1.166075e-03	1.219146e-55	1.882769e-90	4.663560e-83	1.882769e-90	1.882769e-90	0.000000e+00	1.882769e-90	1.882769e-90	1.882769e-90	1.882769e-90	2.449879e-35	4.973977e-03	3.547209e-44	0.000000e+00	0.000000e+00	0.000000e+00	1.882769e-90	3.082714e-77	0.000000e+00	7.466941e-45	0.000000e+00	0.000000e+00	0.000000e+00	0.000000e+00	0.000000e+00	0.000000e+00	0.000000e+00	1.789668e-48	1.882769e-90	1.882769e-90	1.324565e-67	6.977555e-41	1.494379e-62	1.057309e-51	1.882769e-90	2.273569e-04	2.854245e-38	0.000000e+00	0.000000e+00	1.531887e-39	1.498718e-78	0.000000e+00	9.291744e-30	8.419156e-01	1.882769e-90	1.114718e-09	0.000000e+00	1.882769e-90	1.882769e-90	1.882769e-90	5.501235e-51	3.341729e-77	0.000000e+00	0.000000e+00	1.882769e-90	0.000000e+00	0.000000e+00	0.000000e+00	0.000000e+00	0.000000e+00	0.000000e+00	0.000000e+00	5.522966e-53	3.375571e-82	0.000000e+00	0.000000e+00	0.000000e+00	0.000000e+00	0.000000e+00	0.000000e+00	0.000000e+00	0.000000e+00	0.000000e+00	0.000000e+00	0.000000e+00	0.000000e+00	0.000000e+00	0.000000e+00	0.000000e+00	0.000000e+00	0.000000e+00	0.000000e+00	0.000000e+00	0.000000e+00	0.000000e+00	0.000000e+00	0.000000e+00	0.000000e+00	0.000000e+00	0.000000e+00	0.000000e+00	0.000000e+00	0.000000e+00	0.000000e+00	0.000000e+00	0.000000e+00	0.000000e+00	0.000000e+00	0.000000e+00	0.000000e+00	0.000000e+00	0.000000e+00	0.000000e+00	0.000000e+00	0.000000e+00	0.000000e+00	
1577.597478	1.882677e-90	0.000000e+00	3.956168e-48	9.135554e-65	0.000000e+00	0.000000e+00	8.446285e-03	1.882677e-90	1.165958e-03	1.179818e-54	1.882677e-90	1.937809e-81	1.882677e-90	1.882677e-90	0.000000e+00	6.872250e-89	1.882677e-90	1.882677e-90	1.882677e-90	2.392043e-34	4.973564e-03	2.663777e-43	0.000000e+00	0.000000e+00	0.000000e+00	1.882677e-90	1.449479e-75	0.000000e+00	5.754216e-44	0.000000e+00	0.000000e+00	0.000000e+00	0.000000e+00	0.000000e+00	0.000000e+00	0.000000e+00	2.754585e-47	1.882677e-90	1.882677e-90	2.447227e-66	4.000504e-40	2.079386e-61	8.213129e-51	7.153603e-90	2.273348e-04	1.363594e-37	0.000000e+00	0.000000e+00	1.381395e-38	6.984528e-77	0.000000e+00	6.142605e-29	8.419238e-01	1.882677e-90	3.770826e-09	0.000000e+00	1.882677e-90	1.882677e-90	1.882677e-90	4.607805e-50	1.199443e-75	0.000000e+00	0.000000e+00	1.882677e-90	0.000000e+00	0.000000e+00	0.000000e+00	0.000000e+00	0.000000e+00	0.000000e+00	0.000000e+00	8.692539e-52	2.988942e-81	0.000000e+00	0.000000e+00	0.000000e+00	0.000000e+00	0.000000e+00	0.000000e+00	0.000000e+00	0.000000e+00	0.000000e+00	0.000000e+00	0.000000e+00	0.000000e+00	0.000000e+00	0.000000e+00	0.000000e+00	0.000000e+00	0.000000e+00	0.000000e+00	0.000000e+00	0.000000e+00	0.000000e+00	0.000000e+00	0.000000e+00	0.000000e+00	0.000000e+00	0.000000e+00	0.000000e+00	0.000000e+00	0.000000e+00	0.000000e+00	0.000000e+00	0.000000e+00	0.000000e+00	0.000000e+00	0.000000e+00	0.000000e+00	0.000000e+00	0.000000e+00	0.000000e+00	0.000000e+00	0.000000e+00	0.000000e+00	
1589.147209	1.882654e-90	0.000000e+00	2.507343e-47	9.696327e-64	0.000000e+00	0.000000e+00	8.446818e-03	1.882654e-90	1.165916e-03	8.880968e-54	5.239280e-89	5.427223e-80	1.882654e-90	1.882654e-90	0.000000e+00	1.870374e-87	1.882654e-90	1.882654e-90	1.882654e-90	1.884458e-33	4.973739e-03	1.624362e-42	0.000000e+00	0.000000e+00	0.000000e+00	1.882654e-90	4.585642e-74	0.000000e+00	3.591082e-43	0.000000e+00	0.000000e+00	0.000000e+00	0.000000e+00	0.000000e+00	0.000000e+00	0.000000e+00	3.246132e-46	1.882654e-90	1.882654e-90	3.303391e-65	1.920661e-39	2.186228e-60	5.167430e-50	1.384600e-88	2.273490e-04	5.500927e-37	0.000000e+00	0.000000e+00	1.015867e-37	2.190111e-75	0.000000e+00	3.432635e-28	8.419253e-01	1.882654e-90	1.164018e-08	0.000000e+00	1.882654e-90	1.882654e-90	1.882654e-90	3.054319e-49	2.951500e-74	0.000000e+00	0.000000e+00	1.882654e-90	0.000000e+00	0.000000e+00	0.000000e+00	0.000000e+00	0.000000e+00	0.000000e+00	0.000000e+00	1.046327e-50	2.071978e-80	0.000000e+00	0.000000e+00	0.000000e+00	0.000000e+00	0.000000e+00	0.000000e+00	0.000000e+00	0.000000e+00	0.000000e+00	0.000000e+00	0.000000e+00	0.000000e+00	0.000000e+00	0.000000e+00	0.000000e+00	0.000000e+00	0.000000e+00	0.000000e+00	0.000000e+00	0.000000e+00	0.000000e+00	0.000000e+00	0.000000e+00	0.000000e+00	0.000000e+00	0.000000e+00	0.000000e+00	0.000000e+00	0.000000e+00	0.000000e+00	0.000000e+00	0.000000e+00	0.000000e+00	0.000000e+00	0.000000e+00	0.000000e+00	0.000000e+00	0.000000e+00	0.000000e+00	0.000000e+00	0.000000e+00	0.000000e+00	
1600.848480	1.882693e-90	0.000000e+00	1.042721e-46	5.962417e-63	0.000000e+00	0.000000e+00	8.446545e-03	1.882693e-90	1.165983e-03	4.207486e-53	9.693165e-88	7.318761e-79	1.882693e-90	1.882693e-90	0.000000e+00	2.409179e-86	1.882693e-90	1.882693e-90	1.882693e-90	9.944231e-33	4.973598e-03	6.724524e-42	0.000000e+00	0.000000e+00	0.000000e+00	1.882693e-90	6.950384e-73	0.000000e+00	1.513300e-42	0.000000e+00	0.000000e+00	0.000000e+00	0.000000e+00	0.000000e+00	0.000000e+00	0.000000e+00	2.326038e-45	1.882693e-90	1.882693e-90	2.497181e-64	6.629515e-39	1.367694e-59	2.192003e-49	1.379083e-87	2.273449e-04	1.623586e-36	0.000000e+00	0.000000e+00	5.091738e-37	3.294979e-74	0.000000e+00	1.396908e-27	8.419231e-01	1.882693e-90	3.019123e-08	0.000000e+00	1.882693e-90	1.882693e-90	1.882693e-90	1.314157e-48	3.607398e-73	0.000000e+00	0.000000e+00	1.882693e-90	0.000000e+00	0.000000e+00	0.000000e+00	0.000000e+00	0.000000e+00	0.000000e+00	0.000000e+00	7.624992e-50	9.039703e-80	0.000000e+00	0.000000e+00	0.000000e+00	0.000000e+00	0.000000e+00	0.000000e+00	0.000000e+00	0.000000e+00	0.000000e+00	0.000000e+00	0.000000e+00	0.000000e+00	0.000000e+00	0.000000e+00	0.000000e+00	0.000000e+00	0.000000e+00	0.000000e+00	0.000000e+00	0.000000e+00	0.000000e+00	0.000000e+00	0.000000e+00	0.000000e+00	0.000000e+00	0.000000e+00	0.000000e+00	0.000000e+00	0.000000e+00	0.000000e+00	0.000000e+00	0.000000e+00	0.000000e+00	0.000000e+00	0.000000e+00	0.000000e+00	0.000000e+00	0.000000e+00	0.000000e+00	0.000000e+00	0.000000e+00	0.000000e+00	
1612.664994	1.882610e-90	0.000000e+00	3.005017e-46	2.280096e-62	0.000000e+00	0.000000e+00	8.446202e-03	1.882610e-90	1.165836e-03	1.332021e-52	8.935879e-87	5.219633e-78	1.882610e-90	1.882610e-90	0.000000e+00	1.617042e-85	1.882610e-90	1.882610e-90	1.882610e-90	3.698967e-32	4.973670e-03	1.986179e-41	0.000000e+00	0.000000e+00	0.000000e+00	1.882610e-90	5.547028e-72	0.000000e+00	4.528276e-42	0.000000e+00	0.000000e+00	0.000000e+00	0.000000e+00	0.000000e+00	0.000000e+00	0.000000e+00	1.079498e-44	1.882610e-90	1.882610e-90	1.139646e-63	1.716426e-38	5.444226e-59	6.591671e-49	7.693444e-87	2.273381e-04	3.650952e-36	0.000000e+00	0.000000e+00	1.825510e-36	2.614540e-73	0.000000e+00	4.307504e-27	8.419293e-01	1.882610e-90	6.716996e-08	0.000000e+00	1.882610e-90	1.882610e-90	1.882610e-90	3.881838e-48	2.396563e-72	0.000000e+00	0.000000e+00	1.882610e-90	0.000000e+00	0.000000e+00	0.000000e+00	0.000000e+00	0.000000e+00	0.000000e+00	0.000000e+00	3.583652e-49	2.629804e-79	0.000000e+00	0.000000e+00	0.000000e+00	0.000000e+00	0.000000e+00	0.000000e+00	0.000000e+00	0.000000e+00	0.000000e+00	0.000000e+00	0.000000e+00	0.000000e+00	0.000000e+00	0.000000e+00	0.000000e+00	0.000000e+00	0.000000e+00	0.000000e+00	0.000000e+00	0.000000e+00	0.000000e+00	0.000000e+00	0.000000e+00	0.000000e+00	0.000000e+00	0.000000e+00	0.000000e+00	0.000000e+00	0.000000e+00	0.000000e+00	0.000000e+00	0.000000e+00	0.000000e+00	0.000000e+00	0.000000e+00	0.000000e+00	0.000000e+00	0.000000e+00	0.000000e+00	0.000000e+00	0.000000e+00	0.000000e+00	
1624.568135	1.882638e-90	0.000000e+00	6.867713e-46	6.457990e-62	0.000000e+00	0.000000e+00	8.446487e-03	1.882638e-90	1.165660e-03	3.268625e-52	5.302631e-86	2.488448e-77	1.882638e-90	1.882638e-90	0.000000e+00	7.188060e-85	1.882638e-90	1.882638e-90	1.882638e-90	1.102762e-31	4.973765e-03	4.738381e-41	0.000000e+00	0.000000e+00	0.000000e+00	1.882638e-90	2.950248e-71	0.000000e+00	1.091011e-41	0.000000e+00	0.000000e+00	0.000000e+00	0.000000e+00	0.000000e+00	0.000000e+00	0.000000e+00	3.805957e-44	1.882638e-90	1.882638e-90	3.780363e-63	3.705167e-38	1.628420e-58	1.594630e-48	2.974702e-86	2.273410e-04	6.913239e-36	0.000000e+00	0.000000e+00	5.294035e-36	1.384255e-72	0.000000e+00	1.114305e-26	8.419269e-01	1.882638e-90	1.356080e-07	0.000000e+00	6.453822e-90	1.882638e-90	1.882638e-90	9.039349e-48	1.082790e-71	0.000000e+00	0.000000e+00	1.882638e-90	0.000000e+00	0.000000e+00	0.000000e+00	0.000000e+00	0.000000e+00	0.000000e+00	0.000000e+00	1.276044e-48	5.919635e-79	0.000000e+00	0.000000e+00	0.000000e+00	0.000000e+00	0.000000e+00	0.000000e+00	0.000000e+00	0.000000e+00	0.000000e+00	0.000000e+00	0.000000e+00	0.000000e+00	0.000000e+00	0.000000e+00	0.000000e+00	0.000000e+00	0.000000e+00	0.000000e+00	0.000000e+00	0.000000e+00	0.000000e+00	0.000000e+00	0.000000e+00	0.000000e+00	0.000000e+00	0.000000e+00	0.000000e+00	0.000000e+00	0.000000e+00	0.000000e+00	0.000000e+00	0.000000e+00	0.000000e+00	0.000000e+00	0.000000e+00	0.000000e+00	0.000000e+00	0.000000e+00	0.000000e+00	0.000000e+00	0.000000e+00	0.000000e+00	
1636.536616	1.882637e-90	0.000000e+00	1.287156e-45	1.414674e-61	0.000000e+00	0.000000e+00	8.446092e-03	1.882637e-90	1.165472e-03	6.450740e-52	2.157395e-85	8.403176e-77	1.882637e-90	1.882637e-90	0.000000e+00	2.245412e-84	1.882637e-90	1.882637e-90	1.882637e-90	2.719029e-31	4.973431e-03	9.412690e-41	0.000000e+00	0.000000e+00	0.000000e+00	1.882637e-90	1.108304e-70	0.000000e+00	2.182924e-41	0.000000e+00	0.000000e+00	0.000000e+00	0.000000e+00	0.000000e+00	0.000000e+00	0.000000e+00	1.060234e-43	1.882637e-90	1.882637e-90	9.544623e-63	6.844857e-38	3.813348e-58	3.200456e-48	8.397841e-86	2.273485e-04	1.130021e-35	0.000000e+00	0.000000e+00	1.279554e-35	5.182942e-72	0.000000e+00	2.478215e-26	8.419272e-01	1.882637e-90	2.518403e-07	0.000000e+00	2.210399e-89	1.882637e-90	1.882637e-90	1.717274e-47	3.516201e-71	0.000000e+00	0.000000e+00	1.882637e-90	0.000000e+00	0.000000e+00	0.000000e+00	0.000000e+00	0.000000e+00	0.000000e+00	0.000000e+00	3.580610e-48	1.068542e-78	0.000000e+00	0.000000e+00	0.000000e+00	0.000000e+00	0.000000e+00	0.000000e+00	0.000000e+00	0.000000e+00	0.000000e+00	0.000000e+00	0.000000e+00	0.000000e+00	0.000000e+00	0.000000e+00	0.000000e+00	0.000000e+00	0.000000e+00	0.000000e+00	0.000000e+00	0.000000e+00	0.000000e+00	0.000000e+00	0.000000e+00	0.000000e+00	0.000000e+00	0.000000e+00	0.000000e+00	0.000000e+00	0.000000e+00	0.000000e+00	0.000000e+00	0.000000e+00	0.000000e+00	0.000000e+00	0.000000e+00	0.000000e+00	0.000000e+00	0.000000e+00	0.000000e+00	0.000000e+00	0.000000e+00	0.000000e+00	
1648.548559	1.882607e-90	0.000000e+00	1.918389e-45	2.303504e-61	0.000000e+00	0.000000e+00	8.446143e-03	1.882607e-90	1.165077e-03	9.897292e-52	5.672088e-85	1.904823e-76	1.882607e-90	1.882607e-90	0.000000e+00	4.665861e-84	1.882607e-90	1.882607e-90	1.882607e-90	5.383855e-31	4.973490e-03	1.513524e-40	0.000000e+00	0.000000e+00	0.000000e+00	1.882607e-90	2.786480e-70	0.000000e+00	3.524513e-41	0.000000e+00	0.000000e+00	0.000000e+00	0.000000e+00	0.000000e+00	0.000000e+00	0.000000e+00	2.249179e-43	1.882607e-90	1.882607e-90	1.757970e-62	1.056009e-37	6.730499e-58	5.176159e-48	1.648278e-85	2.273400e-04	1.558374e-35	0.000000e+00	0.000000e+00	2.505088e-35	1.300448e-71	0.000000e+00	4.628588e-26	8.419300e-01	1.882607e-90	4.243819e-07	0.000000e+00	4.838826e-89	1.882607e-90	1.882607e-90	2.579308e-47	7.797975e-71	0.000000e+00	0.000000e+00	1.882607e-90	0.000000e+00	0.000000e+00	0.000000e+00	0.000000e+00	0.000000e+00	0.000000e+00	0.000000e+00	7.627864e-48	1.494146e-78	0.000000e+00	0.000000e+00	0.000000e+00	0.000000e+00	0.000000e+00	0.000000e+00	0.000000e+00	0.000000e+00	0.000000e+00	0.000000e+00	0.000000e+00	0.000000e+00	0.000000e+00	0.000000e+00	0.000000e+00	0.000000e+00	0.000000e+00	0.000000e+00	0.000000e+00	0.000000e+00	0.000000e+00	0.000000e+00	0.000000e+00	0.000000e+00	0.000000e+00	0.000000e+00	0.000000e+00	0.000000e+00	0.000000e+00	0.000000e+00	0.000000e+00	0.000000e+00	0.000000e+00	0.000000e+00	0.000000e+00	0.000000e+00	0.000000e+00	0.000000e+00	0.000000e+00	0.000000e+00	0.000000e+00	0.000000e+00	
1660.578169	1.882650e-90	0.000000e+00	2.192736e-45	2.660356e-61	0.000000e+00	0.000000e+00	8.446912e-03	1.882650e-90	1.164690e-03	1.134758e-51	8.995262e-85	2.721668e-76	1.882650e-90	1.882650e-90	0.000000e+00	6.047678e-84	1.882650e-90	1.882650e-90	1.882650e-90	8.267776e-31	4.974224e-03	1.905081e-40	0.000000e+00	0.000000e+00	0.000000e+00	1.882650e-90	4.399592e-70	0.000000e+00	4.438691e-41	0.000000e+00	0.000000e+00	0.000000e+00	0.000000e+00	0.000000e+00	0.000000e+00	0.000000e+00	3.480391e-43	1.882650e-90	1.882650e-90	2.247361e-62	1.322516e-37	8.562539e-58	6.519324e-48	2.123364e-85	2.273386e-04	1.765263e-35	0.000000e+00	0.000000e+00	3.841940e-35	2.052494e-71	0.000000e+00	7.060614e-26	8.419255e-01	1.882650e-90	6.390960e-07	0.000000e+00	6.309295e-89	1.882650e-90	1.882650e-90	2.951268e-47	1.111861e-70	0.000000e+00	0.000000e+00	1.882650e-90	0.000000e+00	0.000000e+00	0.000000e+00	0.000000e+00	0.000000e+00	0.000000e+00	0.000000e+00	1.181031e-47	1.554039e-78	0.000000e+00	0.000000e+00	0.000000e+00	0.000000e+00	0.000000e+00	0.000000e+00	0.000000e+00	0.000000e+00	0.000000e+00	0.000000e+00	0.000000e+00	0.000000e+00	0.000000e+00	0.000000e+00	0.000000e+00	0.000000e+00	0.000000e+00	0.000000e+00	0.000000e+00	0.000000e+00	0.000000e+00	0.000000e+00	0.000000e+00	0.000000e+00	0.000000e+00	0.000000e+00	0.000000e+00	0.000000e+00	0.000000e+00	0.000000e+00	0.000000e+00	0.000000e+00	0.000000e+00	0.000000e+00	0.000000e+00	0.000000e+00	0.000000e+00	0.000000e+00	0.000000e+00	0.000000e+00	0.000000e+00	0.000000e+00	
1672.597826	1.882557e-90	0.000000e+00	1.934219e-45	2.196319e-61	0.000000e+00	0.000000e+00	8.445890e-03	1.882557e-90	1.164178e-03	9.788201e-52	8.702653e-85	2.476921e-76	1.882557e-90	1.882557e-90	0.000000e+00	4.941999e-84	1.882557e-90	1.882557e-90	1.882557e-90	9.898381e-31	4.973470e-03	1.886511e-40	0.000000e+00	0.000000e+00	0.000000e+00	1.882557e-90	4.406485e-70	0.000000e+00	4.381827e-41	0.000000e+00	0.000000e+00	0.000000e+00	0.000000e+00	0.000000e+00	0.000000e+00	0.000000e+00	3.955334e-43	1.882557e-90	1.882557e-90	2.011188e-62	1.350927e-37	7.909592e-58	6.427485e-48	1.811340e-85	2.273304e-04	1.650011e-35	0.000000e+00	0.000000e+00	4.638330e-35	2.058999e-71	0.000000e+00	8.829005e-26	8.419344e-01	1.882557e-90	8.621472e-07	0.000000e+00	4.959582e-89	1.882557e-90	1.882557e-90	2.587923e-47	1.029119e-70	0.000000e+00	0.000000e+00	1.882557e-90	0.000000e+00	0.000000e+00	0.000000e+00	0.000000e+00	0.000000e+00	0.000000e+00	0.000000e+00	1.337812e-47	1.208983e-78	0.000000e+00	0.000000e+00	0.000000e+00	0.000000e+00	0.000000e+00	0.000000e+00	0.000000e+00	0.000000e+00	0.000000e+00	0.000000e+00	0.000000e+00	0.000000e+00	0.000000e+00	0.000000e+00	0.000000e+00	0.000000e+00	0.000000e+00	0.000000e+00	0.000000e+00	0.000000e+00	0.000000e+00	0.000000e+00	0.000000e+00	0.000000e+00	0.000000e+00	0.000000e+00	0.000000e+00	0.000000e+00	0.000000e+00	0.000000e+00	0.000000e+00	0.000000e+00	0.000000e+00	0.000000e+00	0.000000e+00	0.000000e+00	0.000000e+00	0.000000e+00	0.000000e+00	0.000000e+00	0.000000e+00	0.000000e+00	
1684.581531	1.882640e-90	0.000000e+00	1.344559e-45	1.332312e-61	0.000000e+00	0.000000e+00	8.446438e-03	1.882640e-90	1.163881e-03	6.501618e-52	5.352326e-85	1.490288e-76	1.882640e-90	1.882640e-90	0.000000e+00	2.644861e-84	1.882640e-90	1.882640e-90	1.882640e-90	9.436314e-31	4.973528e-03	1.499894e-40	0.000000e+00	0.000000e+00	0.000000e+00	1.882640e-90	2.907651e-70	0.000000e+00	3.461724e-41	0.000000e+00	0.000000e+00	0.000000e+00	0.000000e+00	0.000000e+00	0.000000e+00	0.000000e+00	3.387899e-43	1.882640e-90	1.882640e-90	1.296985e-62	1.144646e-37	5.447510e-58	5.065273e-48	1.059540e-85	2.273451e-04	1.292736e-35	0.000000e+00	0.000000e+00	4.499844e-35	1.362808e-71	0.000000e+00	9.210575e-26	8.419282e-01	1.882640e-90	1.051998e-06	0.000000e+00	2.449206e-89	1.882640e-90	1.882640e-90	1.777738e-47	6.409342e-71	0.000000e+00	0.000000e+00	1.882640e-90	0.000000e+00	0.000000e+00	0.000000e+00	0.000000e+00	0.000000e+00	0.000000e+00	0.000000e+00	1.138646e-47	7.217329e-79	0.000000e+00	0.000000e+00	0.000000e+00	0.000000e+00	0.000000e+00	0.000000e+00	0.000000e+00	0.000000e+00	0.000000e+00	0.000000e+00	0.000000e+00	0.000000e+00	0.000000e+00	0.000000e+00	0.000000e+00	0.000000e+00	0.000000e+00	0.000000e+00	0.000000e+00	0.000000e+00	0.000000e+00	0.000000e+00	0.000000e+00	0.000000e+00	0.000000e+00	0.000000e+00	0.000000e+00	0.000000e+00	0.000000e+00	0.000000e+00	0.000000e+00	0.000000e+00	0.000000e+00	0.000000e+00	0.000000e+00	0.000000e+00	0.000000e+00	0.000000e+00	0.000000e+00	0.000000e+00	0.000000e+00	0.000000e+00	
1696.506783	1.882698e-90	0.000000e+00	7.668172e-46	6.254388e-62	0.000000e+00	0.000000e+00	8.446535e-03	1.882698e-90	1.163664e-03	3.475157e-52	2.258928e-85	6.356286e-77	1.882698e-90	1.882698e-90	0.000000e+00	9.955346e-85	1.882698e-90	1.882698e-90	1.882698e-90	7.444508e-31	4.974337e-03	9.935739e-41	0.000000e+00	0.000000e+00	0.000000e+00	1.882698e-90	1.356734e-70	0.000000e+00	2.272993e-41	0.000000e+00	0.000000e+00	0.000000e+00	0.000000e+00	0.000000e+00	0.000000e+00	0.000000e+00	2.294555e-43	1.882698e-90	1.882698e-90	6.369495e-63	8.301536e-38	2.938688e-58	3.312714e-48	4.527706e-86	2.273485e-04	8.745212e-36	0.000000e+00	0.000000e+00	3.640081e-35	6.384618e-72	0.000000e+00	8.264939e-26	8.419222e-01	1.882698e-90	1.181104e-06	0.000000e+00	8.218366e-90	1.882698e-90	1.882698e-90	9.969630e-48	2.871704e-71	0.000000e+00	0.000000e+00	1.882698e-90	0.000000e+00	0.000000e+00	0.000000e+00	0.000000e+00	0.000000e+00	0.000000e+00	0.000000e+00	7.642829e-48	3.456061e-79	0.000000e+00	0.000000e+00	0.000000e+00	0.000000e+00	0.000000e+00	0.000000e+00	0.000000e+00	0.000000e+00	0.000000e+00	0.000000e+00	0.000000e+00	0.000000e+00	0.000000e+00	0.000000e+00	0.000000e+00	0.000000e+00	0.000000e+00	0.000000e+00	0.000000e+00	0.000000e+00	0.000000e+00	0.000000e+00	0.000000e+00	0.000000e+00	0.000000e+00	0.000000e+00	0.000000e+00	0.000000e+00	0.000000e+00	0.000000e+00	0.000000e+00	0.000000e+00	0.000000e+00	0.000000e+00	0.000000e+00	0.000000e+00	0.000000e+00	0.000000e+00	0.000000e+00	0.000000e+00	0.000000e+00	0.000000e+00	
1708.355307	1.882598e-90	0.000000e+00	3.696393e-46	2.361402e-62	0.000000e+00	0.000000e+00	8.446296e-03	1.882598e-90	1.163484e-03	1.544254e-52	6.926025e-86	2.024188e-77	1.882598e-90	1.882598e-90	0.000000e+00	2.779047e-85	1.882598e-90	1.882598e-90	1.882598e-90	4.999928e-31	4.973616e-03	5.634910e-41	0.000000e+00	0.000000e+00	0.000000e+00	1.882598e-90	4.713373e-71	0.000000e+00	1.274576e-41	0.000000e+00	0.000000e+00	0.000000e+00	0.000000e+00	0.000000e+00	0.000000e+00	0.000000e+00	1.272799e-43	1.882598e-90	1.882598e-90	2.481716e-63	5.275780e-38	1.288263e-58	1.849654e-48	1.482462e-86	2.273386e-04	5.222170e-36	0.000000e+00	0.000000e+00	2.523266e-35	2.229472e-72	0.000000e+00	6.525474e-26	8.419311e-01	1.882598e-90	1.235875e-06	0.000000e+00	1.985859e-90	1.882598e-90	1.882598e-90	4.703815e-48	9.723971e-72	0.000000e+00	0.000000e+00	1.882598e-90	0.000000e+00	0.000000e+00	0.000000e+00	0.000000e+00	0.000000e+00	0.000000e+00	0.000000e+00	4.192779e-48	1.373281e-79	0.000000e+00	0.000000e+00	0.000000e+00	0.000000e+00	0.000000e+00	0.000000e+00	0.000000e+00	0.000000e+00	0.000000e+00	0.000000e+00	0.000000e+00	0.000000e+00	0.000000e+00	0.000000e+00	0.000000e+00	0.000000e+00	0.000000e+00	0.000000e+00	0.000000e+00	0.000000e+00	0.000000e+00	0.000000e+00	0.000000e+00	0.000000e+00	0.000000e+00	0.000000e+00	0.000000e+00	0.000000e+00	0.000000e+00	0.000000e+00	0.000000e+00	0.000000e+00	0.000000e+00	0.000000e+00	0.000000e+00	0.000000e+00	0.000000e+00	0.000000e+00	0.000000e+00	0.000000e+00	0.000000e+00	0.000000e+00	
1720.112868	1.882707e-90	0.000000e+00	1.559639e-46	7.503813e-63	0.000000e+00	0.000000e+00	8.446682e-03	1.882707e-90	1.163490e-03	5.928967e-53	1.650566e-86	5.117553e-78	1.882707e-90	1.882707e-90	0.000000e+00	6.125468e-86	1.882707e-90	1.882707e-90	1.882707e-90	2.959335e-31	4.973891e-03	2.828331e-41	0.000000e+00	0.000000e+00	0.000000e+00	1.882707e-90	1.298125e-71	0.000000e+00	6.315319e-42	0.000000e+00	0.000000e+00	0.000000e+00	0.000000e+00	0.000000e+00	0.000000e+00	0.000000e+00	6.034552e-44	1.882707e-90	1.882707e-90	8.051535e-64	3.021525e-38	4.793949e-59	9.119974e-49	3.935684e-87	2.273524e-04	2.825521e-36	0.000000e+00	0.000000e+00	1.550009e-35	6.174543e-73	0.000000e+00	4.662091e-26	8.419218e-01	1.882707e-90	1.224138e-06	0.000000e+00	1.882707e-90	1.882707e-90	1.882707e-90	1.936410e-48	2.640070e-72	0.000000e+00	0.000000e+00	1.882707e-90	0.000000e+00	0.000000e+00	0.000000e+00	0.000000e+00	0.000000e+00	0.000000e+00	0.000000e+00	1.963352e-48	4.715048e-80	0.000000e+00	0.000000e+00	0.000000e+00	0.000000e+00	0.000000e+00	0.000000e+00	0.000000e+00	0.000000e+00	0.000000e+00	0.000000e+00	0.000000e+00	0.000000e+00	0.000000e+00	0.000000e+00	0.000000e+00	0.000000e+00	0.000000e+00	0.000000e+00	0.000000e+00	0.000000e+00	0.000000e+00	0.000000e+00	0.000000e+00	0.000000e+00	0.000000e+00	0.000000e+00	0.000000e+00	0.000000e+00	0.000000e+00	0.000000e+00	0.000000e+00	0.000000e+00	0.000000e+00	0.000000e+00	0.000000e+00	0.000000e+00	0.000000e+00	0.000000e+00	0.000000e+00	0.000000e+00	0.000000e+00	0.000000e+00	
1731.768900	1.882710e-90	0.000000e+00	5.917798e-47	2.078022e-63	0.000000e+00	0.000000e+00	8.446982e-03	1.882710e-90	1.163666e-03	2.025789e-53	3.218879e-87	1.076472e-78	1.882710e-90	1.882710e-90	0.000000e+00	1.118434e-86	1.882710e-90	1.882710e-90	1.882710e-90	1.583582e-31	4.973747e-03	1.287721e-41	0.000000e+00	0.000000e+00	0.000000e+00	1.882710e-90	2.970343e-72	0.000000e+00	2.834412e-42	0.000000e+00	0.000000e+00	0.000000e+00	0.000000e+00	0.000000e+00	0.000000e+00	0.000000e+00	2.524726e-44	1.882710e-90	1.882710e-90	2.256796e-64	1.592127e-38	1.565086e-59	4.072110e-49	8.840451e-88	2.273324e-04	1.412821e-36	0.000000e+00	0.000000e+00	8.646145e-36	1.421013e-73	0.000000e+00	3.075929e-26	8.419221e-01	1.882710e-90	1.161097e-06	0.000000e+00	1.882710e-90	1.882710e-90	1.882710e-90	7.148531e-49	6.009453e-73	0.000000e+00	0.000000e+00	1.882710e-90	0.000000e+00	0.000000e+00	0.000000e+00	0.000000e+00	0.000000e+00	0.000000e+00	0.000000e+00	8.105213e-49	1.441415e-80	0.000000e+00	0.000000e+00	0.000000e+00	0.000000e+00	0.000000e+00	0.000000e+00	0.000000e+00	0.000000e+00	0.000000e+00	0.000000e+00	0.000000e+00	0.000000e+00	0.000000e+00	0.000000e+00	0.000000e+00	0.000000e+00	0.000000e+00	0.000000e+00	0.000000e+00	0.000000e+00	0.000000e+00	0.000000e+00	0.000000e+00	0.000000e+00	0.000000e+00	0.000000e+00	0.000000e+00	0.000000e+00	0.000000e+00	0.000000e+00	0.000000e+00	0.000000e+00	0.000000e+00	0.000000e+00	0.000000e+00	0.000000e+00	0.000000e+00	0.000000e+00	0.000000e+00	0.000000e+00	0.000000e+00	0.000000e+00	
1743.316959	1.882609e-90	0.000000e+00	2.112207e-47	5.315885e-64	0.000000e+00	0.000000e+00	8.447065e-03	1.882609e-90	1.163805e-03	6.470590e-54	5.595869e-88	2.037196e-79	1.882609e-90	1.882609e-90	0.000000e+00	1.832425e-87	1.882609e-90	1.882609e-90	1.882609e-90	8.000725e-32	4.973461e-03	5.544617e-42	0.000000e+00	0.000000e+00	0.000000e+00	1.882609e-90	6.112298e-73	0.000000e+00	1.202212e-42	0.000000e+00	0.000000e+00	0.000000e+00	0.000000e+00	0.000000e+00	0.000000e+00	0.000000e+00	9.834169e-45	1.882609e-90	1.882609e-90	5.816141e-65	8.001988e-39	4.740354e-60	1.718604e-49	1.805376e-88	2.273466e-04	6.752224e-37	0.000000e+00	0.000000e+00	4.567411e-36	2.941345e-74	0.000000e+00	1.940156e-26	8.419301e-01	1.882609e-90	1.074735e-06	0.000000e+00	1.882609e-90	1.882609e-90	1.882609e-90	2.478494e-49	1.236282e-73	0.000000e+00	0.000000e+00	1.882609e-90	0.000000e+00	0.000000e+00	0.000000e+00	0.000000e+00	0.000000e+00	0.000000e+00	0.000000e+00	3.114287e-49	4.127580e-81	0.000000e+00	0.000000e+00	0.000000e+00	0.000000e+00	0.000000e+00	0.000000e+00	0.000000e+00	0.000000e+00	0.000000e+00	0.000000e+00	0.000000e+00	0.000000e+00	0.000000e+00	0.000000e+00	0.000000e+00	0.000000e+00	0.000000e+00	0.000000e+00	0.000000e+00	0.000000e+00	0.000000e+00	0.000000e+00	0.000000e+00	0.000000e+00	0.000000e+00	0.000000e+00	0.000000e+00	0.000000e+00	0.000000e+00	0.000000e+00	0.000000e+00	0.000000e+00	0.000000e+00	0.000000e+00	0.000000e+00	0.000000e+00	0.000000e+00	0.000000e+00	0.000000e+00	0.000000e+00	0.000000e+00	0.000000e+00	
1754.756354	1.882694e-90	0.000000e+00	7.588000e-48	1.371136e-64	0.000000e+00	0.000000e+00	8.446343e-03	1.882694e-90	1.163953e-03	2.081219e-54	9.863366e-89	3.901373e-80	1.882694e-90	1.882694e-90	0.000000e+00	3.038264e-88	1.882694e-90	1.882694e-90	1.882694e-90	4.072091e-32	4.974011e-03	2.403479e-42	0.000000e+00	0.000000e+00	0.000000e+00	1.882694e-90	1.273969e-73	0.000000e+00	5.135929e-43	0.000000e+00	0.000000e+00	0.000000e+00	0.000000e+00	0.000000e+00	0.000000e+00	0.000000e+00	3.865403e-45	1.882694e-90	1.882694e-90	1.512281e-65	4.043373e-39	1.447520e-60	7.303765e-50	3.729704e-89	2.273370e-04	3.242322e-37	0.000000e+00	0.000000e+00	2.431039e-36	6.162234e-75	0.000000e+00	1.231803e-26	8.419234e-01	1.882694e-90	9.989031e-07	0.000000e+00	1.882694e-90	1.882694e-90	1.882694e-90	8.652397e-50	2.572878e-74	0.000000e+00	0.000000e+00	1.882694e-90	0.000000e+00	0.000000e+00	0.000000e+00	0.000000e+00	0.000000e+00	0.000000e+00	0.000000e+00	1.208127e-49	1.193021e-81	0.000000e+00	0.000000e+00	0.000000e+00	0.000000e+00	0.000000e+00	0.000000e+00	0.000000e+00	0.000000e+00	0.000000e+00	0.000000e+00	0.000000e+00	0.000000e+00	0.000000e+00	0.000000e+00	0.000000e+00	0.000000e+00	0.000000e+00	0.000000e+00	0.000000e+00	0.000000e+00	0.000000e+00	0.000000e+00	0.000000e+00	0.000000e+00	0.000000e+00	0.000000e+00	0.000000e+00	0.000000e+00	0.000000e+00	0.000000e+00	0.000000e+00	0.000000e+00	0.000000e+00	0.000000e+00	0.000000e+00	0.000000e+00	0.000000e+00	0.000000e+00	0.000000e+00	0.000000e+00	0.000000e+00	0.000000e+00	
1766.092724	1.882701e-90	0.000000e+00	2.929177e-48	3.881934e-65	0.000000e+00	0.000000e+00	8.446696e-03	1.882701e-90	1.164051e-03	7.242782e-55	1.995580e-89	8.470610e-81	1.882701e-90	1.882701e-90	0.000000e+00	5.726907e-89	1.882701e-90	1.882701e-90	1.882701e-90	2.221768e-32	4.973826e-03	1.113783e-42	0.000000e+00	0.000000e+00	0.000000e+00	1.882701e-90	3.013165e-74	0.000000e+00	2.347387e-43	0.000000e+00	0.000000e+00	0.000000e+00	0.000000e+00	0.000000e+00	0.000000e+00	0.000000e+00	1.655773e-45	1.882701e-90	1.882701e-90	4.341711e-66	2.162960e-39	4.832370e-61	3.325063e-50	8.649172e-90	2.273540e-04	1.642371e-37	0.000000e+00	0.000000e+00	1.383925e-36	1.464353e-75	0.000000e+00	8.270871e-27	8.419220e-01	1.882701e-90	9.578145e-07	0.000000e+00	1.882701e-90	1.882701e-90	1.882701e-90	3.251283e-50	6.037792e-75	0.000000e+00	0.000000e+00	1.882701e-90	0.000000e+00	0.000000e+00	0.000000e+00	0.000000e+00	0.000000e+00	0.000000e+00	0.000000e+00	5.114887e-50	3.744312e-82	0.000000e+00	0.000000e+00	0.000000e+00	0.000000e+00	0.000000e+00	0.000000e+00	0.000000e+00	0.000000e+00	0.000000e+00	0.000000e+00	0.000000e+00	0.000000e+00	0.000000e+00	0.000000e+00	0.000000e+00	0.000000e+00	0.000000e+00	0.000000e+00	0.000000e+00	0.000000e+00	0.000000e+00	0.000000e+00	0.000000e+00	0.000000e+00	0.000000e+00	0.000000e+00	0.000000e+00	0.000000e+00	0.000000e+00	0.000000e+00	0.000000e+00	0.000000e+00	0.000000e+00	0.000000e+00	0.000000e+00	0.000000e+00	0.000000e+00	0.000000e+00	0.000000e+00	0.000000e+00	0.000000e+00	0.000000e+00	
1777.336021	1.882627e-90	0.000000e+00	1.255105e-48	1.257945e-65	0.000000e+00	0.000000e+00	8.446756e-03	1.882627e-90	1.164039e-03	2.826055e-55	4.925603e-90	2.205054e-81	1.882627e-90	1.882627e-90	0.000000e+00	1.299564e-89	1.882627e-90	1.882627e-90	1.882627e-90	1.339872e-32	4.973487e-03	5.683689e-43	0.000000e+00	0.000000e+00	0.000000e+00	1.882627e-90	8.558909e-75	0.000000e+00	1.183177e-43	0.000000e+00	0.000000e+00	0.000000e+00	0.000000e+00	0.000000e+00	0.000000e+00	0.000000e+00	8.030272e-46	1.882627e-90	1.882627e-90	1.438756e-66	1.255691e-39	1.834694e-61	1.670232e-50	2.367219e-90	2.273396e-04	8.987228e-38	0.000000e+00	0.000000e+00	8.673466e-37	4.175479e-76	0.000000e+00	6.015220e-27	8.419280e-01	1.882627e-90	9.599584e-07	0.000000e+00	1.882627e-90	1.882627e-90	1.882627e-90	1.359689e-50	1.685843e-75	0.000000e+00	0.000000e+00	1.882627e-90	0.000000e+00	0.000000e+00	0.000000e+00	0.000000e+00	0.000000e+00	0.000000e+00	0.000000e+00	2.455500e-50	1.320615e-82	0.000000e+00	0.000000e+00	0.000000e+00	0.000000e+00	0.000000e+00	0.000000e+00	0.000000e+00	0.000000e+00	0.000000e+00	0.000000e+00	0.000000e+00	0.000000e+00	0.000000e+00	0.000000e+00	0.000000e+00	0.000000e+00	0.000000e+00	0.000000e+00	0.000000e+00	0.000000e+00	0.000000e+00	0.000000e+00	0.000000e+00	0.000000e+00	0.000000e+00	0.000000e+00	0.000000e+00	0.000000e+00	0.000000e+00	0.000000e+00	0.000000e+00	0.000000e+00	0.000000e+00	0.000000e+00	0.000000e+00	0.000000e+00	0.000000e+00	0.000000e+00	0.000000e+00	0.000000e+00	0.000000e+00	0.000000e+00	
1788.496205	1.882667e-90	0.000000e+00	5.826496e-49	4.521740e-66	0.000000e+00	0.000000e+00	8.446472e-03	1.882667e-90	1.163991e-03	1.204018e-55	1.882667e-90	6.598780e-82	1.882667e-90	1.882667e-90	0.000000e+00	3.400766e-90	1.882667e-90	1.882667e-90	1.882667e-90	8.727085e-33	4.973523e-03	3.123613e-43	0.000000e+00	0.000000e+00	0.000000e+00	1.882667e-90	2.798883e-75	0.000000e+00	6.430503e-44	0.000000e+00	0.000000e+00	0.000000e+00	0.000000e+00	0.000000e+00	0.000000e+00	0.000000e+00	4.284909e-46	1.882667e-90	1.882667e-90	5.324132e-67	7.765947e-40	7.690675e-62	9.050122e-51	1.882667e-90	2.273493e-04	5.219507e-38	0.000000e+00	0.000000e+00	5.854450e-37	1.369930e-76	0.000000e+00	4.651987e-27	8.419256e-01	1.882667e-90	9.954639e-07	0.000000e+00	1.882667e-90	1.882667e-90	1.882667e-90	6.173784e-51	5.379802e-76	0.000000e+00	0.000000e+00	1.882667e-90	0.000000e+00	0.000000e+00	0.000000e+00	0.000000e+00	0.000000e+00	0.000000e+00	0.000000e+00	1.298458e-50	5.095370e-83	0.000000e+00	0.000000e+00	0.000000e+00	0.000000e+00	0.000000e+00	0.000000e+00	0.000000e+00	0.000000e+00	0.000000e+00	0.000000e+00	0.000000e+00	0.000000e+00	0.000000e+00	0.000000e+00	0.000000e+00	0.000000e+00	0.000000e+00	0.000000e+00	0.000000e+00	0.000000e+00	0.000000e+00	0.000000e+00	0.000000e+00	0.000000e+00	0.000000e+00	0.000000e+00	0.000000e+00	0.000000e+00	0.000000e+00	0.000000e+00	0.000000e+00	0.000000e+00	0.000000e+00	0.000000e+00	0.000000e+00	0.000000e+00	0.000000e+00	0.000000e+00	0.000000e+00	0.000000e+00	0.000000e+00	0.000000e+00	
1799.580578	1.882753e-90	0.000000e+00	2.862706e-49	1.749496e-66	0.000000e+00	0.000000e+00	8.447362e-03	1.882753e-90	1.163996e-03	5.459443e-56	1.882753e-90	2.180238e-82	1.882753e-90	1.882753e-90	0.000000e+00	1.882753e-90	1.882753e-90	1.882753e-90	1.882753e-90	6.005357e-33	4.974722e-03	1.809903e-43	0.000000e+00	0.000000e+00	0.000000e+00	1.882753e-90	1.011716e-75	0.000000e+00	3.688049e-44	0.000000e+00	0.000000e+00	0.000000e+00	0.000000e+00	0.000000e+00	0.000000e+00	0.000000e+00	2.447204e-46	1.882753e-90	1.882753e-90	2.130111e-67	5.021800e-40	3.458116e-62	5.175442e-51	1.882753e-90	2.273448e-04	3.161415e-38	0.000000e+00	0.000000e+00	4.166073e-37	4.964558e-77	0.000000e+00	3.760034e-27	8.419170e-01	1.882753e-90	1.057735e-06	0.000000e+00	1.882753e-90	1.882753e-90	1.882753e-90	2.971978e-51	1.887854e-76	0.000000e+00	0.000000e+00	1.882753e-90	0.000000e+00	0.000000e+00	0.000000e+00	0.000000e+00	0.000000e+00	0.000000e+00	0.000000e+00	7.356553e-51	2.096463e-83	0.000000e+00	0.000000e+00	0.000000e+00	0.000000e+00	0.000000e+00	0.000000e+00	0.000000e+00	0.000000e+00	0.000000e+00	0.000000e+00	0.000000e+00	0.000000e+00	0.000000e+00	0.000000e+00	0.000000e+00	0.000000e+00	0.000000e+00	0.000000e+00	0.000000e+00	0.000000e+00	0.000000e+00	0.000000e+00	0.000000e+00	0.000000e+00	0.000000e+00	0.000000e+00	0.000000e+00	0.000000e+00	0.000000e+00	0.000000e+00	0.000000e+00	0.000000e+00	0.000000e+00	0.000000e+00	0.000000e+00	0.000000e+00	0.000000e+00	0.000000e+00	0.000000e+00	0.000000e+00	0.000000e+00	0.000000e+00	
1810.594316	1.882668e-90	0.000000e+00	1.462441e-49	7.118033e-67	0.000000e+00	0.000000e+00	8.446947e-03	1.882668e-90	1.163683e-03	2.582914e-56	1.882668e-90	7.706105e-83	1.882668e-90	1.882668e-90	0.000000e+00	1.882668e-90	1.882668e-90	1.882668e-90	1.882668e-90	4.287918e-33	4.973846e-03	1.086614e-43	0.000000e+00	0.000000e+00	0.000000e+00	1.882668e-90	3.913118e-76	0.000000e+00	2.192283e-44	0.000000e+00	0.000000e+00	0.000000e+00	0.000000e+00	0.000000e+00	0.000000e+00	0.000000e+00	1.463187e-46	1.882668e-90	1.882668e-90	8.992007e-68	3.348674e-40	1.631397e-62	3.070057e-51	1.882668e-90	2.273463e-04	1.971030e-38	0.000000e+00	0.000000e+00	3.071957e-37	1.925310e-77	0.000000e+00	3.129372e-27	8.419251e-01	1.882668e-90	1.142208e-06	0.000000e+00	1.882668e-90	1.882668e-90	1.882668e-90	1.488401e-51	7.065547e-77	0.000000e+00	0.000000e+00	1.882668e-90	0.000000e+00	0.000000e+00	0.000000e+00	0.000000e+00	0.000000e+00	0.000000e+00	0.000000e+00	4.365421e-51	9.007888e-84	0.000000e+00	0.000000e+00	0.000000e+00	0.000000e+00	0.000000e+00	0.000000e+00	0.000000e+00	0.000000e+00	0.000000e+00	0.000000e+00	0.000000e+00	0.000000e+00	0.000000e+00	0.000000e+00	0.000000e+00	0.000000e+00	0.000000e+00	0.000000e+00	0.000000e+00	0.000000e+00	0.000000e+00	0.000000e+00	0.000000e+00	0.000000e+00	0.000000e+00	0.000000e+00	0.000000e+00	0.000000e+00	0.000000e+00	0.000000e+00	0.000000e+00	0.000000e+00	0.000000e+00	0.000000e+00	0.000000e+00	0.000000e+00	0.000000e+00	0.000000e+00	0.000000e+00	0.000000e+00	0.000000e+00	0.000000e+00	
1821.541509	1.882621e-90	0.000000e+00	7.721197e-50	3.022243e-67	0.000000e+00	0.000000e+00	8.446631e-03	1.882621e-90	1.163496e-03	1.267099e-56	1.882621e-90	2.885055e-83	1.882621e-90	1.882621e-90	0.000000e+00	1.882621e-90	1.882621e-90	1.882621e-90	1.882621e-90	3.160724e-33	4.973318e-03	6.726589e-44	0.000000e+00	0.000000e+00	0.000000e+00	1.882621e-90	1.604076e-76	0.000000e+00	1.344392e-44	0.000000e+00	0.000000e+00	0.000000e+00	0.000000e+00	0.000000e+00	0.000000e+00	0.000000e+00	9.101502e-47	1.882621e-90	1.882621e-90	3.971722e-68	2.291513e-40	8.015757e-63	1.878934e-51	1.882621e-90	2.273357e-04	1.259189e-38	0.000000e+00	0.000000e+00	2.335694e-37	7.910060e-78	0.000000e+00	2.671887e-27	8.419295e-01	1.882621e-90	1.251335e-06	0.000000e+00	1.882621e-90	1.882621e-90	1.882621e-90	7.710834e-52	2.794063e-77	0.000000e+00	0.000000e+00	1.882621e-90	0.000000e+00	0.000000e+00	0.000000e+00	0.000000e+00	0.000000e+00	0.000000e+00	0.000000e+00	2.696542e-51	4.017273e-84	0.000000e+00	0.000000e+00	0.000000e+00	0.000000e+00	0.000000e+00	0.000000e+00	0.000000e+00	0.000000e+00	0.000000e+00	0.000000e+00	0.000000e+00	0.000000e+00	0.000000e+00	0.000000e+00	0.000000e+00	0.000000e+00	0.000000e+00	0.000000e+00	0.000000e+00	0.000000e+00	0.000000e+00	0.000000e+00	0.000000e+00	0.000000e+00	0.000000e+00	0.000000e+00	0.000000e+00	0.000000e+00	0.000000e+00	0.000000e+00	0.000000e+00	0.000000e+00	0.000000e+00	0.000000e+00	0.000000e+00	0.000000e+00	0.000000e+00	0.000000e+00	0.000000e+00	0.000000e+00	0.000000e+00	0.000000e+00	
1832.425067	1.882657e-90	0.000000e+00	4.143079e-50	1.310469e-67	0.000000e+00	0.000000e+00	8.446863e-03	1.882657e-90	1.163235e-03	6.326829e-57	1.882657e-90	1.111221e-83	1.882657e-90	1.882657e-90	0.000000e+00	1.882657e-90	1.882657e-90	1.882657e-90	1.882657e-90	2.367719e-33	4.973769e-03	4.228760e-44	0.000000e+00	0.000000e+00	0.000000e+00	1.882657e-90	6.769889e-77	0.000000e+00	8.375698e-45	0.000000e+00	0.000000e+00	0.000000e+00	0.000000e+00	0.000000e+00	0.000000e+00	0.000000e+00	5.774412e-47	1.882657e-90	1.882657e-90	1.794081e-68	1.588793e-40	4.019188e-63	1.168326e-51	1.882657e-90	2.273517e-04	8.142513e-39	0.000000e+00	0.000000e+00	1.804150e-37	3.344898e-78	0.000000e+00	2.311590e-27	8.419258e-01	1.882657e-90	1.380732e-06	0.000000e+00	1.882657e-90	1.882657e-90	1.882657e-90	4.062455e-52	1.135658e-77	0.000000e+00	0.000000e+00	1.882657e-90	0.000000e+00	0.000000e+00	0.000000e+00	0.000000e+00	0.000000e+00	0.000000e+00	0.000000e+00	1.699664e-51	1.826326e-84	0.000000e+00	0.000000e+00	0.000000e+00	0.000000e+00	0.000000e+00	0.000000e+00	0.000000e+00	0.000000e+00	0.000000e+00	0.000000e+00	0.000000e+00	0.000000e+00	0.000000e+00	0.000000e+00	0.000000e+00	0.000000e+00	0.000000e+00	0.000000e+00	0.000000e+00	0.000000e+00	0.000000e+00	0.000000e+00	0.000000e+00	0.000000e+00	0.000000e+00	0.000000e+00	0.000000e+00	0.000000e+00	0.000000e+00	0.000000e+00	0.000000e+00	0.000000e+00	0.000000e+00	0.000000e+00	0.000000e+00	0.000000e+00	0.000000e+00	0.000000e+00	0.000000e+00	0.000000e+00	0.000000e+00	0.000000e+00	
1843.246734	1.882640e-90	0.000000e+00	2.239834e-50	5.737413e-68	0.000000e+00	0.000000e+00	8.446972e-03	1.882640e-90	1.162823e-03	3.184552e-57	1.882640e-90	4.336423e-84	1.882640e-90	1.882640e-90	0.000000e+00	1.882640e-90	1.882640e-90	1.882640e-90	1.882640e-90	1.786751e-33	4.973399e-03	2.676990e-44	0.000000e+00	0.000000e+00	0.000000e+00	1.882640e-90	2.895005e-77	0.000000e+00	5.254448e-45	0.000000e+00	0.000000e+00	0.000000e+00	0.000000e+00	0.000000e+00	0.000000e+00	0.000000e+00	3.696640e-47	1.882640e-90	1.882640e-90	8.186919e-69	1.107903e-40	2.033846e-63	7.317463e-52	1.882640e-90	2.273342e-04	5.293873e-39	0.000000e+00	0.000000e+00	1.403480e-37	1.432923e-78	0.000000e+00	2.012011e-27	8.419281e-01	1.882640e-90	1.528640e-06	0.000000e+00	1.882640e-90	1.882640e-90	1.882640e-90	2.156465e-52	4.673996e-78	0.000000e+00	0.000000e+00	1.882640e-90	0.000000e+00	0.000000e+00	0.000000e+00	0.000000e+00	0.000000e+00	0.000000e+00	0.000000e+00	1.081275e-51	8.377746e-85	0.000000e+00	0.000000e+00	0.000000e+00	0.000000e+00	0.000000e+00	0.000000e+00	0.000000e+00	0.000000e+00	0.000000e+00	0.000000e+00	0.000000e+00	0.000000e+00	0.000000e+00	0.000000e+00	0.000000e+00	0.000000e+00	0.000000e+00	0.000000e+00	0.000000e+00	0.000000e+00	0.000000e+00	0.000000e+00	0.000000e+00	0.000000e+00	0.000000e+00	0.000000e+00	0.000000e+00	0.000000e+00	0.000000e+00	0.000000e+00	0.000000e+00	0.000000e+00	0.000000e+00	0.000000e+00	0.000000e+00	0.000000e+00	0.000000e+00	0.000000e+00	0.000000e+00	0.000000e+00	0.000000e+00	0.000000e+00	
1854.007834	1.882768e-90	0.000000e+00	1.220179e-50	2.536768e-68	0.000000e+00	0.000000e+00	8.446818e-03	1.882768e-90	1.162698e-03	1.616731e-57	1.882768e-90	1.715665e-84	1.882768e-90	1.882768e-90	0.000000e+00	1.882768e-90	1.882768e-90	1.882768e-90	1.882768e-90	1.359011e-33	4.974099e-03	1.707364e-44	0.000000e+00	0.000000e+00	0.000000e+00	1.882768e-90	1.255709e-77	0.000000e+00	3.322364e-45	0.000000e+00	0.000000e+00	0.000000e+00	0.000000e+00	0.000000e+00	0.000000e+00	0.000000e+00	2.390180e-47	1.882768e-90	1.882768e-90	3.776258e-69	7.776597e-41	1.039254e-63	4.618664e-52	1.882768e-90	2.273615e-04	3.462089e-39	0.000000e+00	0.000000e+00	1.100537e-37	6.225117e-79	0.000000e+00	1.762774e-27	8.419182e-01	1.882768e-90	1.699513e-06	0.000000e+00	1.882768e-90	1.882768e-90	1.882768e-90	1.153984e-52	1.949133e-78	0.000000e+00	0.000000e+00	1.882768e-90	0.000000e+00	0.000000e+00	0.000000e+00	0.000000e+00	0.000000e+00	0.000000e+00	0.000000e+00	6.949370e-52	3.879686e-85	0.000000e+00	0.000000e+00	0.000000e+00	0.000000e+00	0.000000e+00	0.000000e+00	0.000000e+00	0.000000e+00	0.000000e+00	0.000000e+00	0.000000e+00	0.000000e+00	0.000000e+00	0.000000e+00	0.000000e+00	0.000000e+00	0.000000e+00	0.000000e+00	0.000000e+00	0.000000e+00	0.000000e+00	0.000000e+00	0.000000e+00	0.000000e+00	0.000000e+00	0.000000e+00	0.000000e+00	0.000000e+00	0.000000e+00	0.000000e+00	0.000000e+00	0.000000e+00	0.000000e+00	0.000000e+00	0.000000e+00	0.000000e+00	0.000000e+00	0.000000e+00	0.000000e+00	0.000000e+00	0.000000e+00	0.000000e+00	
1864.709832	1.882772e-90	0.000000e+00	6.731252e-51	1.139981e-68	0.000000e+00	0.000000e+00	8.446483e-03	1.882772e-90	1.162284e-03	8.319436e-58	1.882772e-90	6.937073e-85	1.882772e-90	1.882772e-90	0.000000e+00	1.882772e-90	1.882772e-90	1.882772e-90	1.882772e-90	1.046301e-33	4.974200e-03	1.101665e-44	0.000000e+00	0.000000e+00	0.000000e+00	1.882772e-90	5.568091e-78	0.000000e+00	2.125474e-45	0.000000e+00	0.000000e+00	0.000000e+00	0.000000e+00	0.000000e+00	0.000000e+00	0.000000e+00	1.568562e-47	1.882772e-90	1.882772e-90	1.772106e-69	5.512548e-41	5.393294e-64	2.950409e-52	1.882772e-90	2.273737e-04	2.285191e-39	0.000000e+00	0.000000e+00	8.731643e-38	2.764342e-79	0.000000e+00	1.559624e-27	8.419177e-01	1.882772e-90	1.899216e-06	0.000000e+00	1.882772e-90	1.882772e-90	1.882772e-90	6.254726e-53	8.300216e-79	0.000000e+00	0.000000e+00	1.882772e-90	0.000000e+00	0.000000e+00	0.000000e+00	0.000000e+00	0.000000e+00	0.000000e+00	0.000000e+00	4.534427e-52	1.822901e-85	0.000000e+00	0.000000e+00	0.000000e+00	0.000000e+00	0.000000e+00	0.000000e+00	0.000000e+00	0.000000e+00	0.000000e+00	0.000000e+00	0.000000e+00	0.000000e+00	0.000000e+00	0.000000e+00	0.000000e+00	0.000000e+00	0.000000e+00	0.000000e+00	0.000000e+00	0.000000e+00	0.000000e+00	0.000000e+00	0.000000e+00	0.000000e+00	0.000000e+00	0.000000e+00	0.000000e+00	0.000000e+00	0.000000e+00	0.000000e+00	0.000000e+00	0.000000e+00	0.000000e+00	0.000000e+00	0.000000e+00	0.000000e+00	0.000000e+00	0.000000e+00	0.000000e+00	0.000000e+00	0.000000e+00	0.000000e+00	
1875.354101	1.882735e-90	0.000000e+00	3.728586e-51	5.150450e-69	0.000000e+00	0.000000e+00	8.447030e-03	1.882735e-90	1.161818e-03	4.299834e-58	1.882735e-90	2.825720e-85	1.882735e-90	1.882735e-90	0.000000e+00	1.882735e-90	1.882735e-90	1.882735e-90	1.882735e-90	8.090206e-34	4.973838e-03	7.136939e-45	0.000000e+00	0.000000e+00	0.000000e+00	1.882735e-90	2.487228e-78	0.000000e+00	1.365080e-45	0.000000e+00	0.000000e+00	0.000000e+00	0.000000e+00	0.000000e+00	0.000000e+00	0.000000e+00	1.034664e-47	1.882735e-90	1.882735e-90	8.362112e-70	3.919903e-41	2.813313e-64	1.892870e-52	1.882735e-90	2.273592e-04	1.512771e-39	0.000000e+00	0.000000e+00	6.956845e-38	1.236362e-79	0.000000e+00	1.385126e-27	8.419205e-01	1.882735e-90	2.126888e-06	0.000000e+00	1.882735e-90	1.882735e-90	1.882735e-90	3.404080e-53	3.559556e-79	0.000000e+00	0.000000e+00	1.882735e-90	0.000000e+00	0.000000e+00	0.000000e+00	0.000000e+00	0.000000e+00	0.000000e+00	0.000000e+00	2.974884e-52	8.613904e-86	0.000000e+00	0.000000e+00	0.000000e+00	0.000000e+00	0.000000e+00	0.000000e+00	0.000000e+00	0.000000e+00	0.000000e+00	0.000000e+00	0.000000e+00	0.000000e+00	0.000000e+00	0.000000e+00	0.000000e+00	0.000000e+00	0.000000e+00	0.000000e+00	0.000000e+00	0.000000e+00	0.000000e+00	0.000000e+00	0.000000e+00	0.000000e+00	0.000000e+00	0.000000e+00	0.000000e+00	0.000000e+00	0.000000e+00	0.000000e+00	0.000000e+00	0.000000e+00	0.000000e+00	0.000000e+00	0.000000e+00	0.000000e+00	0.000000e+00	0.000000e+00	0.000000e+00	0.000000e+00	0.000000e+00	0.000000e+00	
1885.940070	1.882705e-90	0.000000e+00	1.996937e-51	2.227447e-69	0.000000e+00	0.000000e+00	8.447163e-03	1.882705e-90	1.161301e-03	2.141264e-58	1.882705e-90	1.085967e-85	1.882705e-90	1.882705e-90	0.000000e+00	1.882705e-90	1.882705e-90	1.882705e-90	1.882705e-90	6.062214e-34	4.974134e-03	4.484535e-45	0.000000e+00	0.000000e+00	0.000000e+00	1.882705e-90	1.048429e-78	0.000000e+00	8.502015e-46	0.000000e+00	0.000000e+00	0.000000e+00	0.000000e+00	0.000000e+00	0.000000e+00	0.000000e+00	6.563336e-48	1.882705e-90	1.882705e-90	3.767045e-70	2.715223e-41	1.407974e-64	1.177267e-52	1.882705e-90	2.273334e-04	9.766893e-40	0.000000e+00	0.000000e+00	5.380270e-38	5.216609e-80	0.000000e+00	1.200433e-27	8.419228e-01	1.882705e-90	2.350352e-06	0.000000e+00	1.882705e-90	1.882705e-90	1.882705e-90	1.790000e-53	1.444109e-79	0.000000e+00	0.000000e+00	1.882705e-90	0.000000e+00	0.000000e+00	0.000000e+00	0.000000e+00	0.000000e+00	0.000000e+00	0.000000e+00	1.876725e-52	3.927171e-86	0.000000e+00	0.000000e+00	0.000000e+00	0.000000e+00	0.000000e+00	0.000000e+00	0.000000e+00	0.000000e+00	0.000000e+00	0.000000e+00	0.000000e+00	0.000000e+00	0.000000e+00	0.000000e+00	0.000000e+00	0.000000e+00	0.000000e+00	0.000000e+00	0.000000e+00	0.000000e+00	0.000000e+00	0.000000e+00	0.000000e+00	0.000000e+00	0.000000e+00	0.000000e+00	0.000000e+00	0.000000e+00	0.000000e+00	0.000000e+00	0.000000e+00	0.000000e+00	0.000000e+00	0.000000e+00	0.000000e+00	0.000000e+00	0.000000e+00	0.000000e+00	0.000000e+00	0.000000e+00	0.000000e+00	0.000000e+00	
1896.462921	1.882613e-90	0.000000e+00	9.681933e-52	8.466127e-70	0.000000e+00	0.000000e+00	8.446111e-03	1.882613e-90	1.160926e-03	9.557694e-59	1.882613e-90	3.513913e-86	1.882613e-90	1.882613e-90	0.000000e+00	1.882613e-90	1.882613e-90	1.882613e-90	1.882613e-90	4.135151e-34	4.973126e-03	2.572179e-45	0.000000e+00	0.000000e+00	0.000000e+00	1.882613e-90	3.716279e-79	0.000000e+00	4.827304e-46	0.000000e+00	0.000000e+00	0.000000e+00	0.000000e+00	0.000000e+00	0.000000e+00	0.000000e+00	3.705465e-48	1.882613e-90	1.882613e-90	1.480125e-70	1.741105e-41	6.235471e-65	6.677616e-53	1.882613e-90	2.273432e-04	5.858144e-40	0.000000e+00	0.000000e+00	3.805901e-38	1.851551e-80	0.000000e+00	9.663226e-28	8.419326e-01	1.882613e-90	2.496505e-06	0.000000e+00	1.882613e-90	1.882613e-90	1.882613e-90	8.497118e-54	4.967440e-80	0.000000e+00	0.000000e+00	1.882613e-90	0.000000e+00	0.000000e+00	0.000000e+00	0.000000e+00	0.000000e+00	0.000000e+00	0.000000e+00	1.053037e-52	1.608359e-86	0.000000e+00	0.000000e+00	0.000000e+00	0.000000e+00	0.000000e+00	0.000000e+00	0.000000e+00	0.000000e+00	0.000000e+00	0.000000e+00	0.000000e+00	0.000000e+00	0.000000e+00	0.000000e+00	0.000000e+00	0.000000e+00	0.000000e+00	0.000000e+00	0.000000e+00	0.000000e+00	0.000000e+00	0.000000e+00	0.000000e+00	0.000000e+00	0.000000e+00	0.000000e+00	0.000000e+00	0.000000e+00	0.000000e+00	0.000000e+00	0.000000e+00	0.000000e+00	0.000000e+00	0.000000e+00	0.000000e+00	0.000000e+00	0.000000e+00	0.000000e+00	0.000000e+00	0.000000e+00	0.000000e+00	0.000000e+00	
1906.911478	1.882664e-90	0.000000e+00	3.848381e-52	2.487930e-70	0.000000e+00	0.000000e+00	8.446724e-03	1.882664e-90	1.161058e-03	3.429710e-59	1.882664e-90	8.070637e-87	1.882664e-90	1.882664e-90	0.000000e+00	1.882664e-90	1.882664e-90	1.882664e-90	1.882664e-90	2.340967e-34	4.973634e-03	1.231239e-45	0.000000e+00	0.000000e+00	0.000000e+00	1.882664e-90	9.335475e-80	0.000000e+00	2.282308e-46	0.000000e+00	0.000000e+00	0.000000e+00	0.000000e+00	0.000000e+00	0.000000e+00	0.000000e+00	1.659311e-48	1.882664e-90	1.882664e-90	4.424899e-71	9.563777e-42	2.163723e-65	3.153077e-53	1.882664e-90	2.273421e-04	3.032342e-40	0.000000e+00	0.000000e+00	2.254862e-38	4.655520e-81	0.000000e+00	6.723546e-28	8.419273e-01	1.882664e-90	2.450785e-06	0.000000e+00	1.882664e-90	1.882664e-90	1.882664e-90	3.291269e-54	1.230703e-80	0.000000e+00	0.000000e+00	1.882664e-90	0.000000e+00	0.000000e+00	0.000000e+00	0.000000e+00	0.000000e+00	0.000000e+00	0.000000e+00	4.682587e-53	5.324947e-87	0.000000e+00	0.000000e+00	0.000000e+00	0.000000e+00	0.000000e+00	0.000000e+00	0.000000e+00	0.000000e+00	0.000000e+00	0.000000e+00	0.000000e+00	0.000000e+00	0.000000e+00	0.000000e+00	0.000000e+00	0.000000e+00	0.000000e+00	0.000000e+00	0.000000e+00	0.000000e+00	0.000000e+00	0.000000e+00	0.000000e+00	0.000000e+00	0.000000e+00	0.000000e+00	0.000000e+00	0.000000e+00	0.000000e+00	0.000000e+00	0.000000e+00	0.000000e+00	0.000000e+00	0.000000e+00	0.000000e+00	0.000000e+00	0.000000e+00	0.000000e+00	0.000000e+00	0.000000e+00	0.000000e+00	0.000000e+00	
1917.264646	1.882648e-90	0.000000e+00	1.063031e-52	4.561053e-71	0.000000e+00	0.000000e+00	8.445663e-03	1.882648e-90	1.161797e-03	8.248798e-60	1.882648e-90	9.885642e-88	1.882648e-90	1.882648e-90	0.000000e+00	1.882648e-90	1.882648e-90	1.882648e-90	1.882648e-90	9.408788e-35	4.973416e-03	4.226616e-46	0.000000e+00	0.000000e+00	0.000000e+00	1.882648e-90	1.246486e-80	0.000000e+00	7.705898e-47	0.000000e+00	0.000000e+00	0.000000e+00	0.000000e+00	0.000000e+00	0.000000e+00	0.000000e+00	4.856562e-49	1.882648e-90	1.882648e-90	8.019365e-72	3.957865e-42	4.800543e-66	1.063202e-53	1.882648e-90	2.273564e-04	1.198520e-40	0.000000e+00	0.000000e+00	9.646745e-39	6.222124e-82	0.000000e+00	3.576275e-28	8.419291e-01	1.882648e-90	2.081879e-06	0.000000e+00	1.882648e-90	1.882648e-90	1.882648e-90	8.776848e-55	1.669533e-81	0.000000e+00	0.000000e+00	1.882648e-90	0.000000e+00	0.000000e+00	0.000000e+00	0.000000e+00	0.000000e+00	0.000000e+00	0.000000e+00	1.358188e-53	1.192044e-87	0.000000e+00	0.000000e+00	0.000000e+00	0.000000e+00	0.000000e+00	0.000000e+00	0.000000e+00	0.000000e+00	0.000000e+00	0.000000e+00	0.000000e+00	0.000000e+00	0.000000e+00	0.000000e+00	0.000000e+00	0.000000e+00	0.000000e+00	0.000000e+00	0.000000e+00	0.000000e+00	0.000000e+00	0.000000e+00	0.000000e+00	0.000000e+00	0.000000e+00	0.000000e+00	0.000000e+00	0.000000e+00	0.000000e+00	0.000000e+00	0.000000e+00	0.000000e+00	0.000000e+00	0.000000e+00	0.000000e+00	0.000000e+00	0.000000e+00	0.000000e+00	0.000000e+00	0.000000e+00	0.000000e+00	0.000000e+00	
1927.479601	1.882569e-90	0.000000e+00	1.318850e-53	2.963595e-72	0.000000e+00	0.000000e+00	8.446208e-03	1.882569e-90	1.163212e-03	8.222643e-61	1.882569e-90	3.040310e-89	1.882569e-90	1.882569e-90	0.000000e+00	1.882569e-90	1.882569e-90	1.882569e-90	1.882569e-90	1.783929e-35	4.973868e-03	6.995341e-47	0.000000e+00	0.000000e+00	0.000000e+00	1.882569e-90	4.153219e-82	0.000000e+00	1.242759e-47	0.000000e+00	0.000000e+00	0.000000e+00	0.000000e+00	0.000000e+00	0.000000e+00	0.000000e+00	5.584179e-50	1.882569e-90	1.882569e-90	4.832605e-73	8.785331e-43	3.985114e-67	1.712995e-54	1.882569e-90	2.273384e-04	2.616526e-41	0.000000e+00	0.000000e+00	2.021337e-39	2.072968e-83	0.000000e+00	1.057107e-28	8.419334e-01	1.882569e-90	1.286735e-06	0.000000e+00	1.882569e-90	1.882569e-90	1.882569e-90	1.030301e-55	6.032048e-83	0.000000e+00	0.000000e+00	1.882569e-90	0.000000e+00	0.000000e+00	0.000000e+00	0.000000e+00	0.000000e+00	0.000000e+00	0.000000e+00	1.542462e-54	1.133775e-88	0.000000e+00	0.000000e+00	0.000000e+00	0.000000e+00	0.000000e+00	0.000000e+00	0.000000e+00	0.000000e+00	0.000000e+00	0.000000e+00	0.000000e+00	0.000000e+00	0.000000e+00	0.000000e+00	0.000000e+00	0.000000e+00	0.000000e+00	0.000000e+00	0.000000e+00	0.000000e+00	0.000000e+00	0.000000e+00	0.000000e+00	0.000000e+00	0.000000e+00	0.000000e+00	0.000000e+00	0.000000e+00	0.000000e+00	0.000000e+00	0.000000e+00	0.000000e+00	0.000000e+00	0.000000e+00	0.000000e+00	0.000000e+00	0.000000e+00	0.000000e+00	0.000000e+00	0.000000e+00	0.000000e+00	0.000000e+00	
1937.468206	1.882679e-90	0.000000e+00	2.971059e-55	2.109011e-74	0.000000e+00	0.000000e+00	8.446963e-03	1.882679e-90	1.165131e-03	1.251917e-62	1.882679e-90	1.882679e-90	1.882679e-90	1.882679e-90	0.000000e+00	1.882679e-90	1.882679e-90	1.882679e-90	1.882679e-90	6.854221e-37	4.974106e-03	2.451957e-48	0.000000e+00	0.000000e+00	0.000000e+00	1.882679e-90	7.216971e-85	0.000000e+00	4.163764e-49	0.000000e+00	0.000000e+00	0.000000e+00	0.000000e+00	0.000000e+00	0.000000e+00	0.000000e+00	8.809473e-52	1.882679e-90	1.882679e-90	2.787923e-75	5.186572e-44	4.077539e-69	5.750137e-56	1.882679e-90	2.273527e-04	1.612739e-42	0.000000e+00	0.000000e+00	9.326982e-41	3.588624e-86	0.000000e+00	9.000479e-30	8.419232e-01	1.882679e-90	4.061014e-07	0.000000e+00	1.882679e-90	1.882679e-90	1.882679e-90	2.103647e-57	1.302933e-85	0.000000e+00	0.000000e+00	1.882679e-90	0.000000e+00	0.000000e+00	0.000000e+00	0.000000e+00	0.000000e+00	0.000000e+00	0.000000e+00	2.392104e-56	1.882679e-90	0.000000e+00	0.000000e+00	0.000000e+00	0.000000e+00	0.000000e+00	0.000000e+00	0.000000e+00	0.000000e+00	0.000000e+00	0.000000e+00	0.000000e+00	0.000000e+00	0.000000e+00	0.000000e+00	0.000000e+00	0.000000e+00	0.000000e+00	0.000000e+00	0.000000e+00	0.000000e+00	0.000000e+00	0.000000e+00	0.000000e+00	0.000000e+00	0.000000e+00	0.000000e+00	0.000000e+00	0.000000e+00	0.000000e+00	0.000000e+00	0.000000e+00	0.000000e+00	0.000000e+00	0.000000e+00	0.000000e+00	0.000000e+00	0.000000e+00	0.000000e+00	0.000000e+00	0.000000e+00	0.000000e+00	0.000000e+00	
1947.101172	1.882664e-90	0.000000e+00	6.394052e-58	7.138270e-78	0.000000e+00	0.000000e+00	8.446463e-03	1.882664e-90	1.165863e-03	1.428152e-65	1.882664e-90	1.882664e-90	1.882664e-90	1.882664e-90	0.000000e+00	1.882664e-90	1.882664e-90	1.882664e-90	1.882664e-90	2.982208e-39	4.973709e-03	1.026265e-50	0.000000e+00	0.000000e+00	0.000000e+00	1.882664e-90	2.192783e-89	0.000000e+00	1.625841e-51	0.000000e+00	0.000000e+00	0.000000e+00	0.000000e+00	0.000000e+00	0.000000e+00	0.000000e+00	9.202555e-55	1.882664e-90	1.882664e-90	6.368052e-79	4.983258e-46	2.350639e-72	2.271033e-58	1.882664e-90	2.273363e-04	1.743026e-44	0.000000e+00	0.000000e+00	5.513613e-43	1.882664e-90	0.000000e+00	1.421446e-31	8.419244e-01	1.882664e-90	5.191035e-08	0.000000e+00	1.882664e-90	1.882664e-90	1.882664e-90	3.868856e-60	5.894974e-90	0.000000e+00	0.000000e+00	1.882664e-90	0.000000e+00	0.000000e+00	0.000000e+00	0.000000e+00	0.000000e+00	0.000000e+00	0.000000e+00	2.463203e-59	1.882664e-90	0.000000e+00	0.000000e+00	0.000000e+00	0.000000e+00	0.000000e+00	0.000000e+00	0.000000e+00	0.000000e+00	0.000000e+00	0.000000e+00	0.000000e+00	0.000000e+00	0.000000e+00	0.000000e+00	0.000000e+00	0.000000e+00	0.000000e+00	0.000000e+00	0.000000e+00	0.000000e+00	0.000000e+00	0.000000e+00	0.000000e+00	0.000000e+00	0.000000e+00	0.000000e+00	0.000000e+00	0.000000e+00	0.000000e+00	0.000000e+00	0.000000e+00	0.000000e+00	0.000000e+00	0.000000e+00	0.000000e+00	0.000000e+00	0.000000e+00	0.000000e+00	0.000000e+00	0.000000e+00	0.000000e+00	0.000000e+00	
1956.321234	1.882682e-90	0.000000e+00	1.198048e-60	2.014191e-81	0.000000e+00	0.000000e+00	8.446931e-03	1.882682e-90	1.165864e-03	1.389656e-68	1.882682e-90	1.882682e-90	1.882682e-90	1.882682e-90	0.000000e+00	1.882682e-90	1.882682e-90	1.882682e-90	1.882682e-90	1.180787e-41	4.973826e-03	3.868495e-53	0.000000e+00	0.000000e+00	0.000000e+00	1.882682e-90	1.882682e-90	0.000000e+00	5.729861e-54	0.000000e+00	0.000000e+00	0.000000e+00	0.000000e+00	0.000000e+00	0.000000e+00	0.000000e+00	8.494554e-58	1.882682e-90	1.882682e-90	1.203963e-82	4.364474e-48	1.155723e-75	8.188660e-61	1.882682e-90	2.273435e-04	1.700572e-46	0.000000e+00	0.000000e+00	3.037183e-45	1.882682e-90	0.000000e+00	2.139339e-33	8.419227e-01	1.882682e-90	6.561505e-09	0.000000e+00	1.882682e-90	1.882682e-90	1.882682e-90	6.179446e-63	1.882682e-90	0.000000e+00	0.000000e+00	1.882682e-90	0.000000e+00	0.000000e+00	0.000000e+00	0.000000e+00	0.000000e+00	0.000000e+00	0.000000e+00	2.279206e-62	1.882682e-90	0.000000e+00	0.000000e+00	0.000000e+00	0.000000e+00	0.000000e+00	0.000000e+00	0.000000e+00	0.000000e+00	0.000000e+00	0.000000e+00	0.000000e+00	0.000000e+00	0.000000e+00	0.000000e+00	0.000000e+00	0.000000e+00	0.000000e+00	0.000000e+00	0.000000e+00	0.000000e+00	0.000000e+00	0.000000e+00	0.000000e+00	0.000000e+00	0.000000e+00	0.000000e+00	0.000000e+00	0.000000e+00	0.000000e+00	0.000000e+00	0.000000e+00	0.000000e+00	0.000000e+00	0.000000e+00	0.000000e+00	0.000000e+00	0.000000e+00	0.000000e+00	0.000000e+00	0.000000e+00	0.000000e+00	0.000000e+00	
1965.167228	1.882584e-90	0.000000e+00	3.192371e-63	8.951058e-85	0.000000e+00	0.000000e+00	8.445776e-03	1.882584e-90	1.165938e-03	1.983291e-71	1.882584e-90	1.882584e-90	1.882584e-90	1.882584e-90	0.000000e+00	1.882584e-90	1.882584e-90	1.882584e-90	1.882584e-90	6.698013e-44	4.973257e-03	2.045333e-55	0.000000e+00	0.000000e+00	0.000000e+00	1.882584e-90	1.882584e-90	0.000000e+00	2.852941e-56	0.000000e+00	0.000000e+00	0.000000e+00	0.000000e+00	0.000000e+00	0.000000e+00	0.000000e+00	1.221121e-60	1.882584e-90	1.882584e-90	3.698616e-86	5.088623e-50	8.832690e-79	4.208697e-63	1.882584e-90	2.273399e-04	2.154507e-48	0.000000e+00	0.000000e+00	2.390581e-47	1.882584e-90	0.000000e+00	4.354199e-35	8.419318e-01	1.882584e-90	9.906319e-10	0.000000e+00	1.882584e-90	1.882584e-90	1.882584e-90	1.417089e-65	1.882584e-90	0.000000e+00	0.000000e+00	1.882584e-90	0.000000e+00	0.000000e+00	0.000000e+00	0.000000e+00	0.000000e+00	0.000000e+00	0.000000e+00	3.335786e-65	1.882584e-90	0.000000e+00	0.000000e+00	0.000000e+00	0.000000e+00	0.000000e+00	0.000000e+00	0.000000e+00	0.000000e+00	0.000000e+00	0.000000e+00	0.000000e+00	0.000000e+00	0.000000e+00	0.000000e+00	0.000000e+00	0.000000e+00	0.000000e+00	0.000000e+00	0.000000e+00	0.000000e+00	0.000000e+00	0.000000e+00	0.000000e+00	0.000000e+00	0.000000e+00	0.000000e+00	0.000000e+00	0.000000e+00	0.000000e+00	0.000000e+00	0.000000e+00	0.000000e+00	0.000000e+00	0.000000e+00	0.000000e+00	0.000000e+00	0.000000e+00	0.000000e+00	0.000000e+00	0.000000e+00	0.000000e+00	0.000000e+00	
