z		z0		z1		T		P		1		2		3		4		5		6		7		8		9		10		11		12		13		14		15		16		17		18		19		20		21		22		23		24		25		26		27		28		29		30		31		32		33		34		35		36		37		38		39		40		41		42		43		44		45		46		47		48		49		50		51		52		53		54		55		56		57		58		59		60		61		62		63		64		65		66		67		68		69		70		71		72		73		74		75		76		77		78		79		80		81		82		83		84		85		86		87		88		89		90		91		92		93		94		95		96		97		98		99		100		101		102		103		104		105		106		107		108		109		110		111		112		113		114		115		
km		km		km		K		Pa		
26.060407	0.000000	52.120814	999.728938	1.811795e+07	4.107791e-25	0.000000e+00	1.167882e-10	2.531090e-15	0.000000e+00	0.000000e+00	8.444881e-03	1.318497e-25	9.347232e-04	1.466034e-13	4.417807e-25	3.986941e-20	3.126978e-33	4.351540e-52	0.000000e+00	1.357737e-22	3.184198e-29	5.089330e-43	4.508419e-36	4.411343e-08	4.972622e-03	8.968046e-12	0.000000e+00	0.000000e+00	0.000000e+00	6.600464e-44	1.230914e-16	0.000000e+00	9.860613e-12	0.000000e+00	0.000000e+00	0.000000e+00	0.000000e+00	0.000000e+00	0.000000e+00	0.000000e+00	1.595612e-11	7.175740e-25	2.412042e-26	5.168578e-17	1.659818e-14	1.572104e-17	7.456627e-18	9.547226e-30	2.272972e-04	9.200489e-11	0.000000e+00	0.000000e+00	3.768141e-13	8.502936e-19	0.000000e+00	6.655778e-10	8.420744e-01	2.301863e-27	1.154822e-04	0.000000e+00	1.503578e-21	8.845600e-31	9.424257e-22	1.460668e-11	2.763699e-17	0.000000e+00	0.000000e+00	4.507324e-27	0.000000e+00	0.000000e+00	0.000000e+00	0.000000e+00	0.000000e+00	0.000000e+00	0.000000e+00	9.298550e-15	6.482873e-32	0.000000e+00	0.000000e+00	0.000000e+00	0.000000e+00	0.000000e+00	0.000000e+00	0.000000e+00	0.000000e+00	0.000000e+00	0.000000e+00	0.000000e+00	0.000000e+00	0.000000e+00	0.000000e+00	0.000000e+00	0.000000e+00	0.000000e+00	0.000000e+00	0.000000e+00	0.000000e+00	0.000000e+00	0.000000e+00	0.000000e+00	0.000000e+00	0.000000e+00	0.000000e+00	0.000000e+00	0.000000e+00	0.000000e+00	0.000000e+00	0.000000e+00	0.000000e+00	0.000000e+00	0.000000e+00	0.000000e+00	0.000000e+00	0.000000e+00	0.000000e+00	0.000000e+00	0.000000e+00	0.000000e+00	0.000000e+00	
77.089223	52.120814	102.057632	958.423311	1.486850e+07	3.485511e-26	0.000000e+00	3.943720e-11	6.098372e-16	0.000000e+00	0.000000e+00	8.445102e-03	1.079516e-26	9.642924e-04	4.659714e-14	6.579278e-26	6.782903e-21	1.932432e-34	5.736265e-54	0.000000e+00	2.024975e-23	3.230204e-30	1.842340e-44	9.086006e-38	1.963619e-08	4.972820e-03	3.504757e-12	0.000000e+00	0.000000e+00	0.000000e+00	5.315664e-46	2.138377e-17	0.000000e+00	3.760219e-12	0.000000e+00	0.000000e+00	0.000000e+00	0.000000e+00	0.000000e+00	0.000000e+00	0.000000e+00	5.541180e-12	5.593862e-26	2.126427e-27	1.238644e-17	7.757409e-15	4.349450e-18	2.731895e-18	1.560765e-30	2.273045e-04	4.239857e-11	0.000000e+00	0.000000e+00	1.673700e-13	1.546267e-19	0.000000e+00	3.541629e-10	8.420566e-01	1.999340e-28	1.007142e-04	0.000000e+00	1.905142e-22	3.167689e-32	9.370005e-23	4.821815e-12	4.986883e-18	0.000000e+00	0.000000e+00	2.288799e-28	0.000000e+00	0.000000e+00	0.000000e+00	0.000000e+00	0.000000e+00	0.000000e+00	0.000000e+00	3.044310e-15	1.383298e-32	0.000000e+00	0.000000e+00	0.000000e+00	0.000000e+00	0.000000e+00	0.000000e+00	0.000000e+00	0.000000e+00	0.000000e+00	0.000000e+00	0.000000e+00	0.000000e+00	0.000000e+00	0.000000e+00	0.000000e+00	0.000000e+00	0.000000e+00	0.000000e+00	0.000000e+00	0.000000e+00	0.000000e+00	0.000000e+00	0.000000e+00	0.000000e+00	0.000000e+00	0.000000e+00	0.000000e+00	0.000000e+00	0.000000e+00	0.000000e+00	0.000000e+00	0.000000e+00	0.000000e+00	0.000000e+00	0.000000e+00	0.000000e+00	0.000000e+00	0.000000e+00	0.000000e+00	0.000000e+00	0.000000e+00	0.000000e+00	
125.930894	102.057632	149.804156	917.217652	1.220184e+07	2.301540e-27	0.000000e+00	1.191598e-11	1.272957e-16	0.000000e+00	0.000000e+00	8.445360e-03	6.793199e-28	9.984022e-04	1.317127e-14	7.910696e-27	9.506126e-22	8.947068e-36	4.904131e-56	0.000000e+00	2.479994e-24	2.598396e-31	4.804468e-46	1.219882e-39	7.804455e-09	4.972988e-03	1.231029e-12	0.000000e+00	0.000000e+00	0.000000e+00	2.566147e-48	3.036302e-18	0.000000e+00	1.285883e-12	0.000000e+00	0.000000e+00	0.000000e+00	0.000000e+00	0.000000e+00	0.000000e+00	0.000000e+00	1.679789e-12	3.272359e-27	1.425706e-28	2.546631e-18	3.312735e-15	1.046943e-18	8.951003e-19	2.117343e-31	2.273094e-04	1.799136e-11	0.000000e+00	0.000000e+00	6.644277e-14	2.305833e-20	0.000000e+00	1.713811e-10	8.420330e-01	1.354731e-29	8.368419e-05	0.000000e+00	1.950464e-23	8.053129e-34	7.349875e-24	1.419919e-12	7.446426e-19	0.000000e+00	0.000000e+00	8.371658e-30	0.000000e+00	0.000000e+00	0.000000e+00	0.000000e+00	0.000000e+00	0.000000e+00	0.000000e+00	8.658688e-16	2.566179e-33	0.000000e+00	0.000000e+00	0.000000e+00	0.000000e+00	0.000000e+00	0.000000e+00	0.000000e+00	0.000000e+00	0.000000e+00	0.000000e+00	0.000000e+00	0.000000e+00	0.000000e+00	0.000000e+00	0.000000e+00	0.000000e+00	0.000000e+00	0.000000e+00	0.000000e+00	0.000000e+00	0.000000e+00	0.000000e+00	0.000000e+00	0.000000e+00	0.000000e+00	0.000000e+00	0.000000e+00	0.000000e+00	0.000000e+00	0.000000e+00	0.000000e+00	0.000000e+00	0.000000e+00	0.000000e+00	0.000000e+00	0.000000e+00	0.000000e+00	0.000000e+00	0.000000e+00	0.000000e+00	0.000000e+00	0.000000e+00	
172.665316	149.804156	195.526477	879.858836	1.001344e+07	1.481167e-28	0.000000e+00	3.560579e-12	2.617823e-17	0.000000e+00	0.000000e+00	8.445522e-03	4.138176e-29	1.028774e-03	3.656969e-15	9.219593e-28	1.299502e-22	4.002884e-37	3.996021e-58	0.000000e+00	2.961261e-25	2.032961e-32	1.207753e-47	1.569003e-41	3.066765e-09	4.973164e-03	4.278348e-13	0.000000e+00	0.000000e+00	0.000000e+00	1.173427e-50	4.224620e-19	0.000000e+00	4.350416e-13	0.000000e+00	0.000000e+00	0.000000e+00	0.000000e+00	0.000000e+00	0.000000e+00	0.000000e+00	4.997399e-13	1.847547e-28	9.253644e-30	5.153534e-19	1.401741e-15	2.485129e-19	2.903201e-19	2.824554e-32	2.273158e-04	7.568538e-12	0.000000e+00	0.000000e+00	2.610829e-14	3.367460e-21	0.000000e+00	8.225667e-11	8.420126e-01	8.950766e-31	6.850862e-05	0.000000e+00	1.942243e-24	1.974378e-35	5.621196e-25	4.130643e-13	1.090397e-19	0.000000e+00	0.000000e+00	2.958381e-31	0.000000e+00	0.000000e+00	0.000000e+00	0.000000e+00	0.000000e+00	0.000000e+00	0.000000e+00	2.417312e-16	4.715730e-34	0.000000e+00	0.000000e+00	0.000000e+00	0.000000e+00	0.000000e+00	0.000000e+00	0.000000e+00	0.000000e+00	0.000000e+00	0.000000e+00	0.000000e+00	0.000000e+00	0.000000e+00	0.000000e+00	0.000000e+00	0.000000e+00	0.000000e+00	0.000000e+00	0.000000e+00	0.000000e+00	0.000000e+00	0.000000e+00	0.000000e+00	0.000000e+00	0.000000e+00	0.000000e+00	0.000000e+00	0.000000e+00	0.000000e+00	0.000000e+00	0.000000e+00	0.000000e+00	0.000000e+00	0.000000e+00	0.000000e+00	0.000000e+00	0.000000e+00	0.000000e+00	0.000000e+00	0.000000e+00	0.000000e+00	0.000000e+00	
217.467610	195.526477	239.408742	846.353379	8.217531e+06	9.848909e-30	0.000000e+00	1.079774e-12	5.484039e-18	0.000000e+00	0.000000e+00	8.445819e-03	2.594291e-30	1.054066e-03	1.024809e-15	1.094953e-28	1.812864e-23	1.851162e-38	3.433613e-60	0.000000e+00	3.609419e-26	1.633297e-33	3.160108e-49	2.124623e-43	1.223436e-09	4.973216e-03	1.508399e-13	0.000000e+00	0.000000e+00	0.000000e+00	5.724452e-53	6.037310e-20	0.000000e+00	1.493641e-13	0.000000e+00	0.000000e+00	0.000000e+00	0.000000e+00	0.000000e+00	0.000000e+00	0.000000e+00	1.506065e-13	1.076204e-29	6.198184e-31	1.063755e-19	6.001756e-16	6.009187e-20	9.569584e-20	3.871434e-33	2.273174e-04	3.217466e-12	0.000000e+00	0.000000e+00	1.042650e-14	5.043696e-22	0.000000e+00	4.004797e-11	8.419984e-01	6.110239e-32	5.588950e-05	0.000000e+00	1.976650e-25	5.054774e-37	4.428880e-26	1.218961e-13	1.636463e-20	0.000000e+00	0.000000e+00	1.090109e-32	0.000000e+00	0.000000e+00	0.000000e+00	0.000000e+00	0.000000e+00	0.000000e+00	0.000000e+00	6.846302e-17	8.876031e-35	0.000000e+00	0.000000e+00	0.000000e+00	0.000000e+00	0.000000e+00	0.000000e+00	0.000000e+00	0.000000e+00	0.000000e+00	0.000000e+00	0.000000e+00	0.000000e+00	0.000000e+00	0.000000e+00	0.000000e+00	0.000000e+00	0.000000e+00	0.000000e+00	0.000000e+00	0.000000e+00	0.000000e+00	0.000000e+00	0.000000e+00	0.000000e+00	0.000000e+00	0.000000e+00	0.000000e+00	0.000000e+00	0.000000e+00	0.000000e+00	0.000000e+00	0.000000e+00	0.000000e+00	0.000000e+00	0.000000e+00	0.000000e+00	0.000000e+00	0.000000e+00	0.000000e+00	0.000000e+00	0.000000e+00	0.000000e+00	
260.498188	239.408742	281.587633	813.017695	6.743719e+06	6.492415e-31	0.000000e+00	3.262717e-13	1.142957e-18	0.000000e+00	0.000000e+00	8.445911e-03	1.604498e-31	1.075530e-03	2.846333e-16	1.281570e-29	2.502217e-24	8.445311e-40	2.898812e-62	0.000000e+00	4.351718e-27	1.297849e-34	8.157534e-51	2.833901e-45	4.863929e-10	4.973329e-03	5.300974e-14	0.000000e+00	0.000000e+00	0.000000e+00	2.740048e-55	8.573257e-21	0.000000e+00	5.111949e-14	0.000000e+00	0.000000e+00	0.000000e+00	0.000000e+00	0.000000e+00	0.000000e+00	0.000000e+00	4.500986e-14	6.177154e-31	4.099542e-32	2.183977e-20	2.562266e-16	1.446603e-20	3.146516e-20	5.284593e-34	2.273230e-04	1.363679e-12	0.000000e+00	0.000000e+00	4.153999e-15	7.500968e-23	0.000000e+00	1.946726e-11	8.419844e-01	4.136474e-33	4.516561e-05	0.000000e+00	1.987280e-26	1.277604e-38	3.458135e-27	3.581663e-14	2.440207e-21	0.000000e+00	0.000000e+00	3.969670e-34	0.000000e+00	0.000000e+00	0.000000e+00	0.000000e+00	0.000000e+00	0.000000e+00	0.000000e+00	1.923843e-17	1.670416e-35	0.000000e+00	0.000000e+00	0.000000e+00	0.000000e+00	0.000000e+00	0.000000e+00	0.000000e+00	0.000000e+00	0.000000e+00	0.000000e+00	0.000000e+00	0.000000e+00	0.000000e+00	0.000000e+00	0.000000e+00	0.000000e+00	0.000000e+00	0.000000e+00	0.000000e+00	0.000000e+00	0.000000e+00	0.000000e+00	0.000000e+00	0.000000e+00	0.000000e+00	0.000000e+00	0.000000e+00	0.000000e+00	0.000000e+00	0.000000e+00	0.000000e+00	0.000000e+00	0.000000e+00	0.000000e+00	0.000000e+00	0.000000e+00	0.000000e+00	0.000000e+00	0.000000e+00	0.000000e+00	0.000000e+00	0.000000e+00	
301.872750	281.587633	322.157867	780.581751	5.534234e+06	4.020042e-32	0.000000e+00	9.590414e-14	2.298023e-19	0.000000e+00	0.000000e+00	8.446319e-03	9.255778e-33	1.094280e-03	7.644495e-17	1.413080e-30	3.279376e-25	3.573950e-41	2.191539e-64	0.000000e+00	4.977165e-28	9.707609e-36	1.936572e-52	3.412378e-47	1.880903e-10	4.973335e-03	1.814824e-14	0.000000e+00	0.000000e+00	0.000000e+00	1.153048e-57	1.158352e-21	0.000000e+00	1.703493e-14	0.000000e+00	0.000000e+00	0.000000e+00	0.000000e+00	0.000000e+00	0.000000e+00	0.000000e+00	1.296187e-14	3.286601e-32	2.525665e-33	4.315374e-21	1.069805e-16	3.364735e-21	1.007475e-20	6.900358e-35	2.273347e-04	5.661372e-13	0.000000e+00	0.000000e+00	1.611569e-15	1.061571e-23	0.000000e+00	9.256469e-12	8.419699e-01	2.632662e-34	3.581877e-05	0.000000e+00	1.886402e-27	2.961835e-40	2.543259e-28	1.022497e-14	3.471472e-22	0.000000e+00	0.000000e+00	1.331447e-35	0.000000e+00	0.000000e+00	0.000000e+00	0.000000e+00	0.000000e+00	0.000000e+00	0.000000e+00	5.206480e-18	3.048188e-36	0.000000e+00	0.000000e+00	0.000000e+00	0.000000e+00	0.000000e+00	0.000000e+00	0.000000e+00	0.000000e+00	0.000000e+00	0.000000e+00	0.000000e+00	0.000000e+00	0.000000e+00	0.000000e+00	0.000000e+00	0.000000e+00	0.000000e+00	0.000000e+00	0.000000e+00	0.000000e+00	0.000000e+00	0.000000e+00	0.000000e+00	0.000000e+00	0.000000e+00	0.000000e+00	0.000000e+00	0.000000e+00	0.000000e+00	0.000000e+00	0.000000e+00	0.000000e+00	0.000000e+00	0.000000e+00	0.000000e+00	0.000000e+00	0.000000e+00	0.000000e+00	0.000000e+00	0.000000e+00	0.000000e+00	0.000000e+00	
341.686630	322.157867	361.215394	749.670679	4.541670e+06	2.379635e-33	0.000000e+00	2.763895e-14	4.502271e-20	0.000000e+00	0.000000e+00	8.446275e-03	5.073985e-34	1.109960e-03	2.001942e-17	1.490452e-31	4.137388e-26	1.431814e-42	1.529641e-66	0.000000e+00	5.475894e-29	6.947772e-37	4.326755e-54	3.817351e-49	7.132046e-11	4.973486e-03	6.098641e-15	0.000000e+00	0.000000e+00	0.000000e+00	4.423198e-60	1.510767e-22	0.000000e+00	5.570871e-15	0.000000e+00	0.000000e+00	0.000000e+00	0.000000e+00	0.000000e+00	0.000000e+00	0.000000e+00	3.632367e-15	1.654391e-33	1.477951e-34	8.294865e-22	4.395562e-17	7.635171e-22	3.165598e-21	8.731390e-36	2.273303e-04	2.315413e-13	0.000000e+00	0.000000e+00	6.136662e-16	1.449859e-24	0.000000e+00	4.334331e-12	8.419624e-01	1.602861e-35	2.797944e-05	0.000000e+00	1.716412e-28	6.452143e-42	1.791522e-29	2.859213e-15	4.775059e-23	0.000000e+00	0.000000e+00	4.210131e-37	0.000000e+00	0.000000e+00	0.000000e+00	0.000000e+00	0.000000e+00	0.000000e+00	0.000000e+00	1.370808e-18	5.446127e-37	0.000000e+00	0.000000e+00	0.000000e+00	0.000000e+00	0.000000e+00	0.000000e+00	0.000000e+00	0.000000e+00	0.000000e+00	0.000000e+00	0.000000e+00	0.000000e+00	0.000000e+00	0.000000e+00	0.000000e+00	0.000000e+00	0.000000e+00	0.000000e+00	0.000000e+00	0.000000e+00	0.000000e+00	0.000000e+00	0.000000e+00	0.000000e+00	0.000000e+00	0.000000e+00	0.000000e+00	0.000000e+00	0.000000e+00	0.000000e+00	0.000000e+00	0.000000e+00	0.000000e+00	0.000000e+00	0.000000e+00	0.000000e+00	0.000000e+00	0.000000e+00	0.000000e+00	0.000000e+00	0.000000e+00	0.000000e+00	
380.037286	361.215394	398.859178	720.509136	3.727123e+06	1.379111e-34	0.000000e+00	7.892406e-15	8.713518e-21	0.000000e+00	0.000000e+00	8.446269e-03	2.711580e-35	1.122626e-03	5.171803e-18	1.536609e-32	5.121529e-27	5.585298e-44	1.027888e-68	0.000000e+00	5.908405e-30	4.867555e-38	9.393537e-56	4.122795e-51	2.680693e-11	4.973460e-03	2.032252e-15	0.000000e+00	0.000000e+00	0.000000e+00	1.623526e-62	1.938743e-23	0.000000e+00	1.806357e-15	0.000000e+00	0.000000e+00	0.000000e+00	0.000000e+00	0.000000e+00	0.000000e+00	0.000000e+00	1.003979e-15	8.100502e-35	8.436602e-36	1.573912e-22	1.793006e-17	1.713080e-22	9.868465e-22	1.090274e-36	2.273325e-04	9.403172e-14	0.000000e+00	0.000000e+00	2.318810e-16	1.947460e-25	0.000000e+00	2.017223e-12	8.419532e-01	9.559279e-37	2.165226e-05	0.000000e+00	1.528359e-29	1.364246e-43	1.236131e-30	7.916136e-16	6.466210e-24	0.000000e+00	0.000000e+00	1.294657e-38	0.000000e+00	0.000000e+00	0.000000e+00	0.000000e+00	0.000000e+00	0.000000e+00	0.000000e+00	3.560976e-19	9.660612e-38	0.000000e+00	0.000000e+00	0.000000e+00	0.000000e+00	0.000000e+00	0.000000e+00	0.000000e+00	0.000000e+00	0.000000e+00	0.000000e+00	0.000000e+00	0.000000e+00	0.000000e+00	0.000000e+00	0.000000e+00	0.000000e+00	0.000000e+00	0.000000e+00	0.000000e+00	0.000000e+00	0.000000e+00	0.000000e+00	0.000000e+00	0.000000e+00	0.000000e+00	0.000000e+00	0.000000e+00	0.000000e+00	0.000000e+00	0.000000e+00	0.000000e+00	0.000000e+00	0.000000e+00	0.000000e+00	0.000000e+00	0.000000e+00	0.000000e+00	0.000000e+00	0.000000e+00	0.000000e+00	0.000000e+00	0.000000e+00	
417.022386	398.859178	435.185593	693.430106	3.058664e+06	7.956998e-36	0.000000e+00	2.249656e-15	1.681868e-21	0.000000e+00	0.000000e+00	8.446383e-03	1.438476e-36	1.132563e-03	1.329128e-18	1.572636e-33	6.305026e-28	2.163979e-45	6.848915e-71	0.000000e+00	6.338596e-31	3.392299e-39	2.026748e-57	4.417024e-53	1.006476e-11	4.973701e-03	6.764056e-16	0.000000e+00	0.000000e+00	0.000000e+00	5.900678e-65	2.481634e-24	0.000000e+00	5.850906e-16	0.000000e+00	0.000000e+00	0.000000e+00	0.000000e+00	0.000000e+00	0.000000e+00	0.000000e+00	2.763872e-16	3.935272e-36	4.787839e-37	2.978193e-23	7.304689e-18	3.835741e-23	3.075084e-22	1.360324e-37	2.273362e-04	3.812725e-14	0.000000e+00	0.000000e+00	8.760956e-17	2.607097e-26	0.000000e+00	9.391945e-13	8.419482e-01	5.677683e-38	1.667392e-05	0.000000e+00	1.351660e-30	2.864634e-45	8.488156e-32	2.186793e-16	8.730868e-25	0.000000e+00	0.000000e+00	3.958012e-40	0.000000e+00	0.000000e+00	0.000000e+00	0.000000e+00	0.000000e+00	0.000000e+00	0.000000e+00	9.219684e-20	1.717405e-38	0.000000e+00	0.000000e+00	0.000000e+00	0.000000e+00	0.000000e+00	0.000000e+00	0.000000e+00	0.000000e+00	0.000000e+00	0.000000e+00	0.000000e+00	0.000000e+00	0.000000e+00	0.000000e+00	0.000000e+00	0.000000e+00	0.000000e+00	0.000000e+00	0.000000e+00	0.000000e+00	0.000000e+00	0.000000e+00	0.000000e+00	0.000000e+00	0.000000e+00	0.000000e+00	0.000000e+00	0.000000e+00	0.000000e+00	0.000000e+00	0.000000e+00	0.000000e+00	0.000000e+00	0.000000e+00	0.000000e+00	0.000000e+00	0.000000e+00	0.000000e+00	0.000000e+00	0.000000e+00	0.000000e+00	0.000000e+00	
452.727071	435.185593	470.268549	668.580514	2.510093e+06	4.420739e-37	0.000000e+00	6.306945e-16	3.176533e-22	0.000000e+00	0.000000e+00	8.446360e-03	7.317562e-38	1.140534e-03	3.346624e-19	1.553910e-34	7.525782e-29	8.016450e-47	4.273000e-73	0.000000e+00	6.588649e-32	2.280923e-40	4.161174e-59	4.448086e-55	3.718252e-12	4.973511e-03	2.216774e-16	0.000000e+00	0.000000e+00	0.000000e+00	1.984152e-67	3.084296e-25	0.000000e+00	1.865548e-16	0.000000e+00	0.000000e+00	0.000000e+00	0.000000e+00	0.000000e+00	0.000000e+00	0.000000e+00	7.444701e-17	1.826498e-37	2.605567e-38	5.506997e-24	2.937081e-18	8.414147e-24	9.436650e-23	1.654220e-38	2.273441e-04	1.526785e-14	0.000000e+00	0.000000e+00	3.260483e-17	3.388296e-27	0.000000e+00	4.319008e-13	8.419407e-01	3.249373e-39	1.270393e-05	0.000000e+00	1.154553e-31	5.707911e-47	5.620817e-33	5.936327e-17	1.146226e-25	0.000000e+00	0.000000e+00	1.151656e-41	0.000000e+00	0.000000e+00	0.000000e+00	0.000000e+00	0.000000e+00	0.000000e+00	0.000000e+00	2.335607e-20	3.002348e-39	0.000000e+00	0.000000e+00	0.000000e+00	0.000000e+00	0.000000e+00	0.000000e+00	0.000000e+00	0.000000e+00	0.000000e+00	0.000000e+00	0.000000e+00	0.000000e+00	0.000000e+00	0.000000e+00	0.000000e+00	0.000000e+00	0.000000e+00	0.000000e+00	0.000000e+00	0.000000e+00	0.000000e+00	0.000000e+00	0.000000e+00	0.000000e+00	0.000000e+00	0.000000e+00	0.000000e+00	0.000000e+00	0.000000e+00	0.000000e+00	0.000000e+00	0.000000e+00	0.000000e+00	0.000000e+00	0.000000e+00	0.000000e+00	0.000000e+00	0.000000e+00	0.000000e+00	0.000000e+00	0.000000e+00	0.000000e+00	
487.220658	470.268549	504.172766	645.563700	2.059909e+06	2.344224e-38	0.000000e+00	1.732237e-16	5.841089e-23	0.000000e+00	0.000000e+00	8.446539e-03	3.537125e-39	1.146811e-03	8.223050e-20	1.471819e-35	8.652107e-30	2.811394e-48	2.459029e-75	0.000000e+00	6.591044e-33	1.467958e-41	8.038355e-61	4.151265e-57	1.346631e-12	4.973785e-03	7.128465e-17	0.000000e+00	0.000000e+00	0.000000e+00	6.064879e-70	3.697183e-26	0.000000e+00	5.835243e-17	0.000000e+00	0.000000e+00	0.000000e+00	0.000000e+00	0.000000e+00	0.000000e+00	0.000000e+00	1.953485e-17	8.020754e-39	1.347296e-39	9.896807e-25	1.161743e-18	1.799376e-24	2.840826e-23	1.947909e-39	2.273444e-04	6.020296e-15	0.000000e+00	0.000000e+00	1.190808e-17	4.246077e-28	0.000000e+00	1.955802e-13	8.419350e-01	1.776365e-40	9.563926e-06	0.000000e+00	9.455144e-33	1.066456e-48	3.560227e-34	1.577540e-17	1.453807e-26	0.000000e+00	0.000000e+00	3.153905e-43	0.000000e+00	0.000000e+00	0.000000e+00	0.000000e+00	0.000000e+00	0.000000e+00	0.000000e+00	5.763254e-21	5.136513e-40	0.000000e+00	0.000000e+00	0.000000e+00	0.000000e+00	0.000000e+00	0.000000e+00	0.000000e+00	0.000000e+00	0.000000e+00	0.000000e+00	0.000000e+00	0.000000e+00	0.000000e+00	0.000000e+00	0.000000e+00	0.000000e+00	0.000000e+00	0.000000e+00	0.000000e+00	0.000000e+00	0.000000e+00	0.000000e+00	0.000000e+00	0.000000e+00	0.000000e+00	0.000000e+00	0.000000e+00	0.000000e+00	0.000000e+00	0.000000e+00	0.000000e+00	0.000000e+00	0.000000e+00	0.000000e+00	0.000000e+00	0.000000e+00	0.000000e+00	0.000000e+00	0.000000e+00	0.000000e+00	0.000000e+00	0.000000e+00	
520.561686	504.172766	536.950606	623.299303	1.690464e+06	1.158417e-39	0.000000e+00	4.611787e-17	1.031493e-23	0.000000e+00	0.000000e+00	8.446814e-03	1.584513e-40	1.151822e-03	1.949923e-20	1.309634e-36	9.406359e-31	9.081577e-50	1.252610e-77	0.000000e+00	6.228018e-34	8.845744e-43	1.416105e-62	3.453692e-59	4.729634e-13	4.973738e-03	2.226213e-17	0.000000e+00	0.000000e+00	0.000000e+00	1.604634e-72	4.192263e-27	0.000000e+00	1.771601e-17	0.000000e+00	0.000000e+00	0.000000e+00	0.000000e+00	0.000000e+00	0.000000e+00	0.000000e+00	4.929421e-18	3.242501e-40	6.449280e-41	1.703621e-25	4.482436e-19	3.702056e-25	8.301340e-24	2.182107e-40	2.273474e-04	2.319346e-15	0.000000e+00	0.000000e+00	4.222655e-18	5.034642e-29	0.000000e+00	8.642085e-14	8.419324e-01	9.058902e-42	7.083432e-06	0.000000e+00	7.275135e-34	1.808086e-50	2.108549e-35	4.058949e-18	1.749432e-27	0.000000e+00	0.000000e+00	7.877471e-45	0.000000e+00	0.000000e+00	0.000000e+00	0.000000e+00	0.000000e+00	0.000000e+00	0.000000e+00	1.366837e-21	8.486095e-41	0.000000e+00	0.000000e+00	0.000000e+00	0.000000e+00	0.000000e+00	0.000000e+00	0.000000e+00	0.000000e+00	0.000000e+00	0.000000e+00	0.000000e+00	0.000000e+00	0.000000e+00	0.000000e+00	0.000000e+00	0.000000e+00	0.000000e+00	0.000000e+00	0.000000e+00	0.000000e+00	0.000000e+00	0.000000e+00	0.000000e+00	0.000000e+00	0.000000e+00	0.000000e+00	0.000000e+00	0.000000e+00	0.000000e+00	0.000000e+00	0.000000e+00	0.000000e+00	0.000000e+00	0.000000e+00	0.000000e+00	0.000000e+00	0.000000e+00	0.000000e+00	0.000000e+00	0.000000e+00	0.000000e+00	0.000000e+00	
552.786531	536.950606	568.622457	600.861178	1.387280e+06	4.868462e-41	0.000000e+00	1.142898e-17	1.660169e-24	0.000000e+00	0.000000e+00	8.446502e-03	5.971175e-42	1.155805e-03	4.271290e-21	1.010748e-37	9.002831e-32	2.429919e-51	4.818551e-80	0.000000e+00	5.168744e-35	4.581574e-44	2.016568e-64	2.209799e-61	1.546382e-13	4.973802e-03	6.495853e-18	0.000000e+00	0.000000e+00	0.000000e+00	3.051786e-75	4.180358e-28	0.000000e+00	5.019522e-18	0.000000e+00	0.000000e+00	0.000000e+00	0.000000e+00	0.000000e+00	0.000000e+00	0.000000e+00	1.137729e-18	1.086215e-41	2.585164e-42	2.656436e-26	1.632521e-19	6.964907e-26	2.260648e-24	2.172488e-41	2.273345e-04	8.471497e-16	0.000000e+00	0.000000e+00	1.395968e-18	5.256508e-30	0.000000e+00	3.600404e-14	8.419326e-01	3.936422e-43	5.062175e-06	0.000000e+00	4.861733e-35	2.455823e-52	1.071337e-36	9.701436e-19	1.864755e-28	0.000000e+00	0.000000e+00	1.593236e-46	0.000000e+00	0.000000e+00	0.000000e+00	0.000000e+00	0.000000e+00	0.000000e+00	0.000000e+00	2.958120e-22	1.286195e-41	0.000000e+00	0.000000e+00	0.000000e+00	0.000000e+00	0.000000e+00	0.000000e+00	0.000000e+00	0.000000e+00	0.000000e+00	0.000000e+00	0.000000e+00	0.000000e+00	0.000000e+00	0.000000e+00	0.000000e+00	0.000000e+00	0.000000e+00	0.000000e+00	0.000000e+00	0.000000e+00	0.000000e+00	0.000000e+00	0.000000e+00	0.000000e+00	0.000000e+00	0.000000e+00	0.000000e+00	0.000000e+00	0.000000e+00	0.000000e+00	0.000000e+00	0.000000e+00	0.000000e+00	0.000000e+00	0.000000e+00	0.000000e+00	0.000000e+00	0.000000e+00	0.000000e+00	0.000000e+00	0.000000e+00	0.000000e+00	
583.893143	568.622457	599.163830	577.903341	1.138472e+06	1.479039e-42	0.000000e+00	2.452922e-18	2.219174e-25	0.000000e+00	0.000000e+00	8.446551e-03	1.593203e-43	1.159252e-03	7.994732e-22	5.872380e-39	6.680487e-33	4.460425e-53	1.056001e-82	0.000000e+00	3.310754e-36	1.752622e-45	1.874461e-66	8.357056e-64	4.376958e-14	4.973983e-03	1.653352e-18	0.000000e+00	0.000000e+00	0.000000e+00	2.995543e-78	3.218557e-29	0.000000e+00	1.237255e-18	0.000000e+00	0.000000e+00	0.000000e+00	0.000000e+00	0.000000e+00	0.000000e+00	0.000000e+00	2.196689e-19	2.499588e-43	7.260221e-44	3.398013e-27	5.297088e-20	1.095294e-26	5.341071e-25	1.705197e-42	2.273479e-04	2.781487e-16	0.000000e+00	0.000000e+00	4.004765e-19	4.252468e-31	0.000000e+00	1.331123e-14	8.419281e-01	1.241085e-44	3.372902e-06	0.000000e+00	2.453032e-36	2.139891e-54	4.005039e-38	2.000510e-19	1.558238e-29	0.000000e+00	0.000000e+00	2.110484e-48	0.000000e+00	0.000000e+00	0.000000e+00	0.000000e+00	0.000000e+00	0.000000e+00	0.000000e+00	5.328224e-23	1.635401e-42	0.000000e+00	0.000000e+00	0.000000e+00	0.000000e+00	0.000000e+00	0.000000e+00	0.000000e+00	0.000000e+00	0.000000e+00	0.000000e+00	0.000000e+00	0.000000e+00	0.000000e+00	0.000000e+00	0.000000e+00	0.000000e+00	0.000000e+00	0.000000e+00	0.000000e+00	0.000000e+00	0.000000e+00	0.000000e+00	0.000000e+00	0.000000e+00	0.000000e+00	0.000000e+00	0.000000e+00	0.000000e+00	0.000000e+00	0.000000e+00	0.000000e+00	0.000000e+00	0.000000e+00	0.000000e+00	0.000000e+00	0.000000e+00	0.000000e+00	0.000000e+00	0.000000e+00	0.000000e+00	0.000000e+00	0.000000e+00	
613.840866	599.163830	628.517901	554.431388	9.342870e+05	2.754468e-44	0.000000e+00	4.238111e-19	2.241918e-26	0.000000e+00	0.000000e+00	8.446673e-03	2.525807e-45	1.161891e-03	1.180644e-22	2.222802e-40	3.376950e-34	4.637703e-55	9.903091e-86	0.000000e+00	1.434854e-37	4.243951e-47	9.153231e-69	1.430381e-66	9.964678e-15	4.973844e-03	3.423777e-19	0.000000e+00	0.000000e+00	0.000000e+00	1.084586e-81	1.677288e-30	0.000000e+00	2.471111e-19	0.000000e+00	0.000000e+00	0.000000e+00	0.000000e+00	0.000000e+00	0.000000e+00	0.000000e+00	3.239818e-20	3.265184e-45	1.191956e-45	3.223896e-28	1.443255e-20	1.313988e-27	1.017974e-25	9.343703e-44	2.273471e-04	7.775430e-17	0.000000e+00	0.000000e+00	9.270606e-20	2.340965e-32	0.000000e+00	4.108050e-15	8.419290e-01	2.411867e-46	2.021719e-06	0.000000e+00	8.103078e-38	9.548568e-57	9.426922e-40	3.301801e-20	9.019045e-31	0.000000e+00	0.000000e+00	1.476706e-50	0.000000e+00	0.000000e+00	0.000000e+00	0.000000e+00	0.000000e+00	0.000000e+00	0.000000e+00	7.273474e-24	1.593532e-43	0.000000e+00	0.000000e+00	0.000000e+00	0.000000e+00	0.000000e+00	0.000000e+00	0.000000e+00	0.000000e+00	0.000000e+00	0.000000e+00	0.000000e+00	0.000000e+00	0.000000e+00	0.000000e+00	0.000000e+00	0.000000e+00	0.000000e+00	0.000000e+00	0.000000e+00	0.000000e+00	0.000000e+00	0.000000e+00	0.000000e+00	0.000000e+00	0.000000e+00	0.000000e+00	0.000000e+00	0.000000e+00	0.000000e+00	0.000000e+00	0.000000e+00	0.000000e+00	0.000000e+00	0.000000e+00	0.000000e+00	0.000000e+00	0.000000e+00	0.000000e+00	0.000000e+00	0.000000e+00	0.000000e+00	0.000000e+00	
642.579115	628.517901	656.640328	530.616210	7.667228e+05	3.027717e-46	0.000000e+00	5.796968e-20	1.674965e-27	0.000000e+00	0.000000e+00	8.446817e-03	2.285939e-47	1.163808e-03	1.350595e-23	5.310433e-42	1.129541e-35	2.615929e-57	3.725873e-89	0.000000e+00	4.084235e-39	6.285322e-49	2.236864e-71	1.041957e-69	1.795728e-15	4.973736e-03	5.680294e-20	0.000000e+00	0.000000e+00	0.000000e+00	1.341224e-85	5.745786e-32	0.000000e+00	3.937404e-20	0.000000e+00	0.000000e+00	0.000000e+00	0.000000e+00	0.000000e+00	0.000000e+00	0.000000e+00	3.578520e-21	2.318605e-47	1.099020e-47	2.217026e-29	3.259143e-21	1.178008e-28	1.540825e-26	3.481150e-45	2.273445e-04	1.827768e-17	0.000000e+00	0.000000e+00	1.705500e-20	8.516691e-34	0.000000e+00	1.044998e-15	8.419253e-01	2.783381e-48	1.082624e-06	0.000000e+00	1.696013e-39	2.071329e-59	1.347838e-41	4.287581e-21	3.516413e-32	0.000000e+00	0.000000e+00	5.197381e-53	0.000000e+00	0.000000e+00	0.000000e+00	0.000000e+00	0.000000e+00	0.000000e+00	0.000000e+00	7.375962e-25	1.168296e-44	0.000000e+00	0.000000e+00	0.000000e+00	0.000000e+00	0.000000e+00	0.000000e+00	0.000000e+00	0.000000e+00	0.000000e+00	0.000000e+00	0.000000e+00	0.000000e+00	0.000000e+00	0.000000e+00	0.000000e+00	0.000000e+00	0.000000e+00	0.000000e+00	0.000000e+00	0.000000e+00	0.000000e+00	0.000000e+00	0.000000e+00	0.000000e+00	0.000000e+00	0.000000e+00	0.000000e+00	0.000000e+00	0.000000e+00	0.000000e+00	0.000000e+00	0.000000e+00	0.000000e+00	0.000000e+00	0.000000e+00	0.000000e+00	0.000000e+00	0.000000e+00	0.000000e+00	0.000000e+00	0.000000e+00	0.000000e+00	
670.087022	656.640328	683.533716	507.062443	6.292112e+05	2.196532e-48	0.000000e+00	6.596614e-21	9.864710e-29	0.000000e+00	0.000000e+00	8.446963e-03	1.330042e-49	1.164914e-03	1.262654e-24	8.843919e-44	2.730608e-37	9.122475e-60	1.882676e-90	0.000000e+00	8.350788e-41	6.327853e-51	3.174686e-74	3.869571e-73	2.695410e-16	4.973475e-03	7.920507e-21	0.000000e+00	0.000000e+00	0.000000e+00	7.112874e-90	1.416185e-33	0.000000e+00	5.255936e-21	0.000000e+00	0.000000e+00	0.000000e+00	0.000000e+00	0.000000e+00	0.000000e+00	0.000000e+00	3.151432e-22	1.018659e-49	6.444589e-50	1.183202e-30	6.351660e-22	8.399470e-30	1.948292e-27	9.595096e-47	2.273469e-04	3.748197e-18	0.000000e+00	0.000000e+00	2.623997e-21	2.237265e-35	0.000000e+00	2.288117e-16	8.419240e-01	2.130985e-50	5.312077e-07	0.000000e+00	2.476781e-41	2.543455e-62	1.300588e-43	4.608561e-22	1.005033e-33	0.000000e+00	0.000000e+00	1.064925e-55	0.000000e+00	0.000000e+00	0.000000e+00	0.000000e+00	0.000000e+00	0.000000e+00	0.000000e+00	5.930677e-26	6.875601e-46	0.000000e+00	0.000000e+00	0.000000e+00	0.000000e+00	0.000000e+00	0.000000e+00	0.000000e+00	0.000000e+00	0.000000e+00	0.000000e+00	0.000000e+00	0.000000e+00	0.000000e+00	0.000000e+00	0.000000e+00	0.000000e+00	0.000000e+00	0.000000e+00	0.000000e+00	0.000000e+00	0.000000e+00	0.000000e+00	0.000000e+00	0.000000e+00	0.000000e+00	0.000000e+00	0.000000e+00	0.000000e+00	0.000000e+00	0.000000e+00	0.000000e+00	0.000000e+00	0.000000e+00	0.000000e+00	0.000000e+00	0.000000e+00	0.000000e+00	0.000000e+00	0.000000e+00	0.000000e+00	0.000000e+00	0.000000e+00	
696.401931	683.533716	709.270146	484.647054	5.163623e+05	1.378129e-50	0.000000e+00	7.040519e-22	5.345481e-30	0.000000e+00	0.000000e+00	8.446884e-03	6.633148e-52	1.165527e-03	1.099155e-25	1.303238e-45	5.901982e-39	2.695141e-62	1.882685e-90	0.000000e+00	1.522586e-42	5.583023e-53	3.741485e-77	1.134874e-76	3.806064e-17	4.973888e-03	1.041266e-21	0.000000e+00	0.000000e+00	0.000000e+00	1.882685e-90	3.120781e-35	0.000000e+00	6.610499e-22	0.000000e+00	0.000000e+00	0.000000e+00	0.000000e+00	0.000000e+00	0.000000e+00	0.000000e+00	2.571523e-23	3.787445e-52	3.240053e-52	5.779929e-32	1.177015e-22	5.533613e-31	2.320693e-28	2.391760e-48	2.273448e-04	7.327960e-19	0.000000e+00	0.000000e+00	3.809464e-22	5.253079e-37	0.000000e+00	4.776097e-17	8.419227e-01	1.414438e-52	2.535697e-07	0.000000e+00	3.188114e-43	2.557493e-65	1.093411e-45	4.637248e-23	2.581645e-35	0.000000e+00	0.000000e+00	1.808652e-58	0.000000e+00	0.000000e+00	0.000000e+00	0.000000e+00	0.000000e+00	0.000000e+00	0.000000e+00	4.416439e-27	3.777430e-47	0.000000e+00	0.000000e+00	0.000000e+00	0.000000e+00	0.000000e+00	0.000000e+00	0.000000e+00	0.000000e+00	0.000000e+00	0.000000e+00	0.000000e+00	0.000000e+00	0.000000e+00	0.000000e+00	0.000000e+00	0.000000e+00	0.000000e+00	0.000000e+00	0.000000e+00	0.000000e+00	0.000000e+00	0.000000e+00	0.000000e+00	0.000000e+00	0.000000e+00	0.000000e+00	0.000000e+00	0.000000e+00	0.000000e+00	0.000000e+00	0.000000e+00	0.000000e+00	0.000000e+00	0.000000e+00	0.000000e+00	0.000000e+00	0.000000e+00	0.000000e+00	0.000000e+00	0.000000e+00	0.000000e+00	0.000000e+00	
721.620425	709.270146	733.970704	463.893533	4.237528e+05	9.922397e-53	0.000000e+00	7.989520e-23	3.133211e-31	0.000000e+00	0.000000e+00	8.446495e-03	3.829816e-54	1.165672e-03	1.021204e-26	2.177101e-47	1.423871e-40	9.370742e-65	1.882597e-90	0.000000e+00	3.102312e-44	5.624441e-55	5.314885e-80	4.153981e-80	5.734954e-18	4.973206e-03	1.454013e-22	0.000000e+00	0.000000e+00	0.000000e+00	1.882597e-90	7.703239e-37	0.000000e+00	8.843431e-23	0.000000e+00	0.000000e+00	0.000000e+00	0.000000e+00	0.000000e+00	0.000000e+00	0.000000e+00	2.271446e-24	1.652192e-54	1.905054e-54	3.071600e-33	2.294604e-23	3.939455e-32	2.950146e-29	6.643169e-50	2.273365e-04	1.498883e-19	0.000000e+00	0.000000e+00	5.910461e-23	1.377009e-38	0.000000e+00	1.055581e-17	8.419304e-01	1.076736e-54	1.251758e-07	0.000000e+00	4.618593e-45	3.098404e-68	1.045861e-47	4.966033e-24	7.369028e-37	0.000000e+00	0.000000e+00	3.680166e-61	0.000000e+00	0.000000e+00	0.000000e+00	0.000000e+00	0.000000e+00	0.000000e+00	0.000000e+00	3.575995e-28	2.263440e-48	0.000000e+00	0.000000e+00	0.000000e+00	0.000000e+00	0.000000e+00	0.000000e+00	0.000000e+00	0.000000e+00	0.000000e+00	0.000000e+00	0.000000e+00	0.000000e+00	0.000000e+00	0.000000e+00	0.000000e+00	0.000000e+00	0.000000e+00	0.000000e+00	0.000000e+00	0.000000e+00	0.000000e+00	0.000000e+00	0.000000e+00	0.000000e+00	0.000000e+00	0.000000e+00	0.000000e+00	0.000000e+00	0.000000e+00	0.000000e+00	0.000000e+00	0.000000e+00	0.000000e+00	0.000000e+00	0.000000e+00	0.000000e+00	0.000000e+00	0.000000e+00	0.000000e+00	0.000000e+00	0.000000e+00	0.000000e+00	
745.870641	733.970704	757.770577	445.170233	3.477529e+05	9.727107e-55	0.000000e+00	1.039772e-23	2.190864e-32	0.000000e+00	0.000000e+00	8.446792e-03	3.070902e-56	1.165876e-03	1.100278e-27	4.789661e-49	4.385224e-42	4.677608e-67	1.882721e-90	0.000000e+00	8.098289e-46	7.591639e-57	1.139704e-82	2.504326e-83	9.954242e-19	4.973998e-03	2.318887e-23	0.000000e+00	0.000000e+00	0.000000e+00	1.882721e-90	2.442825e-38	0.000000e+00	1.355459e-23	0.000000e+00	0.000000e+00	0.000000e+00	0.000000e+00	0.000000e+00	0.000000e+00	0.000000e+00	2.387360e-25	1.031202e-56	1.580932e-56	1.971301e-34	5.003147e-24	3.331734e-33	4.314961e-30	2.331256e-51	2.273547e-04	3.393362e-20	0.000000e+00	0.000000e+00	1.056754e-23	4.612228e-40	0.000000e+00	2.632238e-18	8.419197e-01	1.113347e-56	6.632338e-08	0.000000e+00	8.732836e-47	5.716700e-71	1.338465e-49	6.120630e-25	2.658528e-38	0.000000e+00	0.000000e+00	1.122189e-63	0.000000e+00	0.000000e+00	0.000000e+00	0.000000e+00	0.000000e+00	0.000000e+00	0.000000e+00	3.470225e-29	1.623259e-49	0.000000e+00	0.000000e+00	0.000000e+00	0.000000e+00	0.000000e+00	0.000000e+00	0.000000e+00	0.000000e+00	0.000000e+00	0.000000e+00	0.000000e+00	0.000000e+00	0.000000e+00	0.000000e+00	0.000000e+00	0.000000e+00	0.000000e+00	0.000000e+00	0.000000e+00	0.000000e+00	0.000000e+00	0.000000e+00	0.000000e+00	0.000000e+00	0.000000e+00	0.000000e+00	0.000000e+00	0.000000e+00	0.000000e+00	0.000000e+00	0.000000e+00	0.000000e+00	0.000000e+00	0.000000e+00	0.000000e+00	0.000000e+00	0.000000e+00	0.000000e+00	0.000000e+00	0.000000e+00	0.000000e+00	0.000000e+00	
769.284191	757.770577	780.797805	428.848646	2.853835e+05	1.405586e-56	0.000000e+00	1.607515e-24	1.912393e-33	0.000000e+00	0.000000e+00	8.446596e-03	3.719643e-58	1.165852e-03	1.428425e-28	1.484792e-50	1.833209e-43	3.671627e-69	1.882656e-90	0.000000e+00	2.883354e-47	1.476589e-58	4.088144e-85	2.827572e-86	2.059018e-19	4.973799e-03	4.362722e-24	0.000000e+00	0.000000e+00	0.000000e+00	1.882656e-90	1.058476e-39	0.000000e+00	2.459184e-24	0.000000e+00	0.000000e+00	0.000000e+00	0.000000e+00	0.000000e+00	0.000000e+00	0.000000e+00	3.113908e-26	1.008374e-58	2.015995e-58	1.603370e-35	1.254129e-24	3.495481e-34	7.508610e-31	1.093603e-52	2.273439e-04	8.725858e-21	0.000000e+00	0.000000e+00	2.249806e-24	2.098791e-41	0.000000e+00	7.610943e-19	8.419251e-01	1.690749e-58	3.830651e-08	0.000000e+00	2.307922e-48	1.790383e-73	2.469785e-51	8.997327e-26	1.285322e-39	0.000000e+00	0.000000e+00	5.680396e-66	0.000000e+00	0.000000e+00	0.000000e+00	0.000000e+00	0.000000e+00	0.000000e+00	0.000000e+00	4.212553e-30	1.450704e-50	0.000000e+00	0.000000e+00	0.000000e+00	0.000000e+00	0.000000e+00	0.000000e+00	0.000000e+00	0.000000e+00	0.000000e+00	0.000000e+00	0.000000e+00	0.000000e+00	0.000000e+00	0.000000e+00	0.000000e+00	0.000000e+00	0.000000e+00	0.000000e+00	0.000000e+00	0.000000e+00	0.000000e+00	0.000000e+00	0.000000e+00	0.000000e+00	0.000000e+00	0.000000e+00	0.000000e+00	0.000000e+00	0.000000e+00	0.000000e+00	0.000000e+00	0.000000e+00	0.000000e+00	0.000000e+00	0.000000e+00	0.000000e+00	0.000000e+00	0.000000e+00	0.000000e+00	0.000000e+00	0.000000e+00	0.000000e+00	
791.955332	780.797805	803.112859	415.117860	2.342000e+05	2.196115e-58	0.000000e+00	2.573188e-25	1.745422e-34	0.000000e+00	0.000000e+00	8.446722e-03	4.897789e-60	1.165910e-03	1.924718e-29	4.949193e-52	8.162408e-45	3.163632e-71	1.882644e-90	0.000000e+00	1.094053e-48	3.099199e-60	1.632059e-87	3.620702e-89	4.422339e-20	4.973801e-03	8.498388e-25	0.000000e+00	0.000000e+00	0.000000e+00	1.882644e-90	4.895551e-41	0.000000e+00	4.623896e-25	0.000000e+00	0.000000e+00	0.000000e+00	0.000000e+00	0.000000e+00	0.000000e+00	0.000000e+00	4.252929e-27	1.080475e-60	2.813362e-60	1.368053e-36	3.236564e-25	3.833211e-35	1.356642e-31	5.459958e-54	2.273394e-04	2.302223e-21	0.000000e+00	0.000000e+00	4.978932e-25	1.017239e-42	0.000000e+00	2.275556e-19	8.419258e-01	2.775786e-60	2.257959e-08	0.000000e+00	6.524543e-50	6.232869e-76	4.904330e-53	1.370475e-26	6.601171e-41	0.000000e+00	0.000000e+00	3.187934e-68	0.000000e+00	0.000000e+00	0.000000e+00	0.000000e+00	0.000000e+00	0.000000e+00	0.000000e+00	5.369655e-31	1.363684e-51	0.000000e+00	0.000000e+00	0.000000e+00	0.000000e+00	0.000000e+00	0.000000e+00	0.000000e+00	0.000000e+00	0.000000e+00	0.000000e+00	0.000000e+00	0.000000e+00	0.000000e+00	0.000000e+00	0.000000e+00	0.000000e+00	0.000000e+00	0.000000e+00	0.000000e+00	0.000000e+00	0.000000e+00	0.000000e+00	0.000000e+00	0.000000e+00	0.000000e+00	0.000000e+00	0.000000e+00	0.000000e+00	0.000000e+00	0.000000e+00	0.000000e+00	0.000000e+00	0.000000e+00	0.000000e+00	0.000000e+00	0.000000e+00	0.000000e+00	0.000000e+00	0.000000e+00	0.000000e+00	0.000000e+00	0.000000e+00	
813.898828	803.112859	824.684798	399.830871	1.921963e+05	2.091771e-60	0.000000e+00	3.308331e-26	1.199977e-35	0.000000e+00	0.000000e+00	8.446625e-03	3.814911e-62	1.165880e-03	2.040839e-30	1.076893e-53	2.472690e-46	1.540185e-73	1.882605e-90	0.000000e+00	2.803192e-50	4.115323e-62	3.417906e-90	1.882605e-90	7.650296e-21	4.973728e-03	1.346964e-25	0.000000e+00	0.000000e+00	0.000000e+00	1.882605e-90	1.531993e-42	0.000000e+00	7.048260e-26	0.000000e+00	0.000000e+00	0.000000e+00	0.000000e+00	0.000000e+00	0.000000e+00	0.000000e+00	4.445122e-28	6.546409e-63	2.296528e-62	8.631406e-38	7.012136e-26	3.201184e-36	1.980586e-32	1.906717e-55	2.273303e-04	5.162786e-22	0.000000e+00	0.000000e+00	8.921207e-26	3.348703e-44	0.000000e+00	5.700677e-20	8.419291e-01	2.795954e-62	1.203158e-08	0.000000e+00	1.202577e-51	1.101691e-78	6.098028e-55	1.666973e-27	2.344357e-42	0.000000e+00	0.000000e+00	9.402763e-71	0.000000e+00	0.000000e+00	0.000000e+00	0.000000e+00	0.000000e+00	0.000000e+00	0.000000e+00	5.205953e-32	9.887358e-53	0.000000e+00	0.000000e+00	0.000000e+00	0.000000e+00	0.000000e+00	0.000000e+00	0.000000e+00	0.000000e+00	0.000000e+00	0.000000e+00	0.000000e+00	0.000000e+00	0.000000e+00	0.000000e+00	0.000000e+00	0.000000e+00	0.000000e+00	0.000000e+00	0.000000e+00	0.000000e+00	0.000000e+00	0.000000e+00	0.000000e+00	0.000000e+00	0.000000e+00	0.000000e+00	0.000000e+00	0.000000e+00	0.000000e+00	0.000000e+00	0.000000e+00	0.000000e+00	0.000000e+00	0.000000e+00	0.000000e+00	0.000000e+00	0.000000e+00	0.000000e+00	0.000000e+00	0.000000e+00	0.000000e+00	0.000000e+00	
835.062183	824.684798	845.439569	382.923239	1.577259e+05	8.270493e-63	0.000000e+00	2.881491e-27	4.987364e-37	0.000000e+00	0.000000e+00	8.446640e-03	1.169305e-64	1.165973e-03	1.414292e-31	1.097712e-55	3.778389e-48	2.718577e-76	1.882691e-90	0.000000e+00	3.575156e-52	2.421576e-64	1.882691e-90	1.882691e-90	9.005245e-22	4.973595e-03	1.479443e-26	0.000000e+00	0.000000e+00	0.000000e+00	1.882691e-90	2.393188e-44	0.000000e+00	7.396229e-27	0.000000e+00	0.000000e+00	0.000000e+00	0.000000e+00	0.000000e+00	0.000000e+00	0.000000e+00	2.886939e-29	1.440474e-65	7.224415e-65	3.185744e-39	1.113380e-26	1.647607e-37	1.978796e-33	3.525156e-57	2.273473e-04	8.674693e-23	0.000000e+00	0.000000e+00	1.097483e-26	5.543345e-46	0.000000e+00	1.041970e-20	8.419225e-01	1.182270e-64	5.356383e-09	0.000000e+00	1.036978e-53	5.842281e-82	3.301133e-57	1.359634e-28	4.321636e-44	0.000000e+00	0.000000e+00	8.841656e-74	0.000000e+00	0.000000e+00	0.000000e+00	0.000000e+00	0.000000e+00	0.000000e+00	0.000000e+00	3.101261e-33	4.511561e-54	0.000000e+00	0.000000e+00	0.000000e+00	0.000000e+00	0.000000e+00	0.000000e+00	0.000000e+00	0.000000e+00	0.000000e+00	0.000000e+00	0.000000e+00	0.000000e+00	0.000000e+00	0.000000e+00	0.000000e+00	0.000000e+00	0.000000e+00	0.000000e+00	0.000000e+00	0.000000e+00	0.000000e+00	0.000000e+00	0.000000e+00	0.000000e+00	0.000000e+00	0.000000e+00	0.000000e+00	0.000000e+00	0.000000e+00	0.000000e+00	0.000000e+00	0.000000e+00	0.000000e+00	0.000000e+00	0.000000e+00	0.000000e+00	0.000000e+00	0.000000e+00	0.000000e+00	0.000000e+00	0.000000e+00	0.000000e+00	
855.392782	845.439569	865.345995	366.863611	1.294378e+05	1.604755e-65	0.000000e+00	1.831355e-28	1.378984e-38	0.000000e+00	0.000000e+00	8.446444e-03	1.685150e-67	1.165985e-03	6.941610e-33	6.079099e-58	3.323040e-50	2.115303e-79	1.882660e-90	0.000000e+00	2.595088e-54	7.393515e-67	1.882660e-90	1.882660e-90	7.783782e-23	4.973850e-03	1.209710e-27	0.000000e+00	0.000000e+00	0.000000e+00	1.882660e-90	2.136772e-46	0.000000e+00	5.749656e-28	0.000000e+00	0.000000e+00	0.000000e+00	0.000000e+00	0.000000e+00	0.000000e+00	0.000000e+00	1.279407e-30	1.397678e-68	1.054785e-67	7.618160e-41	1.375771e-27	5.735281e-39	1.458413e-34	3.911309e-59	2.273485e-04	1.153671e-23	0.000000e+00	0.000000e+00	9.999245e-28	5.268332e-48	0.000000e+00	1.481990e-21	8.419248e-01	2.477323e-67	2.068375e-09	0.000000e+00	4.833457e-56	1.168121e-85	9.113300e-60	8.025580e-30	4.693839e-46	0.000000e+00	0.000000e+00	3.300575e-77	0.000000e+00	0.000000e+00	0.000000e+00	0.000000e+00	0.000000e+00	0.000000e+00	0.000000e+00	1.250979e-34	1.424906e-55	0.000000e+00	0.000000e+00	0.000000e+00	0.000000e+00	0.000000e+00	0.000000e+00	0.000000e+00	0.000000e+00	0.000000e+00	0.000000e+00	0.000000e+00	0.000000e+00	0.000000e+00	0.000000e+00	0.000000e+00	0.000000e+00	0.000000e+00	0.000000e+00	0.000000e+00	0.000000e+00	0.000000e+00	0.000000e+00	0.000000e+00	0.000000e+00	0.000000e+00	0.000000e+00	0.000000e+00	0.000000e+00	0.000000e+00	0.000000e+00	0.000000e+00	0.000000e+00	0.000000e+00	0.000000e+00	0.000000e+00	0.000000e+00	0.000000e+00	0.000000e+00	0.000000e+00	0.000000e+00	0.000000e+00	0.000000e+00	
874.890733	865.345995	884.435472	352.287705	1.062232e+05	2.316494e-68	0.000000e+00	1.021244e-29	3.218417e-40	0.000000e+00	0.000000e+00	8.447097e-03	1.776359e-70	1.166005e-03	2.949794e-34	2.630833e-60	2.330305e-52	1.176047e-82	1.882728e-90	0.000000e+00	1.493740e-56	1.727560e-69	1.882728e-90	1.882728e-90	5.945216e-24	4.973858e-03	8.775446e-29	0.000000e+00	0.000000e+00	0.000000e+00	1.882728e-90	1.519016e-48	0.000000e+00	3.958399e-29	0.000000e+00	0.000000e+00	0.000000e+00	0.000000e+00	0.000000e+00	0.000000e+00	0.000000e+00	4.861519e-32	9.669289e-72	1.127629e-70	1.521581e-42	1.534914e-28	1.699888e-40	9.522361e-36	3.537641e-61	2.273503e-04	1.392356e-24	0.000000e+00	0.000000e+00	8.098882e-29	3.986708e-50	0.000000e+00	1.913107e-22	8.419190e-01	3.882134e-70	7.573001e-10	0.000000e+00	1.744516e-58	1.554753e-89	1.900490e-62	4.141676e-31	4.104080e-48	0.000000e+00	0.000000e+00	8.410940e-81	0.000000e+00	0.000000e+00	0.000000e+00	0.000000e+00	0.000000e+00	0.000000e+00	0.000000e+00	4.323487e-36	3.910544e-57	0.000000e+00	0.000000e+00	0.000000e+00	0.000000e+00	0.000000e+00	0.000000e+00	0.000000e+00	0.000000e+00	0.000000e+00	0.000000e+00	0.000000e+00	0.000000e+00	0.000000e+00	0.000000e+00	0.000000e+00	0.000000e+00	0.000000e+00	0.000000e+00	0.000000e+00	0.000000e+00	0.000000e+00	0.000000e+00	0.000000e+00	0.000000e+00	0.000000e+00	0.000000e+00	0.000000e+00	0.000000e+00	0.000000e+00	0.000000e+00	0.000000e+00	0.000000e+00	0.000000e+00	0.000000e+00	0.000000e+00	0.000000e+00	0.000000e+00	0.000000e+00	0.000000e+00	0.000000e+00	0.000000e+00	0.000000e+00	
893.565198	884.435472	902.694925	339.177774	8.717206e+04	1.628727e-71	0.000000e+00	4.142588e-31	4.974814e-42	0.000000e+00	0.000000e+00	8.446620e-03	8.741668e-74	1.165915e-03	8.841315e-36	6.177430e-63	9.372071e-55	2.866075e-86	1.882642e-90	0.000000e+00	4.872423e-59	2.087496e-72	1.882642e-90	1.882642e-90	3.334781e-25	4.973451e-03	4.733812e-30	0.000000e+00	0.000000e+00	0.000000e+00	1.882642e-90	6.156841e-51	0.000000e+00	2.017122e-30	0.000000e+00	0.000000e+00	0.000000e+00	0.000000e+00	0.000000e+00	0.000000e+00	0.000000e+00	1.260219e-33	2.929209e-75	5.580089e-74	1.960691e-44	1.331300e-29	3.397503e-42	4.588372e-37	1.920165e-63	2.273380e-04	1.326969e-25	0.000000e+00	0.000000e+00	4.867772e-30	1.725716e-52	0.000000e+00	1.926419e-23	8.419264e-01	2.994495e-73	2.412134e-10	0.000000e+00	3.381748e-61	1.882642e-90	2.006114e-65	1.541604e-32	2.106974e-50	0.000000e+00	0.000000e+00	8.441295e-85	0.000000e+00	0.000000e+00	0.000000e+00	0.000000e+00	0.000000e+00	0.000000e+00	0.000000e+00	1.013129e-37	7.462377e-59	0.000000e+00	0.000000e+00	0.000000e+00	0.000000e+00	0.000000e+00	0.000000e+00	0.000000e+00	0.000000e+00	0.000000e+00	0.000000e+00	0.000000e+00	0.000000e+00	0.000000e+00	0.000000e+00	0.000000e+00	0.000000e+00	0.000000e+00	0.000000e+00	0.000000e+00	0.000000e+00	0.000000e+00	0.000000e+00	0.000000e+00	0.000000e+00	0.000000e+00	0.000000e+00	0.000000e+00	0.000000e+00	0.000000e+00	0.000000e+00	0.000000e+00	0.000000e+00	0.000000e+00	0.000000e+00	0.000000e+00	0.000000e+00	0.000000e+00	0.000000e+00	0.000000e+00	0.000000e+00	0.000000e+00	0.000000e+00	
911.378216	902.694925	920.061508	323.808858	7.153777e+04	2.960514e-75	0.000000e+00	9.233031e-33	3.544032e-44	0.000000e+00	0.000000e+00	8.446834e-03	1.026323e-77	1.165991e-03	1.375393e-37	4.578750e-66	1.323185e-57	1.882738e-90	1.882738e-90	0.000000e+00	5.457627e-62	7.282511e-76	1.882738e-90	1.882738e-90	1.044540e-26	4.974174e-03	1.461353e-31	0.000000e+00	0.000000e+00	0.000000e+00	1.882738e-90	8.655834e-54	0.000000e+00	5.829666e-32	0.000000e+00	0.000000e+00	0.000000e+00	0.000000e+00	0.000000e+00	0.000000e+00	0.000000e+00	1.587616e-35	1.876500e-79	6.463732e-78	1.107956e-46	7.186011e-31	3.234820e-44	1.245872e-38	3.975768e-66	2.273475e-04	8.112169e-27	0.000000e+00	0.000000e+00	1.664068e-31	2.609779e-55	0.000000e+00	1.211907e-24	8.419182e-01	6.089168e-77	5.895856e-11	0.000000e+00	2.037072e-64	1.882738e-90	5.887839e-69	3.104533e-34	3.969310e-53	0.000000e+00	0.000000e+00	1.467322e-89	0.000000e+00	0.000000e+00	0.000000e+00	0.000000e+00	0.000000e+00	0.000000e+00	0.000000e+00	1.139348e-39	7.148467e-61	0.000000e+00	0.000000e+00	0.000000e+00	0.000000e+00	0.000000e+00	0.000000e+00	0.000000e+00	0.000000e+00	0.000000e+00	0.000000e+00	0.000000e+00	0.000000e+00	0.000000e+00	0.000000e+00	0.000000e+00	0.000000e+00	0.000000e+00	0.000000e+00	0.000000e+00	0.000000e+00	0.000000e+00	0.000000e+00	0.000000e+00	0.000000e+00	0.000000e+00	0.000000e+00	0.000000e+00	0.000000e+00	0.000000e+00	0.000000e+00	0.000000e+00	0.000000e+00	0.000000e+00	0.000000e+00	0.000000e+00	0.000000e+00	0.000000e+00	0.000000e+00	0.000000e+00	0.000000e+00	0.000000e+00	0.000000e+00	
928.268443	920.061508	936.475378	306.213351	5.870748e+04	1.049711e-79	0.000000e+00	9.983989e-35	9.901220e-47	0.000000e+00	0.000000e+00	8.447094e-03	2.134802e-82	1.165948e-03	9.679571e-40	8.475277e-70	5.287134e-61	1.882710e-90	1.882710e-90	0.000000e+00	1.683361e-65	5.686818e-80	1.882710e-90	1.882710e-90	1.624545e-28	4.973728e-03	2.303393e-33	0.000000e+00	0.000000e+00	0.000000e+00	1.882710e-90	3.398068e-57	0.000000e+00	8.509988e-34	0.000000e+00	0.000000e+00	0.000000e+00	0.000000e+00	0.000000e+00	0.000000e+00	0.000000e+00	8.398520e-38	1.842257e-84	1.303309e-82	2.313202e-49	2.190533e-32	1.258923e-46	1.698998e-40	2.585814e-69	2.273522e-04	2.900253e-28	0.000000e+00	0.000000e+00	2.893715e-33	1.110193e-58	0.000000e+00	4.344518e-26	8.419205e-01	2.475161e-81	1.051804e-11	0.000000e+00	2.989023e-68	1.882710e-90	3.678005e-73	2.975742e-36	2.232269e-56	0.000000e+00	0.000000e+00	1.882710e-90	0.000000e+00	0.000000e+00	0.000000e+00	0.000000e+00	0.000000e+00	0.000000e+00	0.000000e+00	5.309837e-42	3.008342e-63	0.000000e+00	0.000000e+00	0.000000e+00	0.000000e+00	0.000000e+00	0.000000e+00	0.000000e+00	0.000000e+00	0.000000e+00	0.000000e+00	0.000000e+00	0.000000e+00	0.000000e+00	0.000000e+00	0.000000e+00	0.000000e+00	0.000000e+00	0.000000e+00	0.000000e+00	0.000000e+00	0.000000e+00	0.000000e+00	0.000000e+00	0.000000e+00	0.000000e+00	0.000000e+00	0.000000e+00	0.000000e+00	0.000000e+00	0.000000e+00	0.000000e+00	0.000000e+00	0.000000e+00	0.000000e+00	0.000000e+00	0.000000e+00	0.000000e+00	0.000000e+00	0.000000e+00	0.000000e+00	0.000000e+00	0.000000e+00	
944.205242	936.475378	951.935107	288.660148	4.817831e+04	1.027846e-84	0.000000e+00	6.111343e-37	1.323332e-49	0.000000e+00	0.000000e+00	8.446889e-03	1.139495e-87	1.165990e-03	3.643505e-42	5.342594e-74	7.873796e-65	1.882682e-90	1.882682e-90	0.000000e+00	1.890475e-69	1.381419e-84	1.882682e-90	1.882682e-90	1.471387e-30	4.973715e-03	2.152822e-35	0.000000e+00	0.000000e+00	0.000000e+00	1.882682e-90	4.940865e-61	0.000000e+00	7.314024e-36	0.000000e+00	0.000000e+00	0.000000e+00	0.000000e+00	0.000000e+00	0.000000e+00	0.000000e+00	2.270093e-40	4.153489e-90	6.745289e-88	2.206985e-52	4.277151e-34	2.430724e-49	1.361671e-42	6.865650e-73	2.273466e-04	6.798584e-30	0.000000e+00	0.000000e+00	3.001614e-35	1.751768e-62	0.000000e+00	1.016058e-27	8.419228e-01	2.838994e-86	1.483802e-12	0.000000e+00	1.443089e-72	1.882682e-90	6.792834e-78	1.591042e-38	4.880162e-60	0.000000e+00	0.000000e+00	1.882682e-90	0.000000e+00	0.000000e+00	0.000000e+00	0.000000e+00	0.000000e+00	0.000000e+00	0.000000e+00	1.257566e-44	6.791476e-66	0.000000e+00	0.000000e+00	0.000000e+00	0.000000e+00	0.000000e+00	0.000000e+00	0.000000e+00	0.000000e+00	0.000000e+00	0.000000e+00	0.000000e+00	0.000000e+00	0.000000e+00	0.000000e+00	0.000000e+00	0.000000e+00	0.000000e+00	0.000000e+00	0.000000e+00	0.000000e+00	0.000000e+00	0.000000e+00	0.000000e+00	0.000000e+00	0.000000e+00	0.000000e+00	0.000000e+00	0.000000e+00	0.000000e+00	0.000000e+00	0.000000e+00	0.000000e+00	0.000000e+00	0.000000e+00	0.000000e+00	0.000000e+00	0.000000e+00	0.000000e+00	0.000000e+00	0.000000e+00	0.000000e+00	0.000000e+00	
959.235858	951.935107	966.536609	271.847001	3.953754e+04	8.970979e-90	0.000000e+00	3.558153e-39	1.654849e-52	0.000000e+00	0.000000e+00	8.446921e-03	1.882657e-90	1.165944e-03	1.292873e-44	3.152277e-78	1.088219e-68	1.882657e-90	1.882657e-90	0.000000e+00	1.959021e-73	3.089513e-89	1.882657e-90	1.882657e-90	1.296758e-32	4.973557e-03	1.945356e-37	0.000000e+00	0.000000e+00	0.000000e+00	1.882657e-90	6.716477e-65	0.000000e+00	6.086719e-38	0.000000e+00	0.000000e+00	0.000000e+00	0.000000e+00	0.000000e+00	0.000000e+00	0.000000e+00	5.911903e-43	1.882657e-90	1.882657e-90	1.966545e-55	8.099325e-36	4.440018e-52	1.064017e-44	1.738500e-76	2.273526e-04	1.535558e-31	0.000000e+00	0.000000e+00	3.067514e-37	2.563610e-66	0.000000e+00	2.360851e-29	8.419249e-01	1.882657e-90	2.104002e-13	0.000000e+00	6.308804e-77	1.882657e-90	1.123252e-82	8.081750e-41	9.939364e-64	0.000000e+00	0.000000e+00	1.882657e-90	0.000000e+00	0.000000e+00	0.000000e+00	0.000000e+00	0.000000e+00	0.000000e+00	0.000000e+00	2.897743e-47	1.526468e-68	0.000000e+00	0.000000e+00	0.000000e+00	0.000000e+00	0.000000e+00	0.000000e+00	0.000000e+00	0.000000e+00	0.000000e+00	0.000000e+00	0.000000e+00	0.000000e+00	0.000000e+00	0.000000e+00	0.000000e+00	0.000000e+00	0.000000e+00	0.000000e+00	0.000000e+00	0.000000e+00	0.000000e+00	0.000000e+00	0.000000e+00	0.000000e+00	0.000000e+00	0.000000e+00	0.000000e+00	0.000000e+00	0.000000e+00	0.000000e+00	0.000000e+00	0.000000e+00	0.000000e+00	0.000000e+00	0.000000e+00	0.000000e+00	0.000000e+00	0.000000e+00	0.000000e+00	0.000000e+00	0.000000e+00	0.000000e+00	
973.485518	966.536609	980.434427	259.271613	3.244649e+04	1.882738e-90	0.000000e+00	3.313572e-41	3.792911e-55	0.000000e+00	0.000000e+00	8.446738e-03	1.882738e-90	1.166020e-03	7.644090e-47	4.737703e-82	3.463476e-72	1.882738e-90	1.882738e-90	0.000000e+00	4.738110e-77	1.882738e-90	1.882738e-90	1.882738e-90	1.844292e-34	4.974177e-03	2.759640e-39	0.000000e+00	0.000000e+00	0.000000e+00	1.882738e-90	2.140966e-68	0.000000e+00	8.028871e-40	0.000000e+00	0.000000e+00	0.000000e+00	0.000000e+00	0.000000e+00	0.000000e+00	0.000000e+00	2.776118e-45	1.882738e-90	1.882738e-90	3.346971e-58	2.244719e-37	1.460347e-54	1.333367e-46	9.688265e-80	2.273463e-04	4.912971e-33	0.000000e+00	0.000000e+00	5.040591e-39	8.670393e-70	0.000000e+00	8.198837e-31	8.419182e-01	1.882738e-90	3.774683e-14	0.000000e+00	6.889838e-81	1.882738e-90	5.053160e-87	6.649327e-43	4.503344e-67	0.000000e+00	0.000000e+00	1.882738e-90	0.000000e+00	0.000000e+00	0.000000e+00	0.000000e+00	0.000000e+00	0.000000e+00	0.000000e+00	1.229023e-49	6.210160e-71	0.000000e+00	0.000000e+00	0.000000e+00	0.000000e+00	0.000000e+00	0.000000e+00	0.000000e+00	0.000000e+00	0.000000e+00	0.000000e+00	0.000000e+00	0.000000e+00	0.000000e+00	0.000000e+00	0.000000e+00	0.000000e+00	0.000000e+00	0.000000e+00	0.000000e+00	0.000000e+00	0.000000e+00	0.000000e+00	0.000000e+00	0.000000e+00	0.000000e+00	0.000000e+00	0.000000e+00	0.000000e+00	0.000000e+00	0.000000e+00	0.000000e+00	0.000000e+00	0.000000e+00	0.000000e+00	0.000000e+00	0.000000e+00	0.000000e+00	0.000000e+00	0.000000e+00	0.000000e+00	0.000000e+00	0.000000e+00	
987.116084	980.434427	993.797741	251.166065	2.662722e+04	1.882761e-90	0.000000e+00	6.980720e-43	2.496636e-57	0.000000e+00	0.000000e+00	8.447184e-03	1.882761e-90	1.166048e-03	1.102125e-48	3.499989e-85	4.633322e-75	1.882761e-90	1.882761e-90	0.000000e+00	4.951027e-80	1.882761e-90	1.882761e-90	1.882761e-90	5.888425e-36	4.974198e-03	8.452832e-41	0.000000e+00	0.000000e+00	0.000000e+00	1.882761e-90	2.932007e-71	0.000000e+00	2.318480e-41	0.000000e+00	0.000000e+00	0.000000e+00	0.000000e+00	0.000000e+00	0.000000e+00	0.000000e+00	3.540794e-47	1.882761e-90	1.882761e-90	1.753394e-60	1.195138e-38	1.326143e-56	3.708965e-48	2.054571e-82	2.273661e-04	2.879853e-34	0.000000e+00	0.000000e+00	1.826990e-40	1.240445e-72	0.000000e+00	5.527919e-32	8.419159e-01	1.882761e-90	9.894700e-15	0.000000e+00	3.698743e-84	1.882761e-90	1.882761e-90	1.264199e-44	8.073913e-70	0.000000e+00	0.000000e+00	1.882761e-90	0.000000e+00	0.000000e+00	0.000000e+00	0.000000e+00	0.000000e+00	0.000000e+00	0.000000e+00	1.450904e-51	6.702812e-73	0.000000e+00	0.000000e+00	0.000000e+00	0.000000e+00	0.000000e+00	0.000000e+00	0.000000e+00	0.000000e+00	0.000000e+00	0.000000e+00	0.000000e+00	0.000000e+00	0.000000e+00	0.000000e+00	0.000000e+00	0.000000e+00	0.000000e+00	0.000000e+00	0.000000e+00	0.000000e+00	0.000000e+00	0.000000e+00	0.000000e+00	0.000000e+00	0.000000e+00	0.000000e+00	0.000000e+00	0.000000e+00	0.000000e+00	0.000000e+00	0.000000e+00	0.000000e+00	0.000000e+00	0.000000e+00	0.000000e+00	0.000000e+00	0.000000e+00	0.000000e+00	0.000000e+00	0.000000e+00	0.000000e+00	0.000000e+00	
1000.271432	993.797741	1006.745124	243.812914	2.185163e+04	1.882678e-90	0.000000e+00	2.838221e-44	3.844301e-59	0.000000e+00	0.000000e+00	8.446859e-03	1.882678e-90	1.165993e-03	3.260113e-50	9.269681e-88	1.965218e-77	1.882678e-90	1.882678e-90	0.000000e+00	1.678206e-82	1.882678e-90	1.882678e-90	1.882678e-90	3.591716e-37	4.973996e-03	4.801043e-42	0.000000e+00	0.000000e+00	0.000000e+00	1.882678e-90	1.294147e-73	0.000000e+00	1.255051e-42	0.000000e+00	0.000000e+00	0.000000e+00	0.000000e+00	0.000000e+00	0.000000e+00	0.000000e+00	1.005663e-48	1.882678e-90	1.882678e-90	2.270937e-62	1.074247e-39	2.724356e-58	1.951898e-49	1.269863e-84	2.273457e-04	2.748282e-35	0.000000e+00	0.000000e+00	1.244542e-41	5.655743e-75	0.000000e+00	6.320505e-33	8.419229e-01	1.882678e-90	3.502542e-15	0.000000e+00	7.161296e-87	1.882678e-90	1.882678e-90	4.718873e-46	4.372111e-72	0.000000e+00	0.000000e+00	1.882678e-90	0.000000e+00	0.000000e+00	0.000000e+00	0.000000e+00	0.000000e+00	0.000000e+00	0.000000e+00	3.882016e-53	1.570992e-74	0.000000e+00	0.000000e+00	0.000000e+00	0.000000e+00	0.000000e+00	0.000000e+00	0.000000e+00	0.000000e+00	0.000000e+00	0.000000e+00	0.000000e+00	0.000000e+00	0.000000e+00	0.000000e+00	0.000000e+00	0.000000e+00	0.000000e+00	0.000000e+00	0.000000e+00	0.000000e+00	0.000000e+00	0.000000e+00	0.000000e+00	0.000000e+00	0.000000e+00	0.000000e+00	0.000000e+00	0.000000e+00	0.000000e+00	0.000000e+00	0.000000e+00	0.000000e+00	0.000000e+00	0.000000e+00	0.000000e+00	0.000000e+00	0.000000e+00	0.000000e+00	0.000000e+00	0.000000e+00	0.000000e+00	0.000000e+00	
1013.017944	1006.745124	1019.290764	237.243913	1.793255e+04	1.882676e-90	0.000000e+00	1.051202e-45	5.242651e-61	0.000000e+00	0.000000e+00	8.446443e-03	1.882676e-90	1.165942e-03	8.691828e-52	2.080521e-90	7.124366e-80	1.882676e-90	1.882676e-90	0.000000e+00	4.836564e-85	1.882676e-90	1.882676e-90	1.882676e-90	2.020826e-38	4.973914e-03	2.514917e-43	0.000000e+00	0.000000e+00	0.000000e+00	1.882676e-90	4.892231e-76	0.000000e+00	6.263757e-44	0.000000e+00	0.000000e+00	0.000000e+00	0.000000e+00	0.000000e+00	0.000000e+00	0.000000e+00	2.580512e-50	1.882676e-90	1.882676e-90	2.587951e-64	9.007499e-41	5.001757e-60	9.492418e-51	6.857736e-87	2.273473e-04	2.447770e-36	0.000000e+00	0.000000e+00	7.881538e-43	2.202606e-77	0.000000e+00	6.818109e-34	8.419236e-01	1.882676e-90	1.204994e-15	0.000000e+00	1.155200e-89	1.882676e-90	1.882676e-90	1.600993e-47	2.037755e-74	0.000000e+00	0.000000e+00	1.882676e-90	0.000000e+00	0.000000e+00	0.000000e+00	0.000000e+00	0.000000e+00	0.000000e+00	0.000000e+00	9.411403e-55	3.387732e-76	0.000000e+00	0.000000e+00	0.000000e+00	0.000000e+00	0.000000e+00	0.000000e+00	0.000000e+00	0.000000e+00	0.000000e+00	0.000000e+00	0.000000e+00	0.000000e+00	0.000000e+00	0.000000e+00	0.000000e+00	0.000000e+00	0.000000e+00	0.000000e+00	0.000000e+00	0.000000e+00	0.000000e+00	0.000000e+00	0.000000e+00	0.000000e+00	0.000000e+00	0.000000e+00	0.000000e+00	0.000000e+00	0.000000e+00	0.000000e+00	0.000000e+00	0.000000e+00	0.000000e+00	0.000000e+00	0.000000e+00	0.000000e+00	0.000000e+00	0.000000e+00	0.000000e+00	0.000000e+00	0.000000e+00	0.000000e+00	
1025.540946	1019.290764	1031.791129	228.793098	1.471635e+04	1.882670e-90	0.000000e+00	7.808729e-46	3.465878e-61	0.000000e+00	0.000000e+00	2.610361e-03	1.882670e-90	1.165973e-03	6.213179e-52	1.882670e-90	4.807178e-80	1.882670e-90	1.882670e-90	0.000000e+00	2.911344e-85	1.882670e-90	1.882670e-90	1.882670e-90	2.049367e-38	4.973725e-03	2.123548e-43	0.000000e+00	0.000000e+00	0.000000e+00	1.882670e-90	3.620146e-76	0.000000e+00	5.259152e-44	0.000000e+00	0.000000e+00	0.000000e+00	0.000000e+00	0.000000e+00	0.000000e+00	0.000000e+00	2.387971e-50	1.882670e-90	1.882670e-90	1.828302e-64	8.034210e-41	3.736562e-60	7.948909e-51	4.445127e-87	2.273510e-04	2.014360e-36	0.000000e+00	0.000000e+00	8.106537e-43	1.635236e-77	0.000000e+00	7.462706e-34	8.419238e-01	1.882670e-90	1.509847e-15	0.000000e+00	6.496196e-90	1.882670e-90	1.882670e-90	1.177141e-47	1.415800e-74	0.000000e+00	0.000000e+00	1.882670e-90	0.000000e+00	0.000000e+00	0.000000e+00	0.000000e+00	0.000000e+00	0.000000e+00	0.000000e+00	8.654698e-55	2.168765e-76	0.000000e+00	0.000000e+00	0.000000e+00	0.000000e+00	0.000000e+00	0.000000e+00	0.000000e+00	0.000000e+00	0.000000e+00	0.000000e+00	0.000000e+00	0.000000e+00	0.000000e+00	0.000000e+00	0.000000e+00	0.000000e+00	0.000000e+00	0.000000e+00	0.000000e+00	0.000000e+00	0.000000e+00	0.000000e+00	0.000000e+00	0.000000e+00	0.000000e+00	0.000000e+00	0.000000e+00	0.000000e+00	0.000000e+00	0.000000e+00	0.000000e+00	0.000000e+00	0.000000e+00	0.000000e+00	0.000000e+00	0.000000e+00	0.000000e+00	0.000000e+00	0.000000e+00	0.000000e+00	0.000000e+00	0.000000e+00	
1038.168658	1031.791129	1044.546188	240.064536	1.207697e+04	1.882657e-90	0.000000e+00	7.710687e-45	6.523307e-60	0.000000e+00	0.000000e+00	7.877298e-04	1.882657e-90	1.165897e-03	7.587007e-51	1.419840e-88	2.941800e-78	1.882657e-90	1.882657e-90	0.000000e+00	1.756509e-83	1.882657e-90	1.882657e-90	1.882657e-90	2.512107e-37	4.973939e-03	1.970509e-42	0.000000e+00	0.000000e+00	0.000000e+00	1.882657e-90	2.535616e-74	0.000000e+00	5.033997e-43	0.000000e+00	0.000000e+00	0.000000e+00	0.000000e+00	0.000000e+00	0.000000e+00	0.000000e+00	4.857482e-49	1.882657e-90	1.882657e-90	4.545213e-63	5.504059e-40	6.824942e-59	7.732168e-50	1.784865e-85	2.273451e-04	1.128943e-35	0.000000e+00	0.000000e+00	9.198102e-42	1.124297e-75	0.000000e+00	6.004307e-33	8.419242e-01	1.882657e-90	5.747127e-15	0.000000e+00	5.704934e-88	1.882657e-90	1.882657e-90	1.230058e-46	7.367789e-73	0.000000e+00	0.000000e+00	1.882657e-90	0.000000e+00	0.000000e+00	0.000000e+00	0.000000e+00	0.000000e+00	0.000000e+00	0.000000e+00	1.824628e-53	2.569637e-75	0.000000e+00	0.000000e+00	0.000000e+00	0.000000e+00	0.000000e+00	0.000000e+00	0.000000e+00	0.000000e+00	0.000000e+00	0.000000e+00	0.000000e+00	0.000000e+00	0.000000e+00	0.000000e+00	0.000000e+00	0.000000e+00	0.000000e+00	0.000000e+00	0.000000e+00	0.000000e+00	0.000000e+00	0.000000e+00	0.000000e+00	0.000000e+00	0.000000e+00	0.000000e+00	0.000000e+00	0.000000e+00	0.000000e+00	0.000000e+00	0.000000e+00	0.000000e+00	0.000000e+00	0.000000e+00	0.000000e+00	0.000000e+00	0.000000e+00	0.000000e+00	0.000000e+00	0.000000e+00	0.000000e+00	0.000000e+00	
1050.994295	1044.546188	1057.442403	249.239828	9.910971e+03	1.882648e-90	0.000000e+00	2.764077e-44	3.306743e-59	0.000000e+00	0.000000e+00	3.522423e-04	1.882648e-90	1.165974e-03	3.048117e-50	2.009032e-87	3.083485e-77	1.882648e-90	1.882648e-90	0.000000e+00	1.744958e-82	1.882648e-90	1.882648e-90	1.882648e-90	1.161874e-36	4.973857e-03	7.156875e-42	0.000000e+00	0.000000e+00	0.000000e+00	1.882648e-90	2.993250e-73	0.000000e+00	1.859626e-42	0.000000e+00	0.000000e+00	0.000000e+00	0.000000e+00	0.000000e+00	0.000000e+00	0.000000e+00	2.950814e-48	1.882648e-90	1.882648e-90	2.801837e-62	1.698020e-39	3.565740e-58	2.882168e-49	1.426558e-84	2.273430e-04	2.984737e-35	0.000000e+00	0.000000e+00	4.084438e-41	1.313255e-74	0.000000e+00	2.216119e-32	8.419260e-01	1.882648e-90	1.418766e-14	0.000000e+00	6.930245e-87	1.882648e-90	1.882648e-90	4.545618e-46	7.077389e-72	0.000000e+00	0.000000e+00	1.882648e-90	0.000000e+00	0.000000e+00	0.000000e+00	0.000000e+00	0.000000e+00	0.000000e+00	0.000000e+00	1.130701e-52	9.738504e-75	0.000000e+00	0.000000e+00	0.000000e+00	0.000000e+00	0.000000e+00	0.000000e+00	0.000000e+00	0.000000e+00	0.000000e+00	0.000000e+00	0.000000e+00	0.000000e+00	0.000000e+00	0.000000e+00	0.000000e+00	0.000000e+00	0.000000e+00	0.000000e+00	0.000000e+00	0.000000e+00	0.000000e+00	0.000000e+00	0.000000e+00	0.000000e+00	0.000000e+00	0.000000e+00	0.000000e+00	0.000000e+00	0.000000e+00	0.000000e+00	0.000000e+00	0.000000e+00	0.000000e+00	0.000000e+00	0.000000e+00	0.000000e+00	0.000000e+00	0.000000e+00	0.000000e+00	0.000000e+00	0.000000e+00	0.000000e+00	
1063.722632	1057.442403	1070.002861	234.519708	8.133440e+03	1.882640e-90	0.000000e+00	1.775581e-45	9.197591e-61	0.000000e+00	0.000000e+00	2.094386e-04	1.882640e-90	1.165981e-03	1.486658e-51	1.293866e-89	2.919417e-79	1.882640e-90	1.882640e-90	0.000000e+00	1.341445e-84	1.882640e-90	1.882640e-90	1.882640e-90	1.111992e-37	4.973558e-03	6.247177e-43	0.000000e+00	0.000000e+00	0.000000e+00	1.882640e-90	2.982493e-75	0.000000e+00	1.558698e-43	0.000000e+00	0.000000e+00	0.000000e+00	0.000000e+00	0.000000e+00	0.000000e+00	0.000000e+00	1.462985e-49	1.882640e-90	1.882640e-90	6.813049e-64	2.198078e-40	1.293047e-59	2.364510e-50	1.856676e-86	2.273424e-04	3.998953e-36	0.000000e+00	0.000000e+00	4.317030e-42	1.341437e-76	0.000000e+00	3.659783e-33	8.419269e-01	1.882640e-90	6.190838e-15	0.000000e+00	3.275729e-89	1.882640e-90	1.882640e-90	2.713035e-47	8.270145e-74	0.000000e+00	0.000000e+00	1.882640e-90	0.000000e+00	0.000000e+00	0.000000e+00	0.000000e+00	0.000000e+00	0.000000e+00	0.000000e+00	5.346588e-54	3.916845e-76	0.000000e+00	0.000000e+00	0.000000e+00	0.000000e+00	0.000000e+00	0.000000e+00	0.000000e+00	0.000000e+00	0.000000e+00	0.000000e+00	0.000000e+00	0.000000e+00	0.000000e+00	0.000000e+00	0.000000e+00	0.000000e+00	0.000000e+00	0.000000e+00	0.000000e+00	0.000000e+00	0.000000e+00	0.000000e+00	0.000000e+00	0.000000e+00	0.000000e+00	0.000000e+00	0.000000e+00	0.000000e+00	0.000000e+00	0.000000e+00	0.000000e+00	0.000000e+00	0.000000e+00	0.000000e+00	0.000000e+00	0.000000e+00	0.000000e+00	0.000000e+00	0.000000e+00	0.000000e+00	0.000000e+00	0.000000e+00	
1075.901564	1070.002861	1081.800268	220.352667	6.674710e+03	1.882696e-90	0.000000e+00	1.693558e-48	1.098003e-64	0.000000e+00	0.000000e+00	1.394313e-04	1.882696e-90	1.166000e-03	7.125402e-55	1.882696e-90	1.832077e-84	1.882696e-90	1.882696e-90	0.000000e+00	5.782295e-90	1.882696e-90	1.882696e-90	1.882696e-90	1.893068e-40	4.974035e-03	1.121100e-45	0.000000e+00	0.000000e+00	0.000000e+00	1.882696e-90	1.856940e-80	0.000000e+00	2.537678e-46	0.000000e+00	0.000000e+00	0.000000e+00	0.000000e+00	0.000000e+00	0.000000e+00	0.000000e+00	4.885222e-53	1.882696e-90	1.882696e-90	5.049955e-68	1.042387e-42	2.602994e-63	3.683368e-53	1.882696e-90	2.273418e-04	2.362003e-38	0.000000e+00	0.000000e+00	9.535527e-45	8.780284e-82	0.000000e+00	2.446804e-35	8.419218e-01	1.882696e-90	4.575050e-16	0.000000e+00	1.882696e-90	1.882696e-90	1.882696e-90	2.158094e-50	8.750430e-79	0.000000e+00	0.000000e+00	1.882696e-90	0.000000e+00	0.000000e+00	0.000000e+00	0.000000e+00	0.000000e+00	0.000000e+00	0.000000e+00	1.610396e-57	1.452014e-79	0.000000e+00	0.000000e+00	0.000000e+00	0.000000e+00	0.000000e+00	0.000000e+00	0.000000e+00	0.000000e+00	0.000000e+00	0.000000e+00	0.000000e+00	0.000000e+00	0.000000e+00	0.000000e+00	0.000000e+00	0.000000e+00	0.000000e+00	0.000000e+00	0.000000e+00	0.000000e+00	0.000000e+00	0.000000e+00	0.000000e+00	0.000000e+00	0.000000e+00	0.000000e+00	0.000000e+00	0.000000e+00	0.000000e+00	0.000000e+00	0.000000e+00	0.000000e+00	0.000000e+00	0.000000e+00	0.000000e+00	0.000000e+00	0.000000e+00	0.000000e+00	0.000000e+00	0.000000e+00	0.000000e+00	0.000000e+00	
1087.335828	1081.800268	1092.871389	206.657910	5.477602e+03	1.882656e-90	0.000000e+00	9.354861e-52	6.440552e-69	0.000000e+00	0.000000e+00	1.018239e-04	1.882656e-90	1.165993e-03	1.860130e-58	1.882656e-90	4.571498e-90	1.882656e-90	1.882656e-90	0.000000e+00	1.882656e-90	1.882656e-90	1.882656e-90	1.882656e-90	1.998352e-43	4.973704e-03	1.248616e-48	0.000000e+00	0.000000e+00	0.000000e+00	1.882656e-90	4.641197e-86	0.000000e+00	2.557153e-49	0.000000e+00	0.000000e+00	0.000000e+00	0.000000e+00	0.000000e+00	0.000000e+00	0.000000e+00	8.952194e-57	1.882656e-90	1.882656e-90	1.767938e-72	3.280183e-45	2.707604e-67	3.593980e-56	1.882656e-90	2.273448e-04	9.306838e-41	0.000000e+00	0.000000e+00	1.363236e-47	2.274799e-87	0.000000e+00	1.154623e-37	8.419250e-01	1.882656e-90	2.843946e-17	0.000000e+00	1.882656e-90	1.882656e-90	1.882656e-90	9.810564e-54	3.834338e-84	0.000000e+00	0.000000e+00	1.882656e-90	0.000000e+00	0.000000e+00	0.000000e+00	0.000000e+00	0.000000e+00	0.000000e+00	0.000000e+00	2.701751e-61	3.264043e-83	0.000000e+00	0.000000e+00	0.000000e+00	0.000000e+00	0.000000e+00	0.000000e+00	0.000000e+00	0.000000e+00	0.000000e+00	0.000000e+00	0.000000e+00	0.000000e+00	0.000000e+00	0.000000e+00	0.000000e+00	0.000000e+00	0.000000e+00	0.000000e+00	0.000000e+00	0.000000e+00	0.000000e+00	0.000000e+00	0.000000e+00	0.000000e+00	0.000000e+00	0.000000e+00	0.000000e+00	0.000000e+00	0.000000e+00	0.000000e+00	0.000000e+00	0.000000e+00	0.000000e+00	0.000000e+00	0.000000e+00	0.000000e+00	0.000000e+00	0.000000e+00	0.000000e+00	0.000000e+00	0.000000e+00	0.000000e+00	
1098.069134	1092.871389	1103.266879	194.155726	4.495195e+03	1.882705e-90	0.000000e+00	3.447011e-55	2.227737e-73	0.000000e+00	0.000000e+00	8.340338e-05	1.882705e-90	1.165932e-03	3.084603e-62	1.882705e-90	1.882705e-90	1.882705e-90	1.882705e-90	0.000000e+00	1.882705e-90	1.882705e-90	1.882705e-90	1.882705e-90	1.511484e-46	4.973413e-03	9.888619e-52	0.000000e+00	0.000000e+00	0.000000e+00	1.882705e-90	1.882705e-90	0.000000e+00	1.832959e-52	0.000000e+00	0.000000e+00	0.000000e+00	0.000000e+00	0.000000e+00	0.000000e+00	0.000000e+00	1.075629e-60	1.882705e-90	1.882705e-90	3.552453e-77	7.683062e-48	1.737340e-71	2.532478e-59	1.882705e-90	2.273479e-04	2.716891e-43	0.000000e+00	0.000000e+00	1.456003e-50	1.882705e-90	0.000000e+00	4.342002e-40	8.419216e-01	1.882705e-90	1.596694e-18	0.000000e+00	1.882705e-90	1.882705e-90	1.882705e-90	2.947815e-57	8.855835e-90	0.000000e+00	0.000000e+00	1.882705e-90	0.000000e+00	0.000000e+00	0.000000e+00	0.000000e+00	0.000000e+00	0.000000e+00	0.000000e+00	3.035364e-65	5.318830e-87	0.000000e+00	0.000000e+00	0.000000e+00	0.000000e+00	0.000000e+00	0.000000e+00	0.000000e+00	0.000000e+00	0.000000e+00	0.000000e+00	0.000000e+00	0.000000e+00	0.000000e+00	0.000000e+00	0.000000e+00	0.000000e+00	0.000000e+00	0.000000e+00	0.000000e+00	0.000000e+00	0.000000e+00	0.000000e+00	0.000000e+00	0.000000e+00	0.000000e+00	0.000000e+00	0.000000e+00	0.000000e+00	0.000000e+00	0.000000e+00	0.000000e+00	0.000000e+00	0.000000e+00	0.000000e+00	0.000000e+00	0.000000e+00	0.000000e+00	0.000000e+00	0.000000e+00	0.000000e+00	0.000000e+00	0.000000e+00	
1108.205625	1103.266879	1113.144371	182.890734	3.688983e+03	1.882667e-90	0.000000e+00	3.990810e-58	3.385556e-77	0.000000e+00	0.000000e+00	7.461450e-05	1.882667e-90	1.165901e-03	1.788537e-65	1.882667e-90	1.882667e-90	1.882667e-90	1.882667e-90	0.000000e+00	1.882667e-90	1.882667e-90	1.882667e-90	1.882667e-90	3.532614e-49	4.974164e-03	2.296938e-54	0.000000e+00	0.000000e+00	0.000000e+00	1.882667e-90	1.882667e-90	0.000000e+00	3.927724e-55	0.000000e+00	0.000000e+00	0.000000e+00	0.000000e+00	0.000000e+00	0.000000e+00	0.000000e+00	5.215008e-64	1.882667e-90	1.882667e-90	3.454062e-81	4.483428e-50	4.622190e-75	5.420662e-62	1.882667e-90	2.273586e-04	1.854082e-45	0.000000e+00	0.000000e+00	4.671103e-53	1.882667e-90	0.000000e+00	4.099795e-42	8.419240e-01	1.882667e-90	1.513714e-19	0.000000e+00	1.882667e-90	1.882667e-90	1.882667e-90	2.868973e-60	1.882667e-90	0.000000e+00	0.000000e+00	1.882667e-90	0.000000e+00	0.000000e+00	0.000000e+00	0.000000e+00	0.000000e+00	0.000000e+00	0.000000e+00	1.419175e-68	3.346244e-90	0.000000e+00	0.000000e+00	0.000000e+00	0.000000e+00	0.000000e+00	0.000000e+00	0.000000e+00	0.000000e+00	0.000000e+00	0.000000e+00	0.000000e+00	0.000000e+00	0.000000e+00	0.000000e+00	0.000000e+00	0.000000e+00	0.000000e+00	0.000000e+00	0.000000e+00	0.000000e+00	0.000000e+00	0.000000e+00	0.000000e+00	0.000000e+00	0.000000e+00	0.000000e+00	0.000000e+00	0.000000e+00	0.000000e+00	0.000000e+00	0.000000e+00	0.000000e+00	0.000000e+00	0.000000e+00	0.000000e+00	0.000000e+00	0.000000e+00	0.000000e+00	0.000000e+00	0.000000e+00	0.000000e+00	0.000000e+00	
1117.995744	1113.144371	1122.847116	186.053260	3.027364e+03	1.882733e-90	0.000000e+00	3.701485e-59	1.507587e-78	0.000000e+00	0.000000e+00	7.147161e-05	1.882733e-90	1.166038e-03	1.290418e-66	1.882733e-90	1.882733e-90	1.882733e-90	1.882733e-90	0.000000e+00	1.882733e-90	1.882733e-90	1.882733e-90	1.882733e-90	5.154028e-50	4.974267e-03	2.935371e-55	0.000000e+00	0.000000e+00	0.000000e+00	1.882733e-90	1.882733e-90	0.000000e+00	4.880291e-56	0.000000e+00	0.000000e+00	0.000000e+00	0.000000e+00	0.000000e+00	0.000000e+00	0.000000e+00	4.316264e-65	1.882733e-90	1.882733e-90	1.395771e-82	7.974951e-51	2.693496e-76	6.754299e-63	1.882733e-90	2.273497e-04	3.262865e-46	0.000000e+00	0.000000e+00	7.677003e-54	1.882733e-90	0.000000e+00	9.951726e-43	8.419187e-01	1.882733e-90	8.432688e-20	0.000000e+00	1.882733e-90	1.882733e-90	1.882733e-90	2.499876e-61	1.882733e-90	0.000000e+00	0.000000e+00	1.882733e-90	0.000000e+00	0.000000e+00	0.000000e+00	0.000000e+00	0.000000e+00	0.000000e+00	0.000000e+00	1.164960e-69	1.882733e-90	0.000000e+00	0.000000e+00	0.000000e+00	0.000000e+00	0.000000e+00	0.000000e+00	0.000000e+00	0.000000e+00	0.000000e+00	0.000000e+00	0.000000e+00	0.000000e+00	0.000000e+00	0.000000e+00	0.000000e+00	0.000000e+00	0.000000e+00	0.000000e+00	0.000000e+00	0.000000e+00	0.000000e+00	0.000000e+00	0.000000e+00	0.000000e+00	0.000000e+00	0.000000e+00	0.000000e+00	0.000000e+00	0.000000e+00	0.000000e+00	0.000000e+00	0.000000e+00	0.000000e+00	0.000000e+00	0.000000e+00	0.000000e+00	0.000000e+00	0.000000e+00	0.000000e+00	0.000000e+00	0.000000e+00	0.000000e+00	
1127.770607	1122.847116	1132.694097	194.916753	2.484407e+03	1.882571e-90	0.000000e+00	3.174166e-58	2.372898e-77	0.000000e+00	0.000000e+00	7.147161e-05	1.882571e-90	1.165892e-03	1.362345e-65	1.882571e-90	1.882571e-90	1.882571e-90	1.882571e-90	0.000000e+00	1.882571e-90	1.882571e-90	1.882571e-90	1.882571e-90	5.219576e-49	4.973677e-03	2.311809e-54	0.000000e+00	0.000000e+00	0.000000e+00	1.882571e-90	1.882571e-90	0.000000e+00	3.933826e-55	0.000000e+00	0.000000e+00	0.000000e+00	0.000000e+00	0.000000e+00	0.000000e+00	0.000000e+00	6.988693e-64	1.882571e-90	1.882571e-90	2.851700e-81	4.776476e-50	4.063707e-75	5.430264e-62	1.882571e-90	2.273174e-04	1.646374e-45	0.000000e+00	0.000000e+00	7.042202e-53	1.882571e-90	0.000000e+00	6.610907e-42	8.419325e-01	1.882571e-90	2.817231e-19	0.000000e+00	1.882571e-90	1.882571e-90	1.882571e-90	2.257200e-60	1.882571e-90	0.000000e+00	0.000000e+00	1.882571e-90	0.000000e+00	0.000000e+00	0.000000e+00	0.000000e+00	0.000000e+00	0.000000e+00	0.000000e+00	1.898629e-68	2.121383e-90	0.000000e+00	0.000000e+00	0.000000e+00	0.000000e+00	0.000000e+00	0.000000e+00	0.000000e+00	0.000000e+00	0.000000e+00	0.000000e+00	0.000000e+00	0.000000e+00	0.000000e+00	0.000000e+00	0.000000e+00	0.000000e+00	0.000000e+00	0.000000e+00	0.000000e+00	0.000000e+00	0.000000e+00	0.000000e+00	0.000000e+00	0.000000e+00	0.000000e+00	0.000000e+00	0.000000e+00	0.000000e+00	0.000000e+00	0.000000e+00	0.000000e+00	0.000000e+00	0.000000e+00	0.000000e+00	0.000000e+00	0.000000e+00	0.000000e+00	0.000000e+00	0.000000e+00	0.000000e+00	0.000000e+00	0.000000e+00	
1137.739931	1132.694097	1142.785765	193.806999	2.038829e+03	1.882745e-90	0.000000e+00	9.954540e-57	2.005133e-75	0.000000e+00	0.000000e+00	7.095379e-05	1.882745e-90	1.166034e-03	5.993773e-64	1.882745e-90	1.882745e-90	1.882745e-90	1.882745e-90	0.000000e+00	1.882745e-90	1.882745e-90	1.882745e-90	1.882745e-90	1.795589e-47	4.974206e-03	5.959202e-53	0.000000e+00	0.000000e+00	0.000000e+00	1.882745e-90	1.882745e-90	0.000000e+00	1.054076e-53	0.000000e+00	0.000000e+00	0.000000e+00	0.000000e+00	0.000000e+00	0.000000e+00	0.000000e+00	5.175842e-62	1.882745e-90	1.882745e-90	3.469023e-79	7.865537e-49	3.020593e-73	1.453133e-60	1.882745e-90	2.273633e-04	2.173417e-44	0.000000e+00	0.000000e+00	2.069956e-51	1.882745e-90	0.000000e+00	1.147380e-40	8.419173e-01	1.882745e-90	1.588816e-18	0.000000e+00	1.882745e-90	1.882745e-90	1.882745e-90	7.704790e-59	1.882745e-90	0.000000e+00	0.000000e+00	1.882745e-90	0.000000e+00	0.000000e+00	0.000000e+00	0.000000e+00	0.000000e+00	0.000000e+00	0.000000e+00	1.427095e-66	7.625515e-89	0.000000e+00	0.000000e+00	0.000000e+00	0.000000e+00	0.000000e+00	0.000000e+00	0.000000e+00	0.000000e+00	0.000000e+00	0.000000e+00	0.000000e+00	0.000000e+00	0.000000e+00	0.000000e+00	0.000000e+00	0.000000e+00	0.000000e+00	0.000000e+00	0.000000e+00	0.000000e+00	0.000000e+00	0.000000e+00	0.000000e+00	0.000000e+00	0.000000e+00	0.000000e+00	0.000000e+00	0.000000e+00	0.000000e+00	0.000000e+00	0.000000e+00	0.000000e+00	0.000000e+00	0.000000e+00	0.000000e+00	0.000000e+00	0.000000e+00	0.000000e+00	0.000000e+00	0.000000e+00	0.000000e+00	0.000000e+00	
1147.904757	1142.785765	1153.023749	194.116715	1.673166e+03	1.882724e-90	0.000000e+00	7.537525e-56	2.684591e-74	0.000000e+00	0.000000e+00	6.988923e-05	1.882724e-90	1.165971e-03	5.509664e-63	1.882724e-90	1.882724e-90	1.882724e-90	1.882724e-90	0.000000e+00	1.882724e-90	1.882724e-90	1.882724e-90	1.882724e-90	1.633250e-46	4.974254e-03	4.214221e-52	0.000000e+00	0.000000e+00	0.000000e+00	1.882724e-90	1.882724e-90	0.000000e+00	7.625585e-53	0.000000e+00	0.000000e+00	0.000000e+00	0.000000e+00	0.000000e+00	0.000000e+00	0.000000e+00	7.320760e-61	1.882724e-90	1.882724e-90	5.975322e-78	4.293725e-48	3.923182e-72	1.051766e-59	1.882724e-90	2.273531e-04	1.000178e-43	0.000000e+00	0.000000e+00	1.723197e-50	1.882724e-90	0.000000e+00	7.055407e-40	8.419185e-01	1.882724e-90	5.111120e-18	0.000000e+00	1.882724e-90	1.882724e-90	1.882724e-90	6.125769e-58	1.882724e-90	0.000000e+00	0.000000e+00	1.882724e-90	0.000000e+00	0.000000e+00	0.000000e+00	0.000000e+00	0.000000e+00	0.000000e+00	0.000000e+00	2.039992e-65	6.048935e-88	0.000000e+00	0.000000e+00	0.000000e+00	0.000000e+00	0.000000e+00	0.000000e+00	0.000000e+00	0.000000e+00	0.000000e+00	0.000000e+00	0.000000e+00	0.000000e+00	0.000000e+00	0.000000e+00	0.000000e+00	0.000000e+00	0.000000e+00	0.000000e+00	0.000000e+00	0.000000e+00	0.000000e+00	0.000000e+00	0.000000e+00	0.000000e+00	0.000000e+00	0.000000e+00	0.000000e+00	0.000000e+00	0.000000e+00	0.000000e+00	0.000000e+00	0.000000e+00	0.000000e+00	0.000000e+00	0.000000e+00	0.000000e+00	0.000000e+00	0.000000e+00	0.000000e+00	0.000000e+00	0.000000e+00	0.000000e+00	
1158.169119	1153.023749	1163.314489	196.348574	1.373084e+03	1.882658e-90	0.000000e+00	1.645425e-55	7.170167e-74	0.000000e+00	0.000000e+00	6.988923e-05	1.882658e-90	1.165929e-03	1.288043e-62	1.882658e-90	1.882658e-90	1.882658e-90	1.882658e-90	0.000000e+00	1.882658e-90	1.882658e-90	1.882658e-90	1.882658e-90	4.610915e-46	4.974415e-03	9.575604e-52	0.000000e+00	0.000000e+00	0.000000e+00	1.882658e-90	1.882658e-90	0.000000e+00	1.746973e-52	0.000000e+00	0.000000e+00	0.000000e+00	0.000000e+00	0.000000e+00	0.000000e+00	0.000000e+00	2.416702e-60	1.882658e-90	1.882658e-90	1.860008e-77	8.899776e-48	1.105202e-71	2.410026e-59	1.882658e-90	2.273381e-04	1.830303e-43	0.000000e+00	0.000000e+00	4.716087e-50	1.882658e-90	0.000000e+00	1.734568e-39	8.419238e-01	1.882658e-90	9.988357e-18	0.000000e+00	1.882658e-90	1.882658e-90	1.882658e-90	1.360605e-57	5.776737e-90	0.000000e+00	0.000000e+00	1.882658e-90	0.000000e+00	0.000000e+00	0.000000e+00	0.000000e+00	0.000000e+00	0.000000e+00	0.000000e+00	6.761801e-65	1.261323e-87	0.000000e+00	0.000000e+00	0.000000e+00	0.000000e+00	0.000000e+00	0.000000e+00	0.000000e+00	0.000000e+00	0.000000e+00	0.000000e+00	0.000000e+00	0.000000e+00	0.000000e+00	0.000000e+00	0.000000e+00	0.000000e+00	0.000000e+00	0.000000e+00	0.000000e+00	0.000000e+00	0.000000e+00	0.000000e+00	0.000000e+00	0.000000e+00	0.000000e+00	0.000000e+00	0.000000e+00	0.000000e+00	0.000000e+00	0.000000e+00	0.000000e+00	0.000000e+00	0.000000e+00	0.000000e+00	0.000000e+00	0.000000e+00	0.000000e+00	0.000000e+00	0.000000e+00	0.000000e+00	0.000000e+00	0.000000e+00	
1168.483811	1163.314489	1173.653134	197.149637	1.126821e+03	1.882651e-90	0.000000e+00	3.356853e-55	1.754099e-73	0.000000e+00	0.000000e+00	6.988923e-05	1.882651e-90	1.165921e-03	2.794956e-62	1.882651e-90	1.882651e-90	1.882651e-90	1.882651e-90	0.000000e+00	1.882651e-90	1.882651e-90	1.882651e-90	1.882651e-90	1.221339e-45	4.973362e-03	2.045086e-51	0.000000e+00	0.000000e+00	0.000000e+00	1.882651e-90	1.882651e-90	0.000000e+00	3.758204e-52	0.000000e+00	0.000000e+00	0.000000e+00	0.000000e+00	0.000000e+00	0.000000e+00	0.000000e+00	7.370774e-60	1.882651e-90	1.882651e-90	5.275507e-77	1.750365e-47	2.865213e-71	5.188253e-59	1.882651e-90	2.273358e-04	3.185668e-43	0.000000e+00	0.000000e+00	1.214998e-49	1.882651e-90	0.000000e+00	4.056812e-39	8.419264e-01	1.882651e-90	1.900371e-17	0.000000e+00	1.882651e-90	1.882651e-90	1.882651e-90	2.818786e-57	2.147487e-89	0.000000e+00	0.000000e+00	1.882651e-90	0.000000e+00	0.000000e+00	0.000000e+00	0.000000e+00	0.000000e+00	0.000000e+00	0.000000e+00	2.070095e-64	2.446610e-87	0.000000e+00	0.000000e+00	0.000000e+00	0.000000e+00	0.000000e+00	0.000000e+00	0.000000e+00	0.000000e+00	0.000000e+00	0.000000e+00	0.000000e+00	0.000000e+00	0.000000e+00	0.000000e+00	0.000000e+00	0.000000e+00	0.000000e+00	0.000000e+00	0.000000e+00	0.000000e+00	0.000000e+00	0.000000e+00	0.000000e+00	0.000000e+00	0.000000e+00	0.000000e+00	0.000000e+00	0.000000e+00	0.000000e+00	0.000000e+00	0.000000e+00	0.000000e+00	0.000000e+00	0.000000e+00	0.000000e+00	0.000000e+00	0.000000e+00	0.000000e+00	0.000000e+00	0.000000e+00	0.000000e+00	0.000000e+00	
1178.822268	1173.653134	1183.991403	197.752229	9.247263e+02	1.882652e-90	0.000000e+00	3.681511e-55	1.920178e-73	0.000000e+00	0.000000e+00	6.988923e-05	1.882652e-90	1.165898e-03	3.063207e-62	1.882652e-90	1.882652e-90	1.882652e-90	1.882652e-90	0.000000e+00	1.882652e-90	1.882652e-90	1.882652e-90	1.882652e-90	1.802458e-45	4.973180e-03	2.477318e-51	0.000000e+00	0.000000e+00	0.000000e+00	1.882652e-90	1.882652e-90	0.000000e+00	4.551675e-52	0.000000e+00	0.000000e+00	0.000000e+00	0.000000e+00	0.000000e+00	0.000000e+00	0.000000e+00	1.086064e-59	1.882652e-90	1.882652e-90	6.371159e-77	2.122114e-47	3.463807e-71	6.284950e-59	1.882652e-90	2.273365e-04	3.499667e-43	0.000000e+00	0.000000e+00	1.793634e-49	1.882652e-90	0.000000e+00	5.995365e-39	8.419259e-01	1.882652e-90	2.814234e-17	0.000000e+00	1.882652e-90	1.882652e-90	1.882652e-90	3.090783e-57	2.857758e-89	0.000000e+00	0.000000e+00	1.882652e-90	0.000000e+00	0.000000e+00	0.000000e+00	0.000000e+00	0.000000e+00	0.000000e+00	0.000000e+00	3.050311e-64	2.430146e-87	0.000000e+00	0.000000e+00	0.000000e+00	0.000000e+00	0.000000e+00	0.000000e+00	0.000000e+00	0.000000e+00	0.000000e+00	0.000000e+00	0.000000e+00	0.000000e+00	0.000000e+00	0.000000e+00	0.000000e+00	0.000000e+00	0.000000e+00	0.000000e+00	0.000000e+00	0.000000e+00	0.000000e+00	0.000000e+00	0.000000e+00	0.000000e+00	0.000000e+00	0.000000e+00	0.000000e+00	0.000000e+00	0.000000e+00	0.000000e+00	0.000000e+00	0.000000e+00	0.000000e+00	0.000000e+00	0.000000e+00	0.000000e+00	0.000000e+00	0.000000e+00	0.000000e+00	0.000000e+00	0.000000e+00	0.000000e+00	
1189.084738	1183.991403	1194.178073	194.974880	7.588768e+02	1.882599e-90	0.000000e+00	5.730632e-56	1.674154e-74	0.000000e+00	0.000000e+00	6.988923e-05	1.882599e-90	1.165965e-03	3.915910e-63	1.882599e-90	1.882599e-90	1.882599e-90	1.882599e-90	0.000000e+00	1.882599e-90	1.882599e-90	1.882599e-90	1.882599e-90	4.226102e-46	4.973902e-03	5.040360e-52	0.000000e+00	0.000000e+00	0.000000e+00	1.882599e-90	1.882599e-90	0.000000e+00	9.048043e-53	0.000000e+00	0.000000e+00	0.000000e+00	0.000000e+00	0.000000e+00	0.000000e+00	0.000000e+00	1.624741e-60	1.882599e-90	1.882599e-90	5.245845e-78	5.619235e-48	3.798850e-72	1.247591e-59	1.882599e-90	2.273421e-04	9.040635e-44	0.000000e+00	0.000000e+00	4.597136e-50	1.882599e-90	0.000000e+00	2.091307e-39	8.419290e-01	1.882599e-90	1.898030e-17	0.000000e+00	1.882599e-90	1.882599e-90	1.882599e-90	4.578557e-58	1.882599e-90	0.000000e+00	0.000000e+00	1.882599e-90	0.000000e+00	0.000000e+00	0.000000e+00	0.000000e+00	0.000000e+00	0.000000e+00	0.000000e+00	4.509834e-65	2.941304e-88	0.000000e+00	0.000000e+00	0.000000e+00	0.000000e+00	0.000000e+00	0.000000e+00	0.000000e+00	0.000000e+00	0.000000e+00	0.000000e+00	0.000000e+00	0.000000e+00	0.000000e+00	0.000000e+00	0.000000e+00	0.000000e+00	0.000000e+00	0.000000e+00	0.000000e+00	0.000000e+00	0.000000e+00	0.000000e+00	0.000000e+00	0.000000e+00	0.000000e+00	0.000000e+00	0.000000e+00	0.000000e+00	0.000000e+00	0.000000e+00	0.000000e+00	0.000000e+00	0.000000e+00	0.000000e+00	0.000000e+00	0.000000e+00	0.000000e+00	0.000000e+00	0.000000e+00	0.000000e+00	0.000000e+00	0.000000e+00	
1199.094513	1194.178073	1204.010953	186.194555	6.227724e+02	1.882641e-90	0.000000e+00	5.206095e-58	3.671471e-77	0.000000e+00	0.000000e+00	6.988923e-05	1.882641e-90	1.166021e-03	2.190523e-65	1.882641e-90	1.882641e-90	1.882641e-90	1.882641e-90	0.000000e+00	1.882641e-90	1.882641e-90	1.882641e-90	1.882641e-90	6.906443e-48	4.973774e-03	7.708070e-54	0.000000e+00	0.000000e+00	0.000000e+00	1.882641e-90	1.882641e-90	0.000000e+00	1.308634e-54	0.000000e+00	0.000000e+00	0.000000e+00	0.000000e+00	0.000000e+00	0.000000e+00	0.000000e+00	8.839925e-63	1.882641e-90	1.882641e-90	8.677048e-81	1.635359e-49	1.273058e-74	1.807128e-61	1.882641e-90	2.273450e-04	2.841807e-45	0.000000e+00	0.000000e+00	9.407487e-52	1.882641e-90	0.000000e+00	9.108893e-41	8.419264e-01	1.882641e-90	4.147382e-18	0.000000e+00	1.882641e-90	1.882641e-90	1.882641e-90	3.683869e-60	1.882641e-90	0.000000e+00	0.000000e+00	1.882641e-90	0.000000e+00	0.000000e+00	0.000000e+00	0.000000e+00	0.000000e+00	0.000000e+00	0.000000e+00	2.399976e-67	1.882641e-90	0.000000e+00	0.000000e+00	0.000000e+00	0.000000e+00	0.000000e+00	0.000000e+00	0.000000e+00	0.000000e+00	0.000000e+00	0.000000e+00	0.000000e+00	0.000000e+00	0.000000e+00	0.000000e+00	0.000000e+00	0.000000e+00	0.000000e+00	0.000000e+00	0.000000e+00	0.000000e+00	0.000000e+00	0.000000e+00	0.000000e+00	0.000000e+00	0.000000e+00	0.000000e+00	0.000000e+00	0.000000e+00	0.000000e+00	0.000000e+00	0.000000e+00	0.000000e+00	0.000000e+00	0.000000e+00	0.000000e+00	0.000000e+00	0.000000e+00	0.000000e+00	0.000000e+00	0.000000e+00	0.000000e+00	0.000000e+00	
1208.671459	1204.010953	1213.331965	175.057685	5.110783e+02	1.882726e-90	0.000000e+00	2.944268e-61	2.196833e-81	0.000000e+00	0.000000e+00	6.988923e-05	1.882726e-90	1.165986e-03	5.723266e-69	1.882726e-90	1.882726e-90	1.882726e-90	1.882726e-90	0.000000e+00	1.882726e-90	1.882726e-90	1.882726e-90	1.882726e-90	8.658578e-51	4.974475e-03	9.600497e-57	0.000000e+00	0.000000e+00	0.000000e+00	1.882726e-90	1.882726e-90	0.000000e+00	1.499136e-57	0.000000e+00	0.000000e+00	0.000000e+00	0.000000e+00	0.000000e+00	0.000000e+00	0.000000e+00	1.959378e-66	1.882726e-90	1.882726e-90	3.155047e-85	5.581340e-52	1.426271e-78	2.101552e-64	1.882726e-90	2.273480e-04	1.140511e-47	0.000000e+00	0.000000e+00	1.715073e-54	1.882726e-90	0.000000e+00	5.475941e-43	8.419195e-01	1.882726e-90	3.148673e-19	0.000000e+00	1.882726e-90	1.882726e-90	1.882726e-90	1.722085e-63	1.882726e-90	0.000000e+00	0.000000e+00	1.882726e-90	0.000000e+00	0.000000e+00	0.000000e+00	0.000000e+00	0.000000e+00	0.000000e+00	0.000000e+00	5.239476e-71	1.882726e-90	0.000000e+00	0.000000e+00	0.000000e+00	0.000000e+00	0.000000e+00	0.000000e+00	0.000000e+00	0.000000e+00	0.000000e+00	0.000000e+00	0.000000e+00	0.000000e+00	0.000000e+00	0.000000e+00	0.000000e+00	0.000000e+00	0.000000e+00	0.000000e+00	0.000000e+00	0.000000e+00	0.000000e+00	0.000000e+00	0.000000e+00	0.000000e+00	0.000000e+00	0.000000e+00	0.000000e+00	0.000000e+00	0.000000e+00	0.000000e+00	0.000000e+00	0.000000e+00	0.000000e+00	0.000000e+00	0.000000e+00	0.000000e+00	0.000000e+00	0.000000e+00	0.000000e+00	0.000000e+00	0.000000e+00	0.000000e+00	
1217.711927	1213.331965	1222.091889	164.488038	4.194165e+02	1.882675e-90	0.000000e+00	2.973035e-65	1.401703e-86	0.000000e+00	0.000000e+00	6.608850e-05	1.882675e-90	1.166043e-03	2.215066e-73	1.882675e-90	1.882675e-90	1.882675e-90	1.882675e-90	0.000000e+00	1.882675e-90	1.882675e-90	1.882675e-90	1.882675e-90	2.324316e-54	4.974017e-03	2.602392e-60	0.000000e+00	0.000000e+00	0.000000e+00	1.882675e-90	1.882675e-90	0.000000e+00	3.692601e-61	0.000000e+00	0.000000e+00	0.000000e+00	0.000000e+00	0.000000e+00	0.000000e+00	0.000000e+00	6.307738e-71	1.882675e-90	1.882675e-90	1.882675e-90	5.150031e-55	1.970879e-83	5.391484e-68	1.882675e-90	2.273452e-04	1.276695e-50	0.000000e+00	0.000000e+00	7.532343e-58	1.882675e-90	0.000000e+00	1.041572e-45	8.419231e-01	1.882675e-90	1.326261e-20	0.000000e+00	1.882675e-90	1.882675e-90	1.882675e-90	1.378494e-67	1.882675e-90	0.000000e+00	0.000000e+00	1.882675e-90	0.000000e+00	0.000000e+00	0.000000e+00	0.000000e+00	0.000000e+00	0.000000e+00	0.000000e+00	1.711568e-75	1.882675e-90	0.000000e+00	0.000000e+00	0.000000e+00	0.000000e+00	0.000000e+00	0.000000e+00	0.000000e+00	0.000000e+00	0.000000e+00	0.000000e+00	0.000000e+00	0.000000e+00	0.000000e+00	0.000000e+00	0.000000e+00	0.000000e+00	0.000000e+00	0.000000e+00	0.000000e+00	0.000000e+00	0.000000e+00	0.000000e+00	0.000000e+00	0.000000e+00	0.000000e+00	0.000000e+00	0.000000e+00	0.000000e+00	0.000000e+00	0.000000e+00	0.000000e+00	0.000000e+00	0.000000e+00	0.000000e+00	0.000000e+00	0.000000e+00	0.000000e+00	0.000000e+00	0.000000e+00	0.000000e+00	0.000000e+00	0.000000e+00	
1226.207537	1222.091889	1230.323185	154.418303	3.441943e+02	1.882724e-90	0.000000e+00	1.667160e-69	1.882724e-90	0.000000e+00	0.000000e+00	5.096721e-05	1.882724e-90	1.165988e-03	4.419646e-78	1.882724e-90	1.882724e-90	1.882724e-90	1.882724e-90	0.000000e+00	1.882724e-90	1.882724e-90	1.882724e-90	1.882724e-90	3.932170e-58	4.973579e-03	4.357189e-64	0.000000e+00	0.000000e+00	0.000000e+00	1.882724e-90	1.882724e-90	0.000000e+00	5.634066e-65	0.000000e+00	0.000000e+00	0.000000e+00	0.000000e+00	0.000000e+00	0.000000e+00	0.000000e+00	1.127091e-75	1.882724e-90	1.882724e-90	1.882724e-90	3.124470e-58	1.359259e-88	8.817982e-72	1.882724e-90	2.273522e-04	9.247342e-54	0.000000e+00	0.000000e+00	2.238386e-61	1.882724e-90	0.000000e+00	1.472688e-48	8.419200e-01	1.882724e-90	4.957697e-22	0.000000e+00	1.882724e-90	1.882724e-90	1.882724e-90	6.052186e-72	1.882724e-90	0.000000e+00	0.000000e+00	1.882724e-90	0.000000e+00	0.000000e+00	0.000000e+00	0.000000e+00	0.000000e+00	0.000000e+00	0.000000e+00	3.234245e-80	1.882724e-90	0.000000e+00	0.000000e+00	0.000000e+00	0.000000e+00	0.000000e+00	0.000000e+00	0.000000e+00	0.000000e+00	0.000000e+00	0.000000e+00	0.000000e+00	0.000000e+00	0.000000e+00	0.000000e+00	0.000000e+00	0.000000e+00	0.000000e+00	0.000000e+00	0.000000e+00	0.000000e+00	0.000000e+00	0.000000e+00	0.000000e+00	0.000000e+00	0.000000e+00	0.000000e+00	0.000000e+00	0.000000e+00	0.000000e+00	0.000000e+00	0.000000e+00	0.000000e+00	0.000000e+00	0.000000e+00	0.000000e+00	0.000000e+00	0.000000e+00	0.000000e+00	0.000000e+00	0.000000e+00	0.000000e+00	0.000000e+00	
1234.211543	1230.323185	1238.099902	145.055049	2.824631e+02	1.882764e-90	0.000000e+00	1.312886e-73	1.882764e-90	0.000000e+00	0.000000e+00	3.659617e-05	1.882764e-90	1.166123e-03	1.266288e-82	1.882764e-90	1.882764e-90	1.882764e-90	1.882764e-90	0.000000e+00	1.882764e-90	1.882764e-90	1.882764e-90	1.882764e-90	9.869516e-62	4.974187e-03	1.040697e-67	0.000000e+00	0.000000e+00	0.000000e+00	1.882764e-90	1.882764e-90	0.000000e+00	1.241216e-68	0.000000e+00	0.000000e+00	0.000000e+00	0.000000e+00	0.000000e+00	0.000000e+00	0.000000e+00	3.251089e-80	1.882764e-90	1.882764e-90	1.882764e-90	2.547898e-61	1.882764e-90	2.131191e-75	1.882764e-90	2.273464e-04	8.620440e-57	0.000000e+00	0.000000e+00	1.006767e-64	1.882764e-90	0.000000e+00	2.991552e-51	8.419155e-01	1.882764e-90	2.336132e-23	0.000000e+00	1.882764e-90	1.882764e-90	1.882764e-90	3.772444e-76	1.882764e-90	0.000000e+00	0.000000e+00	1.882764e-90	0.000000e+00	0.000000e+00	0.000000e+00	0.000000e+00	0.000000e+00	0.000000e+00	0.000000e+00	1.024855e-84	1.882764e-90	0.000000e+00	0.000000e+00	0.000000e+00	0.000000e+00	0.000000e+00	0.000000e+00	0.000000e+00	0.000000e+00	0.000000e+00	0.000000e+00	0.000000e+00	0.000000e+00	0.000000e+00	0.000000e+00	0.000000e+00	0.000000e+00	0.000000e+00	0.000000e+00	0.000000e+00	0.000000e+00	0.000000e+00	0.000000e+00	0.000000e+00	0.000000e+00	0.000000e+00	0.000000e+00	0.000000e+00	0.000000e+00	0.000000e+00	0.000000e+00	0.000000e+00	0.000000e+00	0.000000e+00	0.000000e+00	0.000000e+00	0.000000e+00	0.000000e+00	0.000000e+00	0.000000e+00	0.000000e+00	0.000000e+00	0.000000e+00	
1241.912831	1238.099902	1245.725760	143.427684	2.318034e+02	1.882621e-90	0.000000e+00	4.781567e-75	1.882621e-90	0.000000e+00	0.000000e+00	2.522624e-05	1.882621e-90	1.165861e-03	3.202385e-84	1.882621e-90	1.882621e-90	1.882621e-90	1.882621e-90	0.000000e+00	1.882621e-90	1.882621e-90	1.882621e-90	1.882621e-90	6.711094e-63	4.974227e-03	6.074779e-69	0.000000e+00	0.000000e+00	0.000000e+00	1.882621e-90	1.882621e-90	0.000000e+00	7.054182e-70	0.000000e+00	0.000000e+00	0.000000e+00	0.000000e+00	0.000000e+00	0.000000e+00	0.000000e+00	1.022056e-81	1.882621e-90	1.882621e-90	1.882621e-90	2.298364e-62	1.882621e-90	1.259636e-76	1.882621e-90	2.273431e-04	7.592893e-58	0.000000e+00	0.000000e+00	8.511975e-66	1.882621e-90	0.000000e+00	4.335708e-52	8.419269e-01	1.882621e-90	1.036281e-23	0.000000e+00	1.882621e-90	1.882621e-90	1.882621e-90	1.264463e-77	1.882621e-90	0.000000e+00	0.000000e+00	1.882621e-90	0.000000e+00	0.000000e+00	0.000000e+00	0.000000e+00	0.000000e+00	0.000000e+00	0.000000e+00	3.363663e-86	1.882621e-90	0.000000e+00	0.000000e+00	0.000000e+00	0.000000e+00	0.000000e+00	0.000000e+00	0.000000e+00	0.000000e+00	0.000000e+00	0.000000e+00	0.000000e+00	0.000000e+00	0.000000e+00	0.000000e+00	0.000000e+00	0.000000e+00	0.000000e+00	0.000000e+00	0.000000e+00	0.000000e+00	0.000000e+00	0.000000e+00	0.000000e+00	0.000000e+00	0.000000e+00	0.000000e+00	0.000000e+00	0.000000e+00	0.000000e+00	0.000000e+00	0.000000e+00	0.000000e+00	0.000000e+00	0.000000e+00	0.000000e+00	0.000000e+00	0.000000e+00	0.000000e+00	0.000000e+00	0.000000e+00	0.000000e+00	0.000000e+00	
1249.746123	1245.725760	1253.766487	152.458457	1.902295e+02	1.882686e-90	0.000000e+00	4.657991e-71	1.882686e-90	0.000000e+00	0.000000e+00	1.828168e-05	1.882686e-90	1.166053e-03	8.205976e-80	1.882686e-90	1.882686e-90	1.882686e-90	1.882686e-90	0.000000e+00	1.882686e-90	1.882686e-90	1.882686e-90	1.882686e-90	3.757055e-59	4.973738e-03	2.452955e-65	0.000000e+00	0.000000e+00	0.000000e+00	1.882686e-90	1.882686e-90	0.000000e+00	3.066426e-66	0.000000e+00	0.000000e+00	0.000000e+00	0.000000e+00	0.000000e+00	0.000000e+00	0.000000e+00	4.472911e-77	1.882686e-90	1.882686e-90	1.882686e-90	2.900611e-59	2.177467e-90	4.967585e-73	1.882686e-90	2.273603e-04	7.042123e-55	0.000000e+00	0.000000e+00	2.697279e-62	1.882686e-90	0.000000e+00	3.270933e-49	8.419229e-01	1.882686e-90	3.952657e-22	0.000000e+00	1.882686e-90	1.882686e-90	1.882686e-90	1.537461e-73	1.882686e-90	0.000000e+00	0.000000e+00	1.882686e-90	0.000000e+00	0.000000e+00	0.000000e+00	0.000000e+00	0.000000e+00	0.000000e+00	0.000000e+00	1.327016e-81	1.882686e-90	0.000000e+00	0.000000e+00	0.000000e+00	0.000000e+00	0.000000e+00	0.000000e+00	0.000000e+00	0.000000e+00	0.000000e+00	0.000000e+00	0.000000e+00	0.000000e+00	0.000000e+00	0.000000e+00	0.000000e+00	0.000000e+00	0.000000e+00	0.000000e+00	0.000000e+00	0.000000e+00	0.000000e+00	0.000000e+00	0.000000e+00	0.000000e+00	0.000000e+00	0.000000e+00	0.000000e+00	0.000000e+00	0.000000e+00	0.000000e+00	0.000000e+00	0.000000e+00	0.000000e+00	0.000000e+00	0.000000e+00	0.000000e+00	0.000000e+00	0.000000e+00	0.000000e+00	0.000000e+00	0.000000e+00	0.000000e+00	
1258.224538	1253.766487	1262.682588	171.514490	1.561119e+02	1.882683e-90	0.000000e+00	7.284826e-64	7.672510e-85	0.000000e+00	0.000000e+00	1.446661e-05	1.882683e-90	1.165964e-03	7.182350e-72	1.882683e-90	1.882683e-90	1.882683e-90	1.882683e-90	0.000000e+00	1.882683e-90	1.882683e-90	1.882683e-90	1.882683e-90	2.041165e-52	4.973989e-03	8.033429e-59	0.000000e+00	0.000000e+00	0.000000e+00	1.882683e-90	1.882683e-90	0.000000e+00	1.171052e-59	0.000000e+00	0.000000e+00	0.000000e+00	0.000000e+00	0.000000e+00	0.000000e+00	0.000000e+00	1.025715e-68	1.882683e-90	1.882683e-90	1.190886e-88	1.114887e-53	1.449301e-81	1.685691e-66	1.882683e-90	2.273444e-04	1.553881e-49	0.000000e+00	0.000000e+00	5.710914e-56	1.882683e-90	0.000000e+00	5.155513e-44	8.419227e-01	1.882683e-90	2.670963e-19	0.000000e+00	1.882683e-90	1.882683e-90	1.882683e-90	3.612911e-66	1.882683e-90	0.000000e+00	0.000000e+00	1.882683e-90	0.000000e+00	0.000000e+00	0.000000e+00	0.000000e+00	0.000000e+00	0.000000e+00	0.000000e+00	2.760966e-73	1.882683e-90	0.000000e+00	0.000000e+00	0.000000e+00	0.000000e+00	0.000000e+00	0.000000e+00	0.000000e+00	0.000000e+00	0.000000e+00	0.000000e+00	0.000000e+00	0.000000e+00	0.000000e+00	0.000000e+00	0.000000e+00	0.000000e+00	0.000000e+00	0.000000e+00	0.000000e+00	0.000000e+00	0.000000e+00	0.000000e+00	0.000000e+00	0.000000e+00	0.000000e+00	0.000000e+00	0.000000e+00	0.000000e+00	0.000000e+00	0.000000e+00	0.000000e+00	0.000000e+00	0.000000e+00	0.000000e+00	0.000000e+00	0.000000e+00	0.000000e+00	0.000000e+00	0.000000e+00	0.000000e+00	0.000000e+00	0.000000e+00	
1267.595102	1262.682588	1272.507615	189.086195	1.281132e+02	1.882594e-90	0.000000e+00	1.025973e-57	6.998470e-77	0.000000e+00	0.000000e+00	1.446661e-05	1.882594e-90	1.165783e-03	4.267157e-65	1.882594e-90	1.882594e-90	1.882594e-90	1.882594e-90	0.000000e+00	1.882594e-90	1.882594e-90	1.882594e-90	1.882594e-90	1.468798e-46	4.973297e-03	3.382333e-53	0.000000e+00	0.000000e+00	0.000000e+00	1.882594e-90	1.882594e-90	0.000000e+00	5.734693e-54	0.000000e+00	0.000000e+00	0.000000e+00	0.000000e+00	0.000000e+00	0.000000e+00	0.000000e+00	1.831998e-61	1.882594e-90	1.882594e-90	3.614508e-80	7.285101e-49	5.391408e-74	7.920667e-61	1.882594e-90	2.273390e-04	5.765142e-45	0.000000e+00	0.000000e+00	2.011409e-50	1.882594e-90	0.000000e+00	1.982252e-39	8.419312e-01	1.882594e-90	9.369640e-17	0.000000e+00	1.882594e-90	1.882594e-90	1.882594e-90	7.238583e-60	1.882594e-90	0.000000e+00	0.000000e+00	1.882594e-90	0.000000e+00	0.000000e+00	0.000000e+00	0.000000e+00	0.000000e+00	0.000000e+00	0.000000e+00	4.971509e-66	1.882594e-90	0.000000e+00	0.000000e+00	0.000000e+00	0.000000e+00	0.000000e+00	0.000000e+00	0.000000e+00	0.000000e+00	0.000000e+00	0.000000e+00	0.000000e+00	0.000000e+00	0.000000e+00	0.000000e+00	0.000000e+00	0.000000e+00	0.000000e+00	0.000000e+00	0.000000e+00	0.000000e+00	0.000000e+00	0.000000e+00	0.000000e+00	0.000000e+00	0.000000e+00	0.000000e+00	0.000000e+00	0.000000e+00	0.000000e+00	0.000000e+00	0.000000e+00	0.000000e+00	0.000000e+00	0.000000e+00	0.000000e+00	0.000000e+00	0.000000e+00	0.000000e+00	0.000000e+00	0.000000e+00	0.000000e+00	0.000000e+00	
1277.712858	1272.507615	1282.918101	197.997086	1.051362e+02	1.882684e-90	0.000000e+00	2.724214e-54	1.862192e-72	0.000000e+00	0.000000e+00	1.446661e-05	1.882684e-90	1.166019e-03	2.484760e-61	1.882684e-90	1.882684e-90	1.882684e-90	1.882684e-90	0.000000e+00	1.882684e-90	1.882684e-90	1.882684e-90	1.882684e-90	3.305055e-43	4.974415e-03	5.029454e-50	0.000000e+00	0.000000e+00	0.000000e+00	1.882684e-90	1.531423e-88	0.000000e+00	9.345491e-51	0.000000e+00	0.000000e+00	0.000000e+00	0.000000e+00	0.000000e+00	0.000000e+00	0.000000e+00	2.456644e-57	1.882684e-90	1.882684e-90	1.971304e-75	3.808439e-46	9.378183e-70	1.291109e-57	1.882684e-90	2.273561e-04	2.044587e-42	0.000000e+00	0.000000e+00	3.156989e-47	7.635083e-90	0.000000e+00	9.138127e-37	8.419219e-01	1.882684e-90	3.152076e-15	0.000000e+00	1.882684e-90	1.882684e-90	1.882684e-90	2.341406e-56	3.389531e-87	0.000000e+00	0.000000e+00	1.882684e-90	0.000000e+00	0.000000e+00	0.000000e+00	0.000000e+00	0.000000e+00	0.000000e+00	0.000000e+00	6.941702e-62	6.530250e-87	0.000000e+00	0.000000e+00	0.000000e+00	0.000000e+00	0.000000e+00	0.000000e+00	0.000000e+00	0.000000e+00	0.000000e+00	0.000000e+00	0.000000e+00	0.000000e+00	0.000000e+00	0.000000e+00	0.000000e+00	0.000000e+00	0.000000e+00	0.000000e+00	0.000000e+00	0.000000e+00	0.000000e+00	0.000000e+00	0.000000e+00	0.000000e+00	0.000000e+00	0.000000e+00	0.000000e+00	0.000000e+00	0.000000e+00	0.000000e+00	0.000000e+00	0.000000e+00	0.000000e+00	0.000000e+00	0.000000e+00	0.000000e+00	0.000000e+00	0.000000e+00	0.000000e+00	0.000000e+00	0.000000e+00	0.000000e+00	
1288.265128	1282.918101	1293.612156	203.645106	8.628001e+01	1.882717e-90	0.000000e+00	9.672943e-53	1.845140e-70	0.000000e+00	0.000000e+00	1.446661e-05	1.882717e-90	1.166004e-03	1.248490e-59	1.882717e-90	1.882717e-90	1.882717e-90	1.882717e-90	0.000000e+00	1.882717e-90	1.882717e-90	1.882717e-90	1.882717e-90	1.305917e-41	4.973569e-03	1.470932e-48	0.000000e+00	0.000000e+00	0.000000e+00	1.882717e-90	9.569784e-86	0.000000e+00	2.851622e-49	0.000000e+00	0.000000e+00	0.000000e+00	0.000000e+00	0.000000e+00	0.000000e+00	0.000000e+00	2.154186e-55	1.882717e-90	1.882717e-90	2.846214e-73	6.968945e-45	8.171135e-68	3.962419e-56	1.882717e-90	2.273449e-04	2.959018e-41	0.000000e+00	0.000000e+00	1.070846e-45	4.747237e-87	0.000000e+00	1.795748e-35	8.419203e-01	1.882717e-90	1.921313e-14	0.000000e+00	1.882717e-90	1.882717e-90	1.882717e-90	9.079565e-55	1.435268e-84	0.000000e+00	0.000000e+00	1.882717e-90	0.000000e+00	0.000000e+00	0.000000e+00	0.000000e+00	0.000000e+00	0.000000e+00	0.000000e+00	6.248105e-60	2.824802e-85	0.000000e+00	0.000000e+00	0.000000e+00	0.000000e+00	0.000000e+00	0.000000e+00	0.000000e+00	0.000000e+00	0.000000e+00	0.000000e+00	0.000000e+00	0.000000e+00	0.000000e+00	0.000000e+00	0.000000e+00	0.000000e+00	0.000000e+00	0.000000e+00	0.000000e+00	0.000000e+00	0.000000e+00	0.000000e+00	0.000000e+00	0.000000e+00	0.000000e+00	0.000000e+00	0.000000e+00	0.000000e+00	0.000000e+00	0.000000e+00	0.000000e+00	0.000000e+00	0.000000e+00	0.000000e+00	0.000000e+00	0.000000e+00	0.000000e+00	0.000000e+00	0.000000e+00	0.000000e+00	0.000000e+00	0.000000e+00	
1299.037436	1293.612156	1304.462715	206.236937	7.080571e+01	1.882644e-90	0.000000e+00	6.722368e-52	2.208553e-69	0.000000e+00	0.000000e+00	1.446661e-05	1.882644e-90	1.165967e-03	1.042216e-58	1.882644e-90	4.043238e-89	1.882644e-90	1.882644e-90	0.000000e+00	1.882644e-90	1.882644e-90	1.882644e-90	1.882644e-90	1.108787e-40	4.973759e-03	9.687331e-48	0.000000e+00	0.000000e+00	0.000000e+00	1.882644e-90	3.511479e-84	0.000000e+00	1.921840e-48	0.000000e+00	0.000000e+00	0.000000e+00	0.000000e+00	0.000000e+00	0.000000e+00	0.000000e+00	2.791762e-54	1.882644e-90	1.882644e-90	4.359018e-72	3.576431e-44	9.585307e-67	2.681478e-55	1.882644e-90	2.273404e-04	1.277938e-40	0.000000e+00	0.000000e+00	8.402276e-45	1.734298e-85	0.000000e+00	1.055066e-34	8.419256e-01	1.882644e-90	6.062697e-14	0.000000e+00	1.882644e-90	1.882644e-90	1.882644e-90	6.613177e-54	4.083374e-83	0.000000e+00	0.000000e+00	1.882644e-90	0.000000e+00	0.000000e+00	0.000000e+00	0.000000e+00	0.000000e+00	0.000000e+00	0.000000e+00	8.226801e-59	2.101355e-84	0.000000e+00	0.000000e+00	0.000000e+00	0.000000e+00	0.000000e+00	0.000000e+00	0.000000e+00	0.000000e+00	0.000000e+00	0.000000e+00	0.000000e+00	0.000000e+00	0.000000e+00	0.000000e+00	0.000000e+00	0.000000e+00	0.000000e+00	0.000000e+00	0.000000e+00	0.000000e+00	0.000000e+00	0.000000e+00	0.000000e+00	0.000000e+00	0.000000e+00	0.000000e+00	0.000000e+00	0.000000e+00	0.000000e+00	0.000000e+00	0.000000e+00	0.000000e+00	0.000000e+00	0.000000e+00	0.000000e+00	0.000000e+00	0.000000e+00	0.000000e+00	0.000000e+00	0.000000e+00	0.000000e+00	0.000000e+00	
1309.939688	1304.462715	1315.416660	208.100102	5.810672e+01	1.882691e-90	0.000000e+00	2.426402e-51	1.131213e-68	0.000000e+00	0.000000e+00	1.446661e-05	1.882691e-90	1.165980e-03	4.232204e-58	1.882691e-90	4.240840e-88	1.882691e-90	1.882691e-90	0.000000e+00	1.882691e-90	1.882691e-90	1.882691e-90	1.882691e-90	5.067251e-40	4.973526e-03	3.501572e-47	0.000000e+00	0.000000e+00	0.000000e+00	1.882691e-90	4.118101e-83	0.000000e+00	7.051219e-48	0.000000e+00	0.000000e+00	0.000000e+00	0.000000e+00	0.000000e+00	0.000000e+00	0.000000e+00	1.675478e-53	1.882691e-90	1.882691e-90	2.711081e-71	1.100870e-43	5.023126e-66	9.871535e-55	1.882691e-90	2.273564e-04	3.395920e-40	0.000000e+00	0.000000e+00	3.652731e-44	2.027290e-84	0.000000e+00	3.806941e-34	8.419220e-01	1.882691e-90	1.465647e-13	0.000000e+00	1.882691e-90	1.882691e-90	1.882691e-90	2.460154e-53	3.922557e-82	0.000000e+00	0.000000e+00	1.882691e-90	0.000000e+00	0.000000e+00	0.000000e+00	0.000000e+00	0.000000e+00	0.000000e+00	0.000000e+00	4.991742e-58	7.679048e-84	0.000000e+00	0.000000e+00	0.000000e+00	0.000000e+00	0.000000e+00	0.000000e+00	0.000000e+00	0.000000e+00	0.000000e+00	0.000000e+00	0.000000e+00	0.000000e+00	0.000000e+00	0.000000e+00	0.000000e+00	0.000000e+00	0.000000e+00	0.000000e+00	0.000000e+00	0.000000e+00	0.000000e+00	0.000000e+00	0.000000e+00	0.000000e+00	0.000000e+00	0.000000e+00	0.000000e+00	0.000000e+00	0.000000e+00	0.000000e+00	0.000000e+00	0.000000e+00	0.000000e+00	0.000000e+00	0.000000e+00	0.000000e+00	0.000000e+00	0.000000e+00	0.000000e+00	0.000000e+00	0.000000e+00	0.000000e+00	
1320.934558	1315.416660	1326.452457	209.636239	4.768529e+01	1.882680e-90	0.000000e+00	6.748420e-51	4.133377e-68	0.000000e+00	0.000000e+00	1.446661e-05	1.882680e-90	1.166036e-03	1.290242e-57	1.882680e-90	2.832435e-87	1.882680e-90	1.882680e-90	0.000000e+00	1.882680e-90	1.882680e-90	1.882680e-90	1.882680e-90	1.810261e-39	4.974576e-03	9.971153e-47	0.000000e+00	0.000000e+00	0.000000e+00	1.882680e-90	3.069093e-82	0.000000e+00	2.032162e-47	0.000000e+00	0.000000e+00	0.000000e+00	0.000000e+00	0.000000e+00	0.000000e+00	0.000000e+00	7.403908e-53	1.882680e-90	1.882680e-90	1.177984e-70	2.764340e-43	1.910029e-65	2.851596e-54	1.882680e-90	2.273589e-04	7.437838e-40	0.000000e+00	0.000000e+00	1.255484e-43	1.506122e-83	0.000000e+00	1.131542e-33	8.419224e-01	1.882680e-90	3.186520e-13	0.000000e+00	1.882680e-90	1.882680e-90	1.882680e-90	7.007173e-53	2.446793e-81	0.000000e+00	0.000000e+00	1.882680e-90	0.000000e+00	0.000000e+00	0.000000e+00	0.000000e+00	0.000000e+00	0.000000e+00	0.000000e+00	2.225644e-57	2.113937e-83	0.000000e+00	0.000000e+00	0.000000e+00	0.000000e+00	0.000000e+00	0.000000e+00	0.000000e+00	0.000000e+00	0.000000e+00	0.000000e+00	0.000000e+00	0.000000e+00	0.000000e+00	0.000000e+00	0.000000e+00	0.000000e+00	0.000000e+00	0.000000e+00	0.000000e+00	0.000000e+00	0.000000e+00	0.000000e+00	0.000000e+00	0.000000e+00	0.000000e+00	0.000000e+00	0.000000e+00	0.000000e+00	0.000000e+00	0.000000e+00	0.000000e+00	0.000000e+00	0.000000e+00	0.000000e+00	0.000000e+00	0.000000e+00	0.000000e+00	0.000000e+00	0.000000e+00	0.000000e+00	0.000000e+00	0.000000e+00	
1332.006342	1326.452457	1337.560227	210.980292	3.913295e+01	1.882699e-90	0.000000e+00	1.660726e-50	1.288982e-67	0.000000e+00	0.000000e+00	1.446661e-05	1.882699e-90	1.165959e-03	3.437671e-57	1.882699e-90	1.530562e-86	1.882699e-90	1.882699e-90	0.000000e+00	1.882699e-90	1.882699e-90	1.882699e-90	1.882699e-90	5.759282e-39	4.973975e-03	2.537852e-46	0.000000e+00	0.000000e+00	0.000000e+00	1.882699e-90	1.847259e-81	0.000000e+00	5.224684e-47	0.000000e+00	0.000000e+00	0.000000e+00	0.000000e+00	0.000000e+00	0.000000e+00	0.000000e+00	2.832381e-52	1.882699e-90	1.882699e-90	4.325233e-70	6.308612e-43	6.248193e-65	7.353031e-54	1.882699e-90	2.273520e-04	1.487699e-39	0.000000e+00	0.000000e+00	3.863588e-43	9.040804e-83	0.000000e+00	3.070184e-33	8.419212e-01	1.882699e-90	6.590112e-13	0.000000e+00	1.882699e-90	1.882699e-90	1.882699e-90	1.759888e-52	1.245821e-80	0.000000e+00	0.000000e+00	1.882699e-90	0.000000e+00	0.000000e+00	0.000000e+00	0.000000e+00	0.000000e+00	0.000000e+00	0.000000e+00	8.583706e-57	5.097763e-83	0.000000e+00	0.000000e+00	0.000000e+00	0.000000e+00	0.000000e+00	0.000000e+00	0.000000e+00	0.000000e+00	0.000000e+00	0.000000e+00	0.000000e+00	0.000000e+00	0.000000e+00	0.000000e+00	0.000000e+00	0.000000e+00	0.000000e+00	0.000000e+00	0.000000e+00	0.000000e+00	0.000000e+00	0.000000e+00	0.000000e+00	0.000000e+00	0.000000e+00	0.000000e+00	0.000000e+00	0.000000e+00	0.000000e+00	0.000000e+00	0.000000e+00	0.000000e+00	0.000000e+00	0.000000e+00	0.000000e+00	0.000000e+00	0.000000e+00	0.000000e+00	0.000000e+00	0.000000e+00	0.000000e+00	0.000000e+00	
1343.147435	1337.560227	1348.734643	212.220623	3.211446e+01	1.882653e-90	0.000000e+00	3.819544e-50	3.681703e-67	0.000000e+00	0.000000e+00	1.446661e-05	1.882653e-90	1.165872e-03	8.501961e-57	1.882653e-90	7.355861e-86	1.882653e-90	1.882653e-90	0.000000e+00	1.882653e-90	1.882653e-90	1.882653e-90	1.882653e-90	1.718747e-38	4.973346e-03	6.070846e-46	0.000000e+00	0.000000e+00	0.000000e+00	1.882653e-90	9.884212e-81	0.000000e+00	1.261618e-46	0.000000e+00	0.000000e+00	0.000000e+00	0.000000e+00	0.000000e+00	0.000000e+00	0.000000e+00	1.000856e-51	1.882653e-90	1.882653e-90	1.446944e-69	1.365681e-42	1.880477e-64	1.780143e-53	1.882653e-90	2.273416e-04	2.830024e-39	0.000000e+00	0.000000e+00	1.118654e-42	4.824674e-82	0.000000e+00	7.920496e-33	8.419258e-01	1.882653e-90	1.326124e-12	0.000000e+00	1.882653e-90	1.882653e-90	1.882653e-90	4.123755e-52	5.670051e-80	0.000000e+00	0.000000e+00	1.882653e-90	0.000000e+00	0.000000e+00	0.000000e+00	0.000000e+00	0.000000e+00	0.000000e+00	0.000000e+00	3.056080e-56	1.141925e-82	0.000000e+00	0.000000e+00	0.000000e+00	0.000000e+00	0.000000e+00	0.000000e+00	0.000000e+00	0.000000e+00	0.000000e+00	0.000000e+00	0.000000e+00	0.000000e+00	0.000000e+00	0.000000e+00	0.000000e+00	0.000000e+00	0.000000e+00	0.000000e+00	0.000000e+00	0.000000e+00	0.000000e+00	0.000000e+00	0.000000e+00	0.000000e+00	0.000000e+00	0.000000e+00	0.000000e+00	0.000000e+00	0.000000e+00	0.000000e+00	0.000000e+00	0.000000e+00	0.000000e+00	0.000000e+00	0.000000e+00	0.000000e+00	0.000000e+00	0.000000e+00	0.000000e+00	0.000000e+00	0.000000e+00	0.000000e+00	
1354.354289	1348.734643	1359.973934	213.419787	2.635474e+01	1.882693e-90	0.000000e+00	8.535251e-50	1.013148e-66	0.000000e+00	0.000000e+00	1.446661e-05	1.882693e-90	1.166063e-03	2.037526e-56	1.882693e-90	3.364901e-85	1.882693e-90	1.882693e-90	0.000000e+00	1.882693e-90	1.882693e-90	1.882693e-90	1.882693e-90	4.994212e-38	4.973737e-03	1.415056e-45	0.000000e+00	0.000000e+00	0.000000e+00	1.882693e-90	5.033601e-80	0.000000e+00	2.967930e-46	0.000000e+00	0.000000e+00	0.000000e+00	0.000000e+00	0.000000e+00	0.000000e+00	0.000000e+00	3.421473e-51	1.882693e-90	1.882693e-90	4.652771e-69	2.891264e-42	5.463675e-64	4.197817e-53	1.882693e-90	2.273400e-04	5.270004e-39	0.000000e+00	0.000000e+00	3.158189e-42	2.449930e-81	0.000000e+00	2.001524e-32	8.419222e-01	1.882693e-90	2.639599e-12	0.000000e+00	1.882693e-90	1.882693e-90	1.882693e-90	9.383606e-52	2.461435e-79	0.000000e+00	0.000000e+00	1.882693e-90	0.000000e+00	0.000000e+00	0.000000e+00	0.000000e+00	0.000000e+00	0.000000e+00	0.000000e+00	1.052625e-55	2.481739e-82	0.000000e+00	0.000000e+00	0.000000e+00	0.000000e+00	0.000000e+00	0.000000e+00	0.000000e+00	0.000000e+00	0.000000e+00	0.000000e+00	0.000000e+00	0.000000e+00	0.000000e+00	0.000000e+00	0.000000e+00	0.000000e+00	0.000000e+00	0.000000e+00	0.000000e+00	0.000000e+00	0.000000e+00	0.000000e+00	0.000000e+00	0.000000e+00	0.000000e+00	0.000000e+00	0.000000e+00	0.000000e+00	0.000000e+00	0.000000e+00	0.000000e+00	0.000000e+00	0.000000e+00	0.000000e+00	0.000000e+00	0.000000e+00	0.000000e+00	0.000000e+00	0.000000e+00	0.000000e+00	0.000000e+00	0.000000e+00	
1365.626520	1359.973934	1371.279106	214.634202	2.162802e+01	1.882770e-90	0.000000e+00	1.913617e-49	2.800158e-66	0.000000e+00	0.000000e+00	1.446661e-05	1.882770e-90	1.166048e-03	4.899550e-56	1.882770e-90	1.548401e-84	1.882770e-90	1.882770e-90	0.000000e+00	1.882770e-90	1.882770e-90	1.882770e-90	1.882770e-90	1.456424e-37	4.973710e-03	3.309312e-45	0.000000e+00	0.000000e+00	0.000000e+00	1.882770e-90	2.578947e-79	0.000000e+00	7.004542e-46	0.000000e+00	0.000000e+00	0.000000e+00	0.000000e+00	0.000000e+00	0.000000e+00	0.000000e+00	1.174487e-50	1.882770e-90	1.882770e-90	1.503128e-68	6.139240e-42	1.594452e-63	9.936973e-53	1.882770e-90	2.273597e-04	9.838721e-39	0.000000e+00	0.000000e+00	8.949913e-42	1.251603e-80	0.000000e+00	5.074422e-32	8.419158e-01	1.882770e-90	5.262367e-12	0.000000e+00	1.882770e-90	1.882770e-90	1.882770e-90	2.142329e-51	1.074726e-78	0.000000e+00	0.000000e+00	1.882770e-90	0.000000e+00	0.000000e+00	0.000000e+00	0.000000e+00	0.000000e+00	0.000000e+00	0.000000e+00	3.641862e-55	5.421246e-82	0.000000e+00	0.000000e+00	0.000000e+00	0.000000e+00	0.000000e+00	0.000000e+00	0.000000e+00	0.000000e+00	0.000000e+00	0.000000e+00	0.000000e+00	0.000000e+00	0.000000e+00	0.000000e+00	0.000000e+00	0.000000e+00	0.000000e+00	0.000000e+00	0.000000e+00	0.000000e+00	0.000000e+00	0.000000e+00	0.000000e+00	0.000000e+00	0.000000e+00	0.000000e+00	0.000000e+00	0.000000e+00	0.000000e+00	0.000000e+00	0.000000e+00	0.000000e+00	0.000000e+00	0.000000e+00	0.000000e+00	0.000000e+00	0.000000e+00	0.000000e+00	0.000000e+00	0.000000e+00	0.000000e+00	0.000000e+00	
1376.966762	1371.279106	1382.654418	215.893828	1.774904e+01	1.882598e-90	0.000000e+00	4.440814e-49	8.090107e-66	0.000000e+00	0.000000e+00	1.446661e-05	1.882598e-90	1.165913e-03	1.223400e-55	1.882598e-90	7.563350e-84	1.882598e-90	1.882598e-90	0.000000e+00	1.882598e-90	1.882598e-90	1.882598e-90	1.882598e-90	4.389246e-37	4.973324e-03	7.987895e-45	0.000000e+00	0.000000e+00	0.000000e+00	1.882598e-90	1.403652e-78	0.000000e+00	1.707340e-45	0.000000e+00	0.000000e+00	0.000000e+00	0.000000e+00	0.000000e+00	0.000000e+00	0.000000e+00	4.200321e-50	1.882598e-90	1.882598e-90	5.090571e-68	1.338843e-41	4.853084e-63	2.428709e-52	1.882598e-90	2.273284e-04	1.883905e-38	0.000000e+00	0.000000e+00	2.617349e-41	6.789345e-80	0.000000e+00	1.320458e-31	8.419300e-01	1.882598e-90	1.064562e-11	0.000000e+00	1.882598e-90	1.882598e-90	1.882598e-90	5.066601e-51	4.968588e-78	0.000000e+00	0.000000e+00	1.882598e-90	0.000000e+00	0.000000e+00	0.000000e+00	0.000000e+00	0.000000e+00	0.000000e+00	0.000000e+00	1.313177e-54	1.229897e-81	0.000000e+00	0.000000e+00	0.000000e+00	0.000000e+00	0.000000e+00	0.000000e+00	0.000000e+00	0.000000e+00	0.000000e+00	0.000000e+00	0.000000e+00	0.000000e+00	0.000000e+00	0.000000e+00	0.000000e+00	0.000000e+00	0.000000e+00	0.000000e+00	0.000000e+00	0.000000e+00	0.000000e+00	0.000000e+00	0.000000e+00	0.000000e+00	0.000000e+00	0.000000e+00	0.000000e+00	0.000000e+00	0.000000e+00	0.000000e+00	0.000000e+00	0.000000e+00	0.000000e+00	0.000000e+00	0.000000e+00	0.000000e+00	0.000000e+00	0.000000e+00	0.000000e+00	0.000000e+00	0.000000e+00	0.000000e+00	
1388.381060	1382.654418	1394.107702	217.323169	1.456575e+01	1.882634e-90	0.000000e+00	1.112643e-48	2.581725e-65	0.000000e+00	0.000000e+00	1.446661e-05	1.882634e-90	1.165925e-03	3.323358e-55	1.882634e-90	4.223200e-83	1.882634e-90	1.882634e-90	0.000000e+00	5.416091e-90	1.882634e-90	1.882634e-90	1.882634e-90	1.424304e-36	4.973356e-03	2.070343e-44	0.000000e+00	0.000000e+00	0.000000e+00	1.882634e-90	8.742224e-78	0.000000e+00	4.472912e-45	0.000000e+00	0.000000e+00	0.000000e+00	0.000000e+00	0.000000e+00	0.000000e+00	0.000000e+00	1.646218e-49	1.882634e-90	1.882634e-90	1.916143e-67	3.102334e-41	1.624397e-62	6.385623e-52	1.882634e-90	2.273322e-04	3.818886e-38	0.000000e+00	0.000000e+00	8.219863e-41	4.212370e-79	0.000000e+00	3.645955e-31	8.419272e-01	1.882634e-90	2.225707e-11	0.000000e+00	1.882634e-90	1.882634e-90	1.882634e-90	1.296391e-50	2.610850e-77	0.000000e+00	0.000000e+00	1.882634e-90	0.000000e+00	0.000000e+00	0.000000e+00	0.000000e+00	0.000000e+00	0.000000e+00	0.000000e+00	5.196059e-54	3.043437e-81	0.000000e+00	0.000000e+00	0.000000e+00	0.000000e+00	0.000000e+00	0.000000e+00	0.000000e+00	0.000000e+00	0.000000e+00	0.000000e+00	0.000000e+00	0.000000e+00	0.000000e+00	0.000000e+00	0.000000e+00	0.000000e+00	0.000000e+00	0.000000e+00	0.000000e+00	0.000000e+00	0.000000e+00	0.000000e+00	0.000000e+00	0.000000e+00	0.000000e+00	0.000000e+00	0.000000e+00	0.000000e+00	0.000000e+00	0.000000e+00	0.000000e+00	0.000000e+00	0.000000e+00	0.000000e+00	0.000000e+00	0.000000e+00	0.000000e+00	0.000000e+00	0.000000e+00	0.000000e+00	0.000000e+00	0.000000e+00	
1399.875376	1394.107702	1405.643050	218.119966	1.195339e+01	1.882625e-90	0.000000e+00	2.874073e-48	8.570002e-65	0.000000e+00	0.000000e+00	1.446661e-05	1.882625e-90	1.165945e-03	9.334654e-55	1.882625e-90	2.487159e-82	1.882625e-90	1.882625e-90	0.000000e+00	2.990073e-89	1.882625e-90	1.882625e-90	1.882625e-90	4.760968e-36	4.973643e-03	5.520757e-44	0.000000e+00	0.000000e+00	0.000000e+00	1.882625e-90	5.747098e-77	0.000000e+00	1.206296e-44	0.000000e+00	0.000000e+00	0.000000e+00	0.000000e+00	0.000000e+00	0.000000e+00	0.000000e+00	6.693799e-49	1.882625e-90	1.882625e-90	7.522120e-67	7.364944e-41	5.646299e-62	1.728579e-51	2.627706e-90	2.273448e-04	7.918695e-38	0.000000e+00	0.000000e+00	2.656800e-40	2.757536e-78	0.000000e+00	1.031034e-30	8.419275e-01	1.882625e-90	4.716461e-11	0.000000e+00	1.882625e-90	1.882625e-90	1.882625e-90	3.422706e-50	1.443793e-76	0.000000e+00	0.000000e+00	1.882625e-90	0.000000e+00	0.000000e+00	0.000000e+00	0.000000e+00	0.000000e+00	0.000000e+00	0.000000e+00	2.134329e-53	7.799062e-81	0.000000e+00	0.000000e+00	0.000000e+00	0.000000e+00	0.000000e+00	0.000000e+00	0.000000e+00	0.000000e+00	0.000000e+00	0.000000e+00	0.000000e+00	0.000000e+00	0.000000e+00	0.000000e+00	0.000000e+00	0.000000e+00	0.000000e+00	0.000000e+00	0.000000e+00	0.000000e+00	0.000000e+00	0.000000e+00	0.000000e+00	0.000000e+00	0.000000e+00	0.000000e+00	0.000000e+00	0.000000e+00	0.000000e+00	0.000000e+00	0.000000e+00	0.000000e+00	0.000000e+00	0.000000e+00	0.000000e+00	0.000000e+00	0.000000e+00	0.000000e+00	0.000000e+00	0.000000e+00	0.000000e+00	0.000000e+00	
1411.445008	1405.643050	1417.246967	219.657652	9.809551e+00	1.882689e-90	0.000000e+00	6.384724e-48	2.340180e-64	0.000000e+00	0.000000e+00	1.446661e-05	1.882689e-90	1.165962e-03	2.221454e-54	1.882689e-90	1.127626e-81	1.882689e-90	1.882689e-90	0.000000e+00	1.263000e-88	1.882689e-90	1.882689e-90	1.882689e-90	1.378810e-35	4.973757e-03	1.281646e-43	0.000000e+00	0.000000e+00	0.000000e+00	1.882689e-90	2.902981e-76	0.000000e+00	2.826445e-44	0.000000e+00	0.000000e+00	0.000000e+00	0.000000e+00	0.000000e+00	0.000000e+00	0.000000e+00	2.277545e-48	1.882689e-90	1.882689e-90	2.399484e-66	1.553547e-40	1.629897e-61	4.063864e-51	9.686786e-90	2.273454e-04	1.468202e-37	0.000000e+00	0.000000e+00	7.485829e-40	1.387794e-77	0.000000e+00	2.602967e-30	8.419222e-01	1.882689e-90	9.389246e-11	0.000000e+00	1.882689e-90	1.882689e-90	1.882689e-90	7.741379e-50	6.215390e-76	0.000000e+00	0.000000e+00	1.882689e-90	0.000000e+00	0.000000e+00	0.000000e+00	0.000000e+00	0.000000e+00	0.000000e+00	0.000000e+00	7.324979e-53	1.693590e-80	0.000000e+00	0.000000e+00	0.000000e+00	0.000000e+00	0.000000e+00	0.000000e+00	0.000000e+00	0.000000e+00	0.000000e+00	0.000000e+00	0.000000e+00	0.000000e+00	0.000000e+00	0.000000e+00	0.000000e+00	0.000000e+00	0.000000e+00	0.000000e+00	0.000000e+00	0.000000e+00	0.000000e+00	0.000000e+00	0.000000e+00	0.000000e+00	0.000000e+00	0.000000e+00	0.000000e+00	0.000000e+00	0.000000e+00	0.000000e+00	0.000000e+00	0.000000e+00	0.000000e+00	0.000000e+00	0.000000e+00	0.000000e+00	0.000000e+00	0.000000e+00	0.000000e+00	0.000000e+00	0.000000e+00	0.000000e+00	
1423.069598	1417.246967	1428.892229	221.322320	8.050210e+00	1.882630e-90	0.000000e+00	1.070848e-47	4.439639e-64	0.000000e+00	0.000000e+00	1.446661e-05	1.882630e-90	1.166018e-03	3.882414e-54	1.882630e-90	3.137112e-81	1.882630e-90	1.882630e-90	0.000000e+00	3.236829e-88	1.882630e-90	1.882630e-90	1.882630e-90	3.052891e-35	4.973863e-03	2.296167e-43	0.000000e+00	0.000000e+00	0.000000e+00	1.882630e-90	8.966718e-76	0.000000e+00	5.092997e-44	0.000000e+00	0.000000e+00	0.000000e+00	0.000000e+00	0.000000e+00	0.000000e+00	0.000000e+00	5.554434e-48	1.882630e-90	1.882630e-90	5.199090e-66	2.628575e-40	3.326278e-61	7.334874e-51	2.287867e-89	2.273424e-04	2.210049e-37	0.000000e+00	0.000000e+00	1.630583e-39	4.276805e-77	0.000000e+00	5.308548e-30	8.419275e-01	1.882630e-90	1.661896e-10	0.000000e+00	1.882630e-90	1.882630e-90	1.882630e-90	1.312419e-49	1.676347e-75	0.000000e+00	0.000000e+00	1.882630e-90	0.000000e+00	0.000000e+00	0.000000e+00	0.000000e+00	0.000000e+00	0.000000e+00	0.000000e+00	1.795468e-52	2.692054e-80	0.000000e+00	0.000000e+00	0.000000e+00	0.000000e+00	0.000000e+00	0.000000e+00	0.000000e+00	0.000000e+00	0.000000e+00	0.000000e+00	0.000000e+00	0.000000e+00	0.000000e+00	0.000000e+00	0.000000e+00	0.000000e+00	0.000000e+00	0.000000e+00	0.000000e+00	0.000000e+00	0.000000e+00	0.000000e+00	0.000000e+00	0.000000e+00	0.000000e+00	0.000000e+00	0.000000e+00	0.000000e+00	0.000000e+00	0.000000e+00	0.000000e+00	0.000000e+00	0.000000e+00	0.000000e+00	0.000000e+00	0.000000e+00	0.000000e+00	0.000000e+00	0.000000e+00	0.000000e+00	0.000000e+00	0.000000e+00	
1434.722926	1428.892229	1440.553623	221.577465	6.606406e+00	1.882631e-90	0.000000e+00	1.391323e-47	6.052447e-64	0.000000e+00	0.000000e+00	1.446661e-05	1.882631e-90	1.165971e-03	5.125549e-54	2.148533e-90	5.601150e-81	1.882631e-90	1.882631e-90	0.000000e+00	5.269587e-88	1.882631e-90	1.882631e-90	1.882631e-90	5.297097e-35	4.973717e-03	3.251574e-43	0.000000e+00	0.000000e+00	0.000000e+00	1.882631e-90	1.771097e-75	0.000000e+00	7.227507e-44	0.000000e+00	0.000000e+00	0.000000e+00	0.000000e+00	0.000000e+00	0.000000e+00	0.000000e+00	1.000598e-47	1.882631e-90	1.882631e-90	7.928037e-66	3.640153e-40	4.955664e-61	1.041836e-50	3.609004e-89	2.273432e-04	2.753001e-37	0.000000e+00	0.000000e+00	2.811351e-39	8.440227e-77	0.000000e+00	8.921475e-30	8.419275e-01	1.882631e-90	2.642302e-10	0.000000e+00	1.882631e-90	1.882631e-90	1.882631e-90	1.712288e-49	2.957143e-75	0.000000e+00	0.000000e+00	1.882631e-90	0.000000e+00	0.000000e+00	0.000000e+00	0.000000e+00	0.000000e+00	0.000000e+00	0.000000e+00	3.241136e-52	3.226186e-80	0.000000e+00	0.000000e+00	0.000000e+00	0.000000e+00	0.000000e+00	0.000000e+00	0.000000e+00	0.000000e+00	0.000000e+00	0.000000e+00	0.000000e+00	0.000000e+00	0.000000e+00	0.000000e+00	0.000000e+00	0.000000e+00	0.000000e+00	0.000000e+00	0.000000e+00	0.000000e+00	0.000000e+00	0.000000e+00	0.000000e+00	0.000000e+00	0.000000e+00	0.000000e+00	0.000000e+00	0.000000e+00	0.000000e+00	0.000000e+00	0.000000e+00	0.000000e+00	0.000000e+00	0.000000e+00	0.000000e+00	0.000000e+00	0.000000e+00	0.000000e+00	0.000000e+00	0.000000e+00	0.000000e+00	0.000000e+00	
1446.381237	1440.553623	1452.208851	221.748121	5.421549e+00	1.882654e-90	0.000000e+00	1.439875e-47	6.146446e-64	0.000000e+00	0.000000e+00	1.446661e-05	1.882654e-90	1.165927e-03	5.270700e-54	2.822144e-90	6.735850e-81	1.882654e-90	1.882654e-90	0.000000e+00	5.725954e-88	1.882654e-90	1.882654e-90	1.882654e-90	7.396623e-35	4.974022e-03	3.734144e-43	0.000000e+00	0.000000e+00	0.000000e+00	1.882654e-90	2.349154e-75	0.000000e+00	8.292358e-44	0.000000e+00	0.000000e+00	0.000000e+00	0.000000e+00	0.000000e+00	0.000000e+00	0.000000e+00	1.376313e-47	1.882654e-90	1.882654e-90	8.840028e-66	4.216772e-40	5.577652e-61	1.195153e-50	3.972285e-89	2.273457e-04	2.897038e-37	0.000000e+00	0.000000e+00	3.935570e-39	1.119839e-76	0.000000e+00	1.261788e-29	8.419245e-01	1.882654e-90	3.818311e-10	0.000000e+00	1.882654e-90	1.882654e-90	1.882654e-90	1.769223e-49	3.573608e-75	0.000000e+00	0.000000e+00	1.882654e-90	0.000000e+00	0.000000e+00	0.000000e+00	0.000000e+00	0.000000e+00	0.000000e+00	0.000000e+00	4.455154e-52	3.004882e-80	0.000000e+00	0.000000e+00	0.000000e+00	0.000000e+00	0.000000e+00	0.000000e+00	0.000000e+00	0.000000e+00	0.000000e+00	0.000000e+00	0.000000e+00	0.000000e+00	0.000000e+00	0.000000e+00	0.000000e+00	0.000000e+00	0.000000e+00	0.000000e+00	0.000000e+00	0.000000e+00	0.000000e+00	0.000000e+00	0.000000e+00	0.000000e+00	0.000000e+00	0.000000e+00	0.000000e+00	0.000000e+00	0.000000e+00	0.000000e+00	0.000000e+00	0.000000e+00	0.000000e+00	0.000000e+00	0.000000e+00	0.000000e+00	0.000000e+00	0.000000e+00	0.000000e+00	0.000000e+00	0.000000e+00	0.000000e+00	
1458.031730	1452.208851	1463.854608	221.825770	4.449195e+00	1.882616e-90	0.000000e+00	1.446719e-47	6.005833e-64	0.000000e+00	0.000000e+00	1.446661e-05	1.882616e-90	1.165960e-03	5.247129e-54	3.503736e-90	7.693063e-81	1.882616e-90	1.882616e-90	0.000000e+00	5.902016e-88	1.882616e-90	1.882616e-90	1.882616e-90	1.003580e-34	4.973457e-03	4.171110e-43	0.000000e+00	0.000000e+00	0.000000e+00	1.882616e-90	2.957543e-75	0.000000e+00	9.251226e-44	0.000000e+00	0.000000e+00	0.000000e+00	0.000000e+00	0.000000e+00	0.000000e+00	0.000000e+00	1.827607e-47	1.882616e-90	1.882616e-90	9.463555e-66	4.772265e-40	6.050997e-61	1.332656e-50	4.168547e-89	2.273403e-04	2.982390e-37	0.000000e+00	0.000000e+00	5.359265e-39	1.410711e-76	0.000000e+00	1.743642e-29	8.419289e-01	1.882616e-90	5.450189e-10	0.000000e+00	1.882616e-90	1.882616e-90	1.882616e-90	1.773133e-49	4.109407e-75	0.000000e+00	0.000000e+00	1.882616e-90	0.000000e+00	0.000000e+00	0.000000e+00	0.000000e+00	0.000000e+00	0.000000e+00	0.000000e+00	5.908211e-52	2.705357e-80	0.000000e+00	0.000000e+00	0.000000e+00	0.000000e+00	0.000000e+00	0.000000e+00	0.000000e+00	0.000000e+00	0.000000e+00	0.000000e+00	0.000000e+00	0.000000e+00	0.000000e+00	0.000000e+00	0.000000e+00	0.000000e+00	0.000000e+00	0.000000e+00	0.000000e+00	0.000000e+00	0.000000e+00	0.000000e+00	0.000000e+00	0.000000e+00	0.000000e+00	0.000000e+00	0.000000e+00	0.000000e+00	0.000000e+00	0.000000e+00	0.000000e+00	0.000000e+00	0.000000e+00	0.000000e+00	0.000000e+00	0.000000e+00	0.000000e+00	0.000000e+00	0.000000e+00	0.000000e+00	0.000000e+00	0.000000e+00	
1469.676914	1463.854608	1475.499221	221.839702	3.651233e+00	1.882640e-90	0.000000e+00	1.580005e-47	6.538836e-64	0.000000e+00	0.000000e+00	1.446661e-05	1.882640e-90	1.165984e-03	5.724658e-54	5.098328e-90	1.015836e-80	1.882640e-90	1.882640e-90	0.000000e+00	7.056947e-88	1.882640e-90	1.882640e-90	1.882640e-90	1.475245e-34	4.973932e-03	5.033579e-43	0.000000e+00	0.000000e+00	0.000000e+00	1.882640e-90	4.310887e-75	0.000000e+00	1.116303e-43	0.000000e+00	0.000000e+00	0.000000e+00	0.000000e+00	0.000000e+00	0.000000e+00	0.000000e+00	2.679851e-47	1.882640e-90	1.882640e-90	1.136330e-65	5.766641e-40	7.277193e-61	1.607832e-50	4.995063e-89	2.273403e-04	3.266188e-37	0.000000e+00	0.000000e+00	7.881333e-39	2.056163e-76	0.000000e+00	2.568641e-29	8.419262e-01	1.882640e-90	8.056883e-10	0.000000e+00	1.882640e-90	1.882640e-90	1.882640e-90	1.936151e-49	5.431005e-75	0.000000e+00	0.000000e+00	1.882640e-90	0.000000e+00	0.000000e+00	0.000000e+00	0.000000e+00	0.000000e+00	0.000000e+00	0.000000e+00	8.662609e-52	2.673998e-80	0.000000e+00	0.000000e+00	0.000000e+00	0.000000e+00	0.000000e+00	0.000000e+00	0.000000e+00	0.000000e+00	0.000000e+00	0.000000e+00	0.000000e+00	0.000000e+00	0.000000e+00	0.000000e+00	0.000000e+00	0.000000e+00	0.000000e+00	0.000000e+00	0.000000e+00	0.000000e+00	0.000000e+00	0.000000e+00	0.000000e+00	0.000000e+00	0.000000e+00	0.000000e+00	0.000000e+00	0.000000e+00	0.000000e+00	0.000000e+00	0.000000e+00	0.000000e+00	0.000000e+00	0.000000e+00	0.000000e+00	0.000000e+00	0.000000e+00	0.000000e+00	0.000000e+00	0.000000e+00	0.000000e+00	0.000000e+00	
1481.325376	1475.499221	1487.151531	221.777642	2.996385e+00	1.882732e-90	0.000000e+00	1.883183e-47	7.971852e-64	0.000000e+00	0.000000e+00	1.446661e-05	1.882732e-90	1.166045e-03	6.875186e-54	8.759955e-90	1.561352e-80	1.882732e-90	1.882732e-90	0.000000e+00	9.856122e-88	1.882732e-90	1.882732e-90	1.882732e-90	2.356970e-34	4.973562e-03	6.582623e-43	0.000000e+00	0.000000e+00	0.000000e+00	1.882732e-90	7.320363e-75	0.000000e+00	1.461242e-43	0.000000e+00	0.000000e+00	0.000000e+00	0.000000e+00	0.000000e+00	0.000000e+00	0.000000e+00	4.358228e-47	1.882732e-90	1.882732e-90	1.538913e-65	7.463847e-40	9.747997e-61	2.105834e-50	6.873205e-89	2.273521e-04	3.816706e-37	0.000000e+00	0.000000e+00	1.255503e-38	3.490568e-76	0.000000e+00	4.042594e-29	8.419195e-01	1.882732e-90	1.235637e-09	0.000000e+00	1.882732e-90	1.882732e-90	1.882732e-90	2.312063e-49	8.299164e-75	0.000000e+00	0.000000e+00	1.882732e-90	0.000000e+00	0.000000e+00	0.000000e+00	0.000000e+00	0.000000e+00	0.000000e+00	0.000000e+00	1.410150e-51	2.911775e-80	0.000000e+00	0.000000e+00	0.000000e+00	0.000000e+00	0.000000e+00	0.000000e+00	0.000000e+00	0.000000e+00	0.000000e+00	0.000000e+00	0.000000e+00	0.000000e+00	0.000000e+00	0.000000e+00	0.000000e+00	0.000000e+00	0.000000e+00	0.000000e+00	0.000000e+00	0.000000e+00	0.000000e+00	0.000000e+00	0.000000e+00	0.000000e+00	0.000000e+00	0.000000e+00	0.000000e+00	0.000000e+00	0.000000e+00	0.000000e+00	0.000000e+00	0.000000e+00	0.000000e+00	0.000000e+00	0.000000e+00	0.000000e+00	0.000000e+00	0.000000e+00	0.000000e+00	0.000000e+00	0.000000e+00	0.000000e+00	
1492.979280	1487.151531	1498.807030	221.610221	2.458984e+00	1.882652e-90	0.000000e+00	2.151674e-47	9.201612e-64	0.000000e+00	0.000000e+00	1.446661e-05	1.882652e-90	1.165954e-03	7.881375e-54	1.388577e-89	2.229647e-80	1.882652e-90	1.882652e-90	0.000000e+00	1.276785e-87	1.882652e-90	1.882652e-90	1.882652e-90	3.617494e-34	4.974256e-03	8.281390e-43	0.000000e+00	0.000000e+00	0.000000e+00	1.882652e-90	1.154876e-74	0.000000e+00	1.839396e-43	0.000000e+00	0.000000e+00	0.000000e+00	0.000000e+00	0.000000e+00	0.000000e+00	0.000000e+00	6.741670e-47	1.882652e-90	1.882652e-90	1.966178e-65	9.343429e-40	1.239360e-60	2.650517e-50	8.845044e-89	2.273420e-04	4.321985e-37	0.000000e+00	0.000000e+00	1.924274e-38	5.504737e-76	0.000000e+00	6.162975e-29	8.419250e-01	1.882652e-90	1.861192e-09	0.000000e+00	1.882652e-90	1.882652e-90	1.882652e-90	2.644389e-49	1.182376e-74	0.000000e+00	0.000000e+00	1.882652e-90	0.000000e+00	0.000000e+00	0.000000e+00	0.000000e+00	0.000000e+00	0.000000e+00	0.000000e+00	2.182328e-51	3.025381e-80	0.000000e+00	0.000000e+00	0.000000e+00	0.000000e+00	0.000000e+00	0.000000e+00	0.000000e+00	0.000000e+00	0.000000e+00	0.000000e+00	0.000000e+00	0.000000e+00	0.000000e+00	0.000000e+00	0.000000e+00	0.000000e+00	0.000000e+00	0.000000e+00	0.000000e+00	0.000000e+00	0.000000e+00	0.000000e+00	0.000000e+00	0.000000e+00	0.000000e+00	0.000000e+00	0.000000e+00	0.000000e+00	0.000000e+00	0.000000e+00	0.000000e+00	0.000000e+00	0.000000e+00	0.000000e+00	0.000000e+00	0.000000e+00	0.000000e+00	0.000000e+00	0.000000e+00	0.000000e+00	0.000000e+00	0.000000e+00	
1504.626569	1498.807030	1510.446109	221.282543	2.017966e+00	1.882657e-90	0.000000e+00	2.010663e-47	8.186412e-64	0.000000e+00	0.000000e+00	1.446661e-05	1.882657e-90	1.165901e-03	7.244919e-54	1.501917e-89	2.245166e-80	1.882657e-90	1.882657e-90	0.000000e+00	1.156957e-87	1.882657e-90	1.882657e-90	1.882657e-90	4.580176e-34	4.973604e-03	8.653396e-43	0.000000e+00	0.000000e+00	0.000000e+00	1.882657e-90	1.280525e-74	0.000000e+00	1.917468e-43	0.000000e+00	0.000000e+00	0.000000e+00	0.000000e+00	0.000000e+00	0.000000e+00	0.000000e+00	8.213588e-47	1.882657e-90	1.882657e-90	1.905031e-65	9.990015e-40	1.229741e-60	2.761618e-50	8.279154e-89	2.273453e-04	4.216549e-37	0.000000e+00	0.000000e+00	2.452262e-38	6.110101e-76	0.000000e+00	8.062263e-29	8.419246e-01	1.882657e-90	2.576553e-09	0.000000e+00	1.882657e-90	1.882657e-90	1.882657e-90	2.460221e-49	1.205289e-74	0.000000e+00	0.000000e+00	1.882657e-90	0.000000e+00	0.000000e+00	0.000000e+00	0.000000e+00	0.000000e+00	0.000000e+00	0.000000e+00	2.653280e-51	2.514797e-80	0.000000e+00	0.000000e+00	0.000000e+00	0.000000e+00	0.000000e+00	0.000000e+00	0.000000e+00	0.000000e+00	0.000000e+00	0.000000e+00	0.000000e+00	0.000000e+00	0.000000e+00	0.000000e+00	0.000000e+00	0.000000e+00	0.000000e+00	0.000000e+00	0.000000e+00	0.000000e+00	0.000000e+00	0.000000e+00	0.000000e+00	0.000000e+00	0.000000e+00	0.000000e+00	0.000000e+00	0.000000e+00	0.000000e+00	0.000000e+00	0.000000e+00	0.000000e+00	0.000000e+00	0.000000e+00	0.000000e+00	0.000000e+00	0.000000e+00	0.000000e+00	0.000000e+00	0.000000e+00	0.000000e+00	0.000000e+00	
1516.253467	1510.446109	1522.060825	220.823795	1.656044e+00	1.882609e-90	0.000000e+00	1.734288e-47	6.565211e-64	0.000000e+00	0.000000e+00	1.446661e-05	1.882609e-90	1.165867e-03	6.099121e-54	1.395081e-89	1.967012e-80	1.882609e-90	1.882609e-90	0.000000e+00	9.092138e-88	1.882609e-90	1.882609e-90	1.882609e-90	5.372953e-34	4.974182e-03	8.400232e-43	0.000000e+00	0.000000e+00	0.000000e+00	1.882609e-90	1.234710e-74	0.000000e+00	1.855572e-43	0.000000e+00	0.000000e+00	0.000000e+00	0.000000e+00	0.000000e+00	0.000000e+00	0.000000e+00	9.102796e-47	1.882609e-90	1.882609e-90	1.653060e-65	1.002928e-39	1.105285e-60	2.668200e-50	6.824771e-89	2.273319e-04	3.876220e-37	0.000000e+00	0.000000e+00	2.904382e-38	5.898315e-76	0.000000e+00	9.926032e-29	8.419289e-01	1.882609e-90	3.449230e-09	0.000000e+00	1.882609e-90	1.882609e-90	1.882609e-90	2.108894e-49	1.075598e-74	0.000000e+00	0.000000e+00	1.882609e-90	0.000000e+00	0.000000e+00	0.000000e+00	0.000000e+00	0.000000e+00	0.000000e+00	0.000000e+00	2.931306e-51	1.912031e-80	0.000000e+00	0.000000e+00	0.000000e+00	0.000000e+00	0.000000e+00	0.000000e+00	0.000000e+00	0.000000e+00	0.000000e+00	0.000000e+00	0.000000e+00	0.000000e+00	0.000000e+00	0.000000e+00	0.000000e+00	0.000000e+00	0.000000e+00	0.000000e+00	0.000000e+00	0.000000e+00	0.000000e+00	0.000000e+00	0.000000e+00	0.000000e+00	0.000000e+00	0.000000e+00	0.000000e+00	0.000000e+00	0.000000e+00	0.000000e+00	0.000000e+00	0.000000e+00	0.000000e+00	0.000000e+00	0.000000e+00	0.000000e+00	0.000000e+00	0.000000e+00	0.000000e+00	0.000000e+00	0.000000e+00	0.000000e+00	
1527.852477	1522.060825	1533.644129	219.841869	1.359033e+00	1.882714e-90	0.000000e+00	1.390496e-47	4.790153e-64	0.000000e+00	0.000000e+00	1.446661e-05	1.882714e-90	1.166022e-03	4.739355e-54	1.128426e-89	1.518335e-80	1.882714e-90	1.882714e-90	0.000000e+00	6.276833e-88	1.882714e-90	1.882714e-90	1.882714e-90	5.878344e-34	4.974229e-03	7.623663e-43	0.000000e+00	0.000000e+00	0.000000e+00	1.882714e-90	1.047454e-74	0.000000e+00	1.676859e-43	0.000000e+00	0.000000e+00	0.000000e+00	0.000000e+00	0.000000e+00	0.000000e+00	0.000000e+00	9.252381e-47	1.882714e-90	1.882714e-90	1.297440e-65	9.511102e-40	9.080836e-61	2.407863e-50	5.014100e-89	2.273542e-04	3.376003e-37	0.000000e+00	0.000000e+00	3.217963e-38	5.012725e-76	0.000000e+00	1.156336e-28	8.419205e-01	1.882714e-90	4.479999e-09	0.000000e+00	1.882714e-90	1.882714e-90	1.882714e-90	1.677060e-49	8.500515e-75	0.000000e+00	0.000000e+00	1.882714e-90	0.000000e+00	0.000000e+00	0.000000e+00	0.000000e+00	0.000000e+00	0.000000e+00	0.000000e+00	2.967805e-51	1.341492e-80	0.000000e+00	0.000000e+00	0.000000e+00	0.000000e+00	0.000000e+00	0.000000e+00	0.000000e+00	0.000000e+00	0.000000e+00	0.000000e+00	0.000000e+00	0.000000e+00	0.000000e+00	0.000000e+00	0.000000e+00	0.000000e+00	0.000000e+00	0.000000e+00	0.000000e+00	0.000000e+00	0.000000e+00	0.000000e+00	0.000000e+00	0.000000e+00	0.000000e+00	0.000000e+00	0.000000e+00	0.000000e+00	0.000000e+00	0.000000e+00	0.000000e+00	0.000000e+00	0.000000e+00	0.000000e+00	0.000000e+00	0.000000e+00	0.000000e+00	0.000000e+00	0.000000e+00	0.000000e+00	0.000000e+00	0.000000e+00	
1539.416632	1533.644129	1545.189136	219.105120	1.115291e+00	1.882612e-90	0.000000e+00	1.036831e-47	3.181526e-64	0.000000e+00	0.000000e+00	1.446661e-05	1.882612e-90	1.165924e-03	3.399774e-54	7.948804e-90	1.032985e-80	1.882612e-90	1.882612e-90	0.000000e+00	3.808136e-88	1.882612e-90	1.882612e-90	1.882612e-90	6.000176e-34	4.973619e-03	6.470701e-43	0.000000e+00	0.000000e+00	0.000000e+00	1.882612e-90	7.824235e-75	0.000000e+00	1.415648e-43	0.000000e+00	0.000000e+00	0.000000e+00	0.000000e+00	0.000000e+00	0.000000e+00	0.000000e+00	8.626631e-47	1.882612e-90	1.882612e-90	9.213422e-66	8.516869e-40	6.820621e-61	2.029418e-50	3.283770e-89	2.273274e-04	2.785685e-37	0.000000e+00	0.000000e+00	3.335281e-38	3.752042e-76	0.000000e+00	1.274869e-28	8.419284e-01	1.882612e-90	5.642445e-09	0.000000e+00	1.882612e-90	1.882612e-90	1.882612e-90	1.237823e-49	5.953577e-75	0.000000e+00	0.000000e+00	1.882612e-90	0.000000e+00	0.000000e+00	0.000000e+00	0.000000e+00	0.000000e+00	0.000000e+00	0.000000e+00	2.753904e-51	8.684425e-81	0.000000e+00	0.000000e+00	0.000000e+00	0.000000e+00	0.000000e+00	0.000000e+00	0.000000e+00	0.000000e+00	0.000000e+00	0.000000e+00	0.000000e+00	0.000000e+00	0.000000e+00	0.000000e+00	0.000000e+00	0.000000e+00	0.000000e+00	0.000000e+00	0.000000e+00	0.000000e+00	0.000000e+00	0.000000e+00	0.000000e+00	0.000000e+00	0.000000e+00	0.000000e+00	0.000000e+00	0.000000e+00	0.000000e+00	0.000000e+00	0.000000e+00	0.000000e+00	0.000000e+00	0.000000e+00	0.000000e+00	0.000000e+00	0.000000e+00	0.000000e+00	0.000000e+00	0.000000e+00	0.000000e+00	0.000000e+00	
1550.937864	1545.189136	1556.686593	218.495296	9.152635e-01	1.882635e-90	0.000000e+00	7.025318e-48	1.866679e-64	0.000000e+00	0.000000e+00	1.446661e-05	1.882635e-90	1.165953e-03	2.195573e-54	4.670233e-90	5.952361e-81	1.882635e-90	1.882635e-90	0.000000e+00	1.949259e-88	1.882635e-90	1.882635e-90	1.882635e-90	5.591309e-34	4.973731e-03	5.029669e-43	0.000000e+00	0.000000e+00	0.000000e+00	1.882635e-90	4.945207e-75	0.000000e+00	1.093300e-43	0.000000e+00	0.000000e+00	0.000000e+00	0.000000e+00	0.000000e+00	0.000000e+00	0.000000e+00	7.183667e-47	1.882635e-90	1.882635e-90	5.736313e-66	7.078077e-40	4.553690e-61	1.563931e-50	1.849091e-89	2.273440e-04	2.141495e-37	0.000000e+00	0.000000e+00	3.168726e-38	2.377402e-76	0.000000e+00	1.307651e-28	8.419266e-01	1.882635e-90	6.830278e-09	0.000000e+00	1.882635e-90	1.882635e-90	1.882635e-90	8.283074e-50	3.556941e-75	0.000000e+00	0.000000e+00	1.882635e-90	0.000000e+00	0.000000e+00	0.000000e+00	0.000000e+00	0.000000e+00	0.000000e+00	0.000000e+00	2.279863e-51	5.059196e-81	0.000000e+00	0.000000e+00	0.000000e+00	0.000000e+00	0.000000e+00	0.000000e+00	0.000000e+00	0.000000e+00	0.000000e+00	0.000000e+00	0.000000e+00	0.000000e+00	0.000000e+00	0.000000e+00	0.000000e+00	0.000000e+00	0.000000e+00	0.000000e+00	0.000000e+00	0.000000e+00	0.000000e+00	0.000000e+00	0.000000e+00	0.000000e+00	0.000000e+00	0.000000e+00	0.000000e+00	0.000000e+00	0.000000e+00	0.000000e+00	0.000000e+00	0.000000e+00	0.000000e+00	0.000000e+00	0.000000e+00	0.000000e+00	0.000000e+00	0.000000e+00	0.000000e+00	0.000000e+00	0.000000e+00	0.000000e+00	
1562.405209	1556.686593	1568.123826	217.378598	7.511111e-01	1.882589e-90	0.000000e+00	4.138938e-48	9.137649e-65	0.000000e+00	0.000000e+00	1.446661e-05	1.882589e-90	1.165947e-03	1.215885e-54	2.104425e-90	2.690539e-81	1.882589e-90	1.882589e-90	0.000000e+00	7.782473e-89	1.882589e-90	1.882589e-90	1.882589e-90	4.560682e-34	4.974183e-03	3.437736e-43	0.000000e+00	0.000000e+00	0.000000e+00	1.882589e-90	2.448010e-75	0.000000e+00	7.411612e-44	0.000000e+00	0.000000e+00	0.000000e+00	0.000000e+00	0.000000e+00	0.000000e+00	0.000000e+00	5.070179e-47	1.882589e-90	1.882589e-90	2.946052e-66	5.270964e-40	2.558668e-61	1.057091e-50	8.348315e-90	2.273430e-04	1.483998e-37	0.000000e+00	0.000000e+00	2.649893e-38	1.180368e-76	0.000000e+00	1.206932e-28	8.419294e-01	1.882589e-90	7.800403e-09	0.000000e+00	1.882589e-90	1.882589e-90	1.882589e-90	4.802439e-50	1.684511e-75	0.000000e+00	0.000000e+00	1.882589e-90	0.000000e+00	0.000000e+00	0.000000e+00	0.000000e+00	0.000000e+00	0.000000e+00	0.000000e+00	1.597221e-51	2.525844e-81	0.000000e+00	0.000000e+00	0.000000e+00	0.000000e+00	0.000000e+00	0.000000e+00	0.000000e+00	0.000000e+00	0.000000e+00	0.000000e+00	0.000000e+00	0.000000e+00	0.000000e+00	0.000000e+00	0.000000e+00	0.000000e+00	0.000000e+00	0.000000e+00	0.000000e+00	0.000000e+00	0.000000e+00	0.000000e+00	0.000000e+00	0.000000e+00	0.000000e+00	0.000000e+00	0.000000e+00	0.000000e+00	0.000000e+00	0.000000e+00	0.000000e+00	0.000000e+00	0.000000e+00	0.000000e+00	0.000000e+00	0.000000e+00	0.000000e+00	0.000000e+00	0.000000e+00	0.000000e+00	0.000000e+00	0.000000e+00	
1573.809186	1568.123826	1579.494547	215.779679	6.163995e-01	1.882613e-90	0.000000e+00	2.276182e-48	4.090927e-65	0.000000e+00	0.000000e+00	1.446661e-05	1.882613e-90	1.165936e-03	6.242476e-55	1.882613e-90	1.079248e-81	1.882613e-90	1.882613e-90	0.000000e+00	2.749550e-89	1.882613e-90	1.882613e-90	1.882613e-90	3.483806e-34	4.973548e-03	2.205144e-43	0.000000e+00	0.000000e+00	0.000000e+00	1.882613e-90	1.074250e-75	0.000000e+00	4.710695e-44	0.000000e+00	0.000000e+00	0.000000e+00	0.000000e+00	0.000000e+00	0.000000e+00	0.000000e+00	3.298904e-47	1.882613e-90	1.882613e-90	1.376287e-66	3.719534e-40	1.320732e-61	6.699506e-51	3.381419e-90	2.273421e-04	9.771881e-38	0.000000e+00	0.000000e+00	2.081381e-38	5.197217e-77	0.000000e+00	1.057585e-28	8.419284e-01	1.882613e-90	8.659916e-09	0.000000e+00	1.882613e-90	1.882613e-90	1.882613e-90	2.594009e-50	7.114210e-76	0.000000e+00	0.000000e+00	1.882613e-90	0.000000e+00	0.000000e+00	0.000000e+00	0.000000e+00	0.000000e+00	0.000000e+00	0.000000e+00	1.030820e-51	1.169240e-81	0.000000e+00	0.000000e+00	0.000000e+00	0.000000e+00	0.000000e+00	0.000000e+00	0.000000e+00	0.000000e+00	0.000000e+00	0.000000e+00	0.000000e+00	0.000000e+00	0.000000e+00	0.000000e+00	0.000000e+00	0.000000e+00	0.000000e+00	0.000000e+00	0.000000e+00	0.000000e+00	0.000000e+00	0.000000e+00	0.000000e+00	0.000000e+00	0.000000e+00	0.000000e+00	0.000000e+00	0.000000e+00	0.000000e+00	0.000000e+00	0.000000e+00	0.000000e+00	0.000000e+00	0.000000e+00	0.000000e+00	0.000000e+00	0.000000e+00	0.000000e+00	0.000000e+00	0.000000e+00	0.000000e+00	0.000000e+00	
1585.142802	1579.494547	1590.791058	214.512949	5.058484e-01	1.882681e-90	0.000000e+00	1.138918e-48	1.620828e-65	0.000000e+00	0.000000e+00	1.446661e-05	1.882681e-90	1.165989e-03	2.888889e-55	1.882681e-90	3.676158e-82	1.882681e-90	1.882681e-90	0.000000e+00	8.216807e-90	1.882681e-90	1.882681e-90	1.882681e-90	2.434108e-34	4.973997e-03	1.297579e-43	0.000000e+00	0.000000e+00	0.000000e+00	1.882681e-90	3.999773e-76	0.000000e+00	2.743392e-44	0.000000e+00	0.000000e+00	0.000000e+00	0.000000e+00	0.000000e+00	0.000000e+00	0.000000e+00	1.920825e-47	1.882681e-90	1.882681e-90	5.646004e-67	2.438019e-40	6.070158e-62	3.889441e-51	1.882681e-90	2.273482e-04	5.999484e-38	0.000000e+00	0.000000e+00	1.501404e-38	1.941726e-77	0.000000e+00	8.639501e-29	8.419226e-01	1.882681e-90	9.249273e-09	0.000000e+00	1.882681e-90	1.882681e-90	1.882681e-90	1.272035e-50	2.569709e-76	0.000000e+00	0.000000e+00	1.882681e-90	0.000000e+00	0.000000e+00	0.000000e+00	0.000000e+00	0.000000e+00	0.000000e+00	0.000000e+00	5.949589e-52	4.885701e-82	0.000000e+00	0.000000e+00	0.000000e+00	0.000000e+00	0.000000e+00	0.000000e+00	0.000000e+00	0.000000e+00	0.000000e+00	0.000000e+00	0.000000e+00	0.000000e+00	0.000000e+00	0.000000e+00	0.000000e+00	0.000000e+00	0.000000e+00	0.000000e+00	0.000000e+00	0.000000e+00	0.000000e+00	0.000000e+00	0.000000e+00	0.000000e+00	0.000000e+00	0.000000e+00	0.000000e+00	0.000000e+00	0.000000e+00	0.000000e+00	0.000000e+00	0.000000e+00	0.000000e+00	0.000000e+00	0.000000e+00	0.000000e+00	0.000000e+00	0.000000e+00	0.000000e+00	0.000000e+00	0.000000e+00	0.000000e+00	
1596.403480	1590.791058	1602.015902	213.683434	4.151246e-01	1.882658e-90	0.000000e+00	5.812721e-49	6.587730e-66	0.000000e+00	0.000000e+00	1.446661e-05	1.882658e-90	1.165897e-03	1.366029e-55	1.882658e-90	1.296083e-82	1.882658e-90	1.882658e-90	0.000000e+00	2.543427e-90	1.882658e-90	1.882658e-90	1.882658e-90	1.733426e-34	4.973390e-03	7.775763e-44	0.000000e+00	0.000000e+00	0.000000e+00	1.882658e-90	1.541796e-76	0.000000e+00	1.627353e-44	0.000000e+00	0.000000e+00	0.000000e+00	0.000000e+00	0.000000e+00	0.000000e+00	0.000000e+00	1.145160e-47	1.882658e-90	1.882658e-90	2.380170e-67	1.623328e-40	2.858945e-62	2.301101e-51	1.882658e-90	2.273530e-04	3.737859e-38	0.000000e+00	0.000000e+00	1.103259e-38	7.509886e-78	0.000000e+00	7.166647e-29	8.419248e-01	1.882658e-90	9.964344e-09	0.000000e+00	1.882658e-90	1.882658e-90	1.882658e-90	6.364387e-51	9.592524e-77	0.000000e+00	0.000000e+00	1.882658e-90	0.000000e+00	0.000000e+00	0.000000e+00	0.000000e+00	0.000000e+00	0.000000e+00	0.000000e+00	3.517361e-52	2.088355e-82	0.000000e+00	0.000000e+00	0.000000e+00	0.000000e+00	0.000000e+00	0.000000e+00	0.000000e+00	0.000000e+00	0.000000e+00	0.000000e+00	0.000000e+00	0.000000e+00	0.000000e+00	0.000000e+00	0.000000e+00	0.000000e+00	0.000000e+00	0.000000e+00	0.000000e+00	0.000000e+00	0.000000e+00	0.000000e+00	0.000000e+00	0.000000e+00	0.000000e+00	0.000000e+00	0.000000e+00	0.000000e+00	0.000000e+00	0.000000e+00	0.000000e+00	0.000000e+00	0.000000e+00	0.000000e+00	0.000000e+00	0.000000e+00	0.000000e+00	0.000000e+00	0.000000e+00	0.000000e+00	0.000000e+00	0.000000e+00	
1607.594483	1602.015902	1613.173064	212.446249	3.406721e-01	1.882631e-90	0.000000e+00	3.067841e-49	2.795888e-66	0.000000e+00	0.000000e+00	1.446661e-05	1.882631e-90	1.165995e-03	6.702408e-56	1.882631e-90	4.844914e-83	1.882631e-90	1.882631e-90	0.000000e+00	1.882631e-90	1.882631e-90	1.882631e-90	1.882631e-90	1.275291e-34	4.974135e-03	4.807619e-44	0.000000e+00	0.000000e+00	0.000000e+00	1.882631e-90	6.308471e-77	0.000000e+00	9.968911e-45	0.000000e+00	0.000000e+00	0.000000e+00	0.000000e+00	0.000000e+00	0.000000e+00	0.000000e+00	7.110324e-48	1.882631e-90	1.882631e-90	1.050731e-67	1.109708e-40	1.403220e-62	1.405001e-51	1.882631e-90	2.273401e-04	2.387263e-38	0.000000e+00	0.000000e+00	8.365055e-39	3.081006e-78	0.000000e+00	6.101541e-29	8.419278e-01	1.882631e-90	1.089575e-08	0.000000e+00	1.882631e-90	1.882631e-90	1.882631e-90	3.296671e-51	3.787624e-77	0.000000e+00	0.000000e+00	1.882631e-90	0.000000e+00	0.000000e+00	0.000000e+00	0.000000e+00	0.000000e+00	0.000000e+00	0.000000e+00	2.166632e-52	9.266583e-83	0.000000e+00	0.000000e+00	0.000000e+00	0.000000e+00	0.000000e+00	0.000000e+00	0.000000e+00	0.000000e+00	0.000000e+00	0.000000e+00	0.000000e+00	0.000000e+00	0.000000e+00	0.000000e+00	0.000000e+00	0.000000e+00	0.000000e+00	0.000000e+00	0.000000e+00	0.000000e+00	0.000000e+00	0.000000e+00	0.000000e+00	0.000000e+00	0.000000e+00	0.000000e+00	0.000000e+00	0.000000e+00	0.000000e+00	0.000000e+00	0.000000e+00	0.000000e+00	0.000000e+00	0.000000e+00	0.000000e+00	0.000000e+00	0.000000e+00	0.000000e+00	0.000000e+00	0.000000e+00	0.000000e+00	0.000000e+00	
1618.721682	1613.173064	1624.270299	211.299526	2.795726e-01	1.882679e-90	0.000000e+00	1.748915e-49	1.311436e-66	0.000000e+00	0.000000e+00	1.446661e-05	1.882679e-90	1.165925e-03	3.578579e-56	1.882679e-90	2.070946e-83	1.882679e-90	1.882679e-90	0.000000e+00	1.882679e-90	1.882679e-90	1.882679e-90	1.882679e-90	1.009955e-34	4.973420e-03	3.191277e-44	0.000000e+00	0.000000e+00	0.000000e+00	1.882679e-90	2.952832e-77	0.000000e+00	6.559970e-45	0.000000e+00	0.000000e+00	0.000000e+00	0.000000e+00	0.000000e+00	0.000000e+00	0.000000e+00	4.835925e-48	1.882679e-90	1.882679e-90	5.158307e-68	8.061512e-41	7.576908e-63	9.229089e-52	1.882679e-90	2.273554e-04	1.614585e-38	0.000000e+00	0.000000e+00	6.807979e-39	1.445953e-78	0.000000e+00	5.509218e-29	8.419240e-01	1.882679e-90	1.230387e-08	0.000000e+00	1.882679e-90	1.882679e-90	1.882679e-90	1.847624e-51	1.700141e-77	0.000000e+00	0.000000e+00	1.882679e-90	0.000000e+00	0.000000e+00	0.000000e+00	0.000000e+00	0.000000e+00	0.000000e+00	0.000000e+00	1.463674e-52	4.484221e-83	0.000000e+00	0.000000e+00	0.000000e+00	0.000000e+00	0.000000e+00	0.000000e+00	0.000000e+00	0.000000e+00	0.000000e+00	0.000000e+00	0.000000e+00	0.000000e+00	0.000000e+00	0.000000e+00	0.000000e+00	0.000000e+00	0.000000e+00	0.000000e+00	0.000000e+00	0.000000e+00	0.000000e+00	0.000000e+00	0.000000e+00	0.000000e+00	0.000000e+00	0.000000e+00	0.000000e+00	0.000000e+00	0.000000e+00	0.000000e+00	0.000000e+00	0.000000e+00	0.000000e+00	0.000000e+00	0.000000e+00	0.000000e+00	0.000000e+00	0.000000e+00	0.000000e+00	0.000000e+00	0.000000e+00	0.000000e+00	
1629.791145	1624.270299	1635.311991	210.195891	2.294313e-01	1.882651e-90	0.000000e+00	1.038945e-49	6.488067e-67	0.000000e+00	0.000000e+00	1.446661e-05	1.882651e-90	1.165961e-03	1.999226e-56	1.882651e-90	9.510229e-84	1.882651e-90	1.882651e-90	0.000000e+00	1.882651e-90	1.882651e-90	1.882651e-90	1.882651e-90	8.321682e-35	4.973590e-03	2.200825e-44	0.000000e+00	0.000000e+00	0.000000e+00	1.882651e-90	1.486236e-77	0.000000e+00	4.488273e-45	0.000000e+00	0.000000e+00	0.000000e+00	0.000000e+00	0.000000e+00	0.000000e+00	0.000000e+00	3.455164e-48	1.882651e-90	1.882651e-90	2.679659e-68	6.047473e-41	4.303898e-63	6.301311e-52	1.882651e-90	2.273415e-04	1.125712e-38	0.000000e+00	0.000000e+00	5.755182e-39	7.292815e-79	0.000000e+00	5.134114e-29	8.419260e-01	1.882651e-90	1.414148e-08	0.000000e+00	1.882651e-90	1.882651e-90	1.882651e-90	1.080374e-51	8.174395e-78	0.000000e+00	0.000000e+00	1.882651e-90	0.000000e+00	0.000000e+00	0.000000e+00	0.000000e+00	0.000000e+00	0.000000e+00	0.000000e+00	1.039301e-52	2.271602e-83	0.000000e+00	0.000000e+00	0.000000e+00	0.000000e+00	0.000000e+00	0.000000e+00	0.000000e+00	0.000000e+00	0.000000e+00	0.000000e+00	0.000000e+00	0.000000e+00	0.000000e+00	0.000000e+00	0.000000e+00	0.000000e+00	0.000000e+00	0.000000e+00	0.000000e+00	0.000000e+00	0.000000e+00	0.000000e+00	0.000000e+00	0.000000e+00	0.000000e+00	0.000000e+00	0.000000e+00	0.000000e+00	0.000000e+00	0.000000e+00	0.000000e+00	0.000000e+00	0.000000e+00	0.000000e+00	0.000000e+00	0.000000e+00	0.000000e+00	0.000000e+00	0.000000e+00	0.000000e+00	0.000000e+00	0.000000e+00	
1640.805031	1635.311991	1646.298070	209.136250	1.882829e-01	1.882645e-90	0.000000e+00	6.131587e-50	3.182515e-67	0.000000e+00	0.000000e+00	1.446661e-05	1.882645e-90	1.165979e-03	1.108812e-56	1.882645e-90	4.318611e-84	1.882645e-90	1.882645e-90	0.000000e+00	1.882645e-90	1.882645e-90	1.882645e-90	1.882645e-90	6.816016e-35	4.973612e-03	1.508860e-44	0.000000e+00	0.000000e+00	0.000000e+00	1.882645e-90	7.397645e-78	0.000000e+00	3.052714e-45	0.000000e+00	0.000000e+00	0.000000e+00	0.000000e+00	0.000000e+00	0.000000e+00	0.000000e+00	2.450419e-48	1.882645e-90	1.882645e-90	1.379664e-68	4.514626e-41	2.425389e-63	4.277407e-52	1.882645e-90	2.273416e-04	7.811134e-39	0.000000e+00	0.000000e+00	4.838661e-39	3.637365e-79	0.000000e+00	4.762864e-29	8.419259e-01	1.882645e-90	1.621603e-08	0.000000e+00	1.882645e-90	1.882645e-90	1.882645e-90	6.274946e-52	3.888333e-78	0.000000e+00	0.000000e+00	1.882645e-90	0.000000e+00	0.000000e+00	0.000000e+00	0.000000e+00	0.000000e+00	0.000000e+00	0.000000e+00	7.325587e-53	1.143259e-83	0.000000e+00	0.000000e+00	0.000000e+00	0.000000e+00	0.000000e+00	0.000000e+00	0.000000e+00	0.000000e+00	0.000000e+00	0.000000e+00	0.000000e+00	0.000000e+00	0.000000e+00	0.000000e+00	0.000000e+00	0.000000e+00	0.000000e+00	0.000000e+00	0.000000e+00	0.000000e+00	0.000000e+00	0.000000e+00	0.000000e+00	0.000000e+00	0.000000e+00	0.000000e+00	0.000000e+00	0.000000e+00	0.000000e+00	0.000000e+00	0.000000e+00	0.000000e+00	0.000000e+00	0.000000e+00	0.000000e+00	0.000000e+00	0.000000e+00	0.000000e+00	0.000000e+00	0.000000e+00	0.000000e+00	0.000000e+00	
1651.763910	1646.298070	1657.229749	208.068510	1.545144e-01	1.882572e-90	0.000000e+00	3.650504e-50	1.578844e-67	0.000000e+00	0.000000e+00	1.446661e-05	1.882572e-90	1.165900e-03	6.208227e-57	1.882572e-90	1.991277e-84	1.882572e-90	1.882572e-90	0.000000e+00	1.882572e-90	1.882572e-90	1.882572e-90	1.882572e-90	5.631759e-35	4.974201e-03	1.043120e-44	0.000000e+00	0.000000e+00	0.000000e+00	1.882572e-90	3.740754e-78	0.000000e+00	2.094223e-45	0.000000e+00	0.000000e+00	0.000000e+00	0.000000e+00	0.000000e+00	0.000000e+00	0.000000e+00	1.756512e-48	1.882572e-90	1.882572e-90	7.188687e-69	3.393157e-41	1.381577e-63	2.928061e-52	1.882572e-90	2.273180e-04	5.454700e-39	0.000000e+00	0.000000e+00	4.102487e-39	1.842369e-79	0.000000e+00	4.450233e-29	8.419313e-01	1.882572e-90	1.866636e-08	0.000000e+00	1.882572e-90	1.882572e-90	1.882572e-90	3.677836e-52	1.877201e-78	0.000000e+00	0.000000e+00	1.882572e-90	0.000000e+00	0.000000e+00	0.000000e+00	0.000000e+00	0.000000e+00	0.000000e+00	0.000000e+00	5.220247e-53	5.813298e-84	0.000000e+00	0.000000e+00	0.000000e+00	0.000000e+00	0.000000e+00	0.000000e+00	0.000000e+00	0.000000e+00	0.000000e+00	0.000000e+00	0.000000e+00	0.000000e+00	0.000000e+00	0.000000e+00	0.000000e+00	0.000000e+00	0.000000e+00	0.000000e+00	0.000000e+00	0.000000e+00	0.000000e+00	0.000000e+00	0.000000e+00	0.000000e+00	0.000000e+00	0.000000e+00	0.000000e+00	0.000000e+00	0.000000e+00	0.000000e+00	0.000000e+00	0.000000e+00	0.000000e+00	0.000000e+00	0.000000e+00	0.000000e+00	0.000000e+00	0.000000e+00	0.000000e+00	0.000000e+00	0.000000e+00	0.000000e+00	
1662.666361	1657.229749	1668.102973	206.941768	1.268022e-01	1.882598e-90	0.000000e+00	2.062785e-50	7.320015e-68	0.000000e+00	0.000000e+00	1.446661e-05	1.882598e-90	1.165847e-03	3.281952e-57	1.882598e-90	8.388899e-85	1.882598e-90	1.882598e-90	0.000000e+00	1.882598e-90	1.882598e-90	1.882598e-90	1.882598e-90	4.429038e-35	4.973905e-03	6.874071e-45	0.000000e+00	0.000000e+00	0.000000e+00	1.882598e-90	1.726908e-78	0.000000e+00	1.368411e-45	0.000000e+00	0.000000e+00	0.000000e+00	0.000000e+00	0.000000e+00	0.000000e+00	0.000000e+00	1.184218e-48	1.882598e-90	1.882598e-90	3.486780e-69	2.449620e-41	7.382063e-64	1.910059e-52	1.882598e-90	2.273408e-04	3.665263e-39	0.000000e+00	0.000000e+00	3.319266e-39	8.522853e-80	0.000000e+00	3.999802e-29	8.419302e-01	1.882598e-90	2.104097e-08	0.000000e+00	1.882598e-90	1.882598e-90	1.882598e-90	2.042898e-52	8.310735e-79	0.000000e+00	0.000000e+00	1.882598e-90	0.000000e+00	0.000000e+00	0.000000e+00	0.000000e+00	0.000000e+00	0.000000e+00	0.000000e+00	3.497546e-53	2.794487e-84	0.000000e+00	0.000000e+00	0.000000e+00	0.000000e+00	0.000000e+00	0.000000e+00	0.000000e+00	0.000000e+00	0.000000e+00	0.000000e+00	0.000000e+00	0.000000e+00	0.000000e+00	0.000000e+00	0.000000e+00	0.000000e+00	0.000000e+00	0.000000e+00	0.000000e+00	0.000000e+00	0.000000e+00	0.000000e+00	0.000000e+00	0.000000e+00	0.000000e+00	0.000000e+00	0.000000e+00	0.000000e+00	0.000000e+00	0.000000e+00	0.000000e+00	0.000000e+00	0.000000e+00	0.000000e+00	0.000000e+00	0.000000e+00	0.000000e+00	0.000000e+00	0.000000e+00	0.000000e+00	0.000000e+00	0.000000e+00	
1673.509422	1668.102973	1678.915872	205.725935	1.040603e-01	1.882612e-90	0.000000e+00	1.129760e-50	3.259372e-68	0.000000e+00	0.000000e+00	1.446661e-05	1.882612e-90	1.165877e-03	1.676407e-57	1.882612e-90	3.349135e-85	1.882612e-90	1.882612e-90	0.000000e+00	1.882612e-90	1.882612e-90	1.882612e-90	1.882612e-90	3.383255e-35	4.973857e-03	4.403592e-45	0.000000e+00	0.000000e+00	0.000000e+00	1.882612e-90	7.553146e-79	0.000000e+00	8.688665e-46	0.000000e+00	0.000000e+00	0.000000e+00	0.000000e+00	0.000000e+00	0.000000e+00	0.000000e+00	7.699421e-49	1.882612e-90	1.882612e-90	1.619915e-69	1.725699e-41	3.795956e-64	1.210782e-52	1.882612e-90	2.273400e-04	2.406213e-39	0.000000e+00	0.000000e+00	2.612225e-39	3.734609e-80	0.000000e+00	3.514706e-29	8.419285e-01	1.882612e-90	2.343010e-08	0.000000e+00	1.882612e-90	1.882612e-90	1.882612e-90	1.099035e-52	3.494793e-79	0.000000e+00	0.000000e+00	1.882612e-90	0.000000e+00	0.000000e+00	0.000000e+00	0.000000e+00	0.000000e+00	0.000000e+00	0.000000e+00	2.259863e-53	1.299792e-84	0.000000e+00	0.000000e+00	0.000000e+00	0.000000e+00	0.000000e+00	0.000000e+00	0.000000e+00	0.000000e+00	0.000000e+00	0.000000e+00	0.000000e+00	0.000000e+00	0.000000e+00	0.000000e+00	0.000000e+00	0.000000e+00	0.000000e+00	0.000000e+00	0.000000e+00	0.000000e+00	0.000000e+00	0.000000e+00	0.000000e+00	0.000000e+00	0.000000e+00	0.000000e+00	0.000000e+00	0.000000e+00	0.000000e+00	0.000000e+00	0.000000e+00	0.000000e+00	0.000000e+00	0.000000e+00	0.000000e+00	0.000000e+00	0.000000e+00	0.000000e+00	0.000000e+00	0.000000e+00	0.000000e+00	0.000000e+00	
1684.289008	1678.915872	1689.662145	204.401726	8.539710e-02	1.882689e-90	0.000000e+00	5.701217e-51	1.305172e-68	0.000000e+00	0.000000e+00	1.446661e-05	1.882689e-90	1.165955e-03	7.825679e-58	1.882689e-90	1.160598e-85	1.882689e-90	1.882689e-90	0.000000e+00	1.882689e-90	1.882689e-90	1.882689e-90	1.882689e-90	2.392268e-35	4.973338e-03	2.617327e-45	0.000000e+00	0.000000e+00	0.000000e+00	1.882689e-90	2.865066e-79	0.000000e+00	5.113318e-46	0.000000e+00	0.000000e+00	0.000000e+00	0.000000e+00	0.000000e+00	0.000000e+00	0.000000e+00	4.547974e-49	1.882689e-90	1.882689e-90	6.725377e-70	1.140889e-41	1.765246e-64	7.114985e-53	1.882689e-90	2.273675e-04	1.486832e-39	0.000000e+00	0.000000e+00	1.910296e-39	1.419579e-80	0.000000e+00	2.906562e-29	8.419226e-01	1.882689e-90	2.524684e-08	0.000000e+00	1.882689e-90	1.882689e-90	1.882689e-90	5.436071e-53	1.283226e-79	0.000000e+00	0.000000e+00	1.882689e-90	0.000000e+00	0.000000e+00	0.000000e+00	0.000000e+00	0.000000e+00	0.000000e+00	0.000000e+00	1.325871e-53	5.534745e-85	0.000000e+00	0.000000e+00	0.000000e+00	0.000000e+00	0.000000e+00	0.000000e+00	0.000000e+00	0.000000e+00	0.000000e+00	0.000000e+00	0.000000e+00	0.000000e+00	0.000000e+00	0.000000e+00	0.000000e+00	0.000000e+00	0.000000e+00	0.000000e+00	0.000000e+00	0.000000e+00	0.000000e+00	0.000000e+00	0.000000e+00	0.000000e+00	0.000000e+00	0.000000e+00	0.000000e+00	0.000000e+00	0.000000e+00	0.000000e+00	0.000000e+00	0.000000e+00	0.000000e+00	0.000000e+00	0.000000e+00	0.000000e+00	0.000000e+00	0.000000e+00	0.000000e+00	0.000000e+00	0.000000e+00	0.000000e+00	
1695.000107	1689.662145	1700.338069	202.979535	7.008115e-02	1.882602e-90	0.000000e+00	2.732138e-51	4.887897e-69	0.000000e+00	0.000000e+00	1.446661e-05	1.882602e-90	1.165825e-03	3.450289e-58	1.882602e-90	3.677968e-86	1.882602e-90	1.882602e-90	0.000000e+00	1.882602e-90	1.882602e-90	1.882602e-90	1.882602e-90	1.611776e-35	4.973406e-03	1.484329e-45	0.000000e+00	0.000000e+00	0.000000e+00	1.882602e-90	9.938727e-80	0.000000e+00	2.869763e-46	0.000000e+00	0.000000e+00	0.000000e+00	0.000000e+00	0.000000e+00	0.000000e+00	0.000000e+00	2.529045e-49	1.882602e-90	1.882602e-90	2.599737e-70	7.241196e-42	7.702188e-65	3.985801e-53	1.882602e-90	2.273284e-04	8.839233e-40	0.000000e+00	0.000000e+00	1.334008e-39	4.932216e-81	0.000000e+00	2.314854e-29	8.419292e-01	1.882602e-90	2.664222e-08	0.000000e+00	1.882602e-90	1.882602e-90	1.882602e-90	2.550297e-53	4.326711e-80	0.000000e+00	0.000000e+00	1.882602e-90	0.000000e+00	0.000000e+00	0.000000e+00	0.000000e+00	0.000000e+00	0.000000e+00	0.000000e+00	7.322243e-54	2.230338e-85	0.000000e+00	0.000000e+00	0.000000e+00	0.000000e+00	0.000000e+00	0.000000e+00	0.000000e+00	0.000000e+00	0.000000e+00	0.000000e+00	0.000000e+00	0.000000e+00	0.000000e+00	0.000000e+00	0.000000e+00	0.000000e+00	0.000000e+00	0.000000e+00	0.000000e+00	0.000000e+00	0.000000e+00	0.000000e+00	0.000000e+00	0.000000e+00	0.000000e+00	0.000000e+00	0.000000e+00	0.000000e+00	0.000000e+00	0.000000e+00	0.000000e+00	0.000000e+00	0.000000e+00	0.000000e+00	0.000000e+00	0.000000e+00	0.000000e+00	0.000000e+00	0.000000e+00	0.000000e+00	0.000000e+00	0.000000e+00	
1705.638726	1700.338069	1710.939384	201.561061	5.751211e-02	1.882766e-90	0.000000e+00	1.226991e-51	1.682753e-69	0.000000e+00	0.000000e+00	1.446661e-05	1.882766e-90	1.165894e-03	1.416497e-58	1.882766e-90	1.042216e-86	1.882766e-90	1.882766e-90	0.000000e+00	1.882766e-90	1.882766e-90	1.882766e-90	1.882766e-90	1.022044e-35	4.974139e-03	7.935943e-46	0.000000e+00	0.000000e+00	0.000000e+00	1.882766e-90	3.082067e-80	0.000000e+00	1.517540e-46	0.000000e+00	0.000000e+00	0.000000e+00	0.000000e+00	0.000000e+00	0.000000e+00	0.000000e+00	1.304371e-49	1.882766e-90	1.882766e-90	9.194596e-71	4.373220e-42	3.104377e-65	2.104039e-53	1.882766e-90	2.273689e-04	5.009846e-40	0.000000e+00	0.000000e+00	8.798424e-40	1.532083e-81	0.000000e+00	1.758436e-29	8.419159e-01	1.882766e-90	2.741324e-08	0.000000e+00	1.882766e-90	1.882766e-90	1.882766e-90	1.119583e-53	1.310732e-80	0.000000e+00	0.000000e+00	1.882766e-90	0.000000e+00	0.000000e+00	0.000000e+00	0.000000e+00	0.000000e+00	0.000000e+00	0.000000e+00	3.749666e-54	8.389662e-86	0.000000e+00	0.000000e+00	0.000000e+00	0.000000e+00	0.000000e+00	0.000000e+00	0.000000e+00	0.000000e+00	0.000000e+00	0.000000e+00	0.000000e+00	0.000000e+00	0.000000e+00	0.000000e+00	0.000000e+00	0.000000e+00	0.000000e+00	0.000000e+00	0.000000e+00	0.000000e+00	0.000000e+00	0.000000e+00	0.000000e+00	0.000000e+00	0.000000e+00	0.000000e+00	0.000000e+00	0.000000e+00	0.000000e+00	0.000000e+00	0.000000e+00	0.000000e+00	0.000000e+00	0.000000e+00	0.000000e+00	0.000000e+00	0.000000e+00	0.000000e+00	0.000000e+00	0.000000e+00	0.000000e+00	0.000000e+00	
1716.200747	1710.939384	1721.462111	200.142637	4.719732e-02	1.882762e-90	0.000000e+00	5.183276e-52	5.351359e-70	0.000000e+00	0.000000e+00	1.446661e-05	1.882762e-90	1.165917e-03	5.435840e-59	1.882762e-90	2.657346e-87	1.882762e-90	1.882762e-90	0.000000e+00	1.882762e-90	1.882762e-90	1.882762e-90	1.882762e-90	6.119922e-36	4.974285e-03	4.012873e-46	0.000000e+00	0.000000e+00	0.000000e+00	1.882762e-90	8.595321e-81	0.000000e+00	7.583506e-47	0.000000e+00	0.000000e+00	0.000000e+00	0.000000e+00	0.000000e+00	0.000000e+00	0.000000e+00	6.264043e-50	1.882762e-90	1.882762e-90	2.988608e-71	2.517367e-42	1.160427e-65	1.049756e-53	1.882762e-90	2.273536e-04	2.712808e-40	0.000000e+00	0.000000e+00	5.494974e-40	4.278555e-82	0.000000e+00	1.277451e-29	8.419159e-01	1.882762e-90	2.753399e-08	0.000000e+00	1.882762e-90	1.882762e-90	1.882762e-90	4.615510e-54	3.588808e-81	0.000000e+00	0.000000e+00	1.882762e-90	0.000000e+00	0.000000e+00	0.000000e+00	0.000000e+00	0.000000e+00	0.000000e+00	0.000000e+00	1.787725e-54	2.957302e-86	0.000000e+00	0.000000e+00	0.000000e+00	0.000000e+00	0.000000e+00	0.000000e+00	0.000000e+00	0.000000e+00	0.000000e+00	0.000000e+00	0.000000e+00	0.000000e+00	0.000000e+00	0.000000e+00	0.000000e+00	0.000000e+00	0.000000e+00	0.000000e+00	0.000000e+00	0.000000e+00	0.000000e+00	0.000000e+00	0.000000e+00	0.000000e+00	0.000000e+00	0.000000e+00	0.000000e+00	0.000000e+00	0.000000e+00	0.000000e+00	0.000000e+00	0.000000e+00	0.000000e+00	0.000000e+00	0.000000e+00	0.000000e+00	0.000000e+00	0.000000e+00	0.000000e+00	0.000000e+00	0.000000e+00	0.000000e+00	
1726.683141	1721.462111	1731.904171	198.623074	3.873249e-02	1.882689e-90	0.000000e+00	2.106197e-52	1.618042e-70	0.000000e+00	0.000000e+00	1.446661e-05	1.882689e-90	1.166008e-03	1.998589e-59	1.882689e-90	6.337716e-88	1.882689e-90	1.882689e-90	0.000000e+00	1.882689e-90	1.882689e-90	1.882689e-90	1.882689e-90	3.534441e-36	4.973661e-03	1.958729e-46	0.000000e+00	0.000000e+00	0.000000e+00	1.882689e-90	2.241437e-81	0.000000e+00	3.656449e-47	0.000000e+00	0.000000e+00	0.000000e+00	0.000000e+00	0.000000e+00	0.000000e+00	0.000000e+00	2.876219e-50	1.882689e-90	1.882689e-90	9.208758e-72	1.406226e-42	4.135914e-66	5.055093e-54	1.882689e-90	2.273350e-04	1.427249e-40	0.000000e+00	0.000000e+00	3.316891e-40	1.117129e-82	0.000000e+00	9.024014e-30	8.419217e-01	1.882689e-90	2.725276e-08	0.000000e+00	1.882689e-90	1.882689e-90	1.882689e-90	1.828200e-54	9.216015e-82	0.000000e+00	0.000000e+00	1.882689e-90	0.000000e+00	0.000000e+00	0.000000e+00	0.000000e+00	0.000000e+00	0.000000e+00	0.000000e+00	8.149574e-55	1.001021e-86	0.000000e+00	0.000000e+00	0.000000e+00	0.000000e+00	0.000000e+00	0.000000e+00	0.000000e+00	0.000000e+00	0.000000e+00	0.000000e+00	0.000000e+00	0.000000e+00	0.000000e+00	0.000000e+00	0.000000e+00	0.000000e+00	0.000000e+00	0.000000e+00	0.000000e+00	0.000000e+00	0.000000e+00	0.000000e+00	0.000000e+00	0.000000e+00	0.000000e+00	0.000000e+00	0.000000e+00	0.000000e+00	0.000000e+00	0.000000e+00	0.000000e+00	0.000000e+00	0.000000e+00	0.000000e+00	0.000000e+00	0.000000e+00	0.000000e+00	0.000000e+00	0.000000e+00	0.000000e+00	0.000000e+00	0.000000e+00	
1737.084869	1731.904171	1742.265568	197.095208	3.178583e-02	1.882712e-90	0.000000e+00	8.431468e-53	4.798369e-71	0.000000e+00	0.000000e+00	1.446661e-05	1.882712e-90	1.166010e-03	7.226808e-60	1.882712e-90	1.473669e-88	1.882712e-90	1.882712e-90	0.000000e+00	1.882712e-90	1.882712e-90	1.882712e-90	1.882712e-90	2.014766e-36	4.973774e-03	9.437612e-47	0.000000e+00	0.000000e+00	0.000000e+00	1.882712e-90	5.701802e-82	0.000000e+00	1.740336e-47	0.000000e+00	0.000000e+00	0.000000e+00	0.000000e+00	0.000000e+00	0.000000e+00	0.000000e+00	1.299025e-50	1.882712e-90	1.882712e-90	2.780267e-72	7.769477e-43	1.447899e-66	2.403395e-54	1.882712e-90	2.273496e-04	7.427399e-41	0.000000e+00	0.000000e+00	1.978621e-40	2.844407e-83	0.000000e+00	6.313865e-30	8.419211e-01	1.882712e-90	2.683723e-08	0.000000e+00	1.882712e-90	1.882712e-90	1.882712e-90	7.132620e-55	2.310474e-82	0.000000e+00	0.000000e+00	1.882712e-90	0.000000e+00	0.000000e+00	0.000000e+00	0.000000e+00	0.000000e+00	0.000000e+00	0.000000e+00	3.655521e-55	3.341782e-87	0.000000e+00	0.000000e+00	0.000000e+00	0.000000e+00	0.000000e+00	0.000000e+00	0.000000e+00	0.000000e+00	0.000000e+00	0.000000e+00	0.000000e+00	0.000000e+00	0.000000e+00	0.000000e+00	0.000000e+00	0.000000e+00	0.000000e+00	0.000000e+00	0.000000e+00	0.000000e+00	0.000000e+00	0.000000e+00	0.000000e+00	0.000000e+00	0.000000e+00	0.000000e+00	0.000000e+00	0.000000e+00	0.000000e+00	0.000000e+00	0.000000e+00	0.000000e+00	0.000000e+00	0.000000e+00	0.000000e+00	0.000000e+00	0.000000e+00	0.000000e+00	0.000000e+00	0.000000e+00	0.000000e+00	0.000000e+00	
1747.408495	1742.265568	1752.551423	195.655575	2.608505e-02	1.882629e-90	0.000000e+00	3.549013e-53	1.518443e-71	0.000000e+00	0.000000e+00	1.446661e-05	1.882629e-90	1.165865e-03	2.760821e-60	1.882629e-90	3.738765e-89	1.882629e-90	1.882629e-90	0.000000e+00	1.882629e-90	1.882629e-90	1.882629e-90	1.882629e-90	1.205117e-36	4.973760e-03	4.762903e-47	0.000000e+00	0.000000e+00	0.000000e+00	1.882629e-90	1.583948e-82	0.000000e+00	8.682313e-48	0.000000e+00	0.000000e+00	0.000000e+00	0.000000e+00	0.000000e+00	0.000000e+00	0.000000e+00	6.227433e-51	1.882629e-90	1.882629e-90	8.992966e-73	4.464174e-43	5.391745e-67	1.197856e-54	1.882629e-90	2.273293e-04	4.011160e-41	0.000000e+00	0.000000e+00	1.236006e-40	7.905190e-84	0.000000e+00	4.590346e-30	8.419278e-01	1.882629e-90	2.699200e-08	0.000000e+00	1.882629e-90	1.882629e-90	1.882629e-90	2.929691e-55	6.297236e-83	0.000000e+00	0.000000e+00	1.882629e-90	0.000000e+00	0.000000e+00	0.000000e+00	0.000000e+00	0.000000e+00	0.000000e+00	0.000000e+00	1.741644e-55	1.179718e-87	0.000000e+00	0.000000e+00	0.000000e+00	0.000000e+00	0.000000e+00	0.000000e+00	0.000000e+00	0.000000e+00	0.000000e+00	0.000000e+00	0.000000e+00	0.000000e+00	0.000000e+00	0.000000e+00	0.000000e+00	0.000000e+00	0.000000e+00	0.000000e+00	0.000000e+00	0.000000e+00	0.000000e+00	0.000000e+00	0.000000e+00	0.000000e+00	0.000000e+00	0.000000e+00	0.000000e+00	0.000000e+00	0.000000e+00	0.000000e+00	0.000000e+00	0.000000e+00	0.000000e+00	0.000000e+00	0.000000e+00	0.000000e+00	0.000000e+00	0.000000e+00	0.000000e+00	0.000000e+00	0.000000e+00	0.000000e+00	
1757.658669	1752.551423	1762.765915	194.316711	2.140670e-02	1.882705e-90	0.000000e+00	1.551456e-53	5.046439e-72	0.000000e+00	0.000000e+00	1.446661e-05	1.882705e-90	1.165896e-03	1.099577e-60	1.882705e-90	1.013367e-89	1.882705e-90	1.882705e-90	0.000000e+00	1.882705e-90	1.882705e-90	1.882705e-90	1.882705e-90	7.475905e-37	4.973622e-03	2.489473e-47	0.000000e+00	0.000000e+00	0.000000e+00	1.882705e-90	4.702751e-83	0.000000e+00	4.488239e-48	0.000000e+00	0.000000e+00	0.000000e+00	0.000000e+00	0.000000e+00	0.000000e+00	0.000000e+00	3.123817e-51	1.882705e-90	1.882705e-90	3.064840e-73	2.643530e-43	2.104306e-67	6.189484e-55	1.882705e-90	2.273453e-04	2.228227e-41	0.000000e+00	0.000000e+00	7.998334e-41	2.347799e-84	0.000000e+00	3.436187e-30	8.419218e-01	1.882705e-90	2.760082e-08	0.000000e+00	1.882705e-90	1.882705e-90	1.882705e-90	1.250958e-55	1.828171e-83	0.000000e+00	0.000000e+00	1.882705e-90	0.000000e+00	0.000000e+00	0.000000e+00	0.000000e+00	0.000000e+00	0.000000e+00	0.000000e+00	8.688260e-56	4.347341e-88	0.000000e+00	0.000000e+00	0.000000e+00	0.000000e+00	0.000000e+00	0.000000e+00	0.000000e+00	0.000000e+00	0.000000e+00	0.000000e+00	0.000000e+00	0.000000e+00	0.000000e+00	0.000000e+00	0.000000e+00	0.000000e+00	0.000000e+00	0.000000e+00	0.000000e+00	0.000000e+00	0.000000e+00	0.000000e+00	0.000000e+00	0.000000e+00	0.000000e+00	0.000000e+00	0.000000e+00	0.000000e+00	0.000000e+00	0.000000e+00	0.000000e+00	0.000000e+00	0.000000e+00	0.000000e+00	0.000000e+00	0.000000e+00	0.000000e+00	0.000000e+00	0.000000e+00	0.000000e+00	0.000000e+00	0.000000e+00	
1767.839173	1762.765915	1772.912430	193.054366	1.756741e-02	1.882685e-90	0.000000e+00	7.027156e-54	1.756117e-72	0.000000e+00	0.000000e+00	1.446661e-05	1.882685e-90	1.165897e-03	4.553081e-61	1.882685e-90	2.921818e-90	1.882685e-90	1.882685e-90	0.000000e+00	1.882685e-90	1.882685e-90	1.882685e-90	1.882685e-90	4.799457e-37	4.974024e-03	1.344876e-47	0.000000e+00	0.000000e+00	0.000000e+00	1.882685e-90	1.486341e-83	0.000000e+00	2.399263e-48	0.000000e+00	0.000000e+00	0.000000e+00	0.000000e+00	0.000000e+00	0.000000e+00	0.000000e+00	1.634800e-51	1.882685e-90	1.882685e-90	1.096647e-73	1.609386e-43	8.580335e-68	3.307557e-55	1.882685e-90	2.273374e-04	1.270650e-41	0.000000e+00	0.000000e+00	5.348929e-41	7.419126e-85	0.000000e+00	2.644015e-30	8.419232e-01	1.882685e-90	2.865270e-08	0.000000e+00	1.882685e-90	1.882685e-90	1.882685e-90	5.540044e-56	5.631828e-84	0.000000e+00	0.000000e+00	1.882685e-90	0.000000e+00	0.000000e+00	0.000000e+00	0.000000e+00	0.000000e+00	0.000000e+00	0.000000e+00	4.524637e-56	1.667581e-88	0.000000e+00	0.000000e+00	0.000000e+00	0.000000e+00	0.000000e+00	0.000000e+00	0.000000e+00	0.000000e+00	0.000000e+00	0.000000e+00	0.000000e+00	0.000000e+00	0.000000e+00	0.000000e+00	0.000000e+00	0.000000e+00	0.000000e+00	0.000000e+00	0.000000e+00	0.000000e+00	0.000000e+00	0.000000e+00	0.000000e+00	0.000000e+00	0.000000e+00	0.000000e+00	0.000000e+00	0.000000e+00	0.000000e+00	0.000000e+00	0.000000e+00	0.000000e+00	0.000000e+00	0.000000e+00	0.000000e+00	0.000000e+00	0.000000e+00	0.000000e+00	0.000000e+00	0.000000e+00	0.000000e+00	0.000000e+00	
1777.952445	1772.912430	1782.992460	191.809357	1.441670e-02	1.882626e-90	0.000000e+00	3.207145e-54	6.170698e-73	0.000000e+00	0.000000e+00	1.446661e-05	1.882626e-90	1.165913e-03	1.900954e-61	1.882626e-90	1.882626e-90	1.882626e-90	1.882626e-90	0.000000e+00	1.882626e-90	1.882626e-90	1.882626e-90	1.882626e-90	3.104164e-37	4.973009e-03	7.316034e-48	0.000000e+00	0.000000e+00	0.000000e+00	1.882626e-90	4.760473e-84	0.000000e+00	1.291475e-48	0.000000e+00	0.000000e+00	0.000000e+00	0.000000e+00	0.000000e+00	0.000000e+00	0.000000e+00	8.635666e-52	1.882626e-90	1.882626e-90	3.965529e-74	9.860150e-44	3.532046e-68	1.780961e-55	1.882626e-90	2.273453e-04	7.287336e-42	0.000000e+00	0.000000e+00	3.603928e-41	2.376029e-85	0.000000e+00	2.046954e-30	8.419278e-01	1.882626e-90	2.986127e-08	0.000000e+00	1.882626e-90	1.882626e-90	1.882626e-90	2.471997e-56	1.756914e-84	0.000000e+00	0.000000e+00	1.882626e-90	0.000000e+00	0.000000e+00	0.000000e+00	0.000000e+00	0.000000e+00	0.000000e+00	0.000000e+00	2.379057e-56	6.457309e-89	0.000000e+00	0.000000e+00	0.000000e+00	0.000000e+00	0.000000e+00	0.000000e+00	0.000000e+00	0.000000e+00	0.000000e+00	0.000000e+00	0.000000e+00	0.000000e+00	0.000000e+00	0.000000e+00	0.000000e+00	0.000000e+00	0.000000e+00	0.000000e+00	0.000000e+00	0.000000e+00	0.000000e+00	0.000000e+00	0.000000e+00	0.000000e+00	0.000000e+00	0.000000e+00	0.000000e+00	0.000000e+00	0.000000e+00	0.000000e+00	0.000000e+00	0.000000e+00	0.000000e+00	0.000000e+00	0.000000e+00	0.000000e+00	0.000000e+00	0.000000e+00	0.000000e+00	0.000000e+00	0.000000e+00	0.000000e+00	
1787.997387	1782.992460	1793.002313	190.467682	1.183107e-02	1.882650e-90	0.000000e+00	1.372982e-54	1.995560e-73	0.000000e+00	0.000000e+00	1.446661e-05	1.882650e-90	1.165860e-03	7.395477e-62	1.882650e-90	1.882650e-90	1.882650e-90	1.882650e-90	0.000000e+00	1.882650e-90	1.882650e-90	1.882650e-90	1.882650e-90	1.892569e-37	4.974014e-03	3.757218e-48	0.000000e+00	0.000000e+00	0.000000e+00	1.882650e-90	1.366518e-84	0.000000e+00	6.561252e-49	0.000000e+00	0.000000e+00	0.000000e+00	0.000000e+00	0.000000e+00	0.000000e+00	0.000000e+00	4.237638e-52	1.882650e-90	1.882650e-90	1.313181e-74	5.749277e-44	1.344294e-68	9.045300e-56	1.882650e-90	2.273538e-04	3.985763e-42	0.000000e+00	0.000000e+00	2.296599e-41	6.815138e-86	0.000000e+00	1.513975e-30	8.419267e-01	1.882650e-90	3.035849e-08	0.000000e+00	1.882650e-90	1.882650e-90	1.882650e-90	1.033412e-56	4.934574e-85	0.000000e+00	0.000000e+00	1.882650e-90	0.000000e+00	0.000000e+00	0.000000e+00	0.000000e+00	0.000000e+00	0.000000e+00	0.000000e+00	1.162056e-56	2.338296e-89	0.000000e+00	0.000000e+00	0.000000e+00	0.000000e+00	0.000000e+00	0.000000e+00	0.000000e+00	0.000000e+00	0.000000e+00	0.000000e+00	0.000000e+00	0.000000e+00	0.000000e+00	0.000000e+00	0.000000e+00	0.000000e+00	0.000000e+00	0.000000e+00	0.000000e+00	0.000000e+00	0.000000e+00	0.000000e+00	0.000000e+00	0.000000e+00	0.000000e+00	0.000000e+00	0.000000e+00	0.000000e+00	0.000000e+00	0.000000e+00	0.000000e+00	0.000000e+00	0.000000e+00	0.000000e+00	0.000000e+00	0.000000e+00	0.000000e+00	0.000000e+00	0.000000e+00	0.000000e+00	0.000000e+00	0.000000e+00	
1797.966779	1793.002313	1802.931244	188.888530	9.709169e-03	1.882627e-90	0.000000e+00	5.007403e-55	5.243258e-74	0.000000e+00	0.000000e+00	1.446661e-05	1.882627e-90	1.165867e-03	2.411493e-62	1.882627e-90	1.882627e-90	1.882627e-90	1.882627e-90	0.000000e+00	1.882627e-90	1.882627e-90	1.882627e-90	1.882627e-90	9.933930e-38	4.973902e-03	1.667864e-48	0.000000e+00	0.000000e+00	0.000000e+00	1.882627e-90	2.971885e-85	0.000000e+00	2.875306e-49	0.000000e+00	0.000000e+00	0.000000e+00	0.000000e+00	0.000000e+00	0.000000e+00	0.000000e+00	1.725752e-52	1.882627e-90	1.882627e-90	3.488063e-75	2.959797e-44	4.203231e-69	3.966122e-56	1.882627e-90	2.273368e-04	1.935565e-42	0.000000e+00	0.000000e+00	1.269864e-41	1.480434e-86	0.000000e+00	9.966550e-31	8.419275e-01	1.882627e-90	2.898814e-08	0.000000e+00	1.882627e-90	1.882627e-90	1.882627e-90	3.664809e-57	1.063791e-85	0.000000e+00	0.000000e+00	1.882627e-90	0.000000e+00	0.000000e+00	0.000000e+00	0.000000e+00	0.000000e+00	0.000000e+00	0.000000e+00	4.709651e-57	7.148963e-90	0.000000e+00	0.000000e+00	0.000000e+00	0.000000e+00	0.000000e+00	0.000000e+00	0.000000e+00	0.000000e+00	0.000000e+00	0.000000e+00	0.000000e+00	0.000000e+00	0.000000e+00	0.000000e+00	0.000000e+00	0.000000e+00	0.000000e+00	0.000000e+00	0.000000e+00	0.000000e+00	0.000000e+00	0.000000e+00	0.000000e+00	0.000000e+00	0.000000e+00	0.000000e+00	0.000000e+00	0.000000e+00	0.000000e+00	0.000000e+00	0.000000e+00	0.000000e+00	0.000000e+00	0.000000e+00	0.000000e+00	0.000000e+00	0.000000e+00	0.000000e+00	0.000000e+00	0.000000e+00	0.000000e+00	0.000000e+00	
1807.846604	1802.931244	1812.761964	186.970285	7.967831e-03	1.882778e-90	0.000000e+00	1.412442e-55	9.873501e-75	0.000000e+00	0.000000e+00	1.446661e-05	1.882778e-90	1.166004e-03	5.924951e-63	1.882778e-90	1.882778e-90	1.882778e-90	1.882778e-90	0.000000e+00	1.882778e-90	1.882778e-90	1.882778e-90	1.882778e-90	4.102912e-38	4.974223e-03	5.863257e-49	0.000000e+00	0.000000e+00	0.000000e+00	1.882778e-90	4.145893e-86	0.000000e+00	9.951192e-50	0.000000e+00	0.000000e+00	0.000000e+00	0.000000e+00	0.000000e+00	0.000000e+00	0.000000e+00	5.215179e-53	1.882778e-90	1.882778e-90	6.508071e-76	1.248839e-44	9.591470e-70	1.374207e-56	1.882778e-90	2.273515e-04	7.770360e-43	0.000000e+00	0.000000e+00	5.596970e-42	2.061304e-87	0.000000e+00	5.445164e-31	8.419155e-01	1.882778e-90	2.503683e-08	0.000000e+00	1.882778e-90	1.882778e-90	1.882778e-90	9.988006e-58	1.501161e-86	0.000000e+00	0.000000e+00	1.882778e-90	0.000000e+00	0.000000e+00	0.000000e+00	0.000000e+00	0.000000e+00	0.000000e+00	0.000000e+00	1.415837e-57	1.882778e-90	0.000000e+00	0.000000e+00	0.000000e+00	0.000000e+00	0.000000e+00	0.000000e+00	0.000000e+00	0.000000e+00	0.000000e+00	0.000000e+00	0.000000e+00	0.000000e+00	0.000000e+00	0.000000e+00	0.000000e+00	0.000000e+00	0.000000e+00	0.000000e+00	0.000000e+00	0.000000e+00	0.000000e+00	0.000000e+00	0.000000e+00	0.000000e+00	0.000000e+00	0.000000e+00	0.000000e+00	0.000000e+00	0.000000e+00	0.000000e+00	0.000000e+00	0.000000e+00	0.000000e+00	0.000000e+00	0.000000e+00	0.000000e+00	0.000000e+00	0.000000e+00	0.000000e+00	0.000000e+00	0.000000e+00	0.000000e+00	
1817.621669	1812.761964	1822.481375	184.686956	6.538802e-03	1.882674e-90	0.000000e+00	3.200675e-56	1.399533e-75	0.000000e+00	0.000000e+00	1.446661e-05	1.882674e-90	1.165980e-03	1.143271e-63	1.882674e-90	1.882674e-90	1.882674e-90	1.882674e-90	0.000000e+00	1.882674e-90	1.882674e-90	1.882674e-90	1.882674e-90	1.382319e-38	4.973525e-03	1.689900e-49	0.000000e+00	0.000000e+00	0.000000e+00	1.882674e-90	3.963132e-87	0.000000e+00	2.816795e-50	0.000000e+00	0.000000e+00	0.000000e+00	0.000000e+00	0.000000e+00	0.000000e+00	0.000000e+00	1.222848e-53	1.882674e-90	1.882674e-90	8.984861e-77	4.447230e-45	1.673384e-70	3.897999e-57	1.882674e-90	2.273434e-04	2.651748e-43	0.000000e+00	0.000000e+00	2.035092e-42	1.964743e-88	0.000000e+00	2.540443e-31	8.419236e-01	1.882674e-90	1.986693e-08	0.000000e+00	1.882674e-90	1.882674e-90	1.882674e-90	2.174402e-58	1.476560e-87	0.000000e+00	0.000000e+00	1.882674e-90	0.000000e+00	0.000000e+00	0.000000e+00	0.000000e+00	0.000000e+00	0.000000e+00	0.000000e+00	3.302673e-58	1.882674e-90	0.000000e+00	0.000000e+00	0.000000e+00	0.000000e+00	0.000000e+00	0.000000e+00	0.000000e+00	0.000000e+00	0.000000e+00	0.000000e+00	0.000000e+00	0.000000e+00	0.000000e+00	0.000000e+00	0.000000e+00	0.000000e+00	0.000000e+00	0.000000e+00	0.000000e+00	0.000000e+00	0.000000e+00	0.000000e+00	0.000000e+00	0.000000e+00	0.000000e+00	0.000000e+00	0.000000e+00	0.000000e+00	0.000000e+00	0.000000e+00	0.000000e+00	0.000000e+00	0.000000e+00	0.000000e+00	0.000000e+00	0.000000e+00	0.000000e+00	0.000000e+00	0.000000e+00	0.000000e+00	0.000000e+00	0.000000e+00	
1827.279600	1822.481375	1832.077825	182.224006	5.366069e-03	1.882723e-90	0.000000e+00	5.888121e-57	1.513800e-76	0.000000e+00	0.000000e+00	1.446661e-05	1.882723e-90	1.165982e-03	1.752742e-64	1.882723e-90	1.882723e-90	1.882723e-90	1.882723e-90	0.000000e+00	1.882723e-90	1.882723e-90	1.882723e-90	1.882723e-90	3.842575e-39	4.974518e-03	4.036510e-50	0.000000e+00	0.000000e+00	0.000000e+00	1.882723e-90	2.648986e-88	0.000000e+00	6.596238e-51	0.000000e+00	0.000000e+00	0.000000e+00	0.000000e+00	0.000000e+00	0.000000e+00	0.000000e+00	2.256070e-54	1.882723e-90	1.882723e-90	9.314076e-78	1.348646e-45	2.262411e-71	9.152031e-58	1.882723e-90	2.273544e-04	7.754449e-44	0.000000e+00	0.000000e+00	6.175374e-43	1.307292e-89	0.000000e+00	1.022108e-31	8.419192e-01	1.882723e-90	1.456557e-08	0.000000e+00	1.882723e-90	1.882723e-90	1.882723e-90	3.824412e-59	1.031339e-88	0.000000e+00	0.000000e+00	1.882723e-90	0.000000e+00	0.000000e+00	0.000000e+00	0.000000e+00	0.000000e+00	0.000000e+00	0.000000e+00	6.065453e-59	1.882723e-90	0.000000e+00	0.000000e+00	0.000000e+00	0.000000e+00	0.000000e+00	0.000000e+00	0.000000e+00	0.000000e+00	0.000000e+00	0.000000e+00	0.000000e+00	0.000000e+00	0.000000e+00	0.000000e+00	0.000000e+00	0.000000e+00	0.000000e+00	0.000000e+00	0.000000e+00	0.000000e+00	0.000000e+00	0.000000e+00	0.000000e+00	0.000000e+00	0.000000e+00	0.000000e+00	0.000000e+00	0.000000e+00	0.000000e+00	0.000000e+00	0.000000e+00	0.000000e+00	0.000000e+00	0.000000e+00	0.000000e+00	0.000000e+00	0.000000e+00	0.000000e+00	0.000000e+00	0.000000e+00	0.000000e+00	0.000000e+00	
1836.816165	1832.077825	1841.554505	179.454841	4.403666e-03	1.882626e-90	0.000000e+00	1.090596e-57	1.651605e-77	0.000000e+00	0.000000e+00	1.446661e-05	1.882626e-90	1.165975e-03	2.706013e-65	1.882626e-90	1.882626e-90	1.882626e-90	1.882626e-90	0.000000e+00	1.882626e-90	1.882626e-90	1.882626e-90	1.882626e-90	1.077459e-39	4.973207e-03	9.713204e-51	0.000000e+00	0.000000e+00	0.000000e+00	1.882626e-90	1.794758e-89	0.000000e+00	1.555929e-51	0.000000e+00	0.000000e+00	0.000000e+00	0.000000e+00	0.000000e+00	0.000000e+00	0.000000e+00	4.205841e-55	1.882626e-90	1.882626e-90	9.744987e-79	4.114573e-46	3.086409e-72	2.168056e-58	1.882626e-90	2.273221e-04	2.278657e-44	0.000000e+00	0.000000e+00	1.891690e-43	1.882626e-90	0.000000e+00	4.148108e-32	8.419281e-01	1.882626e-90	1.074479e-08	0.000000e+00	1.882626e-90	1.882626e-90	1.882626e-90	6.770772e-60	7.294048e-90	0.000000e+00	0.000000e+00	1.882626e-90	0.000000e+00	0.000000e+00	0.000000e+00	0.000000e+00	0.000000e+00	0.000000e+00	0.000000e+00	1.127154e-59	1.882626e-90	0.000000e+00	0.000000e+00	0.000000e+00	0.000000e+00	0.000000e+00	0.000000e+00	0.000000e+00	0.000000e+00	0.000000e+00	0.000000e+00	0.000000e+00	0.000000e+00	0.000000e+00	0.000000e+00	0.000000e+00	0.000000e+00	0.000000e+00	0.000000e+00	0.000000e+00	0.000000e+00	0.000000e+00	0.000000e+00	0.000000e+00	0.000000e+00	0.000000e+00	0.000000e+00	0.000000e+00	0.000000e+00	0.000000e+00	0.000000e+00	0.000000e+00	0.000000e+00	0.000000e+00	0.000000e+00	0.000000e+00	0.000000e+00	0.000000e+00	0.000000e+00	0.000000e+00	0.000000e+00	0.000000e+00	0.000000e+00	
1846.242368	1841.554505	1850.930232	177.457947	3.613869e-03	1.882652e-90	0.000000e+00	2.582736e-58	2.477772e-78	0.000000e+00	0.000000e+00	1.446661e-05	1.882652e-90	1.165939e-03	5.475111e-66	1.882652e-90	1.882652e-90	1.882652e-90	1.882652e-90	0.000000e+00	1.882652e-90	1.882652e-90	1.882652e-90	1.882652e-90	3.809833e-40	4.973018e-03	2.926754e-51	0.000000e+00	0.000000e+00	0.000000e+00	1.882652e-90	1.882652e-90	0.000000e+00	4.610235e-52	0.000000e+00	0.000000e+00	0.000000e+00	0.000000e+00	0.000000e+00	0.000000e+00	0.000000e+00	1.046054e-55	1.882652e-90	1.882652e-90	1.429998e-79	1.520995e-46	5.697012e-73	6.451244e-59	1.882652e-90	2.273366e-04	8.035861e-45	0.000000e+00	0.000000e+00	7.228095e-44	1.882652e-90	0.000000e+00	2.019814e-32	8.419256e-01	1.882652e-90	8.752070e-09	0.000000e+00	1.882652e-90	1.882652e-90	1.882652e-90	1.542600e-60	1.882652e-90	0.000000e+00	0.000000e+00	1.882652e-90	0.000000e+00	0.000000e+00	0.000000e+00	0.000000e+00	0.000000e+00	0.000000e+00	0.000000e+00	2.798807e-60	1.882652e-90	0.000000e+00	0.000000e+00	0.000000e+00	0.000000e+00	0.000000e+00	0.000000e+00	0.000000e+00	0.000000e+00	0.000000e+00	0.000000e+00	0.000000e+00	0.000000e+00	0.000000e+00	0.000000e+00	0.000000e+00	0.000000e+00	0.000000e+00	0.000000e+00	0.000000e+00	0.000000e+00	0.000000e+00	0.000000e+00	0.000000e+00	0.000000e+00	0.000000e+00	0.000000e+00	0.000000e+00	0.000000e+00	0.000000e+00	0.000000e+00	0.000000e+00	0.000000e+00	0.000000e+00	0.000000e+00	0.000000e+00	0.000000e+00	0.000000e+00	0.000000e+00	0.000000e+00	0.000000e+00	0.000000e+00	0.000000e+00	
1855.582625	1850.930232	1860.235019	175.586709	2.965723e-03	1.882576e-90	0.000000e+00	9.480887e-59	6.560597e-79	0.000000e+00	0.000000e+00	1.446661e-05	1.882576e-90	1.165902e-03	1.795451e-66	1.882576e-90	1.882576e-90	1.882576e-90	1.882576e-90	0.000000e+00	1.882576e-90	1.882576e-90	1.882576e-90	1.882576e-90	2.029686e-40	4.973809e-03	1.313891e-51	0.000000e+00	0.000000e+00	0.000000e+00	1.882576e-90	1.882576e-90	0.000000e+00	2.045777e-52	0.000000e+00	0.000000e+00	0.000000e+00	0.000000e+00	0.000000e+00	0.000000e+00	0.000000e+00	4.333752e-56	1.882576e-90	1.882576e-90	3.833843e-80	7.899466e-47	1.800186e-73	2.870761e-59	1.882576e-90	2.273313e-04	3.921623e-45	0.000000e+00	0.000000e+00	4.072468e-44	1.882576e-90	0.000000e+00	1.353489e-32	8.419316e-01	1.882576e-90	8.471211e-09	0.000000e+00	1.882576e-90	1.882576e-90	1.882576e-90	5.509301e-61	1.882576e-90	0.000000e+00	0.000000e+00	1.882576e-90	0.000000e+00	0.000000e+00	0.000000e+00	0.000000e+00	0.000000e+00	0.000000e+00	0.000000e+00	1.158774e-60	1.882576e-90	0.000000e+00	0.000000e+00	0.000000e+00	0.000000e+00	0.000000e+00	0.000000e+00	0.000000e+00	0.000000e+00	0.000000e+00	0.000000e+00	0.000000e+00	0.000000e+00	0.000000e+00	0.000000e+00	0.000000e+00	0.000000e+00	0.000000e+00	0.000000e+00	0.000000e+00	0.000000e+00	0.000000e+00	0.000000e+00	0.000000e+00	0.000000e+00	0.000000e+00	0.000000e+00	0.000000e+00	0.000000e+00	0.000000e+00	0.000000e+00	0.000000e+00	0.000000e+00	0.000000e+00	0.000000e+00	0.000000e+00	0.000000e+00	0.000000e+00	0.000000e+00	0.000000e+00	0.000000e+00	0.000000e+00	0.000000e+00	
1864.870381	1860.235019	1869.505743	174.571231	2.433821e-03	1.882620e-90	0.000000e+00	6.132185e-59	3.620831e-79	0.000000e+00	0.000000e+00	1.446661e-05	1.882620e-90	1.165863e-03	1.099316e-66	1.882620e-90	1.882620e-90	1.882620e-90	1.882620e-90	0.000000e+00	1.882620e-90	1.882620e-90	1.882620e-90	1.882620e-90	1.832783e-40	4.973716e-03	9.860695e-52	0.000000e+00	0.000000e+00	0.000000e+00	1.882620e-90	1.882620e-90	0.000000e+00	1.526652e-52	0.000000e+00	0.000000e+00	0.000000e+00	0.000000e+00	0.000000e+00	0.000000e+00	0.000000e+00	3.463619e-56	1.882620e-90	1.882620e-90	2.240169e-80	6.364798e-47	1.139357e-73	2.146088e-59	1.882620e-90	2.273526e-04	2.912891e-45	0.000000e+00	0.000000e+00	3.779821e-44	1.882620e-90	0.000000e+00	1.366427e-32	8.419283e-01	1.882620e-90	1.022360e-08	0.000000e+00	1.882620e-90	1.882620e-90	1.882620e-90	3.515914e-61	1.882620e-90	0.000000e+00	0.000000e+00	1.882620e-90	0.000000e+00	0.000000e+00	0.000000e+00	0.000000e+00	0.000000e+00	0.000000e+00	0.000000e+00	9.259907e-61	1.882620e-90	0.000000e+00	0.000000e+00	0.000000e+00	0.000000e+00	0.000000e+00	0.000000e+00	0.000000e+00	0.000000e+00	0.000000e+00	0.000000e+00	0.000000e+00	0.000000e+00	0.000000e+00	0.000000e+00	0.000000e+00	0.000000e+00	0.000000e+00	0.000000e+00	0.000000e+00	0.000000e+00	0.000000e+00	0.000000e+00	0.000000e+00	0.000000e+00	0.000000e+00	0.000000e+00	0.000000e+00	0.000000e+00	0.000000e+00	0.000000e+00	0.000000e+00	0.000000e+00	0.000000e+00	0.000000e+00	0.000000e+00	0.000000e+00	0.000000e+00	0.000000e+00	0.000000e+00	0.000000e+00	0.000000e+00	0.000000e+00	
1874.141175	1869.505743	1878.776607	175.377999	1.997316e-03	1.882640e-90	0.000000e+00	6.771391e-59	3.998753e-79	0.000000e+00	0.000000e+00	1.446661e-05	1.882640e-90	1.165951e-03	1.214041e-66	1.882640e-90	1.882640e-90	1.882640e-90	1.882640e-90	0.000000e+00	1.882640e-90	1.882640e-90	1.882640e-90	1.882640e-90	2.722468e-40	4.973927e-03	1.202017e-51	0.000000e+00	0.000000e+00	0.000000e+00	1.882640e-90	1.882640e-90	0.000000e+00	1.861023e-52	0.000000e+00	0.000000e+00	0.000000e+00	0.000000e+00	0.000000e+00	0.000000e+00	0.000000e+00	5.145597e-56	1.882640e-90	1.882640e-90	2.730718e-80	7.756296e-47	1.388823e-73	2.615789e-59	1.882640e-90	2.273303e-04	3.215945e-45	0.000000e+00	0.000000e+00	5.614019e-44	1.882640e-90	0.000000e+00	2.029648e-32	8.419270e-01	1.882640e-90	1.518503e-08	0.000000e+00	1.882640e-90	1.882640e-90	1.882640e-90	3.882607e-61	1.882640e-90	0.000000e+00	0.000000e+00	1.882640e-90	0.000000e+00	0.000000e+00	0.000000e+00	0.000000e+00	0.000000e+00	0.000000e+00	0.000000e+00	1.375701e-60	1.882640e-90	0.000000e+00	0.000000e+00	0.000000e+00	0.000000e+00	0.000000e+00	0.000000e+00	0.000000e+00	0.000000e+00	0.000000e+00	0.000000e+00	0.000000e+00	0.000000e+00	0.000000e+00	0.000000e+00	0.000000e+00	0.000000e+00	0.000000e+00	0.000000e+00	0.000000e+00	0.000000e+00	0.000000e+00	0.000000e+00	0.000000e+00	0.000000e+00	0.000000e+00	0.000000e+00	0.000000e+00	0.000000e+00	0.000000e+00	0.000000e+00	0.000000e+00	0.000000e+00	0.000000e+00	0.000000e+00	0.000000e+00	0.000000e+00	0.000000e+00	0.000000e+00	0.000000e+00	0.000000e+00	0.000000e+00	0.000000e+00	
1883.442336	1878.776607	1888.108065	176.846774	1.639098e-03	1.882659e-90	0.000000e+00	1.931576e-58	1.511935e-78	0.000000e+00	0.000000e+00	1.446661e-05	1.882659e-90	1.165842e-03	3.816733e-66	1.882659e-90	1.882659e-90	1.882659e-90	1.882659e-90	0.000000e+00	1.882659e-90	1.882659e-90	1.882659e-90	1.882659e-90	9.777607e-40	4.972661e-03	3.463588e-51	0.000000e+00	0.000000e+00	0.000000e+00	1.882659e-90	2.773351e-90	0.000000e+00	5.415345e-52	0.000000e+00	0.000000e+00	0.000000e+00	0.000000e+00	0.000000e+00	0.000000e+00	0.000000e+00	2.295085e-55	1.882659e-90	1.882659e-90	1.227798e-79	1.971549e-46	5.418805e-73	7.594499e-59	1.882659e-90	2.273453e-04	7.176642e-45	0.000000e+00	0.000000e+00	1.920848e-43	1.882659e-90	0.000000e+00	5.979805e-32	8.419262e-01	1.882659e-90	3.258016e-08	0.000000e+00	1.882659e-90	1.882659e-90	1.882659e-90	1.133920e-60	1.882659e-90	0.000000e+00	0.000000e+00	1.882659e-90	0.000000e+00	0.000000e+00	0.000000e+00	0.000000e+00	0.000000e+00	0.000000e+00	0.000000e+00	6.138114e-60	1.882659e-90	0.000000e+00	0.000000e+00	0.000000e+00	0.000000e+00	0.000000e+00	0.000000e+00	0.000000e+00	0.000000e+00	0.000000e+00	0.000000e+00	0.000000e+00	0.000000e+00	0.000000e+00	0.000000e+00	0.000000e+00	0.000000e+00	0.000000e+00	0.000000e+00	0.000000e+00	0.000000e+00	0.000000e+00	0.000000e+00	0.000000e+00	0.000000e+00	0.000000e+00	0.000000e+00	0.000000e+00	0.000000e+00	0.000000e+00	0.000000e+00	0.000000e+00	0.000000e+00	0.000000e+00	0.000000e+00	0.000000e+00	0.000000e+00	0.000000e+00	0.000000e+00	0.000000e+00	0.000000e+00	0.000000e+00	0.000000e+00	
1892.775526	1888.108065	1897.442987	174.367861	1.345126e-03	1.882629e-90	0.000000e+00	2.250937e-58	1.790443e-78	0.000000e+00	0.000000e+00	1.446661e-05	1.882629e-90	1.165732e-03	4.472104e-66	1.882629e-90	1.882629e-90	1.882629e-90	1.882629e-90	0.000000e+00	1.882629e-90	1.882629e-90	1.882629e-90	1.882629e-90	1.527307e-39	4.973914e-03	4.434182e-51	0.000000e+00	0.000000e+00	0.000000e+00	1.882629e-90	4.524092e-90	0.000000e+00	6.938727e-52	0.000000e+00	0.000000e+00	0.000000e+00	0.000000e+00	0.000000e+00	0.000000e+00	0.000000e+00	3.629367e-55	1.882629e-90	1.882629e-90	1.611727e-79	2.504977e-46	7.055835e-73	9.723419e-59	1.882629e-90	2.273273e-04	8.246157e-45	0.000000e+00	0.000000e+00	2.991944e-43	1.882629e-90	0.000000e+00	9.235716e-32	8.419275e-01	1.882629e-90	4.939638e-08	0.000000e+00	1.882629e-90	1.882629e-90	1.882629e-90	1.323527e-60	1.882629e-90	0.000000e+00	0.000000e+00	1.882629e-90	0.000000e+00	0.000000e+00	0.000000e+00	0.000000e+00	0.000000e+00	0.000000e+00	0.000000e+00	9.706736e-60	1.882629e-90	0.000000e+00	0.000000e+00	0.000000e+00	0.000000e+00	0.000000e+00	0.000000e+00	0.000000e+00	0.000000e+00	0.000000e+00	0.000000e+00	0.000000e+00	0.000000e+00	0.000000e+00	0.000000e+00	0.000000e+00	0.000000e+00	0.000000e+00	0.000000e+00	0.000000e+00	0.000000e+00	0.000000e+00	0.000000e+00	0.000000e+00	0.000000e+00	0.000000e+00	0.000000e+00	0.000000e+00	0.000000e+00	0.000000e+00	0.000000e+00	0.000000e+00	0.000000e+00	0.000000e+00	0.000000e+00	0.000000e+00	0.000000e+00	0.000000e+00	0.000000e+00	0.000000e+00	0.000000e+00	0.000000e+00	0.000000e+00	
1902.087630	1897.442987	1906.732273	171.768883	1.103878e-03	1.882925e-90	0.000000e+00	1.218318e-58	7.844600e-79	0.000000e+00	0.000000e+00	1.446661e-05	1.882925e-90	1.165981e-03	2.250587e-66	1.882925e-90	1.882925e-90	1.882925e-90	1.882925e-90	0.000000e+00	1.882925e-90	1.882925e-90	1.882925e-90	1.882925e-90	1.168718e-39	4.974917e-03	2.832245e-51	0.000000e+00	0.000000e+00	0.000000e+00	1.882925e-90	1.963977e-90	0.000000e+00	4.398854e-52	0.000000e+00	0.000000e+00	0.000000e+00	0.000000e+00	0.000000e+00	0.000000e+00	0.000000e+00	2.360363e-55	1.882925e-90	1.882925e-90	7.372213e-80	1.758511e-46	3.590486e-73	6.177623e-59	1.882925e-90	2.273675e-04	5.367830e-45	0.000000e+00	0.000000e+00	2.374811e-43	1.882925e-90	0.000000e+00	8.200981e-32	8.419019e-01	1.882925e-90	5.565150e-08	0.000000e+00	1.882925e-90	1.882925e-90	1.882925e-90	7.038357e-61	1.882925e-90	0.000000e+00	0.000000e+00	1.882925e-90	0.000000e+00	0.000000e+00	0.000000e+00	0.000000e+00	0.000000e+00	0.000000e+00	0.000000e+00	6.311919e-60	1.882925e-90	0.000000e+00	0.000000e+00	0.000000e+00	0.000000e+00	0.000000e+00	0.000000e+00	0.000000e+00	0.000000e+00	0.000000e+00	0.000000e+00	0.000000e+00	0.000000e+00	0.000000e+00	0.000000e+00	0.000000e+00	0.000000e+00	0.000000e+00	0.000000e+00	0.000000e+00	0.000000e+00	0.000000e+00	0.000000e+00	0.000000e+00	0.000000e+00	0.000000e+00	0.000000e+00	0.000000e+00	0.000000e+00	0.000000e+00	0.000000e+00	0.000000e+00	0.000000e+00	0.000000e+00	0.000000e+00	0.000000e+00	0.000000e+00	0.000000e+00	0.000000e+00	0.000000e+00	0.000000e+00	0.000000e+00	0.000000e+00	
