z		z0		z1		T		P		1		2		3		4		5		6		7		8		9		10		11		12		13		14		15		16		17		18		19		20		21		22		23		24		25		26		27		28		29		30		31		32		33		34		35		36		37		38		39		40		41		42		43		44		45		46		47		48		49		50		51		52		53		54		55		56		57		58		59		60		61		62		63		64		65		66		67		68		69		70		71		72		73		74		75		76		77		78		79		80		81		82		83		84		85		86		87		88		89		90		91		92		93		94		95		96		97		98		99		100		101		102		103		104		105		106		107		108		109		110		111		112		113		114		115		
km		km		km		K		Pa		
26.953322	0.000000	53.906644	1024.409277	1.811795e+07	3.156926e-24	0.000000e+00	2.892204e-10	8.112223e-15	0.000000e+00	0.000000e+00	8.443959e-03	1.056257e-24	8.585251e-04	3.574255e-13	2.273007e-24	1.825112e-19	3.107737e-32	1.411881e-50	0.000000e+00	6.373228e-22	2.008859e-28	7.069070e-42	1.210024e-34	1.108897e-07	4.972151e-03	2.141290e-11	0.000000e+00	0.000000e+00	0.000000e+00	4.156132e-42	6.358741e-16	0.000000e+00	2.399190e-11	0.000000e+00	0.000000e+00	0.000000e+00	0.000000e+00	0.000000e+00	0.000000e+00	0.000000e+00	4.562924e-11	6.938885e-24	2.124879e-25	1.794118e-16	3.455422e-14	4.889824e-17	1.871642e-17	4.446798e-29	2.272787e-04	1.795056e-10	0.000000e+00	0.000000e+00	9.493817e-13	4.238733e-18	0.000000e+00	1.460646e-09	8.421255e-01	1.737686e-26	1.535430e-04	0.000000e+00	7.992941e-21	1.417796e-29	6.410411e-21	3.677998e-11	1.285387e-16	0.000000e+00	0.000000e+00	6.432723e-26	0.000000e+00	0.000000e+00	0.000000e+00	0.000000e+00	0.000000e+00	0.000000e+00	0.000000e+00	2.782661e-14	2.120541e-31	0.000000e+00	0.000000e+00	0.000000e+00	0.000000e+00	0.000000e+00	0.000000e+00	0.000000e+00	0.000000e+00	0.000000e+00	0.000000e+00	0.000000e+00	0.000000e+00	0.000000e+00	0.000000e+00	0.000000e+00	0.000000e+00	0.000000e+00	0.000000e+00	0.000000e+00	0.000000e+00	0.000000e+00	0.000000e+00	0.000000e+00	0.000000e+00	0.000000e+00	0.000000e+00	0.000000e+00	0.000000e+00	0.000000e+00	0.000000e+00	0.000000e+00	0.000000e+00	0.000000e+00	0.000000e+00	0.000000e+00	0.000000e+00	0.000000e+00	0.000000e+00	0.000000e+00	0.000000e+00	0.000000e+00	0.000000e+00	
79.601960	53.906644	105.297275	976.596307	1.486850e+07	2.144481e-25	0.000000e+00	8.844688e-11	1.721652e-15	0.000000e+00	0.000000e+00	8.444537e-03	6.953292e-26	9.015976e-04	1.040222e-13	2.878337e-25	2.652950e-20	1.507527e-33	1.283098e-52	0.000000e+00	8.099566e-23	1.680018e-29	1.934382e-43	1.705017e-36	4.464102e-08	4.972335e-03	7.609349e-12	0.000000e+00	0.000000e+00	0.000000e+00	2.133382e-44	9.234056e-17	0.000000e+00	8.301435e-12	0.000000e+00	0.000000e+00	0.000000e+00	0.000000e+00	0.000000e+00	0.000000e+00	0.000000e+00	1.425090e-11	4.262947e-25	1.489738e-26	3.754266e-17	1.490882e-14	1.195144e-17	6.197234e-18	6.137191e-30	2.272872e-04	7.691921e-11	0.000000e+00	0.000000e+00	3.809818e-13	6.472937e-19	0.000000e+00	7.127202e-10	8.420970e-01	1.210531e-27	1.320347e-04	0.000000e+00	8.517655e-22	3.754740e-31	5.174879e-22	1.098241e-11	1.961857e-17	0.000000e+00	0.000000e+00	2.446168e-27	0.000000e+00	0.000000e+00	0.000000e+00	0.000000e+00	0.000000e+00	0.000000e+00	0.000000e+00	8.149302e-15	3.962570e-32	0.000000e+00	0.000000e+00	0.000000e+00	0.000000e+00	0.000000e+00	0.000000e+00	0.000000e+00	0.000000e+00	0.000000e+00	0.000000e+00	0.000000e+00	0.000000e+00	0.000000e+00	0.000000e+00	0.000000e+00	0.000000e+00	0.000000e+00	0.000000e+00	0.000000e+00	0.000000e+00	0.000000e+00	0.000000e+00	0.000000e+00	0.000000e+00	0.000000e+00	0.000000e+00	0.000000e+00	0.000000e+00	0.000000e+00	0.000000e+00	0.000000e+00	0.000000e+00	0.000000e+00	0.000000e+00	0.000000e+00	0.000000e+00	0.000000e+00	0.000000e+00	0.000000e+00	0.000000e+00	0.000000e+00	0.000000e+00	
129.725335	105.297275	154.153396	928.433524	1.220184e+07	1.057666e-26	0.000000e+00	2.346901e-11	3.042359e-16	0.000000e+00	0.000000e+00	8.444892e-03	3.273644e-27	9.519349e-04	2.608501e-14	2.777103e-26	3.012881e-21	5.061178e-35	6.711973e-55	0.000000e+00	8.009772e-24	1.045393e-30	3.483883e-45	1.430726e-38	1.554995e-08	4.972800e-03	2.359536e-12	0.000000e+00	0.000000e+00	0.000000e+00	5.699377e-47	1.036557e-17	0.000000e+00	2.499444e-12	0.000000e+00	0.000000e+00	0.000000e+00	0.000000e+00	0.000000e+00	0.000000e+00	0.000000e+00	3.744500e-12	1.816835e-26	7.368358e-28	6.460249e-18	5.732643e-15	2.445296e-18	1.778822e-18	6.672763e-31	2.272965e-04	2.966678e-11	0.000000e+00	0.000000e+00	1.324368e-13	7.673384e-20	0.000000e+00	3.079803e-10	8.420651e-01	6.141510e-29	1.068795e-04	0.000000e+00	6.919772e-23	6.422251e-33	3.087145e-23	2.834665e-12	2.351428e-18	0.000000e+00	0.000000e+00	6.119950e-29	0.000000e+00	0.000000e+00	0.000000e+00	0.000000e+00	0.000000e+00	0.000000e+00	0.000000e+00	1.995301e-15	6.188879e-33	0.000000e+00	0.000000e+00	0.000000e+00	0.000000e+00	0.000000e+00	0.000000e+00	0.000000e+00	0.000000e+00	0.000000e+00	0.000000e+00	0.000000e+00	0.000000e+00	0.000000e+00	0.000000e+00	0.000000e+00	0.000000e+00	0.000000e+00	0.000000e+00	0.000000e+00	0.000000e+00	0.000000e+00	0.000000e+00	0.000000e+00	0.000000e+00	0.000000e+00	0.000000e+00	0.000000e+00	0.000000e+00	0.000000e+00	0.000000e+00	0.000000e+00	0.000000e+00	0.000000e+00	0.000000e+00	0.000000e+00	0.000000e+00	0.000000e+00	0.000000e+00	0.000000e+00	0.000000e+00	0.000000e+00	0.000000e+00	
177.393225	154.153396	200.633055	883.268882	1.001344e+07	4.643484e-28	0.000000e+00	5.915757e-12	5.029095e-17	0.000000e+00	0.000000e+00	8.445404e-03	1.353185e-28	9.991054e-04	6.143260e-15	2.391720e-27	3.103844e-22	1.475480e-36	2.854221e-57	0.000000e+00	7.173947e-25	5.803235e-32	5.358465e-47	9.930163e-41	5.139757e-09	4.972923e-03	6.964782e-13	0.000000e+00	0.000000e+00	0.000000e+00	1.198499e-49	1.059779e-18	0.000000e+00	7.156199e-13	0.000000e+00	0.000000e+00	0.000000e+00	0.000000e+00	0.000000e+00	0.000000e+00	0.000000e+00	9.168657e-13	6.719211e-28	3.187188e-29	1.035203e-18	2.113936e-15	4.691533e-19	4.854005e-19	6.668361e-32	2.273046e-04	1.100998e-11	0.000000e+00	0.000000e+00	4.374831e-14	8.291016e-21	0.000000e+00	1.275259e-10	8.420323e-01	2.777409e-30	8.334127e-05	0.000000e+00	5.049817e-24	9.359105e-35	1.648109e-24	6.935027e-13	2.580809e-19	0.000000e+00	0.000000e+00	1.313627e-30	0.000000e+00	0.000000e+00	0.000000e+00	0.000000e+00	0.000000e+00	0.000000e+00	0.000000e+00	4.545410e-16	9.100729e-34	0.000000e+00	0.000000e+00	0.000000e+00	0.000000e+00	0.000000e+00	0.000000e+00	0.000000e+00	0.000000e+00	0.000000e+00	0.000000e+00	0.000000e+00	0.000000e+00	0.000000e+00	0.000000e+00	0.000000e+00	0.000000e+00	0.000000e+00	0.000000e+00	0.000000e+00	0.000000e+00	0.000000e+00	0.000000e+00	0.000000e+00	0.000000e+00	0.000000e+00	0.000000e+00	0.000000e+00	0.000000e+00	0.000000e+00	0.000000e+00	0.000000e+00	0.000000e+00	0.000000e+00	0.000000e+00	0.000000e+00	0.000000e+00	0.000000e+00	0.000000e+00	0.000000e+00	0.000000e+00	0.000000e+00	0.000000e+00	
222.810605	200.633055	244.988155	842.893049	8.217531e+06	2.148514e-29	0.000000e+00	1.526939e-12	8.564005e-18	0.000000e+00	0.000000e+00	8.445442e-03	5.846986e-30	1.037066e-03	1.465991e-15	2.113842e-28	3.296584e-23	4.526063e-38	1.318304e-59	0.000000e+00	6.627612e-26	3.353267e-33	8.764465e-49	7.489953e-43	1.740278e-09	4.973115e-03	2.103418e-13	0.000000e+00	0.000000e+00	0.000000e+00	2.798171e-52	1.131007e-19	0.000000e+00	2.097733e-13	0.000000e+00	0.000000e+00	0.000000e+00	0.000000e+00	0.000000e+00	0.000000e+00	0.000000e+00	2.287333e-13	2.608513e-29	1.446775e-30	1.712605e-19	7.944802e-16	9.271658e-20	1.358568e-19	6.953633e-33	2.273140e-04	4.155920e-12	0.000000e+00	0.000000e+00	1.482509e-14	9.331297e-22	0.000000e+00	5.399321e-11	8.420104e-01	1.323476e-31	6.435546e-05	0.000000e+00	3.809892e-25	1.462832e-36	9.232699e-26	1.736486e-13	2.946650e-20	0.000000e+00	0.000000e+00	3.016705e-32	0.000000e+00	0.000000e+00	0.000000e+00	0.000000e+00	0.000000e+00	0.000000e+00	0.000000e+00	1.057125e-16	1.388248e-34	0.000000e+00	0.000000e+00	0.000000e+00	0.000000e+00	0.000000e+00	0.000000e+00	0.000000e+00	0.000000e+00	0.000000e+00	0.000000e+00	0.000000e+00	0.000000e+00	0.000000e+00	0.000000e+00	0.000000e+00	0.000000e+00	0.000000e+00	0.000000e+00	0.000000e+00	0.000000e+00	0.000000e+00	0.000000e+00	0.000000e+00	0.000000e+00	0.000000e+00	0.000000e+00	0.000000e+00	0.000000e+00	0.000000e+00	0.000000e+00	0.000000e+00	0.000000e+00	0.000000e+00	0.000000e+00	0.000000e+00	0.000000e+00	0.000000e+00	0.000000e+00	0.000000e+00	0.000000e+00	0.000000e+00	0.000000e+00	
266.238801	244.988155	287.489446	807.666973	6.743719e+06	1.156907e-30	0.000000e+00	4.217013e-13	1.590100e-18	0.000000e+00	0.000000e+00	8.446066e-03	2.935808e-31	1.065128e-03	3.719650e-16	2.095237e-29	3.905327e-24	1.641193e-39	7.867653e-62	0.000000e+00	6.841179e-27	2.215754e-34	1.739965e-50	7.206664e-45	6.314160e-10	4.973373e-03	6.781012e-14	0.000000e+00	0.000000e+00	0.000000e+00	8.876969e-55	1.364623e-20	0.000000e+00	6.573491e-14	0.000000e+00	0.000000e+00	0.000000e+00	0.000000e+00	0.000000e+00	0.000000e+00	0.000000e+00	6.147282e-14	1.192930e-30	7.696900e-32	3.107620e-20	3.153796e-16	1.994488e-20	4.078197e-20	8.151466e-34	2.273246e-04	1.648364e-12	0.000000e+00	0.000000e+00	5.389911e-15	1.183149e-22	0.000000e+00	2.428317e-11	8.419884e-01	7.332180e-33	5.036490e-05	0.000000e+00	3.238709e-26	2.807177e-38	5.959334e-27	4.655248e-14	3.772354e-21	0.000000e+00	0.000000e+00	8.437341e-34	0.000000e+00	0.000000e+00	0.000000e+00	0.000000e+00	0.000000e+00	0.000000e+00	0.000000e+00	2.659659e-17	2.324643e-35	0.000000e+00	0.000000e+00	0.000000e+00	0.000000e+00	0.000000e+00	0.000000e+00	0.000000e+00	0.000000e+00	0.000000e+00	0.000000e+00	0.000000e+00	0.000000e+00	0.000000e+00	0.000000e+00	0.000000e+00	0.000000e+00	0.000000e+00	0.000000e+00	0.000000e+00	0.000000e+00	0.000000e+00	0.000000e+00	0.000000e+00	0.000000e+00	0.000000e+00	0.000000e+00	0.000000e+00	0.000000e+00	0.000000e+00	0.000000e+00	0.000000e+00	0.000000e+00	0.000000e+00	0.000000e+00	0.000000e+00	0.000000e+00	0.000000e+00	0.000000e+00	0.000000e+00	0.000000e+00	0.000000e+00	0.000000e+00	
307.935182	287.489446	328.380917	777.075073	5.534234e+06	7.474257e-32	0.000000e+00	1.263129e-13	3.275631e-19	0.000000e+00	0.000000e+00	8.446002e-03	1.774153e-32	1.085064e-03	1.021019e-16	2.403959e-30	5.298472e-25	7.305815e-41	6.410903e-64	0.000000e+00	8.104490e-28	1.726596e-35	4.373349e-52	9.296663e-47	2.488508e-10	4.973231e-03	2.363502e-14	0.000000e+00	0.000000e+00	0.000000e+00	4.073954e-57	1.907532e-21	0.000000e+00	2.231010e-14	0.000000e+00	0.000000e+00	0.000000e+00	0.000000e+00	0.000000e+00	0.000000e+00	0.000000e+00	1.814620e-14	6.675730e-32	4.975019e-33	6.301773e-21	1.336886e-16	4.749201e-21	1.330327e-20	1.098070e-34	2.273268e-04	6.939366e-13	0.000000e+00	0.000000e+00	2.130493e-15	1.731483e-23	0.000000e+00	1.172938e-11	8.419774e-01	4.866566e-34	4.041529e-05	0.000000e+00	3.193517e-27	6.897309e-40	4.562524e-28	1.354943e-14	5.540733e-22	0.000000e+00	0.000000e+00	2.991477e-35	0.000000e+00	0.000000e+00	0.000000e+00	0.000000e+00	0.000000e+00	0.000000e+00	0.000000e+00	7.383091e-18	4.340908e-36	0.000000e+00	0.000000e+00	0.000000e+00	0.000000e+00	0.000000e+00	0.000000e+00	0.000000e+00	0.000000e+00	0.000000e+00	0.000000e+00	0.000000e+00	0.000000e+00	0.000000e+00	0.000000e+00	0.000000e+00	0.000000e+00	0.000000e+00	0.000000e+00	0.000000e+00	0.000000e+00	0.000000e+00	0.000000e+00	0.000000e+00	0.000000e+00	0.000000e+00	0.000000e+00	0.000000e+00	0.000000e+00	0.000000e+00	0.000000e+00	0.000000e+00	0.000000e+00	0.000000e+00	0.000000e+00	0.000000e+00	0.000000e+00	0.000000e+00	0.000000e+00	0.000000e+00	0.000000e+00	0.000000e+00	0.000000e+00	
348.145796	328.380917	367.910675	751.196464	4.541670e+06	6.305758e-33	0.000000e+00	4.260238e-14	7.858816e-20	0.000000e+00	0.000000e+00	8.446200e-03	1.413898e-33	1.097935e-03	3.162690e-17	3.449920e-31	8.812971e-26	4.413451e-42	8.278453e-66	0.000000e+00	1.180839e-28	1.720632e-36	1.559077e-53	1.844341e-48	1.107103e-10	4.973529e-03	9.235430e-15	0.000000e+00	0.000000e+00	0.000000e+00	3.215483e-59	3.307633e-22	0.000000e+00	8.510620e-15	0.000000e+00	0.000000e+00	0.000000e+00	0.000000e+00	0.000000e+00	0.000000e+00	0.000000e+00	6.176430e-15	5.050271e-33	4.297096e-34	1.503944e-21	6.239017e-17	1.312165e-21	4.898024e-21	1.810789e-35	2.273312e-04	3.188389e-13	0.000000e+00	0.000000e+00	9.511809e-16	3.127711e-24	0.000000e+00	6.285036e-12	8.419695e-01	4.208856e-35	3.397685e-05	0.000000e+00	3.935310e-28	2.436111e-41	4.489040e-29	4.450509e-15	9.954936e-23	0.000000e+00	0.000000e+00	1.502362e-36	0.000000e+00	0.000000e+00	0.000000e+00	0.000000e+00	0.000000e+00	0.000000e+00	0.000000e+00	2.377988e-18	9.480344e-37	0.000000e+00	0.000000e+00	0.000000e+00	0.000000e+00	0.000000e+00	0.000000e+00	0.000000e+00	0.000000e+00	0.000000e+00	0.000000e+00	0.000000e+00	0.000000e+00	0.000000e+00	0.000000e+00	0.000000e+00	0.000000e+00	0.000000e+00	0.000000e+00	0.000000e+00	0.000000e+00	0.000000e+00	0.000000e+00	0.000000e+00	0.000000e+00	0.000000e+00	0.000000e+00	0.000000e+00	0.000000e+00	0.000000e+00	0.000000e+00	0.000000e+00	0.000000e+00	0.000000e+00	0.000000e+00	0.000000e+00	0.000000e+00	0.000000e+00	0.000000e+00	0.000000e+00	0.000000e+00	0.000000e+00	0.000000e+00	
387.105483	367.910675	406.300291	729.528424	3.727123e+06	7.106758e-34	0.000000e+00	1.634287e-14	2.224634e-20	0.000000e+00	0.000000e+00	8.446143e-03	1.525301e-34	1.105530e-03	1.119958e-17	6.339499e-32	1.832758e-26	3.721369e-43	1.764916e-67	0.000000e+00	2.158729e-29	2.243532e-37	8.133960e-55	5.838796e-50	5.615367e-11	4.973432e-03	4.083753e-15	0.000000e+00	0.000000e+00	0.000000e+00	4.572071e-61	7.242609e-23	0.000000e+00	3.683568e-15	0.000000e+00	0.000000e+00	0.000000e+00	0.000000e+00	0.000000e+00	0.000000e+00	0.000000e+00	2.458735e-15	5.312642e-34	5.093170e-35	4.283119e-22	3.231342e-17	4.259297e-22	2.055162e-21	3.715107e-36	2.273234e-04	1.610827e-13	0.000000e+00	0.000000e+00	4.842678e-16	7.099164e-25	0.000000e+00	3.765769e-12	8.419652e-01	4.850357e-36	3.018330e-05	0.000000e+00	6.193119e-29	1.276021e-42	5.799572e-30	1.666768e-15	2.225247e-23	0.000000e+00	0.000000e+00	1.100798e-37	0.000000e+00	0.000000e+00	0.000000e+00	0.000000e+00	0.000000e+00	0.000000e+00	0.000000e+00	9.015890e-19	2.449210e-37	0.000000e+00	0.000000e+00	0.000000e+00	0.000000e+00	0.000000e+00	0.000000e+00	0.000000e+00	0.000000e+00	0.000000e+00	0.000000e+00	0.000000e+00	0.000000e+00	0.000000e+00	0.000000e+00	0.000000e+00	0.000000e+00	0.000000e+00	0.000000e+00	0.000000e+00	0.000000e+00	0.000000e+00	0.000000e+00	0.000000e+00	0.000000e+00	0.000000e+00	0.000000e+00	0.000000e+00	0.000000e+00	0.000000e+00	0.000000e+00	0.000000e+00	0.000000e+00	0.000000e+00	0.000000e+00	0.000000e+00	0.000000e+00	0.000000e+00	0.000000e+00	0.000000e+00	0.000000e+00	0.000000e+00	0.000000e+00	
425.001796	406.300291	443.703300	710.781421	3.058664e+06	9.827435e-35	0.000000e+00	6.865991e-15	7.078042e-21	0.000000e+00	0.000000e+00	8.446293e-03	2.039187e-35	1.110059e-03	4.361930e-18	1.389104e-32	4.465965e-27	3.974073e-44	5.365766e-69	0.000000e+00	4.635655e-30	3.539662e-38	5.557609e-56	2.571433e-51	3.124997e-11	4.973375e-03	1.970812e-15	0.000000e+00	0.000000e+00	0.000000e+00	9.853383e-63	1.870294e-23	0.000000e+00	1.743327e-15	0.000000e+00	0.000000e+00	0.000000e+00	0.000000e+00	0.000000e+00	0.000000e+00	0.000000e+00	1.094103e-15	7.059107e-35	7.554726e-36	1.382097e-22	1.801739e-17	1.549437e-22	9.459140e-22	8.895851e-37	2.273281e-04	8.703273e-14	0.000000e+00	0.000000e+00	2.705842e-16	1.893694e-25	0.000000e+00	2.442031e-12	8.419622e-01	6.846477e-37	2.791613e-05	0.000000e+00	1.159157e-29	8.828953e-44	9.082614e-31	6.848730e-16	5.804674e-24	0.000000e+00	0.000000e+00	1.053326e-38	0.000000e+00	0.000000e+00	0.000000e+00	0.000000e+00	0.000000e+00	0.000000e+00	0.000000e+00	3.838726e-19	7.126744e-38	0.000000e+00	0.000000e+00	0.000000e+00	0.000000e+00	0.000000e+00	0.000000e+00	0.000000e+00	0.000000e+00	0.000000e+00	0.000000e+00	0.000000e+00	0.000000e+00	0.000000e+00	0.000000e+00	0.000000e+00	0.000000e+00	0.000000e+00	0.000000e+00	0.000000e+00	0.000000e+00	0.000000e+00	0.000000e+00	0.000000e+00	0.000000e+00	0.000000e+00	0.000000e+00	0.000000e+00	0.000000e+00	0.000000e+00	0.000000e+00	0.000000e+00	0.000000e+00	0.000000e+00	0.000000e+00	0.000000e+00	0.000000e+00	0.000000e+00	0.000000e+00	0.000000e+00	0.000000e+00	0.000000e+00	0.000000e+00	
461.935229	443.703300	480.167157	692.935345	2.510093e+06	1.353289e-35	0.000000e+00	2.879513e-15	2.246424e-21	0.000000e+00	0.000000e+00	8.446114e-03	2.713412e-36	1.114307e-03	1.694560e-18	3.033554e-33	1.084674e-27	4.224032e-45	1.620463e-70	0.000000e+00	9.920484e-31	5.565094e-39	3.779308e-57	1.124480e-52	1.736635e-11	4.973585e-03	9.497680e-16	0.000000e+00	0.000000e+00	0.000000e+00	2.105018e-64	4.816562e-24	0.000000e+00	8.240001e-16	0.000000e+00	0.000000e+00	0.000000e+00	0.000000e+00	0.000000e+00	0.000000e+00	0.000000e+00	4.858783e-16	9.331997e-36	1.116100e-36	4.448448e-23	1.003288e-17	5.624516e-23	4.348693e-22	2.125989e-37	2.273315e-04	4.695677e-14	0.000000e+00	0.000000e+00	1.510512e-16	5.035523e-26	0.000000e+00	1.582713e-12	8.419596e-01	9.625207e-38	2.579722e-05	0.000000e+00	2.160791e-30	6.072025e-45	1.416473e-31	2.808627e-16	1.509794e-24	0.000000e+00	0.000000e+00	1.002525e-39	0.000000e+00	0.000000e+00	0.000000e+00	0.000000e+00	0.000000e+00	0.000000e+00	0.000000e+00	1.631563e-19	2.073472e-38	0.000000e+00	0.000000e+00	0.000000e+00	0.000000e+00	0.000000e+00	0.000000e+00	0.000000e+00	0.000000e+00	0.000000e+00	0.000000e+00	0.000000e+00	0.000000e+00	0.000000e+00	0.000000e+00	0.000000e+00	0.000000e+00	0.000000e+00	0.000000e+00	0.000000e+00	0.000000e+00	0.000000e+00	0.000000e+00	0.000000e+00	0.000000e+00	0.000000e+00	0.000000e+00	0.000000e+00	0.000000e+00	0.000000e+00	0.000000e+00	0.000000e+00	0.000000e+00	0.000000e+00	0.000000e+00	0.000000e+00	0.000000e+00	0.000000e+00	0.000000e+00	0.000000e+00	0.000000e+00	0.000000e+00	0.000000e+00	
497.915250	480.167157	515.663343	674.543797	2.059909e+06	1.546445e-36	0.000000e+00	1.111749e-15	6.408254e-22	0.000000e+00	0.000000e+00	8.446501e-03	2.964886e-37	1.120025e-03	6.024444e-19	5.639503e-34	2.278598e-28	3.619211e-46	3.544226e-72	0.000000e+00	1.831718e-31	7.357490e-40	2.012549e-58	3.634839e-54	8.877218e-12	4.973487e-03	4.229484e-16	0.000000e+00	0.000000e+00	0.000000e+00	3.074002e-66	1.068193e-24	0.000000e+00	3.592741e-16	0.000000e+00	0.000000e+00	0.000000e+00	0.000000e+00	0.000000e+00	0.000000e+00	0.000000e+00	1.948902e-16	9.954034e-37	1.344594e-37	1.277580e-23	5.225608e-18	1.841291e-23	1.841126e-22	4.426942e-38	2.273321e-04	2.382736e-14	0.000000e+00	0.000000e+00	7.763516e-17	1.155784e-26	0.000000e+00	9.567379e-13	8.419544e-01	1.125188e-38	2.295209e-05	0.000000e+00	3.432651e-31	3.235975e-46	1.851893e-32	1.058009e-16	3.412750e-25	0.000000e+00	0.000000e+00	7.478050e-41	0.000000e+00	0.000000e+00	0.000000e+00	0.000000e+00	0.000000e+00	0.000000e+00	0.000000e+00	6.243175e-20	5.443590e-39	0.000000e+00	0.000000e+00	0.000000e+00	0.000000e+00	0.000000e+00	0.000000e+00	0.000000e+00	0.000000e+00	0.000000e+00	0.000000e+00	0.000000e+00	0.000000e+00	0.000000e+00	0.000000e+00	0.000000e+00	0.000000e+00	0.000000e+00	0.000000e+00	0.000000e+00	0.000000e+00	0.000000e+00	0.000000e+00	0.000000e+00	0.000000e+00	0.000000e+00	0.000000e+00	0.000000e+00	0.000000e+00	0.000000e+00	0.000000e+00	0.000000e+00	0.000000e+00	0.000000e+00	0.000000e+00	0.000000e+00	0.000000e+00	0.000000e+00	0.000000e+00	0.000000e+00	0.000000e+00	0.000000e+00	0.000000e+00	
532.895161	515.663343	550.126979	654.924559	1.690464e+06	1.304324e-37	0.000000e+00	3.751684e-16	1.536479e-22	0.000000e+00	0.000000e+00	8.446124e-03	2.349920e-38	1.127559e-03	1.853159e-19	8.055500e-35	3.777050e-29	2.181375e-47	4.579201e-74	0.000000e+00	2.657999e-32	7.328894e-41	7.188747e-60	7.187797e-56	3.960188e-12	4.973580e-03	1.656050e-16	0.000000e+00	0.000000e+00	0.000000e+00	2.418270e-68	1.857802e-25	0.000000e+00	1.373929e-16	0.000000e+00	0.000000e+00	0.000000e+00	0.000000e+00	0.000000e+00	0.000000e+00	0.000000e+00	6.620561e-17	7.485573e-38	1.161358e-38	3.048264e-24	2.441273e-18	5.093708e-24	6.812600e-23	7.359825e-39	2.273322e-04	1.094277e-14	0.000000e+00	0.000000e+00	3.487040e-17	2.088317e-27	0.000000e+00	5.160532e-13	8.419532e-01	9.737929e-40	1.917539e-05	0.000000e+00	4.201868e-32	1.139183e-47	1.817665e-33	3.471723e-17	6.138518e-26	0.000000e+00	0.000000e+00	3.753197e-42	0.000000e+00	0.000000e+00	0.000000e+00	0.000000e+00	0.000000e+00	0.000000e+00	0.000000e+00	2.011954e-20	1.207272e-39	0.000000e+00	0.000000e+00	0.000000e+00	0.000000e+00	0.000000e+00	0.000000e+00	0.000000e+00	0.000000e+00	0.000000e+00	0.000000e+00	0.000000e+00	0.000000e+00	0.000000e+00	0.000000e+00	0.000000e+00	0.000000e+00	0.000000e+00	0.000000e+00	0.000000e+00	0.000000e+00	0.000000e+00	0.000000e+00	0.000000e+00	0.000000e+00	0.000000e+00	0.000000e+00	0.000000e+00	0.000000e+00	0.000000e+00	0.000000e+00	0.000000e+00	0.000000e+00	0.000000e+00	0.000000e+00	0.000000e+00	0.000000e+00	0.000000e+00	0.000000e+00	0.000000e+00	0.000000e+00	0.000000e+00	0.000000e+00	
566.819502	550.126979	583.512024	634.427860	1.387280e+06	8.193509e-39	0.000000e+00	1.110980e-16	3.112498e-23	0.000000e+00	0.000000e+00	8.446040e-03	1.362506e-39	1.135795e-03	4.947921e-20	8.898505e-36	4.971659e-30	9.340866e-49	3.549188e-76	0.000000e+00	3.050650e-33	5.544757e-42	1.742732e-61	8.819759e-58	1.548576e-12	4.973566e-03	5.724555e-17	0.000000e+00	0.000000e+00	0.000000e+00	1.043432e-70	2.552614e-26	0.000000e+00	4.626763e-17	0.000000e+00	0.000000e+00	0.000000e+00	0.000000e+00	0.000000e+00	0.000000e+00	0.000000e+00	1.912811e-17	4.005857e-39	7.259689e-40	6.075300e-25	1.026376e-18	1.196955e-24	2.213416e-23	9.844240e-40	2.273302e-04	4.561591e-15	0.000000e+00	0.000000e+00	1.375038e-17	2.991507e-28	0.000000e+00	2.494062e-13	8.419486e-01	6.296759e-41	1.504824e-05	0.000000e+00	3.989572e-33	2.680894e-49	1.350457e-34	9.962777e-18	8.847461e-27	0.000000e+00	0.000000e+00	1.282263e-43	0.000000e+00	0.000000e+00	0.000000e+00	0.000000e+00	0.000000e+00	0.000000e+00	0.000000e+00	5.486424e-21	2.276869e-40	0.000000e+00	0.000000e+00	0.000000e+00	0.000000e+00	0.000000e+00	0.000000e+00	0.000000e+00	0.000000e+00	0.000000e+00	0.000000e+00	0.000000e+00	0.000000e+00	0.000000e+00	0.000000e+00	0.000000e+00	0.000000e+00	0.000000e+00	0.000000e+00	0.000000e+00	0.000000e+00	0.000000e+00	0.000000e+00	0.000000e+00	0.000000e+00	0.000000e+00	0.000000e+00	0.000000e+00	0.000000e+00	0.000000e+00	0.000000e+00	0.000000e+00	0.000000e+00	0.000000e+00	0.000000e+00	0.000000e+00	0.000000e+00	0.000000e+00	0.000000e+00	0.000000e+00	0.000000e+00	0.000000e+00	0.000000e+00	
599.644810	583.512024	615.777595	613.153743	1.138472e+06	3.734808e-40	0.000000e+00	2.853939e-17	5.248072e-24	0.000000e+00	0.000000e+00	8.446043e-03	5.617462e-41	1.143902e-03	1.131458e-20	7.422272e-37	5.088437e-31	2.755545e-50	1.576629e-78	0.000000e+00	2.710625e-34	3.108017e-43	2.769665e-63	6.437551e-60	5.247851e-13	4.973555e-03	1.728161e-17	0.000000e+00	0.000000e+00	0.000000e+00	2.341762e-73	2.714574e-27	0.000000e+00	1.357048e-17	0.000000e+00	0.000000e+00	0.000000e+00	0.000000e+00	0.000000e+00	0.000000e+00	0.000000e+00	4.631266e-18	1.479280e-40	3.190681e-41	9.955186e-26	3.848073e-19	2.355264e-25	6.244287e-24	1.039705e-40	2.273349e-04	1.711356e-15	0.000000e+00	0.000000e+00	4.708059e-18	3.329123e-29	0.000000e+00	1.070049e-13	8.419418e-01	2.964813e-42	1.101804e-05	0.000000e+00	2.870608e-34	4.069698e-51	7.409862e-36	2.470901e-18	1.002156e-27	0.000000e+00	0.000000e+00	2.882807e-45	0.000000e+00	0.000000e+00	0.000000e+00	0.000000e+00	0.000000e+00	0.000000e+00	0.000000e+00	1.246982e-21	3.602656e-41	0.000000e+00	0.000000e+00	0.000000e+00	0.000000e+00	0.000000e+00	0.000000e+00	0.000000e+00	0.000000e+00	0.000000e+00	0.000000e+00	0.000000e+00	0.000000e+00	0.000000e+00	0.000000e+00	0.000000e+00	0.000000e+00	0.000000e+00	0.000000e+00	0.000000e+00	0.000000e+00	0.000000e+00	0.000000e+00	0.000000e+00	0.000000e+00	0.000000e+00	0.000000e+00	0.000000e+00	0.000000e+00	0.000000e+00	0.000000e+00	0.000000e+00	0.000000e+00	0.000000e+00	0.000000e+00	0.000000e+00	0.000000e+00	0.000000e+00	0.000000e+00	0.000000e+00	0.000000e+00	0.000000e+00	0.000000e+00	
631.322359	615.777595	646.867122	590.807594	9.342870e+05	1.120154e-41	0.000000e+00	6.089657e-18	6.964505e-25	0.000000e+00	0.000000e+00	8.446624e-03	1.483267e-42	1.151170e-03	2.112347e-21	4.286725e-38	3.748556e-32	4.996152e-52	3.385934e-81	0.000000e+00	1.723682e-35	1.177431e-44	2.535998e-65	2.385141e-62	1.475629e-13	4.973560e-03	4.372250e-18	0.000000e+00	0.000000e+00	0.000000e+00	2.239274e-76	2.066562e-28	0.000000e+00	3.323908e-18	0.000000e+00	0.000000e+00	0.000000e+00	0.000000e+00	0.000000e+00	0.000000e+00	0.000000e+00	8.899732e-19	3.364337e-42	8.851866e-43	1.263358e-26	1.242317e-19	3.676315e-26	1.465336e-24	8.069865e-42	2.273399e-04	5.595192e-16	0.000000e+00	0.000000e+00	1.340956e-18	2.664849e-30	0.000000e+00	3.931273e-14	8.419362e-01	9.227893e-44	7.362063e-06	0.000000e+00	1.437398e-35	3.485788e-53	2.737260e-37	5.065633e-19	8.289662e-29	0.000000e+00	0.000000e+00	3.753857e-47	0.000000e+00	0.000000e+00	0.000000e+00	0.000000e+00	0.000000e+00	0.000000e+00	0.000000e+00	2.233889e-22	4.534953e-42	0.000000e+00	0.000000e+00	0.000000e+00	0.000000e+00	0.000000e+00	0.000000e+00	0.000000e+00	0.000000e+00	0.000000e+00	0.000000e+00	0.000000e+00	0.000000e+00	0.000000e+00	0.000000e+00	0.000000e+00	0.000000e+00	0.000000e+00	0.000000e+00	0.000000e+00	0.000000e+00	0.000000e+00	0.000000e+00	0.000000e+00	0.000000e+00	0.000000e+00	0.000000e+00	0.000000e+00	0.000000e+00	0.000000e+00	0.000000e+00	0.000000e+00	0.000000e+00	0.000000e+00	0.000000e+00	0.000000e+00	0.000000e+00	0.000000e+00	0.000000e+00	0.000000e+00	0.000000e+00	0.000000e+00	0.000000e+00	
661.812470	646.867122	676.757818	568.022685	7.667228e+05	2.318686e-43	0.000000e+00	1.102569e-18	7.474786e-26	0.000000e+00	0.000000e+00	8.446457e-03	2.637836e-44	1.156834e-03	3.292118e-22	1.787148e-39	2.063036e-33	5.884606e-54	3.820174e-84	0.000000e+00	8.146066e-37	3.152551e-46	1.425101e-67	4.846424e-65	3.519253e-14	4.973606e-03	9.463104e-19	0.000000e+00	0.000000e+00	0.000000e+00	1.005868e-79	1.171060e-29	0.000000e+00	6.944628e-19	0.000000e+00	0.000000e+00	0.000000e+00	0.000000e+00	0.000000e+00	0.000000e+00	0.000000e+00	1.393867e-19	4.978564e-44	1.634504e-44	1.278506e-27	3.514072e-20	4.674691e-27	2.923078e-25	4.772870e-43	2.273372e-04	1.619410e-16	0.000000e+00	0.000000e+00	3.248187e-19	1.593816e-31	0.000000e+00	1.260198e-14	8.419336e-01	1.990515e-45	4.534037e-06	0.000000e+00	5.216655e-37	1.797997e-55	7.121620e-39	8.773348e-20	5.192486e-30	0.000000e+00	0.000000e+00	3.014567e-49	0.000000e+00	0.000000e+00	0.000000e+00	0.000000e+00	0.000000e+00	0.000000e+00	0.000000e+00	3.242541e-23	4.670389e-43	0.000000e+00	0.000000e+00	0.000000e+00	0.000000e+00	0.000000e+00	0.000000e+00	0.000000e+00	0.000000e+00	0.000000e+00	0.000000e+00	0.000000e+00	0.000000e+00	0.000000e+00	0.000000e+00	0.000000e+00	0.000000e+00	0.000000e+00	0.000000e+00	0.000000e+00	0.000000e+00	0.000000e+00	0.000000e+00	0.000000e+00	0.000000e+00	0.000000e+00	0.000000e+00	0.000000e+00	0.000000e+00	0.000000e+00	0.000000e+00	0.000000e+00	0.000000e+00	0.000000e+00	0.000000e+00	0.000000e+00	0.000000e+00	0.000000e+00	0.000000e+00	0.000000e+00	0.000000e+00	0.000000e+00	0.000000e+00	
691.113648	676.757818	705.469478	545.616253	6.292112e+05	3.694430e-45	0.000000e+00	1.777788e-19	6.906333e-27	0.000000e+00	0.000000e+00	8.447068e-03	3.547138e-46	1.160697e-03	4.512690e-23	5.923210e-41	9.243796e-35	5.114802e-56	2.739977e-87	0.000000e+00	3.122154e-38	6.613226e-48	5.682864e-70	6.440676e-68	7.481014e-15	4.973676e-03	1.835985e-19	0.000000e+00	0.000000e+00	0.000000e+00	2.649972e-83	5.393401e-31	0.000000e+00	1.297927e-19	0.000000e+00	0.000000e+00	0.000000e+00	0.000000e+00	0.000000e+00	0.000000e+00	0.000000e+00	1.890640e-20	5.437571e-46	2.267164e-46	1.102846e-28	9.059607e-21	5.146369e-28	5.208116e-26	2.336003e-44	2.273447e-04	4.300720e-17	0.000000e+00	0.000000e+00	7.031962e-20	7.764100e-33	0.000000e+00	3.676882e-15	8.419246e-01	3.316162e-47	2.636801e-06	0.000000e+00	1.507255e-38	6.479214e-58	1.446138e-40	1.348804e-20	2.674776e-31	0.000000e+00	0.000000e+00	1.721537e-51	0.000000e+00	0.000000e+00	0.000000e+00	0.000000e+00	0.000000e+00	0.000000e+00	0.000000e+00	4.062598e-24	4.191796e-44	0.000000e+00	0.000000e+00	0.000000e+00	0.000000e+00	0.000000e+00	0.000000e+00	0.000000e+00	0.000000e+00	0.000000e+00	0.000000e+00	0.000000e+00	0.000000e+00	0.000000e+00	0.000000e+00	0.000000e+00	0.000000e+00	0.000000e+00	0.000000e+00	0.000000e+00	0.000000e+00	0.000000e+00	0.000000e+00	0.000000e+00	0.000000e+00	0.000000e+00	0.000000e+00	0.000000e+00	0.000000e+00	0.000000e+00	0.000000e+00	0.000000e+00	0.000000e+00	0.000000e+00	0.000000e+00	0.000000e+00	0.000000e+00	0.000000e+00	0.000000e+00	0.000000e+00	0.000000e+00	0.000000e+00	0.000000e+00	
719.288691	705.469478	733.107905	525.221052	5.163623e+05	6.312536e-47	0.000000e+00	2.957608e-20	6.639931e-28	0.000000e+00	0.000000e+00	8.446671e-03	5.132067e-48	1.162817e-03	6.383979e-24	2.089006e-42	4.375451e-36	4.825123e-58	2.223458e-90	0.000000e+00	1.264733e-39	1.483131e-49	2.491096e-72	9.577031e-71	1.644608e-15	4.973597e-03	3.674532e-20	0.000000e+00	0.000000e+00	0.000000e+00	8.049154e-87	2.633595e-32	0.000000e+00	2.504782e-20	0.000000e+00	0.000000e+00	0.000000e+00	0.000000e+00	0.000000e+00	0.000000e+00	0.000000e+00	2.668462e-21	6.433786e-48	3.404357e-48	9.929247e-30	2.397138e-21	5.894234e-29	9.598202e-27	1.209342e-45	2.273435e-04	1.168622e-17	0.000000e+00	0.000000e+00	1.576378e-20	4.001014e-34	0.000000e+00	1.105663e-15	8.419287e-01	5.923277e-49	1.557035e-06	0.000000e+00	4.617793e-40	2.565939e-60	3.135029e-42	2.140324e-21	1.454174e-32	0.000000e+00	0.000000e+00	1.077983e-53	0.000000e+00	0.000000e+00	0.000000e+00	0.000000e+00	0.000000e+00	0.000000e+00	0.000000e+00	5.310265e-25	3.940597e-45	0.000000e+00	0.000000e+00	0.000000e+00	0.000000e+00	0.000000e+00	0.000000e+00	0.000000e+00	0.000000e+00	0.000000e+00	0.000000e+00	0.000000e+00	0.000000e+00	0.000000e+00	0.000000e+00	0.000000e+00	0.000000e+00	0.000000e+00	0.000000e+00	0.000000e+00	0.000000e+00	0.000000e+00	0.000000e+00	0.000000e+00	0.000000e+00	0.000000e+00	0.000000e+00	0.000000e+00	0.000000e+00	0.000000e+00	0.000000e+00	0.000000e+00	0.000000e+00	0.000000e+00	0.000000e+00	0.000000e+00	0.000000e+00	0.000000e+00	0.000000e+00	0.000000e+00	0.000000e+00	0.000000e+00	0.000000e+00	
746.459501	733.107905	759.811097	507.448538	4.237528e+05	1.414762e-48	0.000000e+00	5.550286e-21	7.454643e-29	0.000000e+00	0.000000e+00	8.446909e-03	9.900681e-50	1.164029e-03	1.027823e-24	9.365869e-44	2.564253e-37	6.248561e-60	1.882700e-90	0.000000e+00	6.363537e-41	4.297098e-51	1.566685e-74	2.207309e-73	4.091816e-16	4.973694e-03	8.261995e-21	0.000000e+00	0.000000e+00	0.000000e+00	4.248345e-90	1.601562e-33	0.000000e+00	5.444246e-21	0.000000e+00	0.000000e+00	0.000000e+00	0.000000e+00	0.000000e+00	0.000000e+00	0.000000e+00	4.381977e-22	1.041555e-49	6.909984e-50	1.055113e-30	6.996530e-22	7.853185e-30	2.000442e-27	7.687214e-47	2.273510e-04	3.471410e-18	0.000000e+00	0.000000e+00	4.000411e-21	2.555997e-35	0.000000e+00	3.694876e-16	8.419224e-01	1.384754e-50	9.764174e-07	0.000000e+00	1.786294e-41	1.470358e-62	8.775498e-44	3.841748e-22	9.708469e-34	0.000000e+00	0.000000e+00	9.625049e-56	0.000000e+00	0.000000e+00	0.000000e+00	0.000000e+00	0.000000e+00	0.000000e+00	0.000000e+00	8.126553e-26	4.337327e-46	0.000000e+00	0.000000e+00	0.000000e+00	0.000000e+00	0.000000e+00	0.000000e+00	0.000000e+00	0.000000e+00	0.000000e+00	0.000000e+00	0.000000e+00	0.000000e+00	0.000000e+00	0.000000e+00	0.000000e+00	0.000000e+00	0.000000e+00	0.000000e+00	0.000000e+00	0.000000e+00	0.000000e+00	0.000000e+00	0.000000e+00	0.000000e+00	0.000000e+00	0.000000e+00	0.000000e+00	0.000000e+00	0.000000e+00	0.000000e+00	0.000000e+00	0.000000e+00	0.000000e+00	0.000000e+00	0.000000e+00	0.000000e+00	0.000000e+00	0.000000e+00	0.000000e+00	0.000000e+00	0.000000e+00	0.000000e+00	
772.741404	759.811097	785.671710	491.438953	3.477529e+05	3.686976e-50	0.000000e+00	1.113843e-21	9.122201e-30	0.000000e+00	0.000000e+00	8.446658e-03	2.241831e-51	1.164718e-03	1.777942e-25	4.803527e-45	1.693002e-38	9.655729e-62	1.882667e-90	0.000000e+00	3.613055e-42	1.436539e-52	1.205423e-76	6.490691e-76	1.091268e-16	4.973801e-03	1.982614e-21	0.000000e+00	0.000000e+00	0.000000e+00	1.882667e-90	1.101211e-34	0.000000e+00	1.264906e-21	0.000000e+00	0.000000e+00	0.000000e+00	0.000000e+00	0.000000e+00	0.000000e+00	0.000000e+00	7.834084e-23	2.007880e-51	1.660280e-51	1.229457e-31	2.156951e-22	1.138270e-30	4.467148e-28	5.482444e-48	2.273470e-04	1.083518e-18	0.000000e+00	0.000000e+00	1.088740e-21	1.840735e-36	0.000000e+00	1.310663e-16	8.419247e-01	3.760089e-52	6.336976e-07	0.000000e+00	7.866519e-43	1.034506e-64	2.831315e-45	7.384862e-23	7.268636e-35	0.000000e+00	0.000000e+00	1.047220e-57	0.000000e+00	0.000000e+00	0.000000e+00	0.000000e+00	0.000000e+00	0.000000e+00	0.000000e+00	1.359089e-26	5.220465e-47	0.000000e+00	0.000000e+00	0.000000e+00	0.000000e+00	0.000000e+00	0.000000e+00	0.000000e+00	0.000000e+00	0.000000e+00	0.000000e+00	0.000000e+00	0.000000e+00	0.000000e+00	0.000000e+00	0.000000e+00	0.000000e+00	0.000000e+00	0.000000e+00	0.000000e+00	0.000000e+00	0.000000e+00	0.000000e+00	0.000000e+00	0.000000e+00	0.000000e+00	0.000000e+00	0.000000e+00	0.000000e+00	0.000000e+00	0.000000e+00	0.000000e+00	0.000000e+00	0.000000e+00	0.000000e+00	0.000000e+00	0.000000e+00	0.000000e+00	0.000000e+00	0.000000e+00	0.000000e+00	0.000000e+00	0.000000e+00	
798.206916	785.671710	810.742121	476.419794	2.853835e+05	9.655874e-52	0.000000e+00	2.240433e-22	1.119320e-30	0.000000e+00	0.000000e+00	8.446837e-03	5.103135e-53	1.165170e-03	3.080620e-26	2.481134e-46	1.123375e-39	1.503206e-63	1.882676e-90	0.000000e+00	2.061041e-43	4.835449e-54	9.364524e-79	1.922456e-78	2.922713e-17	4.973645e-03	4.773789e-22	0.000000e+00	0.000000e+00	0.000000e+00	1.882676e-90	7.616780e-36	0.000000e+00	2.949328e-22	0.000000e+00	0.000000e+00	0.000000e+00	0.000000e+00	0.000000e+00	0.000000e+00	0.000000e+00	1.407154e-23	3.894399e-53	4.023165e-53	1.437065e-32	6.667367e-23	1.655685e-31	1.002286e-28	3.939486e-49	2.273481e-04	3.387395e-19	0.000000e+00	0.000000e+00	2.979405e-22	1.332167e-37	0.000000e+00	4.673968e-17	8.419238e-01	1.026559e-53	4.126153e-07	0.000000e+00	3.477532e-44	7.320476e-67	9.172617e-47	1.422575e-23	5.468812e-36	0.000000e+00	0.000000e+00	1.147527e-59	0.000000e+00	0.000000e+00	0.000000e+00	0.000000e+00	0.000000e+00	0.000000e+00	0.000000e+00	2.286592e-27	6.340918e-48	0.000000e+00	0.000000e+00	0.000000e+00	0.000000e+00	0.000000e+00	0.000000e+00	0.000000e+00	0.000000e+00	0.000000e+00	0.000000e+00	0.000000e+00	0.000000e+00	0.000000e+00	0.000000e+00	0.000000e+00	0.000000e+00	0.000000e+00	0.000000e+00	0.000000e+00	0.000000e+00	0.000000e+00	0.000000e+00	0.000000e+00	0.000000e+00	0.000000e+00	0.000000e+00	0.000000e+00	0.000000e+00	0.000000e+00	0.000000e+00	0.000000e+00	0.000000e+00	0.000000e+00	0.000000e+00	0.000000e+00	0.000000e+00	0.000000e+00	0.000000e+00	0.000000e+00	0.000000e+00	0.000000e+00	0.000000e+00	
822.883422	810.742121	835.024723	461.452412	2.342000e+05	2.002527e-53	0.000000e+00	4.064224e-23	1.201678e-31	0.000000e+00	0.000000e+00	8.447082e-03	9.068540e-55	1.165507e-03	4.766706e-27	1.048408e-47	6.216928e-41	1.788277e-65	1.882699e-90	0.000000e+00	9.770540e-45	1.312007e-55	5.369445e-81	3.900511e-81	7.071004e-18	4.973876e-03	1.043221e-22	0.000000e+00	0.000000e+00	0.000000e+00	1.882699e-90	4.383829e-37	0.000000e+00	6.231163e-23	0.000000e+00	0.000000e+00	0.000000e+00	0.000000e+00	0.000000e+00	0.000000e+00	0.000000e+00	2.228593e-24	5.773127e-55	7.574144e-55	1.456970e-33	1.898124e-23	2.118364e-32	2.034645e-29	2.393282e-50	2.273569e-04	9.808852e-20	0.000000e+00	0.000000e+00	7.384968e-23	8.035303e-39	0.000000e+00	1.534340e-17	8.419214e-01	2.226296e-55	2.562203e-07	0.000000e+00	1.256352e-45	3.762816e-69	2.382990e-48	2.464680e-24	3.458540e-37	0.000000e+00	0.000000e+00	9.286329e-62	0.000000e+00	0.000000e+00	0.000000e+00	0.000000e+00	0.000000e+00	0.000000e+00	0.000000e+00	3.382915e-28	6.821814e-49	0.000000e+00	0.000000e+00	0.000000e+00	0.000000e+00	0.000000e+00	0.000000e+00	0.000000e+00	0.000000e+00	0.000000e+00	0.000000e+00	0.000000e+00	0.000000e+00	0.000000e+00	0.000000e+00	0.000000e+00	0.000000e+00	0.000000e+00	0.000000e+00	0.000000e+00	0.000000e+00	0.000000e+00	0.000000e+00	0.000000e+00	0.000000e+00	0.000000e+00	0.000000e+00	0.000000e+00	0.000000e+00	0.000000e+00	0.000000e+00	0.000000e+00	0.000000e+00	0.000000e+00	0.000000e+00	0.000000e+00	0.000000e+00	0.000000e+00	0.000000e+00	0.000000e+00	0.000000e+00	0.000000e+00	0.000000e+00	
846.774089	835.024723	858.523455	446.553315	1.921963e+05	3.233236e-55	0.000000e+00	6.599535e-24	1.117759e-32	0.000000e+00	0.000000e+00	8.446646e-03	1.235651e-56	1.165645e-03	6.532006e-28	3.572278e-49	2.832026e-42	1.594235e-67	1.882645e-90	0.000000e+00	3.797747e-46	2.825145e-57	2.222890e-83	5.273175e-84	1.533954e-18	4.973695e-03	2.054380e-23	0.000000e+00	0.000000e+00	0.000000e+00	1.882645e-90	2.071564e-38	0.000000e+00	1.184210e-23	0.000000e+00	0.000000e+00	0.000000e+00	0.000000e+00	0.000000e+00	0.000000e+00	0.000000e+00	3.083993e-25	6.413969e-57	1.087844e-56	1.267944e-34	4.946372e-24	2.361613e-33	3.709825e-30	1.214382e-51	2.273435e-04	2.615904e-20	0.000000e+00	0.000000e+00	1.646124e-23	3.985818e-40	0.000000e+00	4.609043e-18	8.419261e-01	3.771255e-57	1.512442e-07	0.000000e+00	3.655234e-47	1.372373e-71	4.884682e-50	3.810576e-25	1.815268e-38	0.000000e+00	0.000000e+00	5.428021e-64	0.000000e+00	0.000000e+00	0.000000e+00	0.000000e+00	0.000000e+00	0.000000e+00	0.000000e+00	4.360612e-29	6.444856e-50	0.000000e+00	0.000000e+00	0.000000e+00	0.000000e+00	0.000000e+00	0.000000e+00	0.000000e+00	0.000000e+00	0.000000e+00	0.000000e+00	0.000000e+00	0.000000e+00	0.000000e+00	0.000000e+00	0.000000e+00	0.000000e+00	0.000000e+00	0.000000e+00	0.000000e+00	0.000000e+00	0.000000e+00	0.000000e+00	0.000000e+00	0.000000e+00	0.000000e+00	0.000000e+00	0.000000e+00	0.000000e+00	0.000000e+00	0.000000e+00	0.000000e+00	0.000000e+00	0.000000e+00	0.000000e+00	0.000000e+00	0.000000e+00	0.000000e+00	0.000000e+00	0.000000e+00	0.000000e+00	0.000000e+00	0.000000e+00	
869.887701	858.523455	881.251947	431.916766	1.577259e+05	4.224697e-57	0.000000e+00	9.758335e-25	9.210407e-34	0.000000e+00	0.000000e+00	8.446650e-03	1.345358e-58	1.165771e-03	8.077054e-29	1.016363e-50	1.095192e-43	1.114819e-69	1.882638e-90	0.000000e+00	1.248827e-47	5.009727e-59	6.999031e-86	5.057200e-87	3.038044e-19	4.973943e-03	3.707780e-24	0.000000e+00	0.000000e+00	0.000000e+00	1.882638e-90	8.295614e-40	0.000000e+00	2.059748e-24	0.000000e+00	0.000000e+00	0.000000e+00	0.000000e+00	0.000000e+00	0.000000e+00	0.000000e+00	3.812211e-26	5.587441e-59	1.245042e-58	9.699077e-36	1.196810e-24	2.344588e-34	6.185203e-31	5.301728e-53	2.273350e-04	6.507935e-21	0.000000e+00	0.000000e+00	3.360000e-24	1.677086e-41	0.000000e+00	1.286696e-18	8.419263e-01	5.186136e-59	8.565152e-08	0.000000e+00	8.856022e-49	3.744175e-74	8.194713e-52	5.351438e-26	8.145005e-40	0.000000e+00	0.000000e+00	2.411495e-66	0.000000e+00	0.000000e+00	0.000000e+00	0.000000e+00	0.000000e+00	0.000000e+00	0.000000e+00	5.011697e-30	5.470832e-51	0.000000e+00	0.000000e+00	0.000000e+00	0.000000e+00	0.000000e+00	0.000000e+00	0.000000e+00	0.000000e+00	0.000000e+00	0.000000e+00	0.000000e+00	0.000000e+00	0.000000e+00	0.000000e+00	0.000000e+00	0.000000e+00	0.000000e+00	0.000000e+00	0.000000e+00	0.000000e+00	0.000000e+00	0.000000e+00	0.000000e+00	0.000000e+00	0.000000e+00	0.000000e+00	0.000000e+00	0.000000e+00	0.000000e+00	0.000000e+00	0.000000e+00	0.000000e+00	0.000000e+00	0.000000e+00	0.000000e+00	0.000000e+00	0.000000e+00	0.000000e+00	0.000000e+00	0.000000e+00	0.000000e+00	0.000000e+00	
892.242908	881.251947	903.233868	417.728597	1.294378e+05	4.696083e-59	0.000000e+00	1.343391e-25	6.917746e-35	0.000000e+00	0.000000e+00	8.446310e-03	1.234420e-60	1.165864e-03	9.231899e-30	2.523321e-52	3.739515e-45	6.480992e-72	1.882632e-90	0.000000e+00	3.615619e-49	7.666664e-61	1.790330e-88	3.730306e-90	5.617630e-20	4.974058e-03	6.263804e-25	0.000000e+00	0.000000e+00	0.000000e+00	1.882632e-90	2.930120e-41	0.000000e+00	3.350231e-25	0.000000e+00	0.000000e+00	0.000000e+00	0.000000e+00	0.000000e+00	0.000000e+00	0.000000e+00	4.327690e-27	4.043684e-61	1.199865e-60	6.724139e-37	2.737805e-25	2.131191e-35	9.641350e-32	2.066773e-54	2.273441e-04	1.535491e-21	0.000000e+00	0.000000e+00	6.421977e-25	6.226795e-43	0.000000e+00	3.401296e-19	8.419269e-01	6.082643e-61	4.705378e-08	0.000000e+00	1.865700e-50	8.180295e-77	1.179452e-53	6.982898e-27	3.243787e-41	0.000000e+00	0.000000e+00	8.691243e-69	0.000000e+00	0.000000e+00	0.000000e+00	0.000000e+00	0.000000e+00	0.000000e+00	0.000000e+00	5.284809e-31	4.290579e-52	0.000000e+00	0.000000e+00	0.000000e+00	0.000000e+00	0.000000e+00	0.000000e+00	0.000000e+00	0.000000e+00	0.000000e+00	0.000000e+00	0.000000e+00	0.000000e+00	0.000000e+00	0.000000e+00	0.000000e+00	0.000000e+00	0.000000e+00	0.000000e+00	0.000000e+00	0.000000e+00	0.000000e+00	0.000000e+00	0.000000e+00	0.000000e+00	0.000000e+00	0.000000e+00	0.000000e+00	0.000000e+00	0.000000e+00	0.000000e+00	0.000000e+00	0.000000e+00	0.000000e+00	0.000000e+00	0.000000e+00	0.000000e+00	0.000000e+00	0.000000e+00	0.000000e+00	0.000000e+00	0.000000e+00	0.000000e+00	
913.864219	903.233868	924.494569	404.026207	1.062232e+05	4.496394e-61	0.000000e+00	1.731268e-26	4.770022e-36	0.000000e+00	0.000000e+00	8.446807e-03	9.671504e-63	1.165944e-03	9.811398e-31	5.529565e-54	1.138765e-46	3.179322e-74	1.882701e-90	0.000000e+00	9.310501e-51	1.024934e-62	1.882701e-90	1.882701e-90	9.755940e-21	4.973732e-03	9.959581e-26	0.000000e+00	0.000000e+00	0.000000e+00	1.882701e-90	9.221165e-43	0.000000e+00	5.123540e-26	0.000000e+00	0.000000e+00	0.000000e+00	0.000000e+00	0.000000e+00	0.000000e+00	0.000000e+00	4.544089e-28	2.466434e-63	9.875608e-63	4.256539e-38	5.947273e-26	1.786118e-36	1.413509e-32	7.265870e-56	2.273494e-04	3.449498e-22	0.000000e+00	0.000000e+00	1.156186e-25	2.060123e-44	0.000000e+00	8.559108e-20	8.419214e-01	6.161348e-63	2.515481e-08	0.000000e+00	3.454278e-52	1.455319e-79	1.473307e-55	8.513332e-28	1.157649e-42	0.000000e+00	0.000000e+00	2.582526e-71	0.000000e+00	0.000000e+00	0.000000e+00	0.000000e+00	0.000000e+00	0.000000e+00	0.000000e+00	5.152273e-32	3.133811e-53	0.000000e+00	0.000000e+00	0.000000e+00	0.000000e+00	0.000000e+00	0.000000e+00	0.000000e+00	0.000000e+00	0.000000e+00	0.000000e+00	0.000000e+00	0.000000e+00	0.000000e+00	0.000000e+00	0.000000e+00	0.000000e+00	0.000000e+00	0.000000e+00	0.000000e+00	0.000000e+00	0.000000e+00	0.000000e+00	0.000000e+00	0.000000e+00	0.000000e+00	0.000000e+00	0.000000e+00	0.000000e+00	0.000000e+00	0.000000e+00	0.000000e+00	0.000000e+00	0.000000e+00	0.000000e+00	0.000000e+00	0.000000e+00	0.000000e+00	0.000000e+00	0.000000e+00	0.000000e+00	0.000000e+00	0.000000e+00	
934.774411	924.494569	945.054253	390.702952	8.717206e+04	3.564806e-63	0.000000e+00	2.052576e-27	2.951936e-37	0.000000e+00	0.000000e+00	8.447038e-03	6.205628e-65	1.165919e-03	9.511785e-32	1.033801e-55	2.999147e-48	1.257408e-76	1.882700e-90	0.000000e+00	2.066603e-52	1.153954e-64	1.882700e-90	1.882700e-90	1.564430e-21	4.973951e-03	1.466448e-26	0.000000e+00	0.000000e+00	0.000000e+00	1.882700e-90	2.507797e-44	0.000000e+00	7.248837e-27	0.000000e+00	0.000000e+00	0.000000e+00	0.000000e+00	0.000000e+00	0.000000e+00	0.000000e+00	4.321434e-29	1.211951e-65	6.653507e-65	2.402002e-39	1.209924e-26	1.350466e-37	1.916108e-33	2.238600e-57	2.273521e-04	7.283846e-23	0.000000e+00	0.000000e+00	1.928572e-26	5.891292e-46	0.000000e+00	2.021950e-20	8.419210e-01	5.183509e-65	1.298179e-08	0.000000e+00	5.432369e-54	1.997993e-82	1.539214e-57	9.527723e-29	3.595817e-44	0.000000e+00	0.000000e+00	6.014061e-74	0.000000e+00	0.000000e+00	0.000000e+00	0.000000e+00	0.000000e+00	0.000000e+00	0.000000e+00	4.544979e-33	2.087697e-54	0.000000e+00	0.000000e+00	0.000000e+00	0.000000e+00	0.000000e+00	0.000000e+00	0.000000e+00	0.000000e+00	0.000000e+00	0.000000e+00	0.000000e+00	0.000000e+00	0.000000e+00	0.000000e+00	0.000000e+00	0.000000e+00	0.000000e+00	0.000000e+00	0.000000e+00	0.000000e+00	0.000000e+00	0.000000e+00	0.000000e+00	0.000000e+00	0.000000e+00	0.000000e+00	0.000000e+00	0.000000e+00	0.000000e+00	0.000000e+00	0.000000e+00	0.000000e+00	0.000000e+00	0.000000e+00	0.000000e+00	0.000000e+00	0.000000e+00	0.000000e+00	0.000000e+00	0.000000e+00	0.000000e+00	0.000000e+00	
954.979223	945.054253	964.904193	377.214436	7.153777e+04	1.854846e-65	0.000000e+00	2.019715e-28	1.435315e-38	0.000000e+00	0.000000e+00	8.446937e-03	2.548587e-67	1.165925e-03	7.518389e-33	1.349231e-57	5.700565e-50	3.065739e-79	1.882670e-90	0.000000e+00	3.288054e-54	8.821883e-67	1.882670e-90	1.882670e-90	2.091307e-22	4.973445e-03	1.814005e-27	0.000000e+00	0.000000e+00	0.000000e+00	1.882670e-90	4.901577e-46	0.000000e+00	8.590527e-28	0.000000e+00	0.000000e+00	0.000000e+00	0.000000e+00	0.000000e+00	0.000000e+00	0.000000e+00	3.281050e-30	3.669941e-68	2.850395e-67	1.048573e-40	2.122945e-27	8.104060e-39	2.171681e-34	5.106341e-59	2.273407e-04	1.339339e-23	0.000000e+00	0.000000e+00	2.696653e-27	1.213712e-47	0.000000e+00	4.122909e-21	8.419240e-01	2.879088e-67	6.166983e-09	0.000000e+00	5.937241e-56	1.539592e-85	1.079328e-59	8.804849e-30	8.170933e-46	0.000000e+00	0.000000e+00	8.109115e-77	0.000000e+00	0.000000e+00	0.000000e+00	0.000000e+00	0.000000e+00	0.000000e+00	0.000000e+00	3.187795e-34	1.121382e-55	0.000000e+00	0.000000e+00	0.000000e+00	0.000000e+00	0.000000e+00	0.000000e+00	0.000000e+00	0.000000e+00	0.000000e+00	0.000000e+00	0.000000e+00	0.000000e+00	0.000000e+00	0.000000e+00	0.000000e+00	0.000000e+00	0.000000e+00	0.000000e+00	0.000000e+00	0.000000e+00	0.000000e+00	0.000000e+00	0.000000e+00	0.000000e+00	0.000000e+00	0.000000e+00	0.000000e+00	0.000000e+00	0.000000e+00	0.000000e+00	0.000000e+00	0.000000e+00	0.000000e+00	0.000000e+00	0.000000e+00	0.000000e+00	0.000000e+00	0.000000e+00	0.000000e+00	0.000000e+00	0.000000e+00	0.000000e+00	
974.458099	964.904193	984.012005	363.113055	5.870748e+04	4.905143e-68	0.000000e+00	1.472877e-29	4.736752e-40	0.000000e+00	0.000000e+00	8.446527e-03	5.108667e-70	1.165961e-03	4.281247e-34	9.867648e-60	6.410994e-52	3.432400e-82	1.882608e-90	0.000000e+00	3.062193e-56	3.616413e-69	1.882608e-90	1.882608e-90	2.085576e-23	4.973771e-03	1.695650e-28	0.000000e+00	0.000000e+00	0.000000e+00	1.882608e-90	5.632697e-48	0.000000e+00	7.658330e-29	0.000000e+00	0.000000e+00	0.000000e+00	0.000000e+00	0.000000e+00	0.000000e+00	0.000000e+00	1.733479e-31	5.104430e-71	5.891598e-70	3.030161e-42	2.936018e-28	3.353864e-40	1.844175e-35	7.174029e-61	2.273318e-04	1.972056e-24	0.000000e+00	0.000000e+00	2.836809e-28	1.476120e-49	0.000000e+00	6.628628e-22	8.419288e-01	8.203831e-70	2.561112e-09	0.000000e+00	3.615894e-58	4.692970e-89	3.990068e-62	5.983936e-31	1.123312e-47	0.000000e+00	0.000000e+00	4.544966e-80	0.000000e+00	0.000000e+00	0.000000e+00	0.000000e+00	0.000000e+00	0.000000e+00	0.000000e+00	1.544867e-35	4.250475e-57	0.000000e+00	0.000000e+00	0.000000e+00	0.000000e+00	0.000000e+00	0.000000e+00	0.000000e+00	0.000000e+00	0.000000e+00	0.000000e+00	0.000000e+00	0.000000e+00	0.000000e+00	0.000000e+00	0.000000e+00	0.000000e+00	0.000000e+00	0.000000e+00	0.000000e+00	0.000000e+00	0.000000e+00	0.000000e+00	0.000000e+00	0.000000e+00	0.000000e+00	0.000000e+00	0.000000e+00	0.000000e+00	0.000000e+00	0.000000e+00	0.000000e+00	0.000000e+00	0.000000e+00	0.000000e+00	0.000000e+00	0.000000e+00	0.000000e+00	0.000000e+00	0.000000e+00	0.000000e+00	0.000000e+00	0.000000e+00	
993.161005	984.012005	1002.310006	347.726116	4.817831e+04	4.231144e-71	0.000000e+00	6.540482e-31	8.231093e-42	0.000000e+00	0.000000e+00	8.446907e-03	3.122923e-73	1.165997e-03	1.416697e-35	2.764684e-62	3.023667e-54	1.059322e-85	1.882694e-90	0.000000e+00	1.174964e-58	5.281831e-72	1.882694e-90	1.882694e-90	1.279601e-24	4.973762e-03	9.962841e-30	0.000000e+00	0.000000e+00	0.000000e+00	1.882694e-90	2.683571e-50	0.000000e+00	4.257026e-30	0.000000e+00	0.000000e+00	0.000000e+00	0.000000e+00	0.000000e+00	0.000000e+00	0.000000e+00	5.020157e-33	1.957180e-74	3.640030e-73	4.423485e-44	2.738194e-29	7.503481e-42	9.709113e-37	4.516663e-63	2.273492e-04	2.010171e-25	0.000000e+00	0.000000e+00	1.861488e-29	7.498427e-52	0.000000e+00	7.184618e-23	8.419218e-01	7.744215e-73	8.508015e-10	0.000000e+00	8.363866e-61	1.882694e-90	5.110078e-65	2.444278e-32	6.717583e-50	0.000000e+00	0.000000e+00	5.950427e-84	0.000000e+00	0.000000e+00	0.000000e+00	0.000000e+00	0.000000e+00	0.000000e+00	0.000000e+00	4.055409e-37	9.039000e-59	0.000000e+00	0.000000e+00	0.000000e+00	0.000000e+00	0.000000e+00	0.000000e+00	0.000000e+00	0.000000e+00	0.000000e+00	0.000000e+00	0.000000e+00	0.000000e+00	0.000000e+00	0.000000e+00	0.000000e+00	0.000000e+00	0.000000e+00	0.000000e+00	0.000000e+00	0.000000e+00	0.000000e+00	0.000000e+00	0.000000e+00	0.000000e+00	0.000000e+00	0.000000e+00	0.000000e+00	0.000000e+00	0.000000e+00	0.000000e+00	0.000000e+00	0.000000e+00	0.000000e+00	0.000000e+00	0.000000e+00	0.000000e+00	0.000000e+00	0.000000e+00	0.000000e+00	0.000000e+00	0.000000e+00	0.000000e+00	
1011.007904	1002.310006	1019.705803	330.578118	3.953754e+04	7.247157e-75	0.000000e+00	1.419893e-32	5.667668e-44	0.000000e+00	0.000000e+00	8.446768e-03	3.441983e-77	1.165965e-03	2.141416e-37	1.945008e-65	4.074197e-57	5.099330e-90	1.882657e-90	0.000000e+00	1.255033e-61	1.742834e-75	1.882657e-90	1.882657e-90	3.902384e-26	4.973620e-03	2.998751e-31	0.000000e+00	0.000000e+00	0.000000e+00	1.882657e-90	3.596783e-53	0.000000e+00	1.198833e-31	0.000000e+00	0.000000e+00	0.000000e+00	0.000000e+00	0.000000e+00	0.000000e+00	0.000000e+00	6.119386e-35	1.170297e-78	3.949132e-77	2.410433e-46	1.446720e-30	6.912241e-44	2.567774e-38	8.949552e-66	2.273396e-04	1.205029e-26	0.000000e+00	0.000000e+00	6.197416e-31	1.081906e-54	0.000000e+00	4.420085e-24	8.419249e-01	1.484774e-76	2.052802e-10	0.000000e+00	4.785736e-64	1.882657e-90	1.417693e-68	4.790377e-34	1.210045e-52	0.000000e+00	0.000000e+00	9.568986e-89	0.000000e+00	0.000000e+00	0.000000e+00	0.000000e+00	0.000000e+00	0.000000e+00	0.000000e+00	4.408189e-39	8.379362e-61	0.000000e+00	0.000000e+00	0.000000e+00	0.000000e+00	0.000000e+00	0.000000e+00	0.000000e+00	0.000000e+00	0.000000e+00	0.000000e+00	0.000000e+00	0.000000e+00	0.000000e+00	0.000000e+00	0.000000e+00	0.000000e+00	0.000000e+00	0.000000e+00	0.000000e+00	0.000000e+00	0.000000e+00	0.000000e+00	0.000000e+00	0.000000e+00	0.000000e+00	0.000000e+00	0.000000e+00	0.000000e+00	0.000000e+00	0.000000e+00	0.000000e+00	0.000000e+00	0.000000e+00	0.000000e+00	0.000000e+00	0.000000e+00	0.000000e+00	0.000000e+00	0.000000e+00	0.000000e+00	0.000000e+00	0.000000e+00	
1027.930642	1019.705803	1036.155481	312.596542	3.244649e+04	2.872100e-79	0.000000e+00	1.612905e-34	1.687590e-46	0.000000e+00	0.000000e+00	8.446874e-03	8.055922e-82	1.165989e-03	1.590700e-39	3.959181e-69	1.774514e-60	1.882702e-90	1.882702e-90	0.000000e+00	4.227198e-65	1.507558e-79	1.882702e-90	1.882702e-90	6.368466e-28	4.973937e-03	4.949654e-33	0.000000e+00	0.000000e+00	0.000000e+00	1.882702e-90	1.541099e-56	0.000000e+00	1.834289e-33	0.000000e+00	0.000000e+00	0.000000e+00	0.000000e+00	0.000000e+00	0.000000e+00	0.000000e+00	3.436081e-37	1.305924e-83	8.975742e-82	5.386022e-49	4.586257e-32	2.859531e-46	3.671219e-40	6.301734e-69	2.273580e-04	4.468791e-28	0.000000e+00	0.000000e+00	1.129221e-32	5.019592e-58	0.000000e+00	1.647398e-25	8.419211e-01	6.735025e-81	3.743421e-11	0.000000e+00	7.731424e-68	1.882702e-90	9.841075e-73	4.830473e-36	7.391461e-56	0.000000e+00	0.000000e+00	1.882702e-90	0.000000e+00	0.000000e+00	0.000000e+00	0.000000e+00	0.000000e+00	0.000000e+00	0.000000e+00	2.182926e-41	3.732641e-63	0.000000e+00	0.000000e+00	0.000000e+00	0.000000e+00	0.000000e+00	0.000000e+00	0.000000e+00	0.000000e+00	0.000000e+00	0.000000e+00	0.000000e+00	0.000000e+00	0.000000e+00	0.000000e+00	0.000000e+00	0.000000e+00	0.000000e+00	0.000000e+00	0.000000e+00	0.000000e+00	0.000000e+00	0.000000e+00	0.000000e+00	0.000000e+00	0.000000e+00	0.000000e+00	0.000000e+00	0.000000e+00	0.000000e+00	0.000000e+00	0.000000e+00	0.000000e+00	0.000000e+00	0.000000e+00	0.000000e+00	0.000000e+00	0.000000e+00	0.000000e+00	0.000000e+00	0.000000e+00	0.000000e+00	0.000000e+00	
1043.906617	1036.155481	1051.657753	294.596744	2.662722e+04	3.236182e-84	0.000000e+00	1.050580e-36	2.444368e-49	0.000000e+00	0.000000e+00	8.446600e-03	4.989019e-87	1.165979e-03	6.409414e-42	2.811375e-73	2.945165e-64	1.882652e-90	1.882652e-90	0.000000e+00	5.303151e-69	4.164363e-84	1.882652e-90	1.882652e-90	6.124971e-30	4.973516e-03	4.900575e-35	0.000000e+00	0.000000e+00	0.000000e+00	1.882652e-90	2.499823e-60	0.000000e+00	1.671437e-35	0.000000e+00	0.000000e+00	0.000000e+00	0.000000e+00	0.000000e+00	0.000000e+00	0.000000e+00	1.000487e-39	3.458503e-89	5.397369e-87	5.597317e-52	9.404504e-34	5.961902e-49	3.121470e-42	1.848087e-72	2.273412e-04	1.096892e-29	0.000000e+00	0.000000e+00	1.241171e-34	8.830763e-62	0.000000e+00	4.043088e-27	8.419255e-01	8.870717e-86	5.425172e-12	0.000000e+00	4.213932e-72	1.882652e-90	2.075665e-77	2.752505e-38	1.792556e-59	0.000000e+00	0.000000e+00	1.882652e-90	0.000000e+00	0.000000e+00	0.000000e+00	0.000000e+00	0.000000e+00	0.000000e+00	0.000000e+00	5.575526e-44	9.043202e-66	0.000000e+00	0.000000e+00	0.000000e+00	0.000000e+00	0.000000e+00	0.000000e+00	0.000000e+00	0.000000e+00	0.000000e+00	0.000000e+00	0.000000e+00	0.000000e+00	0.000000e+00	0.000000e+00	0.000000e+00	0.000000e+00	0.000000e+00	0.000000e+00	0.000000e+00	0.000000e+00	0.000000e+00	0.000000e+00	0.000000e+00	0.000000e+00	0.000000e+00	0.000000e+00	0.000000e+00	0.000000e+00	0.000000e+00	0.000000e+00	0.000000e+00	0.000000e+00	0.000000e+00	0.000000e+00	0.000000e+00	0.000000e+00	0.000000e+00	0.000000e+00	0.000000e+00	0.000000e+00	0.000000e+00	0.000000e+00	
1058.962420	1051.657753	1066.267088	277.625589	2.185163e+04	1.819220e-89	0.000000e+00	5.033833e-39	2.376213e-52	0.000000e+00	0.000000e+00	8.447341e-03	1.882681e-90	1.165963e-03	1.837875e-44	1.137591e-77	2.893173e-68	1.882681e-90	1.882681e-90	0.000000e+00	3.879113e-73	6.208495e-89	1.882681e-90	1.882681e-90	4.460091e-32	4.973970e-03	3.690162e-37	0.000000e+00	0.000000e+00	0.000000e+00	1.882681e-90	2.404751e-64	0.000000e+00	1.155535e-37	0.000000e+00	0.000000e+00	0.000000e+00	0.000000e+00	0.000000e+00	0.000000e+00	0.000000e+00	2.057250e-42	1.882681e-90	1.882681e-90	3.814083e-55	1.525257e-35	8.552286e-52	2.020983e-44	3.412848e-76	2.273492e-04	2.144233e-31	0.000000e+00	0.000000e+00	1.053477e-36	9.171676e-66	0.000000e+00	8.044557e-29	8.419222e-01	1.882681e-90	7.044795e-13	0.000000e+00	1.259637e-76	1.882681e-90	2.263968e-82	1.144950e-40	2.632845e-63	0.000000e+00	0.000000e+00	1.882681e-90	0.000000e+00	0.000000e+00	0.000000e+00	0.000000e+00	0.000000e+00	0.000000e+00	0.000000e+00	1.009557e-46	1.618589e-68	0.000000e+00	0.000000e+00	0.000000e+00	0.000000e+00	0.000000e+00	0.000000e+00	0.000000e+00	0.000000e+00	0.000000e+00	0.000000e+00	0.000000e+00	0.000000e+00	0.000000e+00	0.000000e+00	0.000000e+00	0.000000e+00	0.000000e+00	0.000000e+00	0.000000e+00	0.000000e+00	0.000000e+00	0.000000e+00	0.000000e+00	0.000000e+00	0.000000e+00	0.000000e+00	0.000000e+00	0.000000e+00	0.000000e+00	0.000000e+00	0.000000e+00	0.000000e+00	0.000000e+00	0.000000e+00	0.000000e+00	0.000000e+00	0.000000e+00	0.000000e+00	0.000000e+00	0.000000e+00	0.000000e+00	0.000000e+00	
1073.147737	1066.267088	1080.028387	261.509715	1.793255e+04	1.882678e-90	0.000000e+00	1.667764e-41	1.430136e-55	0.000000e+00	0.000000e+00	8.446497e-03	1.882678e-90	1.166004e-03	3.502267e-47	2.342196e-82	1.513311e-72	1.882678e-90	1.882678e-90	0.000000e+00	1.483776e-77	1.882678e-90	1.882678e-90	1.882678e-90	2.323990e-34	4.973689e-03	1.998838e-39	0.000000e+00	0.000000e+00	0.000000e+00	1.882678e-90	1.234229e-68	0.000000e+00	5.729833e-40	0.000000e+00	0.000000e+00	0.000000e+00	0.000000e+00	0.000000e+00	0.000000e+00	0.000000e+00	2.785180e-45	1.882678e-90	1.882678e-90	1.564963e-58	1.865819e-37	7.824732e-55	9.424982e-47	3.611892e-80	2.273521e-04	3.188131e-33	0.000000e+00	0.000000e+00	6.550976e-39	5.055789e-70	0.000000e+00	1.243023e-30	8.419236e-01	1.882678e-90	8.021036e-14	0.000000e+00	1.829866e-81	1.882678e-90	1.117753e-87	3.262091e-43	2.115878e-67	0.000000e+00	0.000000e+00	1.882678e-90	0.000000e+00	0.000000e+00	0.000000e+00	0.000000e+00	0.000000e+00	0.000000e+00	0.000000e+00	1.208809e-49	2.010788e-71	0.000000e+00	0.000000e+00	0.000000e+00	0.000000e+00	0.000000e+00	0.000000e+00	0.000000e+00	0.000000e+00	0.000000e+00	0.000000e+00	0.000000e+00	0.000000e+00	0.000000e+00	0.000000e+00	0.000000e+00	0.000000e+00	0.000000e+00	0.000000e+00	0.000000e+00	0.000000e+00	0.000000e+00	0.000000e+00	0.000000e+00	0.000000e+00	0.000000e+00	0.000000e+00	0.000000e+00	0.000000e+00	0.000000e+00	0.000000e+00	0.000000e+00	0.000000e+00	0.000000e+00	0.000000e+00	0.000000e+00	0.000000e+00	0.000000e+00	0.000000e+00	0.000000e+00	0.000000e+00	0.000000e+00	0.000000e+00	
1086.507857	1080.028387	1092.987327	246.261975	1.471635e+04	1.882637e-90	0.000000e+00	3.796987e-44	5.285851e-59	0.000000e+00	0.000000e+00	8.446409e-03	1.882637e-90	1.165975e-03	4.400814e-50	2.443709e-87	4.184163e-77	1.882637e-90	1.882637e-90	0.000000e+00	2.942739e-82	1.882637e-90	1.882637e-90	1.882637e-90	8.665538e-37	4.973994e-03	7.773502e-42	0.000000e+00	0.000000e+00	0.000000e+00	1.882637e-90	3.363222e-73	0.000000e+00	2.034933e-42	0.000000e+00	0.000000e+00	0.000000e+00	0.000000e+00	0.000000e+00	0.000000e+00	0.000000e+00	2.479397e-48	1.882637e-90	1.882637e-90	3.834306e-62	1.716936e-39	4.539825e-58	3.166746e-49	2.188613e-84	2.273391e-04	3.588879e-35	0.000000e+00	0.000000e+00	2.992984e-41	1.468491e-74	0.000000e+00	1.497871e-32	8.419265e-01	1.882637e-90	8.040324e-15	0.000000e+00	1.275933e-86	1.882637e-90	1.882637e-90	6.328164e-46	9.244741e-72	0.000000e+00	0.000000e+00	1.882637e-90	0.000000e+00	0.000000e+00	0.000000e+00	0.000000e+00	0.000000e+00	0.000000e+00	0.000000e+00	9.585888e-53	1.745946e-74	0.000000e+00	0.000000e+00	0.000000e+00	0.000000e+00	0.000000e+00	0.000000e+00	0.000000e+00	0.000000e+00	0.000000e+00	0.000000e+00	0.000000e+00	0.000000e+00	0.000000e+00	0.000000e+00	0.000000e+00	0.000000e+00	0.000000e+00	0.000000e+00	0.000000e+00	0.000000e+00	0.000000e+00	0.000000e+00	0.000000e+00	0.000000e+00	0.000000e+00	0.000000e+00	0.000000e+00	0.000000e+00	0.000000e+00	0.000000e+00	0.000000e+00	0.000000e+00	0.000000e+00	0.000000e+00	0.000000e+00	0.000000e+00	0.000000e+00	0.000000e+00	0.000000e+00	0.000000e+00	0.000000e+00	0.000000e+00	
1099.124453	1092.987327	1105.261580	233.252832	1.207697e+04	1.882606e-90	0.000000e+00	1.143992e-46	2.801293e-62	0.000000e+00	0.000000e+00	8.446760e-03	1.882606e-90	1.165965e-03	7.478866e-53	1.882606e-90	1.920582e-81	1.882606e-90	1.882606e-90	0.000000e+00	9.740151e-87	1.882606e-90	1.882606e-90	1.882606e-90	4.364179e-39	4.973622e-03	3.992239e-44	0.000000e+00	0.000000e+00	0.000000e+00	1.882606e-90	1.546392e-77	0.000000e+00	9.611509e-45	0.000000e+00	0.000000e+00	0.000000e+00	0.000000e+00	0.000000e+00	0.000000e+00	0.000000e+00	3.188961e-51	1.882606e-90	1.882606e-90	1.382819e-65	1.995841e-41	3.758558e-61	1.432871e-51	2.172825e-88	2.273267e-04	4.973264e-37	0.000000e+00	0.000000e+00	1.856680e-43	7.094724e-79	0.000000e+00	2.347025e-34	8.419288e-01	1.882606e-90	9.455302e-16	0.000000e+00	1.882606e-90	1.882606e-90	1.882606e-90	1.636987e-48	6.568557e-76	0.000000e+00	0.000000e+00	1.882606e-90	0.000000e+00	0.000000e+00	0.000000e+00	0.000000e+00	0.000000e+00	0.000000e+00	0.000000e+00	1.120277e-55	2.240496e-77	0.000000e+00	0.000000e+00	0.000000e+00	0.000000e+00	0.000000e+00	0.000000e+00	0.000000e+00	0.000000e+00	0.000000e+00	0.000000e+00	0.000000e+00	0.000000e+00	0.000000e+00	0.000000e+00	0.000000e+00	0.000000e+00	0.000000e+00	0.000000e+00	0.000000e+00	0.000000e+00	0.000000e+00	0.000000e+00	0.000000e+00	0.000000e+00	0.000000e+00	0.000000e+00	0.000000e+00	0.000000e+00	0.000000e+00	0.000000e+00	0.000000e+00	0.000000e+00	0.000000e+00	0.000000e+00	0.000000e+00	0.000000e+00	0.000000e+00	0.000000e+00	0.000000e+00	0.000000e+00	0.000000e+00	0.000000e+00	
1111.142739	1105.261580	1117.023899	223.522215	9.910971e+03	1.882644e-90	0.000000e+00	9.819695e-49	5.746670e-65	0.000000e+00	0.000000e+00	8.446569e-03	1.882644e-90	1.165897e-03	3.992712e-55	1.882644e-90	5.535065e-85	1.882644e-90	1.882644e-90	0.000000e+00	2.099511e-90	1.882644e-90	1.882644e-90	1.882644e-90	6.157417e-41	4.973512e-03	5.479371e-46	0.000000e+00	0.000000e+00	0.000000e+00	1.882644e-90	4.581200e-81	0.000000e+00	1.234369e-46	0.000000e+00	0.000000e+00	0.000000e+00	0.000000e+00	0.000000e+00	0.000000e+00	0.000000e+00	1.466503e-53	1.882644e-90	1.882644e-90	2.108589e-68	5.343647e-43	1.142000e-63	1.788692e-53	1.882644e-90	2.273352e-04	1.498172e-38	0.000000e+00	0.000000e+00	3.143105e-45	2.170766e-82	0.000000e+00	8.517637e-36	8.419261e-01	1.882644e-90	1.792144e-16	0.000000e+00	1.882644e-90	1.882644e-90	1.882644e-90	1.240066e-50	2.712537e-79	0.000000e+00	0.000000e+00	1.882644e-90	0.000000e+00	0.000000e+00	0.000000e+00	0.000000e+00	0.000000e+00	0.000000e+00	0.000000e+00	4.812267e-58	9.864960e-80	0.000000e+00	0.000000e+00	0.000000e+00	0.000000e+00	0.000000e+00	0.000000e+00	0.000000e+00	0.000000e+00	0.000000e+00	0.000000e+00	0.000000e+00	0.000000e+00	0.000000e+00	0.000000e+00	0.000000e+00	0.000000e+00	0.000000e+00	0.000000e+00	0.000000e+00	0.000000e+00	0.000000e+00	0.000000e+00	0.000000e+00	0.000000e+00	0.000000e+00	0.000000e+00	0.000000e+00	0.000000e+00	0.000000e+00	0.000000e+00	0.000000e+00	0.000000e+00	0.000000e+00	0.000000e+00	0.000000e+00	0.000000e+00	0.000000e+00	0.000000e+00	0.000000e+00	0.000000e+00	0.000000e+00	0.000000e+00	
1122.733269	1117.023899	1128.442638	216.994017	8.133440e+03	1.882655e-90	0.000000e+00	3.280574e-50	6.842139e-67	0.000000e+00	0.000000e+00	8.446417e-03	1.882655e-90	1.165957e-03	9.456071e-57	1.882655e-90	1.708855e-87	1.882655e-90	1.882655e-90	0.000000e+00	1.882655e-90	1.882655e-90	1.882655e-90	1.882655e-90	3.236409e-42	4.973958e-03	2.658526e-47	0.000000e+00	0.000000e+00	0.000000e+00	1.882655e-90	1.490408e-83	0.000000e+00	5.717194e-48	0.000000e+00	0.000000e+00	0.000000e+00	0.000000e+00	0.000000e+00	0.000000e+00	0.000000e+00	3.441995e-55	1.882655e-90	1.882655e-90	2.087189e-70	4.185239e-44	1.863372e-65	8.147324e-55	1.882655e-90	2.273397e-04	1.236277e-39	0.000000e+00	0.000000e+00	1.894935e-46	7.193144e-85	0.000000e+00	8.895617e-37	8.419252e-01	1.882655e-90	6.138454e-17	0.000000e+00	1.882655e-90	1.882655e-90	1.882655e-90	3.787578e-52	1.085212e-81	0.000000e+00	0.000000e+00	1.882655e-90	0.000000e+00	0.000000e+00	0.000000e+00	0.000000e+00	0.000000e+00	0.000000e+00	0.000000e+00	1.081827e-59	2.041023e-81	0.000000e+00	0.000000e+00	0.000000e+00	0.000000e+00	0.000000e+00	0.000000e+00	0.000000e+00	0.000000e+00	0.000000e+00	0.000000e+00	0.000000e+00	0.000000e+00	0.000000e+00	0.000000e+00	0.000000e+00	0.000000e+00	0.000000e+00	0.000000e+00	0.000000e+00	0.000000e+00	0.000000e+00	0.000000e+00	0.000000e+00	0.000000e+00	0.000000e+00	0.000000e+00	0.000000e+00	0.000000e+00	0.000000e+00	0.000000e+00	0.000000e+00	0.000000e+00	0.000000e+00	0.000000e+00	0.000000e+00	0.000000e+00	0.000000e+00	0.000000e+00	0.000000e+00	0.000000e+00	0.000000e+00	0.000000e+00	
1134.033798	1128.442638	1139.624958	212.501931	6.674710e+03	1.882706e-90	0.000000e+00	2.887004e-51	2.854570e-68	0.000000e+00	0.000000e+00	8.447292e-03	1.882706e-90	1.165990e-03	6.481784e-58	1.882706e-90	2.850054e-89	1.882706e-90	1.882706e-90	0.000000e+00	1.882706e-90	1.882706e-90	1.882706e-90	1.882706e-90	4.318419e-43	4.973722e-03	3.161490e-48	0.000000e+00	0.000000e+00	0.000000e+00	1.882706e-90	2.659023e-85	0.000000e+00	6.577262e-49	0.000000e+00	0.000000e+00	0.000000e+00	0.000000e+00	0.000000e+00	0.000000e+00	0.000000e+00	2.564930e-56	1.882706e-90	1.882706e-90	7.835437e-72	7.028575e-45	1.005902e-66	9.284058e-56	1.882706e-90	2.273498e-04	2.092186e-40	0.000000e+00	0.000000e+00	2.800905e-47	1.297438e-86	0.000000e+00	1.956666e-37	8.419205e-01	1.882706e-90	3.181888e-17	0.000000e+00	1.882706e-90	1.882706e-90	1.882706e-90	3.124053e-53	2.182883e-83	0.000000e+00	0.000000e+00	1.882706e-90	0.000000e+00	0.000000e+00	0.000000e+00	0.000000e+00	0.000000e+00	0.000000e+00	0.000000e+00	7.839795e-61	1.255628e-82	0.000000e+00	0.000000e+00	0.000000e+00	0.000000e+00	0.000000e+00	0.000000e+00	0.000000e+00	0.000000e+00	0.000000e+00	0.000000e+00	0.000000e+00	0.000000e+00	0.000000e+00	0.000000e+00	0.000000e+00	0.000000e+00	0.000000e+00	0.000000e+00	0.000000e+00	0.000000e+00	0.000000e+00	0.000000e+00	0.000000e+00	0.000000e+00	0.000000e+00	0.000000e+00	0.000000e+00	0.000000e+00	0.000000e+00	0.000000e+00	0.000000e+00	0.000000e+00	0.000000e+00	0.000000e+00	0.000000e+00	0.000000e+00	0.000000e+00	0.000000e+00	0.000000e+00	0.000000e+00	0.000000e+00	0.000000e+00	
1145.122297	1139.624958	1150.619637	208.936023	5.477602e+03	1.882737e-90	0.000000e+00	3.966972e-52	2.119911e-69	0.000000e+00	0.000000e+00	8.446742e-03	1.882737e-90	1.166015e-03	7.244511e-59	1.882737e-90	1.882737e-90	1.882737e-90	1.882737e-90	0.000000e+00	1.882737e-90	1.882737e-90	1.882737e-90	1.882737e-90	8.844705e-44	4.974170e-03	5.678476e-49	0.000000e+00	0.000000e+00	0.000000e+00	1.882737e-90	1.038253e-86	0.000000e+00	1.150378e-49	0.000000e+00	0.000000e+00	0.000000e+00	0.000000e+00	0.000000e+00	0.000000e+00	0.000000e+00	3.252564e-57	1.882737e-90	1.882737e-90	5.430938e-73	1.676344e-45	9.413132e-68	1.612261e-56	1.882737e-90	2.273531e-04	4.926816e-41	0.000000e+00	0.000000e+00	6.253374e-48	5.103095e-88	0.000000e+00	6.060839e-38	8.419182e-01	1.882737e-90	1.995570e-17	0.000000e+00	1.882737e-90	1.882737e-90	1.882737e-90	4.070441e-54	9.229609e-85	0.000000e+00	0.000000e+00	1.882737e-90	0.000000e+00	0.000000e+00	0.000000e+00	0.000000e+00	0.000000e+00	0.000000e+00	0.000000e+00	9.733471e-62	1.273940e-83	0.000000e+00	0.000000e+00	0.000000e+00	0.000000e+00	0.000000e+00	0.000000e+00	0.000000e+00	0.000000e+00	0.000000e+00	0.000000e+00	0.000000e+00	0.000000e+00	0.000000e+00	0.000000e+00	0.000000e+00	0.000000e+00	0.000000e+00	0.000000e+00	0.000000e+00	0.000000e+00	0.000000e+00	0.000000e+00	0.000000e+00	0.000000e+00	0.000000e+00	0.000000e+00	0.000000e+00	0.000000e+00	0.000000e+00	0.000000e+00	0.000000e+00	0.000000e+00	0.000000e+00	0.000000e+00	0.000000e+00	0.000000e+00	0.000000e+00	0.000000e+00	0.000000e+00	0.000000e+00	0.000000e+00	0.000000e+00	
1156.044035	1150.619637	1161.468434	206.163156	4.495195e+03	1.882654e-90	0.000000e+00	8.251351e-53	2.693083e-70	0.000000e+00	0.000000e+00	8.446625e-03	1.882654e-90	1.166030e-03	1.276507e-59	1.882654e-90	1.882654e-90	1.882654e-90	1.882654e-90	0.000000e+00	1.882654e-90	1.882654e-90	1.882654e-90	1.882654e-90	2.693173e-44	4.973182e-03	1.494868e-49	0.000000e+00	0.000000e+00	0.000000e+00	1.882654e-90	8.378828e-88	0.000000e+00	2.964505e-50	0.000000e+00	0.000000e+00	0.000000e+00	0.000000e+00	0.000000e+00	0.000000e+00	0.000000e+00	6.746929e-58	1.882654e-90	1.882654e-90	6.659359e-74	5.536554e-46	1.469057e-68	4.136949e-57	1.882654e-90	2.273463e-04	1.577684e-41	0.000000e+00	0.000000e+00	2.042841e-48	4.139083e-89	0.000000e+00	2.574043e-38	8.419256e-01	1.882654e-90	1.490663e-17	0.000000e+00	1.882654e-90	1.882654e-90	1.882654e-90	8.111780e-55	7.778852e-86	0.000000e+00	0.000000e+00	1.882654e-90	0.000000e+00	0.000000e+00	0.000000e+00	0.000000e+00	0.000000e+00	0.000000e+00	0.000000e+00	1.987758e-62	2.050824e-84	0.000000e+00	0.000000e+00	0.000000e+00	0.000000e+00	0.000000e+00	0.000000e+00	0.000000e+00	0.000000e+00	0.000000e+00	0.000000e+00	0.000000e+00	0.000000e+00	0.000000e+00	0.000000e+00	0.000000e+00	0.000000e+00	0.000000e+00	0.000000e+00	0.000000e+00	0.000000e+00	0.000000e+00	0.000000e+00	0.000000e+00	0.000000e+00	0.000000e+00	0.000000e+00	0.000000e+00	0.000000e+00	0.000000e+00	0.000000e+00	0.000000e+00	0.000000e+00	0.000000e+00	0.000000e+00	0.000000e+00	0.000000e+00	0.000000e+00	0.000000e+00	0.000000e+00	0.000000e+00	0.000000e+00	0.000000e+00	
1166.836323	1161.468434	1172.204213	204.015138	3.688983e+03	1.882703e-90	0.000000e+00	2.424742e-53	5.352454e-71	0.000000e+00	0.000000e+00	8.446702e-03	1.882703e-90	1.166029e-03	3.287814e-60	1.882703e-90	1.882703e-90	1.882703e-90	1.882703e-90	0.000000e+00	1.882703e-90	1.882703e-90	1.882703e-90	1.882703e-90	1.140838e-44	4.974112e-03	5.412115e-50	0.000000e+00	0.000000e+00	0.000000e+00	1.882703e-90	1.238746e-88	0.000000e+00	1.055827e-50	0.000000e+00	0.000000e+00	0.000000e+00	0.000000e+00	0.000000e+00	0.000000e+00	0.000000e+00	2.108282e-58	1.882703e-90	1.882703e-90	1.313788e-74	2.398075e-46	3.510754e-69	1.468309e-57	1.882703e-90	2.273513e-04	6.528007e-42	0.000000e+00	0.000000e+00	9.157759e-49	6.138022e-90	0.000000e+00	1.420826e-38	8.419210e-01	1.882703e-90	1.286507e-17	0.000000e+00	1.882703e-90	1.882703e-90	1.882703e-90	2.305082e-55	1.165078e-86	0.000000e+00	0.000000e+00	1.882703e-90	0.000000e+00	0.000000e+00	0.000000e+00	0.000000e+00	0.000000e+00	0.000000e+00	0.000000e+00	6.140121e-63	4.838943e-85	0.000000e+00	0.000000e+00	0.000000e+00	0.000000e+00	0.000000e+00	0.000000e+00	0.000000e+00	0.000000e+00	0.000000e+00	0.000000e+00	0.000000e+00	0.000000e+00	0.000000e+00	0.000000e+00	0.000000e+00	0.000000e+00	0.000000e+00	0.000000e+00	0.000000e+00	0.000000e+00	0.000000e+00	0.000000e+00	0.000000e+00	0.000000e+00	0.000000e+00	0.000000e+00	0.000000e+00	0.000000e+00	0.000000e+00	0.000000e+00	0.000000e+00	0.000000e+00	0.000000e+00	0.000000e+00	0.000000e+00	0.000000e+00	0.000000e+00	0.000000e+00	0.000000e+00	0.000000e+00	0.000000e+00	0.000000e+00	
1177.527452	1172.204213	1182.850692	202.319206	3.027364e+03	1.882690e-90	0.000000e+00	9.232778e-54	1.487922e-71	0.000000e+00	0.000000e+00	8.446453e-03	1.882690e-90	1.165995e-03	1.125726e-60	1.882690e-90	1.882690e-90	1.882690e-90	1.882690e-90	0.000000e+00	1.882690e-90	1.882690e-90	1.882690e-90	1.882690e-90	6.182812e-45	4.973994e-03	2.485995e-50	0.000000e+00	0.000000e+00	0.000000e+00	1.882690e-90	2.878880e-89	0.000000e+00	4.786164e-51	0.000000e+00	0.000000e+00	0.000000e+00	0.000000e+00	0.000000e+00	0.000000e+00	0.000000e+00	8.946771e-59	1.882690e-90	1.882690e-90	3.701614e-75	1.272121e-46	1.154356e-69	6.640863e-58	1.882690e-90	2.273319e-04	3.272855e-42	0.000000e+00	0.000000e+00	5.196493e-49	1.882690e-90	0.000000e+00	9.531861e-39	8.419224e-01	1.882690e-90	1.236327e-17	0.000000e+00	1.882690e-90	1.882690e-90	1.882690e-90	8.542167e-56	2.682968e-87	0.000000e+00	0.000000e+00	1.882690e-90	0.000000e+00	0.000000e+00	0.000000e+00	0.000000e+00	0.000000e+00	0.000000e+00	0.000000e+00	2.582834e-63	1.518288e-85	0.000000e+00	0.000000e+00	0.000000e+00	0.000000e+00	0.000000e+00	0.000000e+00	0.000000e+00	0.000000e+00	0.000000e+00	0.000000e+00	0.000000e+00	0.000000e+00	0.000000e+00	0.000000e+00	0.000000e+00	0.000000e+00	0.000000e+00	0.000000e+00	0.000000e+00	0.000000e+00	0.000000e+00	0.000000e+00	0.000000e+00	0.000000e+00	0.000000e+00	0.000000e+00	0.000000e+00	0.000000e+00	0.000000e+00	0.000000e+00	0.000000e+00	0.000000e+00	0.000000e+00	0.000000e+00	0.000000e+00	0.000000e+00	0.000000e+00	0.000000e+00	0.000000e+00	0.000000e+00	0.000000e+00	0.000000e+00	
1188.136241	1182.850692	1193.421790	200.887338	2.484407e+03	1.882678e-90	0.000000e+00	4.092844e-54	5.036872e-72	0.000000e+00	0.000000e+00	8.446910e-03	1.882678e-90	1.165886e-03	4.555009e-61	1.882678e-90	1.882678e-90	1.882678e-90	1.882678e-90	0.000000e+00	1.882678e-90	1.882678e-90	1.882678e-90	1.882678e-90	3.872799e-45	4.973698e-03	1.313330e-50	0.000000e+00	0.000000e+00	0.000000e+00	1.882678e-90	8.725930e-90	0.000000e+00	2.499920e-51	0.000000e+00	0.000000e+00	0.000000e+00	0.000000e+00	0.000000e+00	0.000000e+00	0.000000e+00	4.543786e-59	1.882678e-90	1.882678e-90	1.285820e-75	7.604400e-47	4.578729e-70	3.464149e-58	1.882678e-90	2.273521e-04	1.836985e-42	0.000000e+00	0.000000e+00	3.387576e-49	1.882678e-90	0.000000e+00	7.172266e-39	8.419232e-01	1.882678e-90	1.265363e-17	0.000000e+00	1.882678e-90	1.882678e-90	1.882678e-90	3.699559e-56	7.953996e-88	0.000000e+00	0.000000e+00	1.882678e-90	0.000000e+00	0.000000e+00	0.000000e+00	0.000000e+00	0.000000e+00	0.000000e+00	0.000000e+00	1.302485e-63	5.634569e-86	0.000000e+00	0.000000e+00	0.000000e+00	0.000000e+00	0.000000e+00	0.000000e+00	0.000000e+00	0.000000e+00	0.000000e+00	0.000000e+00	0.000000e+00	0.000000e+00	0.000000e+00	0.000000e+00	0.000000e+00	0.000000e+00	0.000000e+00	0.000000e+00	0.000000e+00	0.000000e+00	0.000000e+00	0.000000e+00	0.000000e+00	0.000000e+00	0.000000e+00	0.000000e+00	0.000000e+00	0.000000e+00	0.000000e+00	0.000000e+00	0.000000e+00	0.000000e+00	0.000000e+00	0.000000e+00	0.000000e+00	0.000000e+00	0.000000e+00	0.000000e+00	0.000000e+00	0.000000e+00	0.000000e+00	0.000000e+00	
1198.672125	1193.421790	1203.922460	199.547661	2.038829e+03	1.882682e-90	0.000000e+00	1.901894e-54	1.812246e-72	0.000000e+00	0.000000e+00	8.446886e-03	1.882682e-90	1.166004e-03	1.941319e-61	1.882682e-90	1.882682e-90	1.882682e-90	1.882682e-90	0.000000e+00	1.882682e-90	1.882682e-90	1.882682e-90	1.882682e-90	2.538167e-45	4.973793e-03	7.247341e-51	0.000000e+00	0.000000e+00	0.000000e+00	1.882682e-90	2.873413e-90	0.000000e+00	1.365015e-51	0.000000e+00	0.000000e+00	0.000000e+00	0.000000e+00	0.000000e+00	0.000000e+00	0.000000e+00	2.441528e-59	1.882682e-90	1.882682e-90	4.765142e-76	4.716057e-47	1.924570e-70	1.888815e-58	1.882682e-90	2.273397e-04	1.067581e-42	0.000000e+00	0.000000e+00	2.306249e-49	1.882682e-90	0.000000e+00	5.594957e-39	8.419228e-01	1.882682e-90	1.321813e-17	0.000000e+00	1.882682e-90	1.882682e-90	1.882682e-90	1.681754e-56	2.550761e-88	0.000000e+00	0.000000e+00	1.882682e-90	0.000000e+00	0.000000e+00	0.000000e+00	0.000000e+00	0.000000e+00	0.000000e+00	0.000000e+00	6.953701e-64	2.203593e-86	0.000000e+00	0.000000e+00	0.000000e+00	0.000000e+00	0.000000e+00	0.000000e+00	0.000000e+00	0.000000e+00	0.000000e+00	0.000000e+00	0.000000e+00	0.000000e+00	0.000000e+00	0.000000e+00	0.000000e+00	0.000000e+00	0.000000e+00	0.000000e+00	0.000000e+00	0.000000e+00	0.000000e+00	0.000000e+00	0.000000e+00	0.000000e+00	0.000000e+00	0.000000e+00	0.000000e+00	0.000000e+00	0.000000e+00	0.000000e+00	0.000000e+00	0.000000e+00	0.000000e+00	0.000000e+00	0.000000e+00	0.000000e+00	0.000000e+00	0.000000e+00	0.000000e+00	0.000000e+00	0.000000e+00	0.000000e+00	
1209.138756	1203.922460	1214.355052	198.253239	1.673166e+03	1.882650e-90	0.000000e+00	9.001590e-55	6.676729e-73	0.000000e+00	0.000000e+00	8.446530e-03	1.882650e-90	1.166009e-03	8.440826e-62	1.882650e-90	1.882650e-90	1.882650e-90	1.882650e-90	0.000000e+00	1.882650e-90	1.882650e-90	1.882650e-90	1.882650e-90	1.693406e-45	4.973490e-03	4.068065e-51	0.000000e+00	0.000000e+00	0.000000e+00	1.882650e-90	1.882650e-90	0.000000e+00	7.583361e-52	0.000000e+00	0.000000e+00	0.000000e+00	0.000000e+00	0.000000e+00	0.000000e+00	0.000000e+00	1.341158e-59	1.882650e-90	1.882650e-90	1.811237e-76	2.968139e-47	8.275959e-71	1.048231e-58	1.882650e-90	2.273433e-04	6.289796e-43	0.000000e+00	0.000000e+00	1.597631e-49	1.882650e-90	0.000000e+00	4.427861e-39	8.419260e-01	1.882650e-90	1.391934e-17	0.000000e+00	1.882650e-90	1.882650e-90	1.882650e-90	7.789679e-57	8.434762e-89	0.000000e+00	0.000000e+00	1.882650e-90	0.000000e+00	0.000000e+00	0.000000e+00	0.000000e+00	0.000000e+00	0.000000e+00	0.000000e+00	3.796692e-64	8.803253e-87	0.000000e+00	0.000000e+00	0.000000e+00	0.000000e+00	0.000000e+00	0.000000e+00	0.000000e+00	0.000000e+00	0.000000e+00	0.000000e+00	0.000000e+00	0.000000e+00	0.000000e+00	0.000000e+00	0.000000e+00	0.000000e+00	0.000000e+00	0.000000e+00	0.000000e+00	0.000000e+00	0.000000e+00	0.000000e+00	0.000000e+00	0.000000e+00	0.000000e+00	0.000000e+00	0.000000e+00	0.000000e+00	0.000000e+00	0.000000e+00	0.000000e+00	0.000000e+00	0.000000e+00	0.000000e+00	0.000000e+00	0.000000e+00	0.000000e+00	0.000000e+00	0.000000e+00	0.000000e+00	0.000000e+00	0.000000e+00	
1219.542149	1214.355052	1224.729246	197.143523	1.373084e+03	1.882671e-90	0.000000e+00	4.766157e-55	2.844716e-73	0.000000e+00	0.000000e+00	8.446511e-03	1.882671e-90	1.166011e-03	4.151789e-62	1.882671e-90	1.882671e-90	1.882671e-90	1.882671e-90	0.000000e+00	1.882671e-90	1.882671e-90	1.882671e-90	1.882671e-90	1.256937e-45	4.973812e-03	2.531561e-51	0.000000e+00	0.000000e+00	0.000000e+00	1.882671e-90	1.882671e-90	0.000000e+00	4.677680e-52	0.000000e+00	0.000000e+00	0.000000e+00	0.000000e+00	0.000000e+00	0.000000e+00	0.000000e+00	8.409977e-60	1.882671e-90	1.882671e-90	8.033247e-77	2.039245e-47	4.085980e-71	6.459764e-59	1.882671e-90	2.273403e-04	4.027018e-43	0.000000e+00	0.000000e+00	1.225434e-49	1.882671e-90	0.000000e+00	3.812457e-39	8.419237e-01	1.882671e-90	1.535021e-17	0.000000e+00	1.882671e-90	1.882671e-90	1.882671e-90	4.048494e-57	3.360454e-89	0.000000e+00	0.000000e+00	1.882671e-90	0.000000e+00	0.000000e+00	0.000000e+00	0.000000e+00	0.000000e+00	0.000000e+00	0.000000e+00	2.368984e-64	3.976573e-87	0.000000e+00	0.000000e+00	0.000000e+00	0.000000e+00	0.000000e+00	0.000000e+00	0.000000e+00	0.000000e+00	0.000000e+00	0.000000e+00	0.000000e+00	0.000000e+00	0.000000e+00	0.000000e+00	0.000000e+00	0.000000e+00	0.000000e+00	0.000000e+00	0.000000e+00	0.000000e+00	0.000000e+00	0.000000e+00	0.000000e+00	0.000000e+00	0.000000e+00	0.000000e+00	0.000000e+00	0.000000e+00	0.000000e+00	0.000000e+00	0.000000e+00	0.000000e+00	0.000000e+00	0.000000e+00	0.000000e+00	0.000000e+00	0.000000e+00	0.000000e+00	0.000000e+00	0.000000e+00	0.000000e+00	0.000000e+00	
1229.895021	1224.729246	1235.060796	196.332236	1.126821e+03	1.882770e-90	0.000000e+00	3.059075e-55	1.555325e-73	0.000000e+00	0.000000e+00	8.446923e-03	1.882770e-90	1.166028e-03	2.523638e-62	1.882770e-90	1.882770e-90	1.882770e-90	1.882770e-90	0.000000e+00	1.882770e-90	1.882770e-90	1.882770e-90	1.882770e-90	1.119195e-45	4.974029e-03	1.879044e-51	0.000000e+00	0.000000e+00	0.000000e+00	1.882770e-90	1.882770e-90	0.000000e+00	3.449379e-52	0.000000e+00	0.000000e+00	0.000000e+00	0.000000e+00	0.000000e+00	0.000000e+00	0.000000e+00	6.611921e-60	1.882770e-90	1.882770e-90	4.643249e-77	1.628459e-47	2.556541e-71	4.761622e-59	1.882770e-90	2.273581e-04	2.973975e-43	0.000000e+00	0.000000e+00	1.118180e-49	1.882770e-90	0.000000e+00	3.788458e-39	8.419161e-01	1.882770e-90	1.830805e-17	0.000000e+00	1.882770e-90	1.882770e-90	1.882770e-90	2.563064e-57	1.841819e-89	0.000000e+00	0.000000e+00	1.882770e-90	0.000000e+00	0.000000e+00	0.000000e+00	0.000000e+00	0.000000e+00	0.000000e+00	0.000000e+00	1.856050e-64	2.214196e-87	0.000000e+00	0.000000e+00	0.000000e+00	0.000000e+00	0.000000e+00	0.000000e+00	0.000000e+00	0.000000e+00	0.000000e+00	0.000000e+00	0.000000e+00	0.000000e+00	0.000000e+00	0.000000e+00	0.000000e+00	0.000000e+00	0.000000e+00	0.000000e+00	0.000000e+00	0.000000e+00	0.000000e+00	0.000000e+00	0.000000e+00	0.000000e+00	0.000000e+00	0.000000e+00	0.000000e+00	0.000000e+00	0.000000e+00	0.000000e+00	0.000000e+00	0.000000e+00	0.000000e+00	0.000000e+00	0.000000e+00	0.000000e+00	0.000000e+00	0.000000e+00	0.000000e+00	0.000000e+00	0.000000e+00	0.000000e+00	
1240.208469	1235.060796	1245.356142	195.646146	9.247263e+02	1.882664e-90	0.000000e+00	2.127469e-55	9.433966e-74	0.000000e+00	0.000000e+00	8.446260e-03	1.882664e-90	1.165882e-03	1.675270e-62	1.882664e-90	1.882664e-90	1.882664e-90	1.882664e-90	0.000000e+00	1.882664e-90	1.882664e-90	1.882664e-90	1.882664e-90	1.074788e-45	4.973755e-03	1.500664e-51	0.000000e+00	0.000000e+00	0.000000e+00	1.882664e-90	1.882664e-90	0.000000e+00	2.739622e-52	0.000000e+00	0.000000e+00	0.000000e+00	0.000000e+00	0.000000e+00	0.000000e+00	0.000000e+00	5.710636e-60	1.882664e-90	1.882664e-90	2.996573e-77	1.384065e-47	1.765020e-71	3.780088e-59	1.882664e-90	2.273464e-04	2.330594e-43	0.000000e+00	0.000000e+00	1.096395e-49	1.882664e-90	0.000000e+00	3.994604e-39	8.419250e-01	1.882664e-90	2.255305e-17	0.000000e+00	1.882664e-90	1.882664e-90	1.882664e-90	1.761620e-57	1.152736e-89	0.000000e+00	0.000000e+00	1.882664e-90	0.000000e+00	0.000000e+00	0.000000e+00	0.000000e+00	0.000000e+00	0.000000e+00	0.000000e+00	1.598254e-64	1.344212e-87	0.000000e+00	0.000000e+00	0.000000e+00	0.000000e+00	0.000000e+00	0.000000e+00	0.000000e+00	0.000000e+00	0.000000e+00	0.000000e+00	0.000000e+00	0.000000e+00	0.000000e+00	0.000000e+00	0.000000e+00	0.000000e+00	0.000000e+00	0.000000e+00	0.000000e+00	0.000000e+00	0.000000e+00	0.000000e+00	0.000000e+00	0.000000e+00	0.000000e+00	0.000000e+00	0.000000e+00	0.000000e+00	0.000000e+00	0.000000e+00	0.000000e+00	0.000000e+00	0.000000e+00	0.000000e+00	0.000000e+00	0.000000e+00	0.000000e+00	0.000000e+00	0.000000e+00	0.000000e+00	0.000000e+00	0.000000e+00	
1250.480036	1245.356142	1255.603930	194.743661	7.588768e+02	1.882674e-90	0.000000e+00	1.272754e-55	4.708543e-74	0.000000e+00	0.000000e+00	8.446784e-03	1.882674e-90	1.165870e-03	9.423580e-63	1.882674e-90	1.882674e-90	1.882674e-90	1.882674e-90	0.000000e+00	1.882674e-90	1.882674e-90	1.882674e-90	1.882674e-90	8.959069e-46	4.973175e-03	1.044657e-51	0.000000e+00	0.000000e+00	0.000000e+00	1.882674e-90	1.882674e-90	0.000000e+00	1.892887e-52	0.000000e+00	0.000000e+00	0.000000e+00	0.000000e+00	0.000000e+00	0.000000e+00	0.000000e+00	4.135800e-60	1.882674e-90	1.882674e-90	1.572100e-77	1.046189e-47	1.012878e-71	2.611516e-59	1.882674e-90	2.273299e-04	1.633463e-43	0.000000e+00	0.000000e+00	9.396247e-50	1.882674e-90	0.000000e+00	3.770314e-39	8.419244e-01	1.882674e-90	2.616090e-17	0.000000e+00	1.882674e-90	1.882674e-90	1.882674e-90	1.037516e-57	5.624383e-90	0.000000e+00	0.000000e+00	1.882674e-90	0.000000e+00	0.000000e+00	0.000000e+00	0.000000e+00	0.000000e+00	0.000000e+00	0.000000e+00	1.153280e-64	6.945162e-88	0.000000e+00	0.000000e+00	0.000000e+00	0.000000e+00	0.000000e+00	0.000000e+00	0.000000e+00	0.000000e+00	0.000000e+00	0.000000e+00	0.000000e+00	0.000000e+00	0.000000e+00	0.000000e+00	0.000000e+00	0.000000e+00	0.000000e+00	0.000000e+00	0.000000e+00	0.000000e+00	0.000000e+00	0.000000e+00	0.000000e+00	0.000000e+00	0.000000e+00	0.000000e+00	0.000000e+00	0.000000e+00	0.000000e+00	0.000000e+00	0.000000e+00	0.000000e+00	0.000000e+00	0.000000e+00	0.000000e+00	0.000000e+00	0.000000e+00	0.000000e+00	0.000000e+00	0.000000e+00	0.000000e+00	0.000000e+00	
1260.692313	1255.603930	1265.780697	193.392650	6.227724e+02	1.882729e-90	0.000000e+00	5.557304e-56	1.562487e-74	0.000000e+00	0.000000e+00	8.446912e-03	1.882729e-90	1.166009e-03	3.748444e-63	1.882729e-90	1.882729e-90	1.882729e-90	1.882729e-90	0.000000e+00	1.882729e-90	1.882729e-90	1.882729e-90	1.882729e-90	5.555162e-46	4.974066e-03	5.456998e-52	0.000000e+00	0.000000e+00	0.000000e+00	1.882729e-90	1.882729e-90	0.000000e+00	9.781191e-53	0.000000e+00	0.000000e+00	0.000000e+00	0.000000e+00	0.000000e+00	0.000000e+00	0.000000e+00	2.073256e-60	1.882729e-90	1.882729e-90	5.349451e-78	6.191142e-48	3.948211e-72	1.348666e-59	1.882729e-90	2.273574e-04	9.066556e-44	0.000000e+00	0.000000e+00	6.079388e-50	1.882729e-90	0.000000e+00	2.822388e-39	8.419189e-01	1.882729e-90	2.675678e-17	0.000000e+00	1.882729e-90	1.882729e-90	1.882729e-90	4.425723e-58	1.882729e-90	0.000000e+00	0.000000e+00	1.882729e-90	0.000000e+00	0.000000e+00	0.000000e+00	0.000000e+00	0.000000e+00	0.000000e+00	0.000000e+00	5.750744e-65	2.559038e-88	0.000000e+00	0.000000e+00	0.000000e+00	0.000000e+00	0.000000e+00	0.000000e+00	0.000000e+00	0.000000e+00	0.000000e+00	0.000000e+00	0.000000e+00	0.000000e+00	0.000000e+00	0.000000e+00	0.000000e+00	0.000000e+00	0.000000e+00	0.000000e+00	0.000000e+00	0.000000e+00	0.000000e+00	0.000000e+00	0.000000e+00	0.000000e+00	0.000000e+00	0.000000e+00	0.000000e+00	0.000000e+00	0.000000e+00	0.000000e+00	0.000000e+00	0.000000e+00	0.000000e+00	0.000000e+00	0.000000e+00	0.000000e+00	0.000000e+00	0.000000e+00	0.000000e+00	0.000000e+00	0.000000e+00	0.000000e+00	
1270.821177	1265.780697	1275.861656	191.570983	5.110783e+02	1.882759e-90	0.000000e+00	1.721301e-56	3.322436e-75	0.000000e+00	0.000000e+00	8.447153e-03	1.882759e-90	1.166035e-03	1.021457e-63	1.882759e-90	1.882759e-90	1.882759e-90	1.882759e-90	0.000000e+00	1.882759e-90	1.882759e-90	1.882759e-90	1.882759e-90	2.495021e-46	4.973563e-03	2.083998e-52	0.000000e+00	0.000000e+00	0.000000e+00	1.882759e-90	1.882759e-90	0.000000e+00	3.679415e-53	0.000000e+00	0.000000e+00	0.000000e+00	0.000000e+00	0.000000e+00	0.000000e+00	0.000000e+00	6.957990e-61	1.882759e-90	1.882759e-90	1.134888e-78	2.804335e-48	1.009359e-72	5.073692e-60	1.882759e-90	2.273491e-04	3.900701e-44	0.000000e+00	0.000000e+00	2.895391e-50	1.882759e-90	0.000000e+00	1.641897e-39	8.419168e-01	1.882759e-90	2.386662e-17	0.000000e+00	1.882759e-90	1.882759e-90	1.882759e-90	1.327259e-58	1.882759e-90	0.000000e+00	0.000000e+00	1.882759e-90	0.000000e+00	0.000000e+00	0.000000e+00	0.000000e+00	0.000000e+00	0.000000e+00	0.000000e+00	1.917131e-65	6.532656e-89	0.000000e+00	0.000000e+00	0.000000e+00	0.000000e+00	0.000000e+00	0.000000e+00	0.000000e+00	0.000000e+00	0.000000e+00	0.000000e+00	0.000000e+00	0.000000e+00	0.000000e+00	0.000000e+00	0.000000e+00	0.000000e+00	0.000000e+00	0.000000e+00	0.000000e+00	0.000000e+00	0.000000e+00	0.000000e+00	0.000000e+00	0.000000e+00	0.000000e+00	0.000000e+00	0.000000e+00	0.000000e+00	0.000000e+00	0.000000e+00	0.000000e+00	0.000000e+00	0.000000e+00	0.000000e+00	0.000000e+00	0.000000e+00	0.000000e+00	0.000000e+00	0.000000e+00	0.000000e+00	0.000000e+00	0.000000e+00	
1280.843016	1275.861656	1285.824376	189.324265	4.194165e+02	1.882557e-90	0.000000e+00	3.835064e-57	4.608386e-76	0.000000e+00	0.000000e+00	8.446439e-03	1.882557e-90	1.165924e-03	1.935915e-64	1.882557e-90	1.882557e-90	1.882557e-90	1.882557e-90	0.000000e+00	1.882557e-90	1.882557e-90	1.882557e-90	1.882557e-90	8.235507e-47	4.973767e-03	5.898385e-53	0.000000e+00	0.000000e+00	0.000000e+00	1.882557e-90	1.882557e-90	0.000000e+00	1.022292e-53	0.000000e+00	0.000000e+00	0.000000e+00	0.000000e+00	0.000000e+00	0.000000e+00	0.000000e+00	1.591545e-61	1.882557e-90	1.882557e-90	1.530301e-79	9.834602e-49	1.722012e-73	1.409751e-60	1.882557e-90	2.273226e-04	1.314401e-44	0.000000e+00	0.000000e+00	1.029837e-50	1.882557e-90	0.000000e+00	7.512886e-40	8.419327e-01	1.882557e-90	1.869580e-17	0.000000e+00	1.882557e-90	1.882557e-90	1.882557e-90	2.839877e-59	1.882557e-90	0.000000e+00	0.000000e+00	1.882557e-90	0.000000e+00	0.000000e+00	0.000000e+00	0.000000e+00	0.000000e+00	0.000000e+00	0.000000e+00	4.351980e-66	1.175232e-89	0.000000e+00	0.000000e+00	0.000000e+00	0.000000e+00	0.000000e+00	0.000000e+00	0.000000e+00	0.000000e+00	0.000000e+00	0.000000e+00	0.000000e+00	0.000000e+00	0.000000e+00	0.000000e+00	0.000000e+00	0.000000e+00	0.000000e+00	0.000000e+00	0.000000e+00	0.000000e+00	0.000000e+00	0.000000e+00	0.000000e+00	0.000000e+00	0.000000e+00	0.000000e+00	0.000000e+00	0.000000e+00	0.000000e+00	0.000000e+00	0.000000e+00	0.000000e+00	0.000000e+00	0.000000e+00	0.000000e+00	0.000000e+00	0.000000e+00	0.000000e+00	0.000000e+00	0.000000e+00	0.000000e+00	0.000000e+00	
1290.736509	1285.824376	1295.648642	186.693921	3.441943e+02	1.882601e-90	0.000000e+00	6.197703e-58	4.215575e-77	0.000000e+00	0.000000e+00	8.446532e-03	1.882601e-90	1.165910e-03	2.575403e-65	1.882601e-90	1.882601e-90	1.882601e-90	1.882601e-90	0.000000e+00	1.882601e-90	1.882601e-90	1.882601e-90	1.882601e-90	2.016313e-47	4.973326e-03	1.247757e-53	0.000000e+00	0.000000e+00	0.000000e+00	1.882601e-90	1.882601e-90	0.000000e+00	2.115168e-54	0.000000e+00	0.000000e+00	0.000000e+00	0.000000e+00	0.000000e+00	0.000000e+00	0.000000e+00	2.509287e-62	1.882601e-90	1.882601e-90	1.327162e-80	2.690799e-49	1.982649e-74	2.921848e-61	1.882601e-90	2.273369e-04	3.491519e-45	0.000000e+00	0.000000e+00	2.762481e-51	1.882601e-90	0.000000e+00	2.726914e-40	8.419298e-01	1.882601e-90	1.293315e-17	0.000000e+00	1.882601e-90	1.882601e-90	1.882601e-90	4.371629e-60	1.882601e-90	0.000000e+00	0.000000e+00	1.882601e-90	0.000000e+00	0.000000e+00	0.000000e+00	0.000000e+00	0.000000e+00	0.000000e+00	0.000000e+00	6.809756e-67	1.882601e-90	0.000000e+00	0.000000e+00	0.000000e+00	0.000000e+00	0.000000e+00	0.000000e+00	0.000000e+00	0.000000e+00	0.000000e+00	0.000000e+00	0.000000e+00	0.000000e+00	0.000000e+00	0.000000e+00	0.000000e+00	0.000000e+00	0.000000e+00	0.000000e+00	0.000000e+00	0.000000e+00	0.000000e+00	0.000000e+00	0.000000e+00	0.000000e+00	0.000000e+00	0.000000e+00	0.000000e+00	0.000000e+00	0.000000e+00	0.000000e+00	0.000000e+00	0.000000e+00	0.000000e+00	0.000000e+00	0.000000e+00	0.000000e+00	0.000000e+00	0.000000e+00	0.000000e+00	0.000000e+00	0.000000e+00	0.000000e+00	
1300.484560	1295.648642	1305.320478	183.795578	2.824631e+02	1.882569e-90	0.000000e+00	7.738141e-59	2.759105e-78	0.000000e+00	0.000000e+00	8.445929e-03	1.882569e-90	1.165892e-03	2.577056e-66	1.882569e-90	1.882569e-90	1.882569e-90	1.882569e-90	0.000000e+00	1.882569e-90	1.882569e-90	1.882569e-90	1.882569e-90	3.890304e-48	4.973493e-03	2.091376e-54	0.000000e+00	0.000000e+00	0.000000e+00	1.882569e-90	1.882569e-90	0.000000e+00	3.459391e-55	0.000000e+00	0.000000e+00	0.000000e+00	0.000000e+00	0.000000e+00	0.000000e+00	0.000000e+00	2.940045e-63	1.882569e-90	1.882569e-90	8.072130e-82	6.033044e-50	1.664567e-75	4.791494e-62	1.882569e-90	2.273400e-04	7.659718e-46	0.000000e+00	0.000000e+00	5.922298e-52	1.882569e-90	0.000000e+00	8.238540e-41	8.419328e-01	1.882569e-90	8.113885e-18	0.000000e+00	1.882569e-90	1.882569e-90	1.882569e-90	5.166498e-61	1.882569e-90	0.000000e+00	0.000000e+00	1.882569e-90	0.000000e+00	0.000000e+00	0.000000e+00	0.000000e+00	0.000000e+00	0.000000e+00	0.000000e+00	7.924682e-68	1.882569e-90	0.000000e+00	0.000000e+00	0.000000e+00	0.000000e+00	0.000000e+00	0.000000e+00	0.000000e+00	0.000000e+00	0.000000e+00	0.000000e+00	0.000000e+00	0.000000e+00	0.000000e+00	0.000000e+00	0.000000e+00	0.000000e+00	0.000000e+00	0.000000e+00	0.000000e+00	0.000000e+00	0.000000e+00	0.000000e+00	0.000000e+00	0.000000e+00	0.000000e+00	0.000000e+00	0.000000e+00	0.000000e+00	0.000000e+00	0.000000e+00	0.000000e+00	0.000000e+00	0.000000e+00	0.000000e+00	0.000000e+00	0.000000e+00	0.000000e+00	0.000000e+00	0.000000e+00	0.000000e+00	0.000000e+00	0.000000e+00	
1310.078397	1305.320478	1314.836317	180.832133	2.318034e+02	1.882630e-90	0.000000e+00	8.572991e-60	1.546251e-79	0.000000e+00	0.000000e+00	8.445737e-03	1.882630e-90	1.165925e-03	2.259044e-67	1.882630e-90	1.882630e-90	1.882630e-90	1.882630e-90	0.000000e+00	1.882630e-90	1.882630e-90	1.882630e-90	1.882630e-90	6.742321e-49	4.974113e-03	3.152967e-55	0.000000e+00	0.000000e+00	0.000000e+00	1.882630e-90	1.882630e-90	0.000000e+00	5.084837e-56	0.000000e+00	0.000000e+00	0.000000e+00	0.000000e+00	0.000000e+00	0.000000e+00	0.000000e+00	3.011903e-64	1.882630e-90	1.882630e-90	4.166382e-83	1.235194e-50	1.208594e-76	7.072563e-63	1.882630e-90	2.273543e-04	1.538029e-46	0.000000e+00	0.000000e+00	1.149597e-52	1.882630e-90	0.000000e+00	2.296675e-41	8.419274e-01	1.882630e-90	4.883603e-18	0.000000e+00	1.882630e-90	1.882630e-90	1.882630e-90	5.402857e-62	1.882630e-90	0.000000e+00	0.000000e+00	1.882630e-90	0.000000e+00	0.000000e+00	0.000000e+00	0.000000e+00	0.000000e+00	0.000000e+00	0.000000e+00	8.078317e-69	1.882630e-90	0.000000e+00	0.000000e+00	0.000000e+00	0.000000e+00	0.000000e+00	0.000000e+00	0.000000e+00	0.000000e+00	0.000000e+00	0.000000e+00	0.000000e+00	0.000000e+00	0.000000e+00	0.000000e+00	0.000000e+00	0.000000e+00	0.000000e+00	0.000000e+00	0.000000e+00	0.000000e+00	0.000000e+00	0.000000e+00	0.000000e+00	0.000000e+00	0.000000e+00	0.000000e+00	0.000000e+00	0.000000e+00	0.000000e+00	0.000000e+00	0.000000e+00	0.000000e+00	0.000000e+00	0.000000e+00	0.000000e+00	0.000000e+00	0.000000e+00	0.000000e+00	0.000000e+00	0.000000e+00	0.000000e+00	0.000000e+00	
1319.522693	1314.836317	1324.209069	178.111067	1.902295e+02	1.882613e-90	0.000000e+00	1.073306e-60	1.015145e-80	0.000000e+00	0.000000e+00	8.446209e-03	1.882613e-90	1.165913e-03	2.264156e-68	1.882613e-90	1.882613e-90	1.882613e-90	1.882613e-90	0.000000e+00	1.882613e-90	1.882613e-90	1.882613e-90	1.882613e-90	1.315382e-49	4.973966e-03	5.325261e-56	0.000000e+00	0.000000e+00	0.000000e+00	1.882613e-90	1.882613e-90	0.000000e+00	8.386315e-57	0.000000e+00	0.000000e+00	0.000000e+00	0.000000e+00	0.000000e+00	0.000000e+00	0.000000e+00	3.572678e-65	1.882613e-90	1.882613e-90	2.544396e-84	2.785063e-51	1.020822e-77	1.173123e-63	1.882613e-90	2.273513e-04	3.381099e-47	0.000000e+00	0.000000e+00	2.501757e-53	1.882613e-90	0.000000e+00	7.042583e-42	8.419287e-01	1.882613e-90	3.100392e-18	0.000000e+00	1.882613e-90	1.882613e-90	1.882613e-90	6.404111e-63	1.882613e-90	0.000000e+00	0.000000e+00	1.882613e-90	0.000000e+00	0.000000e+00	0.000000e+00	0.000000e+00	0.000000e+00	0.000000e+00	0.000000e+00	9.557880e-70	1.882613e-90	0.000000e+00	0.000000e+00	0.000000e+00	0.000000e+00	0.000000e+00	0.000000e+00	0.000000e+00	0.000000e+00	0.000000e+00	0.000000e+00	0.000000e+00	0.000000e+00	0.000000e+00	0.000000e+00	0.000000e+00	0.000000e+00	0.000000e+00	0.000000e+00	0.000000e+00	0.000000e+00	0.000000e+00	0.000000e+00	0.000000e+00	0.000000e+00	0.000000e+00	0.000000e+00	0.000000e+00	0.000000e+00	0.000000e+00	0.000000e+00	0.000000e+00	0.000000e+00	0.000000e+00	0.000000e+00	0.000000e+00	0.000000e+00	0.000000e+00	0.000000e+00	0.000000e+00	0.000000e+00	0.000000e+00	0.000000e+00	
1328.842989	1324.209069	1333.476909	176.115252	1.561119e+02	1.882704e-90	0.000000e+00	2.302179e-61	1.339327e-81	0.000000e+00	0.000000e+00	8.446953e-03	1.882704e-90	1.165957e-03	4.106193e-69	1.882704e-90	1.882704e-90	1.882704e-90	1.882704e-90	0.000000e+00	1.882704e-90	1.882704e-90	1.882704e-90	1.882704e-90	4.251498e-50	4.974138e-03	1.468931e-56	0.000000e+00	0.000000e+00	0.000000e+00	1.882704e-90	1.882704e-90	0.000000e+00	2.272944e-57	0.000000e+00	0.000000e+00	0.000000e+00	0.000000e+00	0.000000e+00	0.000000e+00	0.000000e+00	7.942300e-66	1.882704e-90	1.882704e-90	3.258390e-85	9.542316e-52	1.669979e-78	3.195791e-64	1.882704e-90	2.273430e-04	1.107894e-47	0.000000e+00	0.000000e+00	8.790469e-54	1.882704e-90	0.000000e+00	3.203650e-42	8.419206e-01	1.882704e-90	2.437275e-18	0.000000e+00	1.882704e-90	1.882704e-90	1.882704e-90	1.318422e-63	1.882704e-90	0.000000e+00	0.000000e+00	1.882704e-90	0.000000e+00	0.000000e+00	0.000000e+00	0.000000e+00	0.000000e+00	0.000000e+00	0.000000e+00	2.123609e-70	1.882704e-90	0.000000e+00	0.000000e+00	0.000000e+00	0.000000e+00	0.000000e+00	0.000000e+00	0.000000e+00	0.000000e+00	0.000000e+00	0.000000e+00	0.000000e+00	0.000000e+00	0.000000e+00	0.000000e+00	0.000000e+00	0.000000e+00	0.000000e+00	0.000000e+00	0.000000e+00	0.000000e+00	0.000000e+00	0.000000e+00	0.000000e+00	0.000000e+00	0.000000e+00	0.000000e+00	0.000000e+00	0.000000e+00	0.000000e+00	0.000000e+00	0.000000e+00	0.000000e+00	0.000000e+00	0.000000e+00	0.000000e+00	0.000000e+00	0.000000e+00	0.000000e+00	0.000000e+00	0.000000e+00	0.000000e+00	0.000000e+00	
1338.089361	1333.476909	1342.701814	175.299413	1.281132e+02	1.882623e-90	0.000000e+00	1.287261e-61	6.119606e-82	0.000000e+00	0.000000e+00	8.446502e-03	1.882623e-90	1.165889e-03	2.141022e-69	1.882623e-90	1.882623e-90	1.882623e-90	1.882623e-90	0.000000e+00	1.882623e-90	1.882623e-90	1.882623e-90	1.882623e-90	3.353442e-50	4.973498e-03	9.661682e-57	0.000000e+00	0.000000e+00	0.000000e+00	1.882623e-90	1.882623e-90	0.000000e+00	1.484142e-57	0.000000e+00	0.000000e+00	0.000000e+00	0.000000e+00	0.000000e+00	0.000000e+00	0.000000e+00	5.363476e-66	1.882623e-90	1.882623e-90	1.558258e-85	6.868216e-52	8.841629e-79	2.091801e-64	1.882623e-90	2.273394e-04	7.386262e-48	0.000000e+00	0.000000e+00	7.180575e-54	1.882623e-90	0.000000e+00	2.912854e-42	8.419280e-01	1.882623e-90	2.781176e-18	0.000000e+00	1.882623e-90	1.882623e-90	1.882623e-90	7.246417e-64	1.882623e-90	0.000000e+00	0.000000e+00	1.882623e-90	0.000000e+00	0.000000e+00	0.000000e+00	0.000000e+00	0.000000e+00	0.000000e+00	0.000000e+00	1.434086e-70	1.882623e-90	0.000000e+00	0.000000e+00	0.000000e+00	0.000000e+00	0.000000e+00	0.000000e+00	0.000000e+00	0.000000e+00	0.000000e+00	0.000000e+00	0.000000e+00	0.000000e+00	0.000000e+00	0.000000e+00	0.000000e+00	0.000000e+00	0.000000e+00	0.000000e+00	0.000000e+00	0.000000e+00	0.000000e+00	0.000000e+00	0.000000e+00	0.000000e+00	0.000000e+00	0.000000e+00	0.000000e+00	0.000000e+00	0.000000e+00	0.000000e+00	0.000000e+00	0.000000e+00	0.000000e+00	0.000000e+00	0.000000e+00	0.000000e+00	0.000000e+00	0.000000e+00	0.000000e+00	0.000000e+00	0.000000e+00	0.000000e+00	
1347.319047	1342.701814	1351.936280	175.477131	1.051362e+02	1.882701e-90	0.000000e+00	1.648772e-61	8.192197e-82	0.000000e+00	0.000000e+00	8.446789e-03	1.882701e-90	1.166045e-03	2.784879e-69	1.882701e-90	1.882701e-90	1.882701e-90	1.882701e-90	0.000000e+00	1.882701e-90	1.882701e-90	1.882701e-90	1.882701e-90	5.717891e-50	4.973692e-03	1.347236e-56	0.000000e+00	0.000000e+00	0.000000e+00	1.882701e-90	1.882701e-90	0.000000e+00	2.072773e-57	0.000000e+00	0.000000e+00	0.000000e+00	0.000000e+00	0.000000e+00	0.000000e+00	0.000000e+00	9.461889e-66	1.882701e-90	1.882701e-90	2.329519e-85	9.389419e-52	1.292731e-78	2.919842e-64	1.882701e-90	2.273327e-04	9.103436e-48	0.000000e+00	0.000000e+00	1.214962e-53	1.882701e-90	0.000000e+00	4.814763e-42	8.419218e-01	1.882701e-90	4.375231e-18	0.000000e+00	1.882701e-90	1.882701e-90	1.882701e-90	9.316535e-64	1.882701e-90	0.000000e+00	0.000000e+00	1.882701e-90	0.000000e+00	0.000000e+00	0.000000e+00	0.000000e+00	0.000000e+00	0.000000e+00	0.000000e+00	2.529947e-70	1.882701e-90	0.000000e+00	0.000000e+00	0.000000e+00	0.000000e+00	0.000000e+00	0.000000e+00	0.000000e+00	0.000000e+00	0.000000e+00	0.000000e+00	0.000000e+00	0.000000e+00	0.000000e+00	0.000000e+00	0.000000e+00	0.000000e+00	0.000000e+00	0.000000e+00	0.000000e+00	0.000000e+00	0.000000e+00	0.000000e+00	0.000000e+00	0.000000e+00	0.000000e+00	0.000000e+00	0.000000e+00	0.000000e+00	0.000000e+00	0.000000e+00	0.000000e+00	0.000000e+00	0.000000e+00	0.000000e+00	0.000000e+00	0.000000e+00	0.000000e+00	0.000000e+00	0.000000e+00	0.000000e+00	0.000000e+00	0.000000e+00	
1356.564410	1351.936280	1361.192540	175.885891	8.628001e+01	1.882702e-90	0.000000e+00	2.559331e-61	1.407160e-81	0.000000e+00	0.000000e+00	8.447605e-03	1.882702e-90	1.165906e-03	4.476256e-69	1.882702e-90	1.882702e-90	1.882702e-90	1.882702e-90	0.000000e+00	1.882702e-90	1.882702e-90	1.882702e-90	1.882702e-90	1.165761e-49	4.973697e-03	2.236121e-56	0.000000e+00	0.000000e+00	0.000000e+00	1.882702e-90	1.882702e-90	0.000000e+00	3.452479e-57	0.000000e+00	0.000000e+00	0.000000e+00	0.000000e+00	0.000000e+00	0.000000e+00	0.000000e+00	2.084778e-65	1.882702e-90	1.882702e-90	4.536747e-85	1.489999e-51	2.392602e-78	4.859371e-64	1.882702e-90	2.273642e-04	1.294009e-47	0.000000e+00	0.000000e+00	2.434296e-53	1.882702e-90	0.000000e+00	9.142001e-42	8.419208e-01	1.882702e-90	7.410820e-18	0.000000e+00	1.882702e-90	1.882702e-90	1.882702e-90	1.458576e-63	1.882702e-90	0.000000e+00	0.000000e+00	1.882702e-90	0.000000e+00	0.000000e+00	0.000000e+00	0.000000e+00	0.000000e+00	0.000000e+00	0.000000e+00	5.574689e-70	1.882702e-90	0.000000e+00	0.000000e+00	0.000000e+00	0.000000e+00	0.000000e+00	0.000000e+00	0.000000e+00	0.000000e+00	0.000000e+00	0.000000e+00	0.000000e+00	0.000000e+00	0.000000e+00	0.000000e+00	0.000000e+00	0.000000e+00	0.000000e+00	0.000000e+00	0.000000e+00	0.000000e+00	0.000000e+00	0.000000e+00	0.000000e+00	0.000000e+00	0.000000e+00	0.000000e+00	0.000000e+00	0.000000e+00	0.000000e+00	0.000000e+00	0.000000e+00	0.000000e+00	0.000000e+00	0.000000e+00	0.000000e+00	0.000000e+00	0.000000e+00	0.000000e+00	0.000000e+00	0.000000e+00	0.000000e+00	0.000000e+00	
1365.820558	1361.192540	1370.448577	175.876803	7.080571e+01	1.882799e-90	0.000000e+00	2.803882e-61	1.538012e-81	0.000000e+00	0.000000e+00	8.446703e-03	1.882799e-90	1.166123e-03	4.901131e-69	1.882799e-90	1.882799e-90	1.882799e-90	1.882799e-90	0.000000e+00	1.882799e-90	1.882799e-90	1.882799e-90	1.882799e-90	1.718946e-49	4.974413e-03	2.706337e-56	0.000000e+00	0.000000e+00	0.000000e+00	1.882799e-90	1.882799e-90	0.000000e+00	4.179187e-57	0.000000e+00	0.000000e+00	0.000000e+00	0.000000e+00	0.000000e+00	0.000000e+00	0.000000e+00	3.069658e-65	1.882799e-90	1.882799e-90	5.470996e-85	1.805015e-51	2.888293e-78	5.879395e-64	1.882799e-90	2.273615e-04	1.420427e-47	0.000000e+00	0.000000e+00	3.590821e-53	1.882799e-90	0.000000e+00	1.350013e-41	8.419132e-01	1.882799e-90	1.097609e-17	0.000000e+00	1.882799e-90	1.882799e-90	1.882799e-90	1.597889e-63	1.882799e-90	0.000000e+00	0.000000e+00	1.882799e-90	0.000000e+00	0.000000e+00	0.000000e+00	0.000000e+00	0.000000e+00	0.000000e+00	0.000000e+00	8.207455e-70	1.882799e-90	0.000000e+00	0.000000e+00	0.000000e+00	0.000000e+00	0.000000e+00	0.000000e+00	0.000000e+00	0.000000e+00	0.000000e+00	0.000000e+00	0.000000e+00	0.000000e+00	0.000000e+00	0.000000e+00	0.000000e+00	0.000000e+00	0.000000e+00	0.000000e+00	0.000000e+00	0.000000e+00	0.000000e+00	0.000000e+00	0.000000e+00	0.000000e+00	0.000000e+00	0.000000e+00	0.000000e+00	0.000000e+00	0.000000e+00	0.000000e+00	0.000000e+00	0.000000e+00	0.000000e+00	0.000000e+00	0.000000e+00	0.000000e+00	0.000000e+00	0.000000e+00	0.000000e+00	0.000000e+00	0.000000e+00	0.000000e+00	
1375.064978	1370.448577	1379.681378	175.427476	5.810672e+01	1.882699e-90	0.000000e+00	2.127627e-61	1.044178e-81	0.000000e+00	0.000000e+00	8.446604e-03	1.882699e-90	1.165962e-03	3.578153e-69	1.882699e-90	1.882699e-90	1.882699e-90	1.882699e-90	0.000000e+00	1.882699e-90	1.882699e-90	1.882699e-90	1.882699e-90	1.800799e-49	4.973019e-03	2.347288e-56	0.000000e+00	0.000000e+00	0.000000e+00	1.882699e-90	1.882699e-90	0.000000e+00	3.609393e-57	0.000000e+00	0.000000e+00	0.000000e+00	0.000000e+00	0.000000e+00	0.000000e+00	0.000000e+00	2.951679e-65	1.882699e-90	1.882699e-90	3.981343e-85	1.645386e-51	2.223111e-78	5.086618e-64	1.882699e-90	2.273468e-04	1.187492e-47	0.000000e+00	0.000000e+00	3.834852e-53	1.882699e-90	0.000000e+00	1.529555e-41	8.419225e-01	1.882699e-90	1.409367e-17	0.000000e+00	1.882699e-90	1.882699e-90	1.882699e-90	1.200822e-63	1.882699e-90	0.000000e+00	0.000000e+00	1.882699e-90	0.000000e+00	0.000000e+00	0.000000e+00	0.000000e+00	0.000000e+00	0.000000e+00	0.000000e+00	7.892167e-70	1.882699e-90	0.000000e+00	0.000000e+00	0.000000e+00	0.000000e+00	0.000000e+00	0.000000e+00	0.000000e+00	0.000000e+00	0.000000e+00	0.000000e+00	0.000000e+00	0.000000e+00	0.000000e+00	0.000000e+00	0.000000e+00	0.000000e+00	0.000000e+00	0.000000e+00	0.000000e+00	0.000000e+00	0.000000e+00	0.000000e+00	0.000000e+00	0.000000e+00	0.000000e+00	0.000000e+00	0.000000e+00	0.000000e+00	0.000000e+00	0.000000e+00	0.000000e+00	0.000000e+00	0.000000e+00	0.000000e+00	0.000000e+00	0.000000e+00	0.000000e+00	0.000000e+00	0.000000e+00	0.000000e+00	0.000000e+00	0.000000e+00	
1384.284062	1379.681378	1388.886746	174.899718	4.768529e+01	1.882680e-90	0.000000e+00	1.508573e-61	6.491656e-82	0.000000e+00	0.000000e+00	8.445995e-03	1.882680e-90	1.165963e-03	2.424301e-69	1.882680e-90	1.882680e-90	1.882680e-90	1.882680e-90	0.000000e+00	1.882680e-90	1.882680e-90	1.882680e-90	1.882680e-90	1.772206e-49	4.973898e-03	1.915433e-56	0.000000e+00	0.000000e+00	0.000000e+00	1.882680e-90	1.882680e-90	0.000000e+00	2.932330e-57	0.000000e+00	0.000000e+00	0.000000e+00	0.000000e+00	0.000000e+00	0.000000e+00	0.000000e+00	2.625798e-65	1.882680e-90	1.882680e-90	2.639383e-85	1.423385e-51	1.574693e-78	4.136738e-64	1.882680e-90	2.273425e-04	9.441081e-48	0.000000e+00	0.000000e+00	3.861213e-53	1.882680e-90	0.000000e+00	1.651236e-41	8.419236e-01	1.882680e-90	1.763620e-17	0.000000e+00	1.882680e-90	1.882680e-90	1.882680e-90	8.421949e-64	1.882680e-90	0.000000e+00	0.000000e+00	1.882680e-90	0.000000e+00	0.000000e+00	0.000000e+00	0.000000e+00	0.000000e+00	0.000000e+00	0.000000e+00	7.021203e-70	1.882680e-90	0.000000e+00	0.000000e+00	0.000000e+00	0.000000e+00	0.000000e+00	0.000000e+00	0.000000e+00	0.000000e+00	0.000000e+00	0.000000e+00	0.000000e+00	0.000000e+00	0.000000e+00	0.000000e+00	0.000000e+00	0.000000e+00	0.000000e+00	0.000000e+00	0.000000e+00	0.000000e+00	0.000000e+00	0.000000e+00	0.000000e+00	0.000000e+00	0.000000e+00	0.000000e+00	0.000000e+00	0.000000e+00	0.000000e+00	0.000000e+00	0.000000e+00	0.000000e+00	0.000000e+00	0.000000e+00	0.000000e+00	0.000000e+00	0.000000e+00	0.000000e+00	0.000000e+00	0.000000e+00	0.000000e+00	0.000000e+00	
1393.480064	1388.886746	1398.073381	174.532904	3.913295e+01	1.882641e-90	0.000000e+00	1.222359e-61	4.799195e-82	0.000000e+00	0.000000e+00	8.446788e-03	1.882641e-90	1.165900e-03	1.902814e-69	1.882641e-90	1.882641e-90	1.882641e-90	1.882641e-90	0.000000e+00	1.882641e-90	1.882641e-90	1.882641e-90	1.882641e-90	1.974553e-49	4.973832e-03	1.764001e-56	0.000000e+00	0.000000e+00	0.000000e+00	1.882641e-90	1.882641e-90	0.000000e+00	2.691440e-57	0.000000e+00	0.000000e+00	0.000000e+00	0.000000e+00	0.000000e+00	0.000000e+00	0.000000e+00	2.725827e-65	1.882641e-90	1.882641e-90	2.102148e-85	1.365266e-51	1.313775e-78	3.801749e-64	1.882641e-90	2.273302e-04	8.286406e-48	0.000000e+00	0.000000e+00	4.371334e-53	1.882641e-90	0.000000e+00	1.963018e-41	8.419263e-01	1.882641e-90	2.323798e-17	0.000000e+00	1.882641e-90	1.882641e-90	1.882641e-90	6.771380e-64	1.882641e-90	0.000000e+00	0.000000e+00	1.882641e-90	0.000000e+00	0.000000e+00	0.000000e+00	0.000000e+00	0.000000e+00	0.000000e+00	0.000000e+00	7.290338e-70	1.882641e-90	0.000000e+00	0.000000e+00	0.000000e+00	0.000000e+00	0.000000e+00	0.000000e+00	0.000000e+00	0.000000e+00	0.000000e+00	0.000000e+00	0.000000e+00	0.000000e+00	0.000000e+00	0.000000e+00	0.000000e+00	0.000000e+00	0.000000e+00	0.000000e+00	0.000000e+00	0.000000e+00	0.000000e+00	0.000000e+00	0.000000e+00	0.000000e+00	0.000000e+00	0.000000e+00	0.000000e+00	0.000000e+00	0.000000e+00	0.000000e+00	0.000000e+00	0.000000e+00	0.000000e+00	0.000000e+00	0.000000e+00	0.000000e+00	0.000000e+00	0.000000e+00	0.000000e+00	0.000000e+00	0.000000e+00	0.000000e+00	
1402.666277	1398.073381	1407.259174	174.505910	3.211446e+01	1.882679e-90	0.000000e+00	1.318907e-61	5.143358e-82	0.000000e+00	0.000000e+00	8.446806e-03	1.882679e-90	1.166030e-03	2.048539e-69	1.882679e-90	1.882679e-90	1.882679e-90	1.882679e-90	0.000000e+00	1.882679e-90	1.882679e-90	1.882679e-90	1.882679e-90	2.870867e-49	4.974456e-03	2.105857e-56	0.000000e+00	0.000000e+00	0.000000e+00	1.882679e-90	1.882679e-90	0.000000e+00	3.212656e-57	0.000000e+00	0.000000e+00	0.000000e+00	0.000000e+00	0.000000e+00	0.000000e+00	0.000000e+00	3.943023e-65	1.882679e-90	1.882679e-90	2.482762e-85	1.634917e-51	1.556971e-78	4.537763e-64	1.882679e-90	2.273551e-04	8.994833e-48	0.000000e+00	0.000000e+00	6.363878e-53	1.882679e-90	0.000000e+00	2.867782e-41	8.419223e-01	1.882679e-90	3.421076e-17	0.000000e+00	1.882679e-90	1.882679e-90	1.882679e-90	7.302996e-64	1.882679e-90	0.000000e+00	0.000000e+00	1.882679e-90	0.000000e+00	0.000000e+00	0.000000e+00	0.000000e+00	0.000000e+00	0.000000e+00	0.000000e+00	1.054598e-69	1.882679e-90	0.000000e+00	0.000000e+00	0.000000e+00	0.000000e+00	0.000000e+00	0.000000e+00	0.000000e+00	0.000000e+00	0.000000e+00	0.000000e+00	0.000000e+00	0.000000e+00	0.000000e+00	0.000000e+00	0.000000e+00	0.000000e+00	0.000000e+00	0.000000e+00	0.000000e+00	0.000000e+00	0.000000e+00	0.000000e+00	0.000000e+00	0.000000e+00	0.000000e+00	0.000000e+00	0.000000e+00	0.000000e+00	0.000000e+00	0.000000e+00	0.000000e+00	0.000000e+00	0.000000e+00	0.000000e+00	0.000000e+00	0.000000e+00	0.000000e+00	0.000000e+00	0.000000e+00	0.000000e+00	0.000000e+00	0.000000e+00	
1411.866051	1407.259174	1416.472929	175.022555	2.635474e+01	1.882660e-90	0.000000e+00	2.249974e-61	9.984889e-82	0.000000e+00	0.000000e+00	8.447272e-03	1.882660e-90	1.166009e-03	3.654446e-69	1.882660e-90	1.882660e-90	1.882660e-90	1.882660e-90	0.000000e+00	1.882660e-90	1.882660e-90	1.882660e-90	1.882660e-90	6.387055e-49	4.973810e-03	3.806109e-56	0.000000e+00	0.000000e+00	0.000000e+00	1.882660e-90	1.882660e-90	0.000000e+00	5.832123e-57	0.000000e+00	0.000000e+00	0.000000e+00	0.000000e+00	0.000000e+00	0.000000e+00	0.000000e+00	9.688061e-65	1.882660e-90	1.882660e-90	5.504304e-85	2.789710e-51	3.234020e-78	8.227402e-64	1.882660e-90	2.273447e-04	1.370996e-47	0.000000e+00	0.000000e+00	1.384182e-52	1.882660e-90	0.000000e+00	5.824702e-41	8.419238e-01	1.882660e-90	6.009205e-17	0.000000e+00	1.882660e-90	1.882660e-90	1.882660e-90	1.259328e-63	1.882660e-90	0.000000e+00	0.000000e+00	1.882660e-90	0.000000e+00	0.000000e+00	0.000000e+00	0.000000e+00	0.000000e+00	0.000000e+00	0.000000e+00	2.590816e-69	1.882660e-90	0.000000e+00	0.000000e+00	0.000000e+00	0.000000e+00	0.000000e+00	0.000000e+00	0.000000e+00	0.000000e+00	0.000000e+00	0.000000e+00	0.000000e+00	0.000000e+00	0.000000e+00	0.000000e+00	0.000000e+00	0.000000e+00	0.000000e+00	0.000000e+00	0.000000e+00	0.000000e+00	0.000000e+00	0.000000e+00	0.000000e+00	0.000000e+00	0.000000e+00	0.000000e+00	0.000000e+00	0.000000e+00	0.000000e+00	0.000000e+00	0.000000e+00	0.000000e+00	0.000000e+00	0.000000e+00	0.000000e+00	0.000000e+00	0.000000e+00	0.000000e+00	0.000000e+00	0.000000e+00	0.000000e+00	0.000000e+00	
1421.115005	1416.472929	1425.757081	176.346346	2.162802e+01	1.882755e-90	0.000000e+00	7.490971e-61	4.612800e-81	0.000000e+00	0.000000e+00	8.446795e-03	1.882755e-90	1.165998e-03	1.362661e-68	1.882755e-90	1.882755e-90	1.882755e-90	1.882755e-90	0.000000e+00	1.882755e-90	1.882755e-90	1.882755e-90	1.882755e-90	2.646812e-48	4.973721e-03	1.261222e-55	0.000000e+00	0.000000e+00	0.000000e+00	1.882755e-90	1.882755e-90	0.000000e+00	1.955401e-56	0.000000e+00	0.000000e+00	0.000000e+00	0.000000e+00	0.000000e+00	0.000000e+00	0.000000e+00	5.165924e-64	1.882755e-90	1.882755e-90	3.060809e-84	7.989356e-51	1.524387e-77	2.748074e-63	1.882755e-90	2.273516e-04	3.430815e-47	0.000000e+00	0.000000e+00	5.419301e-52	1.882755e-90	0.000000e+00	1.916218e-40	8.419174e-01	1.882755e-90	1.367772e-16	0.000000e+00	1.882755e-90	1.882755e-90	1.882755e-90	4.310253e-63	1.882755e-90	0.000000e+00	0.000000e+00	1.882755e-90	0.000000e+00	0.000000e+00	0.000000e+00	0.000000e+00	0.000000e+00	0.000000e+00	0.000000e+00	1.381266e-68	1.882755e-90	0.000000e+00	0.000000e+00	0.000000e+00	0.000000e+00	0.000000e+00	0.000000e+00	0.000000e+00	0.000000e+00	0.000000e+00	0.000000e+00	0.000000e+00	0.000000e+00	0.000000e+00	0.000000e+00	0.000000e+00	0.000000e+00	0.000000e+00	0.000000e+00	0.000000e+00	0.000000e+00	0.000000e+00	0.000000e+00	0.000000e+00	0.000000e+00	0.000000e+00	0.000000e+00	0.000000e+00	0.000000e+00	0.000000e+00	0.000000e+00	0.000000e+00	0.000000e+00	0.000000e+00	0.000000e+00	0.000000e+00	0.000000e+00	0.000000e+00	0.000000e+00	0.000000e+00	0.000000e+00	0.000000e+00	0.000000e+00	
1430.465960	1425.757081	1435.174840	178.869950	1.774904e+01	1.882555e-90	0.000000e+00	6.489984e-60	7.363857e-80	0.000000e+00	0.000000e+00	8.446557e-03	1.882555e-90	1.165870e-03	1.457701e-67	1.882555e-90	1.882555e-90	1.882555e-90	1.882555e-90	0.000000e+00	1.882555e-90	1.882555e-90	1.882555e-90	1.882555e-90	2.675816e-47	4.972988e-03	9.958083e-55	0.000000e+00	0.000000e+00	0.000000e+00	1.882555e-90	1.882555e-90	0.000000e+00	1.578280e-55	0.000000e+00	0.000000e+00	0.000000e+00	0.000000e+00	0.000000e+00	0.000000e+00	0.000000e+00	8.360884e-63	1.882555e-90	1.882555e-90	6.339819e-83	4.800731e-50	2.321215e-76	2.204865e-62	1.882555e-90	2.273287e-04	1.744250e-46	0.000000e+00	0.000000e+00	4.933303e-51	1.882555e-90	0.000000e+00	1.260985e-39	8.419337e-01	1.882555e-90	4.522281e-16	0.000000e+00	1.882555e-90	1.882555e-90	1.882555e-90	3.931683e-62	1.882555e-90	0.000000e+00	0.000000e+00	1.882555e-90	0.000000e+00	0.000000e+00	0.000000e+00	0.000000e+00	0.000000e+00	0.000000e+00	0.000000e+00	2.238038e-67	1.882555e-90	0.000000e+00	0.000000e+00	0.000000e+00	0.000000e+00	0.000000e+00	0.000000e+00	0.000000e+00	0.000000e+00	0.000000e+00	0.000000e+00	0.000000e+00	0.000000e+00	0.000000e+00	0.000000e+00	0.000000e+00	0.000000e+00	0.000000e+00	0.000000e+00	0.000000e+00	0.000000e+00	0.000000e+00	0.000000e+00	0.000000e+00	0.000000e+00	0.000000e+00	0.000000e+00	0.000000e+00	0.000000e+00	0.000000e+00	0.000000e+00	0.000000e+00	0.000000e+00	0.000000e+00	0.000000e+00	0.000000e+00	0.000000e+00	0.000000e+00	0.000000e+00	0.000000e+00	0.000000e+00	0.000000e+00	0.000000e+00	
1439.993929	1435.174840	1444.813019	183.043375	1.456575e+01	1.882670e-90	0.000000e+00	1.914319e-58	5.753773e-78	0.000000e+00	0.000000e+00	8.446495e-03	1.882670e-90	1.166037e-03	6.012833e-66	1.882670e-90	1.882670e-90	1.882670e-90	1.882670e-90	0.000000e+00	1.882670e-90	1.882670e-90	1.882670e-90	1.882670e-90	8.534029e-46	4.974106e-03	2.400978e-53	0.000000e+00	0.000000e+00	0.000000e+00	1.882670e-90	1.882670e-90	0.000000e+00	3.946231e-54	0.000000e+00	0.000000e+00	0.000000e+00	0.000000e+00	0.000000e+00	0.000000e+00	0.000000e+00	5.652666e-61	1.882670e-90	1.882670e-90	7.083181e-81	7.478835e-49	1.591120e-74	5.470929e-61	1.882670e-90	2.273542e-04	2.199846e-45	0.000000e+00	0.000000e+00	1.336423e-49	1.882670e-90	0.000000e+00	2.035827e-38	8.419236e-01	1.882670e-90	2.432202e-15	0.000000e+00	1.882670e-90	1.882670e-90	1.882670e-90	1.259869e-60	1.882670e-90	0.000000e+00	0.000000e+00	1.882670e-90	0.000000e+00	0.000000e+00	0.000000e+00	0.000000e+00	0.000000e+00	0.000000e+00	0.000000e+00	1.521554e-65	1.882670e-90	0.000000e+00	0.000000e+00	0.000000e+00	0.000000e+00	0.000000e+00	0.000000e+00	0.000000e+00	0.000000e+00	0.000000e+00	0.000000e+00	0.000000e+00	0.000000e+00	0.000000e+00	0.000000e+00	0.000000e+00	0.000000e+00	0.000000e+00	0.000000e+00	0.000000e+00	0.000000e+00	0.000000e+00	0.000000e+00	0.000000e+00	0.000000e+00	0.000000e+00	0.000000e+00	0.000000e+00	0.000000e+00	0.000000e+00	0.000000e+00	0.000000e+00	0.000000e+00	0.000000e+00	0.000000e+00	0.000000e+00	0.000000e+00	0.000000e+00	0.000000e+00	0.000000e+00	0.000000e+00	0.000000e+00	0.000000e+00	
1449.777174	1444.813019	1454.741329	188.536957	1.195339e+01	1.882691e-90	0.000000e+00	1.285179e-56	1.304734e-75	0.000000e+00	0.000000e+00	8.447157e-03	1.882691e-90	1.165920e-03	6.124308e-64	1.882691e-90	1.882691e-90	1.882691e-90	1.882691e-90	0.000000e+00	1.882691e-90	1.882691e-90	1.882691e-90	1.882691e-90	5.941983e-44	4.974783e-03	1.231704e-51	0.000000e+00	0.000000e+00	0.000000e+00	1.882691e-90	1.882691e-90	0.000000e+00	2.121014e-52	0.000000e+00	0.000000e+00	0.000000e+00	0.000000e+00	0.000000e+00	0.000000e+00	0.000000e+00	1.007741e-58	1.882691e-90	1.882691e-90	2.453013e-78	2.215992e-47	3.002237e-72	2.925333e-59	1.882691e-90	2.273335e-04	5.104111e-44	0.000000e+00	0.000000e+00	7.633383e-48	1.882691e-90	0.000000e+00	6.091306e-37	8.419207e-01	1.882691e-90	1.834595e-14	0.000000e+00	1.882691e-90	1.882691e-90	1.882691e-90	9.382820e-59	2.071666e-90	0.000000e+00	0.000000e+00	1.882691e-90	0.000000e+00	0.000000e+00	0.000000e+00	0.000000e+00	0.000000e+00	0.000000e+00	0.000000e+00	2.749246e-63	6.394141e-90	0.000000e+00	0.000000e+00	0.000000e+00	0.000000e+00	0.000000e+00	0.000000e+00	0.000000e+00	0.000000e+00	0.000000e+00	0.000000e+00	0.000000e+00	0.000000e+00	0.000000e+00	0.000000e+00	0.000000e+00	0.000000e+00	0.000000e+00	0.000000e+00	0.000000e+00	0.000000e+00	0.000000e+00	0.000000e+00	0.000000e+00	0.000000e+00	0.000000e+00	0.000000e+00	0.000000e+00	0.000000e+00	0.000000e+00	0.000000e+00	0.000000e+00	0.000000e+00	0.000000e+00	0.000000e+00	0.000000e+00	0.000000e+00	0.000000e+00	0.000000e+00	0.000000e+00	0.000000e+00	0.000000e+00	0.000000e+00	
1459.846974	1454.741329	1464.952620	193.899361	9.809551e+00	1.882663e-90	0.000000e+00	6.279450e-55	1.957776e-73	0.000000e+00	0.000000e+00	8.446751e-03	1.882663e-90	1.165896e-03	4.386713e-62	1.882663e-90	1.882663e-90	1.882663e-90	1.882663e-90	0.000000e+00	1.882663e-90	1.882663e-90	1.882663e-90	1.882663e-90	3.110662e-42	4.973781e-03	4.766076e-50	0.000000e+00	0.000000e+00	0.000000e+00	1.882663e-90	1.745810e-88	0.000000e+00	8.577887e-51	0.000000e+00	0.000000e+00	0.000000e+00	0.000000e+00	0.000000e+00	0.000000e+00	0.000000e+00	1.257678e-56	1.882663e-90	1.882663e-90	5.491141e-76	5.159312e-46	3.850420e-70	1.182937e-57	1.882663e-90	2.273505e-04	9.359477e-43	0.000000e+00	0.000000e+00	3.350003e-46	8.715767e-90	0.000000e+00	1.472088e-35	8.419241e-01	1.882663e-90	1.240708e-13	0.000000e+00	1.882663e-90	1.882663e-90	1.882663e-90	5.044977e-57	1.470105e-87	0.000000e+00	0.000000e+00	1.882663e-90	0.000000e+00	0.000000e+00	0.000000e+00	0.000000e+00	0.000000e+00	0.000000e+00	0.000000e+00	3.495286e-61	3.726370e-88	0.000000e+00	0.000000e+00	0.000000e+00	0.000000e+00	0.000000e+00	0.000000e+00	0.000000e+00	0.000000e+00	0.000000e+00	0.000000e+00	0.000000e+00	0.000000e+00	0.000000e+00	0.000000e+00	0.000000e+00	0.000000e+00	0.000000e+00	0.000000e+00	0.000000e+00	0.000000e+00	0.000000e+00	0.000000e+00	0.000000e+00	0.000000e+00	0.000000e+00	0.000000e+00	0.000000e+00	0.000000e+00	0.000000e+00	0.000000e+00	0.000000e+00	0.000000e+00	0.000000e+00	0.000000e+00	0.000000e+00	0.000000e+00	0.000000e+00	0.000000e+00	0.000000e+00	0.000000e+00	0.000000e+00	0.000000e+00	
1470.160149	1464.952620	1475.367679	197.756863	8.050210e+00	1.882646e-90	0.000000e+00	9.351827e-54	6.296007e-72	0.000000e+00	0.000000e+00	8.446681e-03	1.882646e-90	1.165997e-03	8.485779e-61	1.882646e-90	1.882646e-90	1.882646e-90	1.882646e-90	0.000000e+00	1.882646e-90	1.882646e-90	1.882646e-90	1.882646e-90	5.369378e-41	4.973734e-03	6.265766e-49	0.000000e+00	0.000000e+00	0.000000e+00	1.882646e-90	2.388023e-86	0.000000e+00	1.163422e-49	0.000000e+00	0.000000e+00	0.000000e+00	0.000000e+00	0.000000e+00	0.000000e+00	0.000000e+00	3.944284e-55	1.882646e-90	1.882646e-90	2.398682e-74	4.777897e-45	1.149691e-68	1.607480e-56	1.882646e-90	2.273446e-04	7.112260e-42	0.000000e+00	0.000000e+00	5.140337e-45	1.190733e-87	0.000000e+00	1.500020e-34	8.419257e-01	1.882646e-90	5.265327e-13	0.000000e+00	1.882646e-90	1.882646e-90	1.882646e-90	8.026081e-56	1.468977e-85	0.000000e+00	0.000000e+00	1.882646e-90	0.000000e+00	0.000000e+00	0.000000e+00	0.000000e+00	0.000000e+00	0.000000e+00	0.000000e+00	1.114107e-59	6.176050e-87	0.000000e+00	0.000000e+00	0.000000e+00	0.000000e+00	0.000000e+00	0.000000e+00	0.000000e+00	0.000000e+00	0.000000e+00	0.000000e+00	0.000000e+00	0.000000e+00	0.000000e+00	0.000000e+00	0.000000e+00	0.000000e+00	0.000000e+00	0.000000e+00	0.000000e+00	0.000000e+00	0.000000e+00	0.000000e+00	0.000000e+00	0.000000e+00	0.000000e+00	0.000000e+00	0.000000e+00	0.000000e+00	0.000000e+00	0.000000e+00	0.000000e+00	0.000000e+00	0.000000e+00	0.000000e+00	0.000000e+00	0.000000e+00	0.000000e+00	0.000000e+00	0.000000e+00	0.000000e+00	0.000000e+00	0.000000e+00	
1480.631234	1475.367679	1485.894789	199.874363	6.606406e+00	1.882706e-90	0.000000e+00	4.130321e-53	4.190343e-71	0.000000e+00	0.000000e+00	8.446952e-03	1.882706e-90	1.165999e-03	4.306376e-60	1.882706e-90	1.882706e-90	1.882706e-90	1.882706e-90	0.000000e+00	1.882706e-90	1.882706e-90	1.882706e-90	1.882706e-90	2.953661e-40	4.973536e-03	2.715684e-48	0.000000e+00	0.000000e+00	0.000000e+00	1.882706e-90	3.957952e-85	0.000000e+00	5.127876e-49	0.000000e+00	0.000000e+00	0.000000e+00	0.000000e+00	0.000000e+00	0.000000e+00	0.000000e+00	2.982935e-54	1.882706e-90	1.882706e-90	1.968765e-73	1.717493e-44	7.709830e-68	7.098904e-56	1.882706e-90	2.273482e-04	2.194847e-41	0.000000e+00	0.000000e+00	2.658867e-44	1.970587e-86	0.000000e+00	6.238634e-34	8.419212e-01	1.882706e-90	1.372209e-12	0.000000e+00	1.882706e-90	1.882706e-90	1.882706e-90	3.671809e-55	1.965019e-84	0.000000e+00	0.000000e+00	1.882706e-90	0.000000e+00	0.000000e+00	0.000000e+00	0.000000e+00	0.000000e+00	0.000000e+00	0.000000e+00	8.508952e-59	2.773459e-86	0.000000e+00	0.000000e+00	0.000000e+00	0.000000e+00	0.000000e+00	0.000000e+00	0.000000e+00	0.000000e+00	0.000000e+00	0.000000e+00	0.000000e+00	0.000000e+00	0.000000e+00	0.000000e+00	0.000000e+00	0.000000e+00	0.000000e+00	0.000000e+00	0.000000e+00	0.000000e+00	0.000000e+00	0.000000e+00	0.000000e+00	0.000000e+00	0.000000e+00	0.000000e+00	0.000000e+00	0.000000e+00	0.000000e+00	0.000000e+00	0.000000e+00	0.000000e+00	0.000000e+00	0.000000e+00	0.000000e+00	0.000000e+00	0.000000e+00	0.000000e+00	0.000000e+00	0.000000e+00	0.000000e+00	0.000000e+00	
1491.189196	1485.894789	1496.483602	201.037647	5.421549e+00	1.882524e-90	0.000000e+00	9.647821e-53	1.221474e-70	0.000000e+00	0.000000e+00	8.445982e-03	1.882524e-90	1.165958e-03	1.084172e-59	1.882524e-90	7.134128e-90	1.882524e-90	1.882524e-90	0.000000e+00	1.882524e-90	1.882524e-90	1.882524e-90	1.882524e-90	8.905426e-40	4.972881e-03	6.571536e-48	0.000000e+00	0.000000e+00	0.000000e+00	1.882524e-90	2.166268e-84	0.000000e+00	1.252305e-48	0.000000e+00	0.000000e+00	0.000000e+00	0.000000e+00	0.000000e+00	0.000000e+00	0.000000e+00	1.068404e-53	1.882524e-90	1.882524e-90	6.726543e-73	3.755897e-44	2.361647e-67	1.735552e-55	1.882524e-90	2.273243e-04	4.223071e-41	0.000000e+00	0.000000e+00	7.755760e-44	1.077381e-85	0.000000e+00	1.617389e-33	8.419365e-01	1.882524e-90	2.763633e-12	0.000000e+00	1.882524e-90	1.882524e-90	1.882524e-90	8.740589e-55	9.150788e-84	0.000000e+00	0.000000e+00	1.882524e-90	0.000000e+00	0.000000e+00	0.000000e+00	0.000000e+00	0.000000e+00	0.000000e+00	0.000000e+00	3.064474e-58	6.252321e-86	0.000000e+00	0.000000e+00	0.000000e+00	0.000000e+00	0.000000e+00	0.000000e+00	0.000000e+00	0.000000e+00	0.000000e+00	0.000000e+00	0.000000e+00	0.000000e+00	0.000000e+00	0.000000e+00	0.000000e+00	0.000000e+00	0.000000e+00	0.000000e+00	0.000000e+00	0.000000e+00	0.000000e+00	0.000000e+00	0.000000e+00	0.000000e+00	0.000000e+00	0.000000e+00	0.000000e+00	0.000000e+00	0.000000e+00	0.000000e+00	0.000000e+00	0.000000e+00	0.000000e+00	0.000000e+00	0.000000e+00	0.000000e+00	0.000000e+00	0.000000e+00	0.000000e+00	0.000000e+00	0.000000e+00	0.000000e+00	
1501.802025	1496.483602	1507.120448	201.941355	4.449195e+00	1.882634e-90	0.000000e+00	1.895392e-52	2.845786e-70	0.000000e+00	0.000000e+00	8.446614e-03	1.882634e-90	1.165950e-03	2.256263e-59	1.882634e-90	2.604285e-89	1.882634e-90	1.882634e-90	0.000000e+00	1.882634e-90	1.882634e-90	1.882634e-90	1.882634e-90	2.281527e-39	4.973048e-03	1.357974e-47	0.000000e+00	0.000000e+00	0.000000e+00	1.882634e-90	8.778493e-84	0.000000e+00	2.606166e-48	0.000000e+00	0.000000e+00	0.000000e+00	0.000000e+00	0.000000e+00	0.000000e+00	0.000000e+00	3.124505e-53	1.882634e-90	1.882634e-90	1.811644e-72	7.179441e-44	5.849780e-67	3.616061e-55	1.882634e-90	2.273381e-04	7.148237e-41	0.000000e+00	0.000000e+00	1.937702e-43	4.361799e-85	0.000000e+00	3.690714e-33	8.419275e-01	1.882634e-90	5.190518e-12	0.000000e+00	1.882634e-90	1.882634e-90	1.882634e-90	1.742614e-54	3.200776e-83	0.000000e+00	0.000000e+00	1.882634e-90	0.000000e+00	0.000000e+00	0.000000e+00	0.000000e+00	0.000000e+00	0.000000e+00	0.000000e+00	9.003039e-58	1.170207e-85	0.000000e+00	0.000000e+00	0.000000e+00	0.000000e+00	0.000000e+00	0.000000e+00	0.000000e+00	0.000000e+00	0.000000e+00	0.000000e+00	0.000000e+00	0.000000e+00	0.000000e+00	0.000000e+00	0.000000e+00	0.000000e+00	0.000000e+00	0.000000e+00	0.000000e+00	0.000000e+00	0.000000e+00	0.000000e+00	0.000000e+00	0.000000e+00	0.000000e+00	0.000000e+00	0.000000e+00	0.000000e+00	0.000000e+00	0.000000e+00	0.000000e+00	0.000000e+00	0.000000e+00	0.000000e+00	0.000000e+00	0.000000e+00	0.000000e+00	0.000000e+00	0.000000e+00	0.000000e+00	0.000000e+00	0.000000e+00	
1512.463792	1507.120448	1517.807136	202.879759	3.651233e+00	1.882666e-90	0.000000e+00	3.786780e-52	6.775445e-70	0.000000e+00	0.000000e+00	8.446675e-03	1.882666e-90	1.165938e-03	4.782843e-59	1.882666e-90	9.788502e-89	1.882666e-90	1.882666e-90	0.000000e+00	1.882666e-90	1.882666e-90	1.882666e-90	1.882666e-90	5.940934e-39	4.973951e-03	2.850417e-47	0.000000e+00	0.000000e+00	0.000000e+00	1.882666e-90	3.665104e-83	0.000000e+00	5.511674e-48	0.000000e+00	0.000000e+00	0.000000e+00	0.000000e+00	0.000000e+00	0.000000e+00	0.000000e+00	9.323975e-53	1.882666e-90	1.882666e-90	4.993196e-72	1.390520e-43	1.479209e-66	7.653645e-55	1.882666e-90	2.273421e-04	1.225074e-40	0.000000e+00	0.000000e+00	4.917329e-43	1.818762e-84	0.000000e+00	8.531581e-33	8.419243e-01	1.882666e-90	9.818974e-12	0.000000e+00	1.882666e-90	1.882666e-90	1.882666e-90	3.535191e-54	1.151484e-82	0.000000e+00	0.000000e+00	1.882666e-90	0.000000e+00	0.000000e+00	0.000000e+00	0.000000e+00	0.000000e+00	0.000000e+00	0.000000e+00	2.699501e-57	2.231379e-85	0.000000e+00	0.000000e+00	0.000000e+00	0.000000e+00	0.000000e+00	0.000000e+00	0.000000e+00	0.000000e+00	0.000000e+00	0.000000e+00	0.000000e+00	0.000000e+00	0.000000e+00	0.000000e+00	0.000000e+00	0.000000e+00	0.000000e+00	0.000000e+00	0.000000e+00	0.000000e+00	0.000000e+00	0.000000e+00	0.000000e+00	0.000000e+00	0.000000e+00	0.000000e+00	0.000000e+00	0.000000e+00	0.000000e+00	0.000000e+00	0.000000e+00	0.000000e+00	0.000000e+00	0.000000e+00	0.000000e+00	0.000000e+00	0.000000e+00	0.000000e+00	0.000000e+00	0.000000e+00	0.000000e+00	0.000000e+00	
1523.182614	1517.807136	1528.558093	204.095665	2.996385e+00	1.882621e-90	0.000000e+00	8.945024e-52	2.003968e-69	0.000000e+00	0.000000e+00	8.446595e-03	1.882621e-90	1.165877e-03	1.218800e-58	1.882621e-90	4.918239e-88	1.882621e-90	1.882621e-90	0.000000e+00	1.882621e-90	1.882621e-90	1.882621e-90	1.882621e-90	1.812823e-38	4.973239e-03	6.974837e-47	0.000000e+00	0.000000e+00	0.000000e+00	1.882621e-90	2.048115e-82	0.000000e+00	1.361321e-47	0.000000e+00	0.000000e+00	0.000000e+00	0.000000e+00	0.000000e+00	0.000000e+00	0.000000e+00	3.388523e-52	1.882621e-90	1.882621e-90	1.732844e-71	3.070106e-43	4.596948e-66	1.893936e-54	1.882621e-90	2.273487e-04	2.377175e-40	0.000000e+00	0.000000e+00	1.452029e-42	1.014900e-83	0.000000e+00	2.235138e-32	8.419287e-01	1.882621e-90	1.989774e-11	0.000000e+00	1.882621e-90	1.882621e-90	1.882621e-90	8.512883e-54	5.467770e-82	0.000000e+00	0.000000e+00	1.882621e-90	0.000000e+00	0.000000e+00	0.000000e+00	0.000000e+00	0.000000e+00	0.000000e+00	0.000000e+00	9.872642e-57	5.110066e-85	0.000000e+00	0.000000e+00	0.000000e+00	0.000000e+00	0.000000e+00	0.000000e+00	0.000000e+00	0.000000e+00	0.000000e+00	0.000000e+00	0.000000e+00	0.000000e+00	0.000000e+00	0.000000e+00	0.000000e+00	0.000000e+00	0.000000e+00	0.000000e+00	0.000000e+00	0.000000e+00	0.000000e+00	0.000000e+00	0.000000e+00	0.000000e+00	0.000000e+00	0.000000e+00	0.000000e+00	0.000000e+00	0.000000e+00	0.000000e+00	0.000000e+00	0.000000e+00	0.000000e+00	0.000000e+00	0.000000e+00	0.000000e+00	0.000000e+00	0.000000e+00	0.000000e+00	0.000000e+00	0.000000e+00	0.000000e+00	
1533.976476	1528.558093	1539.394859	205.719457	2.458984e+00	1.882734e-90	0.000000e+00	2.690025e-51	8.104517e-69	0.000000e+00	0.000000e+00	8.447339e-03	1.882734e-90	1.166025e-03	4.050738e-58	1.882734e-90	3.757642e-87	1.882734e-90	1.882734e-90	0.000000e+00	1.882734e-90	1.882734e-90	1.882734e-90	1.882734e-90	6.962130e-38	4.974528e-03	2.131666e-46	0.000000e+00	0.000000e+00	0.000000e+00	1.882734e-90	1.746066e-81	0.000000e+00	4.213746e-47	0.000000e+00	0.000000e+00	0.000000e+00	0.000000e+00	0.000000e+00	0.000000e+00	0.000000e+00	1.638584e-51	1.882734e-90	1.882734e-90	8.383655e-71	8.188728e-43	1.923649e-65	5.874392e-54	1.882734e-90	2.273567e-04	5.517248e-40	0.000000e+00	0.000000e+00	5.342538e-42	8.629595e-83	0.000000e+00	7.025247e-32	8.419176e-01	1.882734e-90	4.456840e-11	0.000000e+00	1.882734e-90	1.882734e-90	1.882734e-90	2.627033e-53	3.878809e-81	0.000000e+00	0.000000e+00	1.882734e-90	0.000000e+00	0.000000e+00	0.000000e+00	0.000000e+00	0.000000e+00	0.000000e+00	0.000000e+00	4.816303e-56	1.525737e-84	0.000000e+00	0.000000e+00	0.000000e+00	0.000000e+00	0.000000e+00	0.000000e+00	0.000000e+00	0.000000e+00	0.000000e+00	0.000000e+00	0.000000e+00	0.000000e+00	0.000000e+00	0.000000e+00	0.000000e+00	0.000000e+00	0.000000e+00	0.000000e+00	0.000000e+00	0.000000e+00	0.000000e+00	0.000000e+00	0.000000e+00	0.000000e+00	0.000000e+00	0.000000e+00	0.000000e+00	0.000000e+00	0.000000e+00	0.000000e+00	0.000000e+00	0.000000e+00	0.000000e+00	0.000000e+00	0.000000e+00	0.000000e+00	0.000000e+00	0.000000e+00	0.000000e+00	0.000000e+00	0.000000e+00	0.000000e+00	
1544.868734	1539.394859	1550.342609	207.821581	2.017966e+00	1.882658e-90	0.000000e+00	1.062311e-50	4.663809e-68	0.000000e+00	0.000000e+00	8.446945e-03	1.882658e-90	1.165972e-03	1.815811e-57	1.882658e-90	4.604828e-86	1.882658e-90	1.882658e-90	0.000000e+00	1.882658e-90	1.882658e-90	1.882658e-90	1.882658e-90	3.463996e-37	4.974259e-03	8.366072e-46	0.000000e+00	0.000000e+00	0.000000e+00	1.882658e-90	2.394736e-80	0.000000e+00	1.680561e-46	0.000000e+00	0.000000e+00	0.000000e+00	0.000000e+00	0.000000e+00	0.000000e+00	0.000000e+00	1.092958e-50	1.882658e-90	1.882658e-90	5.900219e-70	2.703386e-42	1.125837e-64	2.350762e-53	1.882658e-90	2.273522e-04	1.567055e-39	0.000000e+00	0.000000e+00	2.518425e-41	1.179426e-81	0.000000e+00	2.710186e-31	8.419242e-01	1.882658e-90	1.117501e-10	0.000000e+00	1.882658e-90	1.882658e-90	1.882658e-90	1.071663e-52	4.324632e-80	0.000000e+00	0.000000e+00	1.882658e-90	0.000000e+00	0.000000e+00	0.000000e+00	0.000000e+00	0.000000e+00	0.000000e+00	0.000000e+00	3.250060e-55	6.146036e-84	0.000000e+00	0.000000e+00	0.000000e+00	0.000000e+00	0.000000e+00	0.000000e+00	0.000000e+00	0.000000e+00	0.000000e+00	0.000000e+00	0.000000e+00	0.000000e+00	0.000000e+00	0.000000e+00	0.000000e+00	0.000000e+00	0.000000e+00	0.000000e+00	0.000000e+00	0.000000e+00	0.000000e+00	0.000000e+00	0.000000e+00	0.000000e+00	0.000000e+00	0.000000e+00	0.000000e+00	0.000000e+00	0.000000e+00	0.000000e+00	0.000000e+00	0.000000e+00	0.000000e+00	0.000000e+00	0.000000e+00	0.000000e+00	0.000000e+00	0.000000e+00	0.000000e+00	0.000000e+00	0.000000e+00	0.000000e+00	
1555.887109	1550.342609	1561.431608	210.499973	1.656044e+00	1.882696e-90	0.000000e+00	5.738507e-50	4.026771e-67	0.000000e+00	0.000000e+00	8.446773e-03	1.882696e-90	1.166068e-03	1.148448e-56	1.882696e-90	9.726187e-85	1.882696e-90	1.882696e-90	0.000000e+00	1.882696e-90	1.882696e-90	1.882696e-90	1.882696e-90	2.324465e-36	4.973570e-03	4.381973e-45	0.000000e+00	0.000000e+00	0.000000e+00	1.882696e-90	5.682568e-79	0.000000e+00	8.981393e-46	0.000000e+00	0.000000e+00	0.000000e+00	0.000000e+00	0.000000e+00	0.000000e+00	0.000000e+00	1.056942e-49	1.882696e-90	1.882696e-90	6.390109e-69	1.141101e-41	9.696013e-64	1.262622e-52	1.882696e-90	2.273408e-04	5.614592e-39	0.000000e+00	0.000000e+00	1.581450e-40	2.784609e-80	0.000000e+00	1.325964e-30	8.419216e-01	1.882696e-90	3.195927e-10	0.000000e+00	1.882696e-90	1.882696e-90	1.882696e-90	6.027834e-52	8.118193e-79	0.000000e+00	0.000000e+00	1.882696e-90	0.000000e+00	0.000000e+00	0.000000e+00	0.000000e+00	0.000000e+00	0.000000e+00	0.000000e+00	3.191918e-54	3.503484e-83	0.000000e+00	0.000000e+00	0.000000e+00	0.000000e+00	0.000000e+00	0.000000e+00	0.000000e+00	0.000000e+00	0.000000e+00	0.000000e+00	0.000000e+00	0.000000e+00	0.000000e+00	0.000000e+00	0.000000e+00	0.000000e+00	0.000000e+00	0.000000e+00	0.000000e+00	0.000000e+00	0.000000e+00	0.000000e+00	0.000000e+00	0.000000e+00	0.000000e+00	0.000000e+00	0.000000e+00	0.000000e+00	0.000000e+00	0.000000e+00	0.000000e+00	0.000000e+00	0.000000e+00	0.000000e+00	0.000000e+00	0.000000e+00	0.000000e+00	0.000000e+00	0.000000e+00	0.000000e+00	0.000000e+00	0.000000e+00	
1567.062784	1561.431608	1572.693960	213.788591	1.359033e+00	1.882621e-90	0.000000e+00	4.219820e-49	5.183170e-66	0.000000e+00	0.000000e+00	8.446715e-03	1.882621e-90	1.165882e-03	1.018781e-55	1.882621e-90	3.512237e-83	1.882621e-90	1.882621e-90	0.000000e+00	1.882621e-90	1.882621e-90	1.882621e-90	1.882621e-90	2.097062e-35	4.974015e-03	3.052543e-44	0.000000e+00	0.000000e+00	0.000000e+00	1.882621e-90	2.317494e-77	0.000000e+00	6.412207e-45	0.000000e+00	0.000000e+00	0.000000e+00	0.000000e+00	0.000000e+00	0.000000e+00	0.000000e+00	1.475202e-48	1.882621e-90	1.882621e-90	1.058015e-67	6.138780e-41	1.221942e-62	9.072670e-52	1.882621e-90	2.273388e-04	2.528656e-38	0.000000e+00	0.000000e+00	1.319875e-39	1.127356e-78	0.000000e+00	8.214296e-30	8.419274e-01	1.882621e-90	1.041206e-09	0.000000e+00	1.882621e-90	1.882621e-90	1.882621e-90	4.653237e-51	2.547807e-77	0.000000e+00	0.000000e+00	1.882621e-90	0.000000e+00	0.000000e+00	0.000000e+00	0.000000e+00	0.000000e+00	0.000000e+00	0.000000e+00	4.544282e-53	2.819365e-82	0.000000e+00	0.000000e+00	0.000000e+00	0.000000e+00	0.000000e+00	0.000000e+00	0.000000e+00	0.000000e+00	0.000000e+00	0.000000e+00	0.000000e+00	0.000000e+00	0.000000e+00	0.000000e+00	0.000000e+00	0.000000e+00	0.000000e+00	0.000000e+00	0.000000e+00	0.000000e+00	0.000000e+00	0.000000e+00	0.000000e+00	0.000000e+00	0.000000e+00	0.000000e+00	0.000000e+00	0.000000e+00	0.000000e+00	0.000000e+00	0.000000e+00	0.000000e+00	0.000000e+00	0.000000e+00	0.000000e+00	0.000000e+00	0.000000e+00	0.000000e+00	0.000000e+00	0.000000e+00	0.000000e+00	0.000000e+00	
1578.419540	1572.693960	1584.145120	217.368097	1.115291e+00	1.882602e-90	0.000000e+00	3.442372e-48	7.629343e-65	0.000000e+00	0.000000e+00	8.446265e-03	1.882602e-90	1.165913e-03	1.012563e-54	1.882602e-90	1.521817e-81	1.882602e-90	1.882602e-90	0.000000e+00	5.366810e-89	1.882602e-90	1.882602e-90	1.882602e-90	2.094713e-34	4.973585e-03	2.343459e-43	0.000000e+00	0.000000e+00	0.000000e+00	1.882602e-90	1.136339e-75	0.000000e+00	5.053033e-44	0.000000e+00	0.000000e+00	0.000000e+00	0.000000e+00	0.000000e+00	0.000000e+00	0.000000e+00	2.336011e-47	1.882602e-90	1.882602e-90	2.020866e-66	3.587014e-40	1.751653e-61	7.207844e-51	5.741089e-90	2.273351e-04	1.229943e-37	0.000000e+00	0.000000e+00	1.216400e-38	5.479254e-77	0.000000e+00	5.528440e-29	8.419296e-01	1.882602e-90	3.557578e-09	0.000000e+00	1.882602e-90	1.882602e-90	1.882602e-90	3.995097e-50	9.517579e-76	0.000000e+00	0.000000e+00	1.882602e-90	0.000000e+00	0.000000e+00	0.000000e+00	0.000000e+00	0.000000e+00	0.000000e+00	0.000000e+00	7.359595e-52	2.562671e-81	0.000000e+00	0.000000e+00	0.000000e+00	0.000000e+00	0.000000e+00	0.000000e+00	0.000000e+00	0.000000e+00	0.000000e+00	0.000000e+00	0.000000e+00	0.000000e+00	0.000000e+00	0.000000e+00	0.000000e+00	0.000000e+00	0.000000e+00	0.000000e+00	0.000000e+00	0.000000e+00	0.000000e+00	0.000000e+00	0.000000e+00	0.000000e+00	0.000000e+00	0.000000e+00	0.000000e+00	0.000000e+00	0.000000e+00	0.000000e+00	0.000000e+00	0.000000e+00	0.000000e+00	0.000000e+00	0.000000e+00	0.000000e+00	0.000000e+00	0.000000e+00	0.000000e+00	0.000000e+00	0.000000e+00	0.000000e+00	
1589.957550	1584.145120	1595.769980	220.662643	9.152635e-01	1.882751e-90	0.000000e+00	2.263753e-47	8.494082e-64	0.000000e+00	0.000000e+00	8.446430e-03	1.882751e-90	1.165989e-03	7.938583e-54	4.314718e-89	4.544408e-80	1.882751e-90	1.882751e-90	0.000000e+00	1.559734e-87	1.882751e-90	1.882751e-90	1.882751e-90	1.709294e-33	4.974293e-03	1.478456e-42	0.000000e+00	0.000000e+00	0.000000e+00	1.882751e-90	3.835256e-74	0.000000e+00	3.264581e-43	0.000000e+00	0.000000e+00	0.000000e+00	0.000000e+00	0.000000e+00	0.000000e+00	0.000000e+00	2.876156e-46	1.882751e-90	1.882751e-90	2.870164e-65	1.772791e-39	1.927370e-60	4.694035e-50	1.177689e-88	2.273571e-04	5.099689e-37	0.000000e+00	0.000000e+00	9.251706e-38	1.832593e-75	0.000000e+00	3.176499e-28	8.419177e-01	1.882751e-90	1.115311e-08	0.000000e+00	1.882751e-90	1.882751e-90	1.882751e-90	2.750699e-49	2.490298e-74	0.000000e+00	0.000000e+00	1.882751e-90	0.000000e+00	0.000000e+00	0.000000e+00	0.000000e+00	0.000000e+00	0.000000e+00	0.000000e+00	9.258605e-51	1.849709e-80	0.000000e+00	0.000000e+00	0.000000e+00	0.000000e+00	0.000000e+00	0.000000e+00	0.000000e+00	0.000000e+00	0.000000e+00	0.000000e+00	0.000000e+00	0.000000e+00	0.000000e+00	0.000000e+00	0.000000e+00	0.000000e+00	0.000000e+00	0.000000e+00	0.000000e+00	0.000000e+00	0.000000e+00	0.000000e+00	0.000000e+00	0.000000e+00	0.000000e+00	0.000000e+00	0.000000e+00	0.000000e+00	0.000000e+00	0.000000e+00	0.000000e+00	0.000000e+00	0.000000e+00	0.000000e+00	0.000000e+00	0.000000e+00	0.000000e+00	0.000000e+00	0.000000e+00	0.000000e+00	0.000000e+00	0.000000e+00	
1601.651709	1595.769980	1607.533439	223.292924	7.511111e-01	1.882647e-90	0.000000e+00	1.000981e-46	5.654822e-63	0.000000e+00	0.000000e+00	8.446018e-03	1.882647e-90	1.165850e-03	4.022420e-53	8.965571e-88	6.815791e-79	1.882647e-90	1.882647e-90	0.000000e+00	2.239961e-86	1.882647e-90	1.882647e-90	1.882647e-90	9.561618e-33	4.973160e-03	6.474813e-42	0.000000e+00	0.000000e+00	0.000000e+00	1.882647e-90	6.469079e-73	0.000000e+00	1.456266e-42	0.000000e+00	0.000000e+00	0.000000e+00	0.000000e+00	0.000000e+00	0.000000e+00	0.000000e+00	2.215449e-45	1.882647e-90	1.882647e-90	2.360621e-64	6.419970e-39	1.300365e-59	2.109010e-49	1.292334e-87	2.273413e-04	1.575112e-36	0.000000e+00	0.000000e+00	4.903445e-37	3.067756e-74	0.000000e+00	1.353848e-27	8.419267e-01	1.882647e-90	2.966940e-08	0.000000e+00	1.882647e-90	1.882647e-90	1.882647e-90	1.260112e-48	3.369758e-73	0.000000e+00	0.000000e+00	1.882647e-90	0.000000e+00	0.000000e+00	0.000000e+00	0.000000e+00	0.000000e+00	0.000000e+00	0.000000e+00	7.258131e-50	8.635723e-80	0.000000e+00	0.000000e+00	0.000000e+00	0.000000e+00	0.000000e+00	0.000000e+00	0.000000e+00	0.000000e+00	0.000000e+00	0.000000e+00	0.000000e+00	0.000000e+00	0.000000e+00	0.000000e+00	0.000000e+00	0.000000e+00	0.000000e+00	0.000000e+00	0.000000e+00	0.000000e+00	0.000000e+00	0.000000e+00	0.000000e+00	0.000000e+00	0.000000e+00	0.000000e+00	0.000000e+00	0.000000e+00	0.000000e+00	0.000000e+00	0.000000e+00	0.000000e+00	0.000000e+00	0.000000e+00	0.000000e+00	0.000000e+00	0.000000e+00	0.000000e+00	0.000000e+00	0.000000e+00	0.000000e+00	0.000000e+00	
1613.467761	1607.533439	1619.402083	225.288578	6.163995e-01	1.882769e-90	0.000000e+00	3.100208e-46	2.374272e-62	0.000000e+00	0.000000e+00	8.446851e-03	1.882769e-90	1.165870e-03	1.378485e-52	9.484609e-87	5.511400e-78	1.882769e-90	1.882769e-90	0.000000e+00	1.709523e-85	1.882769e-90	1.882769e-90	1.882769e-90	3.811956e-32	4.974067e-03	2.044590e-41	0.000000e+00	0.000000e+00	0.000000e+00	1.882769e-90	5.860080e-72	0.000000e+00	4.663431e-42	0.000000e+00	0.000000e+00	0.000000e+00	0.000000e+00	0.000000e+00	0.000000e+00	0.000000e+00	1.120453e-44	1.882769e-90	1.882769e-90	1.189769e-63	1.759413e-38	5.659026e-59	6.790283e-49	8.086847e-87	2.273597e-04	3.736776e-36	0.000000e+00	0.000000e+00	1.879246e-36	2.761609e-73	0.000000e+00	4.412552e-27	8.419157e-01	1.882769e-90	6.806914e-08	0.000000e+00	1.882769e-90	1.882769e-90	1.882769e-90	4.008399e-48	2.524814e-72	0.000000e+00	0.000000e+00	1.882769e-90	0.000000e+00	0.000000e+00	0.000000e+00	0.000000e+00	0.000000e+00	0.000000e+00	0.000000e+00	3.721513e-49	2.724054e-79	0.000000e+00	0.000000e+00	0.000000e+00	0.000000e+00	0.000000e+00	0.000000e+00	0.000000e+00	0.000000e+00	0.000000e+00	0.000000e+00	0.000000e+00	0.000000e+00	0.000000e+00	0.000000e+00	0.000000e+00	0.000000e+00	0.000000e+00	0.000000e+00	0.000000e+00	0.000000e+00	0.000000e+00	0.000000e+00	0.000000e+00	0.000000e+00	0.000000e+00	0.000000e+00	0.000000e+00	0.000000e+00	0.000000e+00	0.000000e+00	0.000000e+00	0.000000e+00	0.000000e+00	0.000000e+00	0.000000e+00	0.000000e+00	0.000000e+00	0.000000e+00	0.000000e+00	0.000000e+00	0.000000e+00	0.000000e+00	
1625.377070	1619.402083	1631.352056	226.829155	5.058484e-01	1.882587e-90	0.000000e+00	7.497175e-46	7.234409e-62	0.000000e+00	0.000000e+00	8.446416e-03	1.882587e-90	1.165665e-03	3.598972e-52	6.266405e-86	2.898379e-77	1.882587e-90	1.882587e-90	0.000000e+00	8.401301e-85	1.882587e-90	1.882587e-90	1.882587e-90	1.199436e-31	4.973968e-03	5.138116e-41	0.000000e+00	0.000000e+00	0.000000e+00	1.882587e-90	3.440889e-71	0.000000e+00	1.184522e-41	0.000000e+00	0.000000e+00	0.000000e+00	0.000000e+00	0.000000e+00	0.000000e+00	0.000000e+00	4.224286e-44	1.882587e-90	1.882587e-90	4.264967e-63	3.969020e-38	1.814388e-58	1.731885e-48	3.418561e-86	2.273279e-04	7.377266e-36	0.000000e+00	0.000000e+00	5.738719e-36	1.613401e-72	0.000000e+00	1.191441e-26	8.419304e-01	1.882587e-90	1.407317e-07	0.000000e+00	7.659114e-90	1.882587e-90	1.882587e-90	9.890492e-48	1.253043e-71	0.000000e+00	0.000000e+00	1.882587e-90	0.000000e+00	0.000000e+00	0.000000e+00	0.000000e+00	0.000000e+00	0.000000e+00	0.000000e+00	1.417986e-48	6.527298e-79	0.000000e+00	0.000000e+00	0.000000e+00	0.000000e+00	0.000000e+00	0.000000e+00	0.000000e+00	0.000000e+00	0.000000e+00	0.000000e+00	0.000000e+00	0.000000e+00	0.000000e+00	0.000000e+00	0.000000e+00	0.000000e+00	0.000000e+00	0.000000e+00	0.000000e+00	0.000000e+00	0.000000e+00	0.000000e+00	0.000000e+00	0.000000e+00	0.000000e+00	0.000000e+00	0.000000e+00	0.000000e+00	0.000000e+00	0.000000e+00	0.000000e+00	0.000000e+00	0.000000e+00	0.000000e+00	0.000000e+00	0.000000e+00	0.000000e+00	0.000000e+00	0.000000e+00	0.000000e+00	0.000000e+00	0.000000e+00	
1637.356163	1631.352056	1643.360270	227.935507	4.151246e-01	1.882688e-90	0.000000e+00	1.444159e-45	1.642016e-61	0.000000e+00	0.000000e+00	8.446157e-03	1.882688e-90	1.165434e-03	7.319308e-52	2.686252e-85	1.026555e-76	1.882688e-90	1.882688e-90	0.000000e+00	2.755541e-84	1.882688e-90	1.882688e-90	1.882688e-90	3.036614e-31	4.974026e-03	1.046983e-40	0.000000e+00	0.000000e+00	0.000000e+00	1.882688e-90	1.356578e-70	0.000000e+00	2.432182e-41	0.000000e+00	0.000000e+00	0.000000e+00	0.000000e+00	0.000000e+00	0.000000e+00	0.000000e+00	1.215895e-43	1.882688e-90	1.882688e-90	1.118300e-62	7.493449e-38	4.395550e-58	3.567582e-48	1.008235e-85	2.273539e-04	1.230729e-35	0.000000e+00	0.000000e+00	1.422878e-35	6.338588e-72	0.000000e+00	2.706400e-26	8.419228e-01	1.882688e-90	2.644100e-07	0.000000e+00	2.767293e-89	1.882688e-90	1.882688e-90	1.932696e-47	4.259680e-71	0.000000e+00	0.000000e+00	1.882688e-90	0.000000e+00	0.000000e+00	0.000000e+00	0.000000e+00	0.000000e+00	0.000000e+00	0.000000e+00	4.112954e-48	1.215174e-78	0.000000e+00	0.000000e+00	0.000000e+00	0.000000e+00	0.000000e+00	0.000000e+00	0.000000e+00	0.000000e+00	0.000000e+00	0.000000e+00	0.000000e+00	0.000000e+00	0.000000e+00	0.000000e+00	0.000000e+00	0.000000e+00	0.000000e+00	0.000000e+00	0.000000e+00	0.000000e+00	0.000000e+00	0.000000e+00	0.000000e+00	0.000000e+00	0.000000e+00	0.000000e+00	0.000000e+00	0.000000e+00	0.000000e+00	0.000000e+00	0.000000e+00	0.000000e+00	0.000000e+00	0.000000e+00	0.000000e+00	0.000000e+00	0.000000e+00	0.000000e+00	0.000000e+00	0.000000e+00	0.000000e+00	0.000000e+00	
1649.380355	1643.360270	1655.400440	228.541148	3.406721e-01	1.882690e-90	0.000000e+00	2.157397e-45	2.681929e-61	0.000000e+00	0.000000e+00	8.446789e-03	1.882690e-90	1.165037e-03	1.125858e-51	7.094732e-85	2.336632e-76	1.882690e-90	1.882690e-90	0.000000e+00	5.750117e-84	1.882690e-90	1.882690e-90	1.882690e-90	6.026247e-31	4.973667e-03	1.687141e-40	0.000000e+00	0.000000e+00	0.000000e+00	1.882690e-90	3.424178e-70	0.000000e+00	3.934972e-41	0.000000e+00	0.000000e+00	0.000000e+00	0.000000e+00	0.000000e+00	0.000000e+00	0.000000e+00	2.586426e-43	1.882690e-90	1.882690e-90	2.066434e-62	1.158309e-37	7.781364e-58	5.783863e-48	1.986833e-85	2.273554e-04	1.700263e-35	0.000000e+00	0.000000e+00	2.791890e-35	1.596864e-71	0.000000e+00	5.064311e-26	8.419230e-01	1.882690e-90	4.460214e-07	0.000000e+00	6.085506e-89	1.882690e-90	1.882690e-90	2.909562e-47	9.483564e-71	0.000000e+00	0.000000e+00	1.882690e-90	0.000000e+00	0.000000e+00	0.000000e+00	0.000000e+00	0.000000e+00	0.000000e+00	0.000000e+00	8.786843e-48	1.704286e-78	0.000000e+00	0.000000e+00	0.000000e+00	0.000000e+00	0.000000e+00	0.000000e+00	0.000000e+00	0.000000e+00	0.000000e+00	0.000000e+00	0.000000e+00	0.000000e+00	0.000000e+00	0.000000e+00	0.000000e+00	0.000000e+00	0.000000e+00	0.000000e+00	0.000000e+00	0.000000e+00	0.000000e+00	0.000000e+00	0.000000e+00	0.000000e+00	0.000000e+00	0.000000e+00	0.000000e+00	0.000000e+00	0.000000e+00	0.000000e+00	0.000000e+00	0.000000e+00	0.000000e+00	0.000000e+00	0.000000e+00	0.000000e+00	0.000000e+00	0.000000e+00	0.000000e+00	0.000000e+00	0.000000e+00	0.000000e+00	
1661.422359	1655.400440	1667.444278	228.610630	2.795726e-01	1.882648e-90	0.000000e+00	2.465354e-45	3.096210e-61	0.000000e+00	0.000000e+00	8.446903e-03	1.882648e-90	1.164561e-03	1.290396e-51	1.124338e-84	3.336695e-76	1.882648e-90	1.882648e-90	0.000000e+00	7.448655e-84	1.882648e-90	1.882648e-90	1.882648e-90	9.250696e-31	4.974134e-03	2.122837e-40	0.000000e+00	0.000000e+00	0.000000e+00	1.882648e-90	5.403496e-70	0.000000e+00	4.953904e-41	0.000000e+00	0.000000e+00	0.000000e+00	0.000000e+00	0.000000e+00	0.000000e+00	0.000000e+00	4.000492e-43	1.882648e-90	1.882648e-90	2.640680e-62	1.450191e-37	9.895127e-58	7.281426e-48	2.557744e-85	2.273423e-04	1.925546e-35	0.000000e+00	0.000000e+00	4.279931e-35	2.518954e-71	0.000000e+00	7.721995e-26	8.419256e-01	1.882648e-90	6.714940e-07	0.000000e+00	7.930506e-89	1.882648e-90	1.882648e-90	3.328151e-47	1.351460e-70	0.000000e+00	0.000000e+00	1.882648e-90	0.000000e+00	0.000000e+00	0.000000e+00	0.000000e+00	0.000000e+00	0.000000e+00	0.000000e+00	1.359761e-47	1.771457e-78	0.000000e+00	0.000000e+00	0.000000e+00	0.000000e+00	0.000000e+00	0.000000e+00	0.000000e+00	0.000000e+00	0.000000e+00	0.000000e+00	0.000000e+00	0.000000e+00	0.000000e+00	0.000000e+00	0.000000e+00	0.000000e+00	0.000000e+00	0.000000e+00	0.000000e+00	0.000000e+00	0.000000e+00	0.000000e+00	0.000000e+00	0.000000e+00	0.000000e+00	0.000000e+00	0.000000e+00	0.000000e+00	0.000000e+00	0.000000e+00	0.000000e+00	0.000000e+00	0.000000e+00	0.000000e+00	0.000000e+00	0.000000e+00	0.000000e+00	0.000000e+00	0.000000e+00	0.000000e+00	0.000000e+00	0.000000e+00	
1673.453754	1667.444278	1679.463230	228.137410	2.294313e-01	1.882681e-90	0.000000e+00	2.149108e-45	2.517422e-61	0.000000e+00	0.000000e+00	8.446250e-03	1.882681e-90	1.164200e-03	1.098861e-51	1.063868e-84	2.975371e-76	1.882681e-90	1.882681e-90	0.000000e+00	5.961203e-84	1.882681e-90	1.882681e-90	1.882681e-90	1.095088e-30	4.973316e-03	2.079394e-40	0.000000e+00	0.000000e+00	0.000000e+00	1.882681e-90	5.300797e-70	0.000000e+00	4.836445e-41	0.000000e+00	0.000000e+00	0.000000e+00	0.000000e+00	0.000000e+00	0.000000e+00	0.000000e+00	4.483509e-43	1.882681e-90	1.882681e-90	2.325159e-62	1.467805e-37	9.009094e-58	7.100284e-48	2.141701e-85	2.273454e-04	1.784211e-35	0.000000e+00	0.000000e+00	5.111658e-35	2.475401e-71	0.000000e+00	9.570112e-26	8.419248e-01	1.882681e-90	9.015761e-07	0.000000e+00	6.092502e-89	1.882681e-90	1.882681e-90	2.883186e-47	1.226548e-70	0.000000e+00	0.000000e+00	1.882681e-90	0.000000e+00	0.000000e+00	0.000000e+00	0.000000e+00	0.000000e+00	0.000000e+00	0.000000e+00	1.518774e-47	1.360325e-78	0.000000e+00	0.000000e+00	0.000000e+00	0.000000e+00	0.000000e+00	0.000000e+00	0.000000e+00	0.000000e+00	0.000000e+00	0.000000e+00	0.000000e+00	0.000000e+00	0.000000e+00	0.000000e+00	0.000000e+00	0.000000e+00	0.000000e+00	0.000000e+00	0.000000e+00	0.000000e+00	0.000000e+00	0.000000e+00	0.000000e+00	0.000000e+00	0.000000e+00	0.000000e+00	0.000000e+00	0.000000e+00	0.000000e+00	0.000000e+00	0.000000e+00	0.000000e+00	0.000000e+00	0.000000e+00	0.000000e+00	0.000000e+00	0.000000e+00	0.000000e+00	0.000000e+00	0.000000e+00	0.000000e+00	0.000000e+00	
1685.446875	1679.463230	1691.430519	227.154167	1.882829e-01	1.882612e-90	0.000000e+00	1.448023e-45	1.466466e-61	0.000000e+00	0.000000e+00	8.446097e-03	1.882612e-90	1.163755e-03	7.052114e-52	6.162453e-85	1.695111e-76	1.882612e-90	1.882612e-90	0.000000e+00	3.017194e-84	1.882612e-90	1.882612e-90	1.882612e-90	1.013110e-30	4.973770e-03	1.606172e-40	0.000000e+00	0.000000e+00	0.000000e+00	1.882612e-90	3.311648e-70	0.000000e+00	3.711091e-41	0.000000e+00	0.000000e+00	0.000000e+00	0.000000e+00	0.000000e+00	0.000000e+00	0.000000e+00	3.699852e-43	1.882612e-90	1.882612e-90	1.436210e-62	1.213195e-37	5.968809e-58	5.431191e-48	1.191633e-85	2.273338e-04	1.365717e-35	0.000000e+00	0.000000e+00	4.817408e-35	1.551267e-71	0.000000e+00	9.746556e-26	8.419303e-01	1.882612e-90	1.085292e-06	0.000000e+00	2.830343e-89	1.882612e-90	1.882612e-90	1.918278e-47	7.251459e-71	0.000000e+00	0.000000e+00	1.882612e-90	0.000000e+00	0.000000e+00	0.000000e+00	0.000000e+00	0.000000e+00	0.000000e+00	0.000000e+00	1.244709e-47	7.837998e-79	0.000000e+00	0.000000e+00	0.000000e+00	0.000000e+00	0.000000e+00	0.000000e+00	0.000000e+00	0.000000e+00	0.000000e+00	0.000000e+00	0.000000e+00	0.000000e+00	0.000000e+00	0.000000e+00	0.000000e+00	0.000000e+00	0.000000e+00	0.000000e+00	0.000000e+00	0.000000e+00	0.000000e+00	0.000000e+00	0.000000e+00	0.000000e+00	0.000000e+00	0.000000e+00	0.000000e+00	0.000000e+00	0.000000e+00	0.000000e+00	0.000000e+00	0.000000e+00	0.000000e+00	0.000000e+00	0.000000e+00	0.000000e+00	0.000000e+00	0.000000e+00	0.000000e+00	0.000000e+00	0.000000e+00	0.000000e+00	
1697.376904	1691.430519	1703.323289	225.740963	1.545144e-01	1.882618e-90	0.000000e+00	7.804112e-46	6.398543e-62	0.000000e+00	0.000000e+00	8.446897e-03	1.882618e-90	1.163591e-03	3.542608e-52	2.335515e-85	6.553228e-77	1.882618e-90	1.882618e-90	0.000000e+00	1.027098e-84	1.882618e-90	1.882618e-90	1.882618e-90	7.569977e-31	4.973660e-03	1.009711e-40	0.000000e+00	0.000000e+00	0.000000e+00	1.882618e-90	1.398765e-70	0.000000e+00	2.310047e-41	0.000000e+00	0.000000e+00	0.000000e+00	0.000000e+00	0.000000e+00	0.000000e+00	0.000000e+00	2.342457e-43	1.882618e-90	1.882618e-90	6.524797e-63	8.415456e-38	3.002934e-58	3.367952e-48	4.655769e-86	2.273301e-04	8.859141e-36	0.000000e+00	0.000000e+00	3.698634e-35	6.582056e-72	0.000000e+00	8.375782e-26	8.419282e-01	1.882618e-90	1.189733e-06	0.000000e+00	8.504589e-90	1.882618e-90	1.882618e-90	1.014950e-47	2.956614e-71	0.000000e+00	0.000000e+00	1.882618e-90	0.000000e+00	0.000000e+00	0.000000e+00	0.000000e+00	0.000000e+00	0.000000e+00	0.000000e+00	7.804512e-48	3.524615e-79	0.000000e+00	0.000000e+00	0.000000e+00	0.000000e+00	0.000000e+00	0.000000e+00	0.000000e+00	0.000000e+00	0.000000e+00	0.000000e+00	0.000000e+00	0.000000e+00	0.000000e+00	0.000000e+00	0.000000e+00	0.000000e+00	0.000000e+00	0.000000e+00	0.000000e+00	0.000000e+00	0.000000e+00	0.000000e+00	0.000000e+00	0.000000e+00	0.000000e+00	0.000000e+00	0.000000e+00	0.000000e+00	0.000000e+00	0.000000e+00	0.000000e+00	0.000000e+00	0.000000e+00	0.000000e+00	0.000000e+00	0.000000e+00	0.000000e+00	0.000000e+00	0.000000e+00	0.000000e+00	0.000000e+00	0.000000e+00	
1709.223952	1703.323289	1715.124614	224.004739	1.268022e-01	1.882705e-90	0.000000e+00	3.527131e-46	2.222654e-62	0.000000e+00	0.000000e+00	8.447365e-03	1.882705e-90	1.163550e-03	1.466884e-52	6.336910e-86	1.866210e-77	1.882705e-90	1.882705e-90	0.000000e+00	2.557364e-85	1.882705e-90	1.882705e-90	1.882705e-90	4.781864e-31	4.974054e-03	5.397741e-41	0.000000e+00	0.000000e+00	0.000000e+00	1.882705e-90	4.342668e-71	0.000000e+00	1.220111e-41	0.000000e+00	0.000000e+00	0.000000e+00	0.000000e+00	0.000000e+00	0.000000e+00	0.000000e+00	1.204115e-43	1.882705e-90	1.882705e-90	2.326998e-63	5.086354e-38	1.216208e-58	1.770528e-48	1.377045e-86	2.273634e-04	5.044389e-36	0.000000e+00	0.000000e+00	2.417854e-35	2.054740e-72	0.000000e+00	6.299176e-26	8.419214e-01	1.882705e-90	1.211888e-06	0.000000e+00	1.882705e-90	1.882705e-90	1.882705e-90	4.483466e-48	8.996515e-72	0.000000e+00	0.000000e+00	1.882705e-90	0.000000e+00	0.000000e+00	0.000000e+00	0.000000e+00	0.000000e+00	0.000000e+00	0.000000e+00	3.964628e-48	1.304356e-79	0.000000e+00	0.000000e+00	0.000000e+00	0.000000e+00	0.000000e+00	0.000000e+00	0.000000e+00	0.000000e+00	0.000000e+00	0.000000e+00	0.000000e+00	0.000000e+00	0.000000e+00	0.000000e+00	0.000000e+00	0.000000e+00	0.000000e+00	0.000000e+00	0.000000e+00	0.000000e+00	0.000000e+00	0.000000e+00	0.000000e+00	0.000000e+00	0.000000e+00	0.000000e+00	0.000000e+00	0.000000e+00	0.000000e+00	0.000000e+00	0.000000e+00	0.000000e+00	0.000000e+00	0.000000e+00	0.000000e+00	0.000000e+00	0.000000e+00	0.000000e+00	0.000000e+00	0.000000e+00	0.000000e+00	0.000000e+00	
1720.973769	1715.124614	1726.822924	222.049512	1.040603e-01	1.882680e-90	0.000000e+00	1.401134e-46	6.531510e-63	0.000000e+00	0.000000e+00	8.446751e-03	1.882680e-90	1.163632e-03	5.271257e-53	1.346524e-86	4.248364e-78	1.882680e-90	1.882680e-90	0.000000e+00	5.063404e-86	1.882680e-90	1.882680e-90	1.882680e-90	2.670961e-31	4.973668e-03	2.562060e-41	0.000000e+00	0.000000e+00	0.000000e+00	1.882680e-90	1.075827e-71	0.000000e+00	5.712255e-42	0.000000e+00	0.000000e+00	0.000000e+00	0.000000e+00	0.000000e+00	0.000000e+00	0.000000e+00	5.314169e-44	1.882680e-90	1.882680e-90	6.947186e-64	2.777441e-38	4.200160e-59	8.245166e-49	3.321037e-87	2.273429e-04	2.609552e-36	0.000000e+00	0.000000e+00	1.404731e-35	5.120271e-73	0.000000e+00	4.297070e-26	8.419249e-01	1.882680e-90	1.170457e-06	0.000000e+00	1.882680e-90	1.882680e-90	1.882680e-90	1.734749e-48	2.208768e-72	0.000000e+00	0.000000e+00	1.882680e-90	0.000000e+00	0.000000e+00	0.000000e+00	0.000000e+00	0.000000e+00	0.000000e+00	0.000000e+00	1.726622e-48	4.185766e-80	0.000000e+00	0.000000e+00	0.000000e+00	0.000000e+00	0.000000e+00	0.000000e+00	0.000000e+00	0.000000e+00	0.000000e+00	0.000000e+00	0.000000e+00	0.000000e+00	0.000000e+00	0.000000e+00	0.000000e+00	0.000000e+00	0.000000e+00	0.000000e+00	0.000000e+00	0.000000e+00	0.000000e+00	0.000000e+00	0.000000e+00	0.000000e+00	0.000000e+00	0.000000e+00	0.000000e+00	0.000000e+00	0.000000e+00	0.000000e+00	0.000000e+00	0.000000e+00	0.000000e+00	0.000000e+00	0.000000e+00	0.000000e+00	0.000000e+00	0.000000e+00	0.000000e+00	0.000000e+00	0.000000e+00	0.000000e+00	
1732.617406	1726.822924	1738.411888	219.974758	8.539710e-02	1.882668e-90	0.000000e+00	5.127882e-47	1.725957e-63	0.000000e+00	0.000000e+00	8.446170e-03	1.882668e-90	1.163800e-03	1.731007e-53	2.451907e-87	8.392758e-79	1.882668e-90	1.882668e-90	0.000000e+00	8.669961e-87	1.882668e-90	1.882668e-90	1.882668e-90	1.380746e-31	4.973175e-03	1.128197e-41	0.000000e+00	0.000000e+00	0.000000e+00	1.882668e-90	2.310856e-72	0.000000e+00	2.478506e-42	0.000000e+00	0.000000e+00	0.000000e+00	0.000000e+00	0.000000e+00	0.000000e+00	0.000000e+00	2.130276e-44	1.882668e-90	1.882668e-90	1.853031e-64	1.422905e-38	1.311527e-59	3.558608e-49	7.044857e-88	2.273388e-04	1.270459e-36	0.000000e+00	0.000000e+00	7.581354e-36	1.106505e-73	0.000000e+00	2.758177e-26	8.419263e-01	1.882668e-90	1.093650e-06	0.000000e+00	1.882668e-90	1.882668e-90	1.882668e-90	6.170867e-49	4.734201e-73	0.000000e+00	0.000000e+00	1.882668e-90	0.000000e+00	0.000000e+00	0.000000e+00	0.000000e+00	0.000000e+00	0.000000e+00	0.000000e+00	6.826171e-49	1.229256e-80	0.000000e+00	0.000000e+00	0.000000e+00	0.000000e+00	0.000000e+00	0.000000e+00	0.000000e+00	0.000000e+00	0.000000e+00	0.000000e+00	0.000000e+00	0.000000e+00	0.000000e+00	0.000000e+00	0.000000e+00	0.000000e+00	0.000000e+00	0.000000e+00	0.000000e+00	0.000000e+00	0.000000e+00	0.000000e+00	0.000000e+00	0.000000e+00	0.000000e+00	0.000000e+00	0.000000e+00	0.000000e+00	0.000000e+00	0.000000e+00	0.000000e+00	0.000000e+00	0.000000e+00	0.000000e+00	0.000000e+00	0.000000e+00	0.000000e+00	0.000000e+00	0.000000e+00	0.000000e+00	0.000000e+00	0.000000e+00	
1744.151266	1738.411888	1749.890644	217.882145	7.008115e-02	1.882724e-90	0.000000e+00	1.820516e-47	4.385357e-64	0.000000e+00	0.000000e+00	8.447219e-03	1.882724e-90	1.164011e-03	5.496976e-54	4.221623e-88	1.574129e-79	1.882724e-90	1.882724e-90	0.000000e+00	1.407447e-87	1.882724e-90	1.882724e-90	1.882724e-90	6.943314e-32	4.973440e-03	4.835571e-42	0.000000e+00	0.000000e+00	0.000000e+00	1.882724e-90	4.712938e-73	0.000000e+00	1.046394e-42	0.000000e+00	0.000000e+00	0.000000e+00	0.000000e+00	0.000000e+00	0.000000e+00	0.000000e+00	8.248443e-45	1.882724e-90	1.882724e-90	4.740682e-65	7.122062e-39	3.947020e-60	1.494985e-49	1.427456e-88	2.273500e-04	6.047847e-37	0.000000e+00	0.000000e+00	3.987316e-36	2.269639e-74	0.000000e+00	1.733760e-26	8.419206e-01	1.882724e-90	1.010389e-06	0.000000e+00	1.882724e-90	1.882724e-90	1.882724e-90	2.128112e-49	9.656690e-74	0.000000e+00	0.000000e+00	1.882724e-90	0.000000e+00	0.000000e+00	0.000000e+00	0.000000e+00	0.000000e+00	0.000000e+00	0.000000e+00	2.607608e-49	3.502270e-81	0.000000e+00	0.000000e+00	0.000000e+00	0.000000e+00	0.000000e+00	0.000000e+00	0.000000e+00	0.000000e+00	0.000000e+00	0.000000e+00	0.000000e+00	0.000000e+00	0.000000e+00	0.000000e+00	0.000000e+00	0.000000e+00	0.000000e+00	0.000000e+00	0.000000e+00	0.000000e+00	0.000000e+00	0.000000e+00	0.000000e+00	0.000000e+00	0.000000e+00	0.000000e+00	0.000000e+00	0.000000e+00	0.000000e+00	0.000000e+00	0.000000e+00	0.000000e+00	0.000000e+00	0.000000e+00	0.000000e+00	0.000000e+00	0.000000e+00	0.000000e+00	0.000000e+00	0.000000e+00	0.000000e+00	0.000000e+00	
1755.576934	1749.890644	1761.263225	215.867206	5.751211e-02	1.882667e-90	0.000000e+00	6.605234e-48	1.145743e-64	0.000000e+00	0.000000e+00	8.446814e-03	1.882667e-90	1.164102e-03	1.787258e-54	7.582913e-89	3.066969e-80	1.882667e-90	1.882667e-90	0.000000e+00	2.375091e-88	1.882667e-90	1.882667e-90	1.882667e-90	3.567462e-32	4.973328e-03	2.115236e-42	0.000000e+00	0.000000e+00	0.000000e+00	1.882667e-90	9.992992e-74	0.000000e+00	4.510911e-43	0.000000e+00	0.000000e+00	0.000000e+00	0.000000e+00	0.000000e+00	0.000000e+00	0.000000e+00	3.280134e-45	1.882667e-90	1.882667e-90	1.249531e-65	3.626837e-39	1.220119e-60	6.413772e-50	2.996228e-89	2.273379e-04	2.925441e-37	0.000000e+00	0.000000e+00	2.141674e-36	4.837364e-75	0.000000e+00	1.109152e-26	8.419255e-01	1.882667e-90	9.430294e-07	0.000000e+00	1.882667e-90	1.882667e-90	1.882667e-90	7.504012e-50	2.042960e-74	0.000000e+00	0.000000e+00	1.882667e-90	0.000000e+00	0.000000e+00	0.000000e+00	0.000000e+00	0.000000e+00	0.000000e+00	0.000000e+00	1.023641e-49	1.023835e-81	0.000000e+00	0.000000e+00	0.000000e+00	0.000000e+00	0.000000e+00	0.000000e+00	0.000000e+00	0.000000e+00	0.000000e+00	0.000000e+00	0.000000e+00	0.000000e+00	0.000000e+00	0.000000e+00	0.000000e+00	0.000000e+00	0.000000e+00	0.000000e+00	0.000000e+00	0.000000e+00	0.000000e+00	0.000000e+00	0.000000e+00	0.000000e+00	0.000000e+00	0.000000e+00	0.000000e+00	0.000000e+00	0.000000e+00	0.000000e+00	0.000000e+00	0.000000e+00	0.000000e+00	0.000000e+00	0.000000e+00	0.000000e+00	0.000000e+00	0.000000e+00	0.000000e+00	0.000000e+00	0.000000e+00	0.000000e+00	
1766.900200	1761.263225	1772.537176	213.994494	4.719732e-02	1.882568e-90	0.000000e+00	2.545019e-48	3.235656e-65	0.000000e+00	0.000000e+00	8.446631e-03	1.882568e-90	1.164118e-03	6.206320e-55	1.528592e-89	6.636616e-81	1.882568e-90	1.882568e-90	0.000000e+00	4.461459e-89	1.882568e-90	1.882568e-90	1.882568e-90	1.943208e-32	4.973744e-03	9.786159e-43	0.000000e+00	0.000000e+00	0.000000e+00	1.882568e-90	2.356511e-74	0.000000e+00	2.058724e-43	0.000000e+00	0.000000e+00	0.000000e+00	0.000000e+00	0.000000e+00	0.000000e+00	0.000000e+00	1.402134e-45	1.882568e-90	1.882568e-90	3.577754e-66	1.937007e-39	4.063234e-61	2.914396e-50	6.926702e-90	2.273363e-04	1.479660e-37	0.000000e+00	0.000000e+00	1.217226e-36	1.145832e-75	0.000000e+00	7.437648e-27	8.419330e-01	1.882568e-90	9.034988e-07	0.000000e+00	1.882568e-90	1.882568e-90	1.882568e-90	2.814649e-50	4.779727e-75	0.000000e+00	0.000000e+00	1.882568e-90	0.000000e+00	0.000000e+00	0.000000e+00	0.000000e+00	0.000000e+00	0.000000e+00	0.000000e+00	4.324623e-50	3.206402e-82	0.000000e+00	0.000000e+00	0.000000e+00	0.000000e+00	0.000000e+00	0.000000e+00	0.000000e+00	0.000000e+00	0.000000e+00	0.000000e+00	0.000000e+00	0.000000e+00	0.000000e+00	0.000000e+00	0.000000e+00	0.000000e+00	0.000000e+00	0.000000e+00	0.000000e+00	0.000000e+00	0.000000e+00	0.000000e+00	0.000000e+00	0.000000e+00	0.000000e+00	0.000000e+00	0.000000e+00	0.000000e+00	0.000000e+00	0.000000e+00	0.000000e+00	0.000000e+00	0.000000e+00	0.000000e+00	0.000000e+00	0.000000e+00	0.000000e+00	0.000000e+00	0.000000e+00	0.000000e+00	0.000000e+00	0.000000e+00	
1778.129234	1772.537176	1783.721291	212.289117	3.873249e-02	1.882612e-90	0.000000e+00	1.060371e-48	1.011116e-65	0.000000e+00	0.000000e+00	8.446334e-03	1.882612e-90	1.164181e-03	2.348351e-55	3.578901e-90	1.645866e-81	1.882612e-90	1.882612e-90	0.000000e+00	9.633686e-90	1.882612e-90	1.882612e-90	1.882612e-90	1.141378e-32	4.974314e-03	4.868075e-43	0.000000e+00	0.000000e+00	0.000000e+00	1.882612e-90	6.377238e-75	0.000000e+00	1.011404e-43	0.000000e+00	0.000000e+00	0.000000e+00	0.000000e+00	0.000000e+00	0.000000e+00	0.000000e+00	6.581361e-46	1.882612e-90	1.882612e-90	1.140893e-66	1.100391e-39	1.490504e-61	1.426292e-50	1.882612e-90	2.273426e-04	7.931192e-38	0.000000e+00	0.000000e+00	7.439850e-37	3.112697e-76	0.000000e+00	5.297895e-27	8.419290e-01	1.882612e-90	8.953298e-07	0.000000e+00	1.882612e-90	1.882612e-90	1.882612e-90	1.143975e-50	1.274203e-75	0.000000e+00	0.000000e+00	1.882612e-90	0.000000e+00	0.000000e+00	0.000000e+00	0.000000e+00	0.000000e+00	0.000000e+00	0.000000e+00	2.008776e-50	1.096849e-82	0.000000e+00	0.000000e+00	0.000000e+00	0.000000e+00	0.000000e+00	0.000000e+00	0.000000e+00	0.000000e+00	0.000000e+00	0.000000e+00	0.000000e+00	0.000000e+00	0.000000e+00	0.000000e+00	0.000000e+00	0.000000e+00	0.000000e+00	0.000000e+00	0.000000e+00	0.000000e+00	0.000000e+00	0.000000e+00	0.000000e+00	0.000000e+00	0.000000e+00	0.000000e+00	0.000000e+00	0.000000e+00	0.000000e+00	0.000000e+00	0.000000e+00	0.000000e+00	0.000000e+00	0.000000e+00	0.000000e+00	0.000000e+00	0.000000e+00	0.000000e+00	0.000000e+00	0.000000e+00	0.000000e+00	0.000000e+00	
1789.272850	1783.721291	1794.824409	210.748598	3.178583e-02	1.882690e-90	0.000000e+00	4.790299e-49	3.508714e-66	0.000000e+00	0.000000e+00	8.446430e-03	1.882690e-90	1.164124e-03	9.709786e-56	1.882690e-90	4.698809e-82	1.882690e-90	1.882690e-90	0.000000e+00	2.402284e-90	1.882690e-90	1.882690e-90	1.882690e-90	7.245961e-33	4.974532e-03	2.609723e-43	0.000000e+00	0.000000e+00	0.000000e+00	1.882690e-90	1.989068e-75	0.000000e+00	5.360189e-44	0.000000e+00	0.000000e+00	0.000000e+00	0.000000e+00	0.000000e+00	0.000000e+00	0.000000e+00	3.401326e-46	1.882690e-90	1.882690e-90	4.066569e-67	6.661883e-40	6.042200e-62	7.535570e-51	1.882690e-90	2.273429e-04	4.513988e-38	0.000000e+00	0.000000e+00	4.900239e-37	9.740182e-77	0.000000e+00	4.015568e-27	8.419230e-01	1.882690e-90	9.182052e-07	0.000000e+00	1.882690e-90	1.882690e-90	1.882690e-90	5.051521e-51	3.887162e-76	0.000000e+00	0.000000e+00	1.882690e-90	0.000000e+00	0.000000e+00	0.000000e+00	0.000000e+00	0.000000e+00	0.000000e+00	0.000000e+00	1.028652e-50	4.109207e-83	0.000000e+00	0.000000e+00	0.000000e+00	0.000000e+00	0.000000e+00	0.000000e+00	0.000000e+00	0.000000e+00	0.000000e+00	0.000000e+00	0.000000e+00	0.000000e+00	0.000000e+00	0.000000e+00	0.000000e+00	0.000000e+00	0.000000e+00	0.000000e+00	0.000000e+00	0.000000e+00	0.000000e+00	0.000000e+00	0.000000e+00	0.000000e+00	0.000000e+00	0.000000e+00	0.000000e+00	0.000000e+00	0.000000e+00	0.000000e+00	0.000000e+00	0.000000e+00	0.000000e+00	0.000000e+00	0.000000e+00	0.000000e+00	0.000000e+00	0.000000e+00	0.000000e+00	0.000000e+00	0.000000e+00	0.000000e+00	
1800.339088	1794.824409	1805.853767	209.350477	2.608505e-02	1.882744e-90	0.000000e+00	2.324261e-49	1.335653e-66	0.000000e+00	0.000000e+00	8.447321e-03	1.882744e-90	1.164142e-03	4.342405e-56	1.882744e-90	1.519186e-82	1.882744e-90	1.882744e-90	0.000000e+00	1.882744e-90	1.882744e-90	1.882744e-90	1.882744e-90	4.925578e-33	4.973717e-03	1.494309e-43	0.000000e+00	0.000000e+00	0.000000e+00	1.882744e-90	7.029222e-76	0.000000e+00	3.036271e-44	0.000000e+00	0.000000e+00	0.000000e+00	0.000000e+00	0.000000e+00	0.000000e+00	0.000000e+00	1.913485e-46	1.882744e-90	1.882744e-90	1.599303e-67	4.266871e-40	2.675585e-62	4.260067e-51	1.882744e-90	2.273630e-04	2.709058e-38	0.000000e+00	0.000000e+00	3.447068e-37	3.452639e-77	0.000000e+00	3.214416e-27	8.419188e-01	1.882744e-90	9.707549e-07	0.000000e+00	1.882744e-90	1.882744e-90	1.882744e-90	2.399680e-51	1.335492e-76	0.000000e+00	0.000000e+00	1.882744e-90	0.000000e+00	0.000000e+00	0.000000e+00	0.000000e+00	0.000000e+00	0.000000e+00	0.000000e+00	5.740323e-51	1.668307e-83	0.000000e+00	0.000000e+00	0.000000e+00	0.000000e+00	0.000000e+00	0.000000e+00	0.000000e+00	0.000000e+00	0.000000e+00	0.000000e+00	0.000000e+00	0.000000e+00	0.000000e+00	0.000000e+00	0.000000e+00	0.000000e+00	0.000000e+00	0.000000e+00	0.000000e+00	0.000000e+00	0.000000e+00	0.000000e+00	0.000000e+00	0.000000e+00	0.000000e+00	0.000000e+00	0.000000e+00	0.000000e+00	0.000000e+00	0.000000e+00	0.000000e+00	0.000000e+00	0.000000e+00	0.000000e+00	0.000000e+00	0.000000e+00	0.000000e+00	0.000000e+00	0.000000e+00	0.000000e+00	0.000000e+00	0.000000e+00	
1811.334461	1805.853767	1816.815155	208.060294	2.140670e-02	1.882640e-90	0.000000e+00	1.190159e-49	5.450229e-67	0.000000e+00	0.000000e+00	8.446141e-03	1.882640e-90	1.163849e-03	2.059720e-56	1.882640e-90	5.391553e-83	1.882640e-90	1.882640e-90	0.000000e+00	1.882640e-90	1.882640e-90	1.882640e-90	1.882640e-90	3.525570e-33	4.973647e-03	8.992155e-44	0.000000e+00	0.000000e+00	0.000000e+00	1.882640e-90	2.731196e-76	0.000000e+00	1.809560e-44	0.000000e+00	0.000000e+00	0.000000e+00	0.000000e+00	0.000000e+00	0.000000e+00	0.000000e+00	1.147638e-46	1.882640e-90	1.882640e-90	6.772283e-68	2.849956e-40	1.265662e-62	2.532184e-51	1.882640e-90	2.273361e-04	1.691731e-38	0.000000e+00	0.000000e+00	2.547613e-37	1.344627e-77	0.000000e+00	2.680523e-27	8.419280e-01	1.882640e-90	1.049536e-06	0.000000e+00	1.882640e-90	1.882640e-90	1.882640e-90	1.204878e-51	5.018555e-77	0.000000e+00	0.000000e+00	1.882640e-90	0.000000e+00	0.000000e+00	0.000000e+00	0.000000e+00	0.000000e+00	0.000000e+00	0.000000e+00	3.416933e-51	7.185379e-84	0.000000e+00	0.000000e+00	0.000000e+00	0.000000e+00	0.000000e+00	0.000000e+00	0.000000e+00	0.000000e+00	0.000000e+00	0.000000e+00	0.000000e+00	0.000000e+00	0.000000e+00	0.000000e+00	0.000000e+00	0.000000e+00	0.000000e+00	0.000000e+00	0.000000e+00	0.000000e+00	0.000000e+00	0.000000e+00	0.000000e+00	0.000000e+00	0.000000e+00	0.000000e+00	0.000000e+00	0.000000e+00	0.000000e+00	0.000000e+00	0.000000e+00	0.000000e+00	0.000000e+00	0.000000e+00	0.000000e+00	0.000000e+00	0.000000e+00	0.000000e+00	0.000000e+00	0.000000e+00	0.000000e+00	0.000000e+00	
1822.263734	1816.815155	1827.712313	206.840842	1.756741e-02	1.882708e-90	0.000000e+00	6.301725e-50	2.322999e-67	0.000000e+00	0.000000e+00	8.446719e-03	1.882708e-90	1.163739e-03	1.013692e-56	1.882708e-90	2.029212e-83	1.882708e-90	1.882708e-90	0.000000e+00	1.882708e-90	1.882708e-90	1.882708e-90	1.882708e-90	2.607102e-33	4.973996e-03	5.583434e-44	0.000000e+00	0.000000e+00	0.000000e+00	1.882708e-90	1.125817e-76	0.000000e+00	1.113198e-44	0.000000e+00	0.000000e+00	0.000000e+00	0.000000e+00	0.000000e+00	0.000000e+00	0.000000e+00	7.166075e-47	1.882708e-90	1.882708e-90	3.003691e-68	1.955413e-40	6.242902e-63	1.554762e-51	1.882708e-90	2.273610e-04	1.083248e-38	0.000000e+00	0.000000e+00	1.943437e-37	5.554691e-78	0.000000e+00	2.295090e-27	8.419214e-01	1.882708e-90	1.151577e-06	0.000000e+00	1.882708e-90	1.882708e-90	1.882708e-90	6.261641e-52	1.994891e-77	0.000000e+00	0.000000e+00	1.882708e-90	0.000000e+00	0.000000e+00	0.000000e+00	0.000000e+00	0.000000e+00	0.000000e+00	0.000000e+00	2.119197e-51	3.217594e-84	0.000000e+00	0.000000e+00	0.000000e+00	0.000000e+00	0.000000e+00	0.000000e+00	0.000000e+00	0.000000e+00	0.000000e+00	0.000000e+00	0.000000e+00	0.000000e+00	0.000000e+00	0.000000e+00	0.000000e+00	0.000000e+00	0.000000e+00	0.000000e+00	0.000000e+00	0.000000e+00	0.000000e+00	0.000000e+00	0.000000e+00	0.000000e+00	0.000000e+00	0.000000e+00	0.000000e+00	0.000000e+00	0.000000e+00	0.000000e+00	0.000000e+00	0.000000e+00	0.000000e+00	0.000000e+00	0.000000e+00	0.000000e+00	0.000000e+00	0.000000e+00	0.000000e+00	0.000000e+00	0.000000e+00	0.000000e+00	
1833.129821	1827.712313	1838.547330	205.661620	1.441670e-02	1.882692e-90	0.000000e+00	3.390886e-50	1.011019e-67	0.000000e+00	0.000000e+00	8.447808e-03	1.882692e-90	1.163476e-03	5.076992e-57	1.882692e-90	7.854992e-84	1.882692e-90	1.882692e-90	0.000000e+00	1.882692e-90	1.882692e-90	1.882692e-90	1.882692e-90	1.958417e-33	4.974098e-03	3.519429e-44	0.000000e+00	0.000000e+00	0.000000e+00	1.882692e-90	4.774430e-77	0.000000e+00	6.952910e-45	0.000000e+00	0.000000e+00	0.000000e+00	0.000000e+00	0.000000e+00	0.000000e+00	0.000000e+00	4.561625e-47	1.882692e-90	1.882692e-90	1.361917e-68	1.358548e-40	3.141180e-63	9.694980e-52	1.882692e-90	2.273580e-04	7.018725e-39	0.000000e+00	0.000000e+00	1.505105e-37	2.360101e-78	0.000000e+00	1.990315e-27	8.419216e-01	1.882692e-90	1.272266e-06	0.000000e+00	1.882692e-90	1.882692e-90	1.882692e-90	3.308190e-52	8.146717e-78	0.000000e+00	0.000000e+00	1.882692e-90	0.000000e+00	0.000000e+00	0.000000e+00	0.000000e+00	0.000000e+00	0.000000e+00	0.000000e+00	1.340448e-51	1.468141e-84	0.000000e+00	0.000000e+00	0.000000e+00	0.000000e+00	0.000000e+00	0.000000e+00	0.000000e+00	0.000000e+00	0.000000e+00	0.000000e+00	0.000000e+00	0.000000e+00	0.000000e+00	0.000000e+00	0.000000e+00	0.000000e+00	0.000000e+00	0.000000e+00	0.000000e+00	0.000000e+00	0.000000e+00	0.000000e+00	0.000000e+00	0.000000e+00	0.000000e+00	0.000000e+00	0.000000e+00	0.000000e+00	0.000000e+00	0.000000e+00	0.000000e+00	0.000000e+00	0.000000e+00	0.000000e+00	0.000000e+00	0.000000e+00	0.000000e+00	0.000000e+00	0.000000e+00	0.000000e+00	0.000000e+00	0.000000e+00	
1843.934415	1838.547330	1849.321501	204.506270	1.183107e-02	1.882607e-90	0.000000e+00	1.836846e-50	4.437302e-68	0.000000e+00	0.000000e+00	8.447039e-03	1.882607e-90	1.163203e-03	2.561306e-57	1.882607e-90	3.076163e-84	1.882607e-90	1.882607e-90	0.000000e+00	1.882607e-90	1.882607e-90	1.882607e-90	1.882607e-90	1.480723e-33	4.973856e-03	2.231993e-44	0.000000e+00	0.000000e+00	0.000000e+00	1.882607e-90	2.049120e-77	0.000000e+00	4.370514e-45	0.000000e+00	0.000000e+00	0.000000e+00	0.000000e+00	0.000000e+00	0.000000e+00	0.000000e+00	2.927882e-47	1.882607e-90	1.882607e-90	6.232425e-69	9.490276e-41	1.593460e-63	6.083363e-52	1.882607e-90	2.273600e-04	4.570372e-39	0.000000e+00	0.000000e+00	1.173162e-37	1.014735e-78	0.000000e+00	1.734928e-27	8.419297e-01	1.882607e-90	1.410247e-06	0.000000e+00	1.882607e-90	1.882607e-90	1.882607e-90	1.759716e-52	3.363970e-78	0.000000e+00	0.000000e+00	1.882607e-90	0.000000e+00	0.000000e+00	0.000000e+00	0.000000e+00	0.000000e+00	0.000000e+00	0.000000e+00	8.549537e-52	6.748836e-85	0.000000e+00	0.000000e+00	0.000000e+00	0.000000e+00	0.000000e+00	0.000000e+00	0.000000e+00	0.000000e+00	0.000000e+00	0.000000e+00	0.000000e+00	0.000000e+00	0.000000e+00	0.000000e+00	0.000000e+00	0.000000e+00	0.000000e+00	0.000000e+00	0.000000e+00	0.000000e+00	0.000000e+00	0.000000e+00	0.000000e+00	0.000000e+00	0.000000e+00	0.000000e+00	0.000000e+00	0.000000e+00	0.000000e+00	0.000000e+00	0.000000e+00	0.000000e+00	0.000000e+00	0.000000e+00	0.000000e+00	0.000000e+00	0.000000e+00	0.000000e+00	0.000000e+00	0.000000e+00	0.000000e+00	0.000000e+00	
1854.678759	1849.321501	1860.036016	203.374247	9.709169e-03	1.882611e-90	0.000000e+00	1.001688e-50	1.964502e-68	0.000000e+00	0.000000e+00	8.446754e-03	1.882611e-90	1.162793e-03	1.301450e-57	1.882611e-90	1.218970e-84	1.882611e-90	1.882611e-90	0.000000e+00	1.882611e-90	1.882611e-90	1.882611e-90	1.882611e-90	1.127104e-33	4.973159e-03	1.424543e-44	0.000000e+00	0.000000e+00	0.000000e+00	1.882611e-90	8.899805e-78	0.000000e+00	2.764723e-45	0.000000e+00	0.000000e+00	0.000000e+00	0.000000e+00	0.000000e+00	0.000000e+00	0.000000e+00	1.894597e-47	1.882611e-90	1.882611e-90	2.878187e-69	6.664097e-41	8.150836e-64	3.842798e-52	1.882611e-90	2.273384e-04	2.990566e-39	0.000000e+00	0.000000e+00	9.204376e-38	4.414264e-79	0.000000e+00	1.520908e-27	8.419303e-01	1.882611e-90	1.567958e-06	0.000000e+00	1.882611e-90	1.882611e-90	1.882611e-90	9.424040e-53	1.404881e-78	0.000000e+00	0.000000e+00	1.882611e-90	0.000000e+00	0.000000e+00	0.000000e+00	0.000000e+00	0.000000e+00	0.000000e+00	0.000000e+00	5.499313e-52	3.128733e-85	0.000000e+00	0.000000e+00	0.000000e+00	0.000000e+00	0.000000e+00	0.000000e+00	0.000000e+00	0.000000e+00	0.000000e+00	0.000000e+00	0.000000e+00	0.000000e+00	0.000000e+00	0.000000e+00	0.000000e+00	0.000000e+00	0.000000e+00	0.000000e+00	0.000000e+00	0.000000e+00	0.000000e+00	0.000000e+00	0.000000e+00	0.000000e+00	0.000000e+00	0.000000e+00	0.000000e+00	0.000000e+00	0.000000e+00	0.000000e+00	0.000000e+00	0.000000e+00	0.000000e+00	0.000000e+00	0.000000e+00	0.000000e+00	0.000000e+00	0.000000e+00	0.000000e+00	0.000000e+00	0.000000e+00	0.000000e+00	
1865.364233	1860.036016	1870.692449	202.273074	7.967831e-03	1.882788e-90	0.000000e+00	5.527295e-51	8.831808e-69	0.000000e+00	0.000000e+00	8.447110e-03	1.882788e-90	1.162555e-03	6.699880e-58	1.882788e-90	4.932665e-85	1.882788e-90	1.882788e-90	0.000000e+00	1.882788e-90	1.882788e-90	1.882788e-90	1.882788e-90	8.683278e-34	4.974062e-03	9.197137e-45	0.000000e+00	0.000000e+00	0.000000e+00	1.882788e-90	3.950086e-78	0.000000e+00	1.769927e-45	0.000000e+00	0.000000e+00	0.000000e+00	0.000000e+00	0.000000e+00	0.000000e+00	0.000000e+00	1.244325e-47	1.882788e-90	1.882788e-90	1.351172e-69	4.725295e-41	4.231928e-64	2.456199e-52	1.882788e-90	2.273508e-04	1.974355e-39	0.000000e+00	0.000000e+00	7.308010e-38	1.961651e-79	0.000000e+00	1.346661e-27	8.419155e-01	1.882788e-90	1.753276e-06	0.000000e+00	1.882788e-90	1.882788e-90	1.882788e-90	5.110166e-53	5.987268e-79	0.000000e+00	0.000000e+00	1.882788e-90	0.000000e+00	0.000000e+00	0.000000e+00	0.000000e+00	0.000000e+00	0.000000e+00	0.000000e+00	3.591698e-52	1.471458e-85	0.000000e+00	0.000000e+00	0.000000e+00	0.000000e+00	0.000000e+00	0.000000e+00	0.000000e+00	0.000000e+00	0.000000e+00	0.000000e+00	0.000000e+00	0.000000e+00	0.000000e+00	0.000000e+00	0.000000e+00	0.000000e+00	0.000000e+00	0.000000e+00	0.000000e+00	0.000000e+00	0.000000e+00	0.000000e+00	0.000000e+00	0.000000e+00	0.000000e+00	0.000000e+00	0.000000e+00	0.000000e+00	0.000000e+00	0.000000e+00	0.000000e+00	0.000000e+00	0.000000e+00	0.000000e+00	0.000000e+00	0.000000e+00	0.000000e+00	0.000000e+00	0.000000e+00	0.000000e+00	0.000000e+00	0.000000e+00	
1875.992118	1870.692449	1881.291787	201.187836	6.538802e-03	1.882704e-90	0.000000e+00	3.058432e-51	3.984151e-69	0.000000e+00	0.000000e+00	8.446552e-03	1.882704e-90	1.162074e-03	3.458597e-58	1.882704e-90	2.005352e-85	1.882704e-90	1.882704e-90	0.000000e+00	1.882704e-90	1.882704e-90	1.882704e-90	1.882704e-90	6.707212e-34	4.973877e-03	5.952121e-45	0.000000e+00	0.000000e+00	0.000000e+00	1.882704e-90	1.761475e-78	0.000000e+00	1.135759e-45	0.000000e+00	0.000000e+00	0.000000e+00	0.000000e+00	0.000000e+00	0.000000e+00	0.000000e+00	8.198536e-48	1.882704e-90	1.882704e-90	6.367028e-70	3.358011e-41	2.204566e-64	1.574122e-52	1.882704e-90	2.273570e-04	1.306081e-39	0.000000e+00	0.000000e+00	5.817713e-38	8.758746e-80	0.000000e+00	1.194927e-27	8.419232e-01	1.882704e-90	1.962763e-06	0.000000e+00	1.882704e-90	1.882704e-90	1.882704e-90	2.778220e-53	2.562991e-79	0.000000e+00	0.000000e+00	1.882704e-90	0.000000e+00	0.000000e+00	0.000000e+00	0.000000e+00	0.000000e+00	0.000000e+00	0.000000e+00	2.353499e-52	6.943939e-86	0.000000e+00	0.000000e+00	0.000000e+00	0.000000e+00	0.000000e+00	0.000000e+00	0.000000e+00	0.000000e+00	0.000000e+00	0.000000e+00	0.000000e+00	0.000000e+00	0.000000e+00	0.000000e+00	0.000000e+00	0.000000e+00	0.000000e+00	0.000000e+00	0.000000e+00	0.000000e+00	0.000000e+00	0.000000e+00	0.000000e+00	0.000000e+00	0.000000e+00	0.000000e+00	0.000000e+00	0.000000e+00	0.000000e+00	0.000000e+00	0.000000e+00	0.000000e+00	0.000000e+00	0.000000e+00	0.000000e+00	0.000000e+00	0.000000e+00	0.000000e+00	0.000000e+00	0.000000e+00	0.000000e+00	0.000000e+00	
1886.561696	1881.291787	1891.831605	200.058191	5.366069e-03	1.882533e-90	0.000000e+00	1.632412e-51	1.715237e-69	0.000000e+00	0.000000e+00	8.446059e-03	1.882533e-90	1.161644e-03	1.715920e-58	1.882533e-90	7.661518e-86	1.882533e-90	1.882533e-90	0.000000e+00	1.882533e-90	1.882533e-90	1.882533e-90	1.882533e-90	5.008711e-34	4.973173e-03	3.727464e-45	0.000000e+00	0.000000e+00	0.000000e+00	1.882533e-90	7.378491e-79	0.000000e+00	7.048852e-46	0.000000e+00	0.000000e+00	0.000000e+00	0.000000e+00	0.000000e+00	0.000000e+00	0.000000e+00	5.179643e-48	1.882533e-90	1.882533e-90	2.854745e-70	2.319868e-41	1.098597e-64	9.758452e-53	1.882533e-90	2.273320e-04	8.410969e-40	0.000000e+00	0.000000e+00	4.484798e-38	3.673013e-80	0.000000e+00	1.032740e-27	8.419381e-01	1.882533e-90	2.166572e-06	0.000000e+00	1.882533e-90	1.882533e-90	1.882533e-90	1.455459e-53	1.033663e-79	0.000000e+00	0.000000e+00	1.882533e-90	0.000000e+00	0.000000e+00	0.000000e+00	0.000000e+00	0.000000e+00	0.000000e+00	0.000000e+00	1.478628e-52	3.153817e-86	0.000000e+00	0.000000e+00	0.000000e+00	0.000000e+00	0.000000e+00	0.000000e+00	0.000000e+00	0.000000e+00	0.000000e+00	0.000000e+00	0.000000e+00	0.000000e+00	0.000000e+00	0.000000e+00	0.000000e+00	0.000000e+00	0.000000e+00	0.000000e+00	0.000000e+00	0.000000e+00	0.000000e+00	0.000000e+00	0.000000e+00	0.000000e+00	0.000000e+00	0.000000e+00	0.000000e+00	0.000000e+00	0.000000e+00	0.000000e+00	0.000000e+00	0.000000e+00	0.000000e+00	0.000000e+00	0.000000e+00	0.000000e+00	0.000000e+00	0.000000e+00	0.000000e+00	0.000000e+00	0.000000e+00	0.000000e+00	
1897.067958	1891.831605	1902.304312	198.784669	4.403666e-03	1.882617e-90	0.000000e+00	7.865884e-52	6.468507e-70	0.000000e+00	0.000000e+00	8.446330e-03	1.882617e-90	1.161307e-03	7.607558e-59	1.882617e-90	2.453562e-86	1.882617e-90	1.882617e-90	0.000000e+00	1.882617e-90	1.882617e-90	1.882617e-90	1.882617e-90	3.398861e-34	4.973618e-03	2.127138e-45	0.000000e+00	0.000000e+00	0.000000e+00	1.882617e-90	2.589506e-79	0.000000e+00	3.982286e-46	0.000000e+00	0.000000e+00	0.000000e+00	0.000000e+00	0.000000e+00	0.000000e+00	0.000000e+00	2.904714e-48	1.882617e-90	1.882617e-90	1.112249e-70	1.480649e-41	4.829847e-65	5.506487e-53	1.882617e-90	2.273461e-04	5.022019e-40	0.000000e+00	0.000000e+00	3.157252e-38	1.290360e-80	0.000000e+00	8.282660e-28	8.419303e-01	1.882617e-90	2.296204e-06	0.000000e+00	1.882617e-90	1.882617e-90	1.882617e-90	6.867652e-54	3.521528e-80	0.000000e+00	0.000000e+00	1.882617e-90	0.000000e+00	0.000000e+00	0.000000e+00	0.000000e+00	0.000000e+00	0.000000e+00	0.000000e+00	8.242819e-53	1.284422e-86	0.000000e+00	0.000000e+00	0.000000e+00	0.000000e+00	0.000000e+00	0.000000e+00	0.000000e+00	0.000000e+00	0.000000e+00	0.000000e+00	0.000000e+00	0.000000e+00	0.000000e+00	0.000000e+00	0.000000e+00	0.000000e+00	0.000000e+00	0.000000e+00	0.000000e+00	0.000000e+00	0.000000e+00	0.000000e+00	0.000000e+00	0.000000e+00	0.000000e+00	0.000000e+00	0.000000e+00	0.000000e+00	0.000000e+00	0.000000e+00	0.000000e+00	0.000000e+00	0.000000e+00	0.000000e+00	0.000000e+00	0.000000e+00	0.000000e+00	0.000000e+00	0.000000e+00	0.000000e+00	0.000000e+00	0.000000e+00	
1907.499583	1902.304312	1912.694855	197.224730	3.613869e-03	1.882669e-90	0.000000e+00	3.100974e-52	1.880676e-70	0.000000e+00	0.000000e+00	8.446595e-03	1.882669e-90	1.161416e-03	2.705230e-59	1.882669e-90	5.556031e-87	1.882669e-90	1.882669e-90	0.000000e+00	1.882669e-90	1.882669e-90	1.882669e-90	1.882669e-90	1.909520e-34	4.974038e-03	1.010640e-45	0.000000e+00	0.000000e+00	0.000000e+00	1.882669e-90	6.413658e-80	0.000000e+00	1.868691e-46	0.000000e+00	0.000000e+00	0.000000e+00	0.000000e+00	0.000000e+00	0.000000e+00	0.000000e+00	1.288465e-48	1.882669e-90	1.882669e-90	3.287878e-71	8.082211e-42	1.659196e-65	2.580686e-53	1.882669e-90	2.273507e-04	2.583831e-40	0.000000e+00	0.000000e+00	1.857236e-38	3.198858e-81	0.000000e+00	5.728947e-28	8.419254e-01	1.882669e-90	2.247094e-06	0.000000e+00	1.882669e-90	1.882669e-90	1.882669e-90	2.637777e-54	8.607340e-81	0.000000e+00	0.000000e+00	1.882669e-90	0.000000e+00	0.000000e+00	0.000000e+00	0.000000e+00	0.000000e+00	0.000000e+00	0.000000e+00	3.630771e-53	4.216103e-87	0.000000e+00	0.000000e+00	0.000000e+00	0.000000e+00	0.000000e+00	0.000000e+00	0.000000e+00	0.000000e+00	0.000000e+00	0.000000e+00	0.000000e+00	0.000000e+00	0.000000e+00	0.000000e+00	0.000000e+00	0.000000e+00	0.000000e+00	0.000000e+00	0.000000e+00	0.000000e+00	0.000000e+00	0.000000e+00	0.000000e+00	0.000000e+00	0.000000e+00	0.000000e+00	0.000000e+00	0.000000e+00	0.000000e+00	0.000000e+00	0.000000e+00	0.000000e+00	0.000000e+00	0.000000e+00	0.000000e+00	0.000000e+00	0.000000e+00	0.000000e+00	0.000000e+00	0.000000e+00	0.000000e+00	0.000000e+00	
1917.835417	1912.694855	1922.975980	195.148936	2.965723e-03	1.882683e-90	0.000000e+00	8.482621e-53	3.405091e-71	0.000000e+00	0.000000e+00	8.447136e-03	1.882683e-90	1.162159e-03	6.436663e-60	1.882683e-90	6.694087e-88	1.882683e-90	1.882683e-90	0.000000e+00	1.882683e-90	1.882683e-90	1.882683e-90	1.882683e-90	7.608735e-35	4.974356e-03	3.440132e-46	0.000000e+00	0.000000e+00	0.000000e+00	1.882683e-90	8.423705e-81	0.000000e+00	6.255184e-47	0.000000e+00	0.000000e+00	0.000000e+00	0.000000e+00	0.000000e+00	0.000000e+00	0.000000e+00	3.729765e-49	1.882683e-90	1.882683e-90	5.879107e-72	3.319472e-42	3.638133e-66	8.628891e-54	1.882683e-90	2.273543e-04	1.013847e-40	0.000000e+00	0.000000e+00	7.881431e-39	4.204393e-82	0.000000e+00	3.027997e-28	8.419237e-01	1.882683e-90	1.901993e-06	0.000000e+00	1.882683e-90	1.882683e-90	1.882683e-90	6.965004e-55	1.149479e-81	0.000000e+00	0.000000e+00	1.882683e-90	0.000000e+00	0.000000e+00	0.000000e+00	0.000000e+00	0.000000e+00	0.000000e+00	0.000000e+00	1.041821e-53	9.351977e-88	0.000000e+00	0.000000e+00	0.000000e+00	0.000000e+00	0.000000e+00	0.000000e+00	0.000000e+00	0.000000e+00	0.000000e+00	0.000000e+00	0.000000e+00	0.000000e+00	0.000000e+00	0.000000e+00	0.000000e+00	0.000000e+00	0.000000e+00	0.000000e+00	0.000000e+00	0.000000e+00	0.000000e+00	0.000000e+00	0.000000e+00	0.000000e+00	0.000000e+00	0.000000e+00	0.000000e+00	0.000000e+00	0.000000e+00	0.000000e+00	0.000000e+00	0.000000e+00	0.000000e+00	0.000000e+00	0.000000e+00	0.000000e+00	0.000000e+00	0.000000e+00	0.000000e+00	0.000000e+00	0.000000e+00	0.000000e+00	
1928.031511	1922.975980	1933.087042	191.920589	2.433821e-03	1.882708e-90	0.000000e+00	1.008499e-53	2.093407e-72	0.000000e+00	0.000000e+00	8.446951e-03	1.882708e-90	1.163628e-03	6.122155e-61	1.882708e-90	1.913079e-89	1.882708e-90	1.882708e-90	0.000000e+00	1.882708e-90	1.882708e-90	1.882708e-90	1.882708e-90	1.386458e-35	4.974632e-03	5.477372e-47	0.000000e+00	0.000000e+00	0.000000e+00	1.882708e-90	2.607663e-82	0.000000e+00	9.700839e-48	0.000000e+00	0.000000e+00	0.000000e+00	0.000000e+00	0.000000e+00	0.000000e+00	0.000000e+00	4.082189e-50	1.882708e-90	1.882708e-90	3.341415e-73	7.129848e-43	2.866412e-67	1.337005e-54	1.882708e-90	2.273441e-04	2.144633e-41	0.000000e+00	0.000000e+00	1.590661e-39	1.301247e-83	0.000000e+00	8.678027e-29	8.419211e-01	1.882708e-90	1.156450e-06	0.000000e+00	1.882708e-90	1.882708e-90	1.882708e-90	7.826492e-56	3.871142e-83	0.000000e+00	0.000000e+00	1.882708e-90	0.000000e+00	0.000000e+00	0.000000e+00	0.000000e+00	0.000000e+00	0.000000e+00	0.000000e+00	1.126133e-54	8.503211e-89	0.000000e+00	0.000000e+00	0.000000e+00	0.000000e+00	0.000000e+00	0.000000e+00	0.000000e+00	0.000000e+00	0.000000e+00	0.000000e+00	0.000000e+00	0.000000e+00	0.000000e+00	0.000000e+00	0.000000e+00	0.000000e+00	0.000000e+00	0.000000e+00	0.000000e+00	0.000000e+00	0.000000e+00	0.000000e+00	0.000000e+00	0.000000e+00	0.000000e+00	0.000000e+00	0.000000e+00	0.000000e+00	0.000000e+00	0.000000e+00	0.000000e+00	0.000000e+00	0.000000e+00	0.000000e+00	0.000000e+00	0.000000e+00	0.000000e+00	0.000000e+00	0.000000e+00	0.000000e+00	0.000000e+00	0.000000e+00	
1937.997236	1933.087042	1942.907429	186.403008	1.997316e-03	1.882618e-90	0.000000e+00	2.073491e-55	1.322987e-74	0.000000e+00	0.000000e+00	8.446269e-03	1.882618e-90	1.165175e-03	8.424440e-63	1.882618e-90	1.882618e-90	1.882618e-90	1.882618e-90	0.000000e+00	1.882618e-90	1.882618e-90	1.882618e-90	1.882618e-90	4.891986e-37	4.973892e-03	1.766780e-48	0.000000e+00	0.000000e+00	0.000000e+00	1.882618e-90	3.869294e-85	0.000000e+00	2.988086e-49	0.000000e+00	0.000000e+00	0.000000e+00	0.000000e+00	0.000000e+00	0.000000e+00	0.000000e+00	5.791123e-52	1.882618e-90	1.882618e-90	1.699781e-75	3.921089e-44	2.621460e-69	4.127366e-56	1.882618e-90	2.273339e-04	1.235134e-42	0.000000e+00	0.000000e+00	6.771949e-41	1.922764e-86	0.000000e+00	6.915603e-30	8.419283e-01	1.882618e-90	3.521469e-07	0.000000e+00	1.882618e-90	1.882618e-90	1.882618e-90	1.454789e-57	7.190774e-86	0.000000e+00	0.000000e+00	1.882618e-90	0.000000e+00	0.000000e+00	0.000000e+00	0.000000e+00	0.000000e+00	0.000000e+00	0.000000e+00	1.570375e-56	1.882618e-90	0.000000e+00	0.000000e+00	0.000000e+00	0.000000e+00	0.000000e+00	0.000000e+00	0.000000e+00	0.000000e+00	0.000000e+00	0.000000e+00	0.000000e+00	0.000000e+00	0.000000e+00	0.000000e+00	0.000000e+00	0.000000e+00	0.000000e+00	0.000000e+00	0.000000e+00	0.000000e+00	0.000000e+00	0.000000e+00	0.000000e+00	0.000000e+00	0.000000e+00	0.000000e+00	0.000000e+00	0.000000e+00	0.000000e+00	0.000000e+00	0.000000e+00	0.000000e+00	0.000000e+00	0.000000e+00	0.000000e+00	0.000000e+00	0.000000e+00	0.000000e+00	0.000000e+00	0.000000e+00	0.000000e+00	0.000000e+00	
1947.602583	1942.907429	1952.297738	178.239064	1.639098e-03	1.882660e-90	0.000000e+00	4.056554e-58	3.957192e-78	0.000000e+00	0.000000e+00	8.447089e-03	1.882660e-90	1.165854e-03	8.648394e-66	1.882660e-90	1.882660e-90	1.882660e-90	1.882660e-90	0.000000e+00	1.882660e-90	1.882660e-90	1.882660e-90	1.882660e-90	1.951439e-39	4.972808e-03	6.790150e-51	0.000000e+00	0.000000e+00	0.000000e+00	1.882660e-90	9.988225e-90	0.000000e+00	1.070163e-51	0.000000e+00	0.000000e+00	0.000000e+00	0.000000e+00	0.000000e+00	0.000000e+00	0.000000e+00	5.426676e-55	1.882660e-90	1.882660e-90	3.406123e-79	3.502822e-46	1.345687e-72	1.497523e-58	1.882660e-90	2.273431e-04	1.243978e-44	0.000000e+00	0.000000e+00	3.691905e-43	1.882660e-90	0.000000e+00	1.022572e-31	8.419247e-01	1.882660e-90	4.347833e-08	0.000000e+00	1.882660e-90	1.882660e-90	1.882660e-90	2.426191e-60	2.783604e-90	0.000000e+00	0.000000e+00	1.882660e-90	0.000000e+00	0.000000e+00	0.000000e+00	0.000000e+00	0.000000e+00	0.000000e+00	0.000000e+00	1.452056e-59	1.882660e-90	0.000000e+00	0.000000e+00	0.000000e+00	0.000000e+00	0.000000e+00	0.000000e+00	0.000000e+00	0.000000e+00	0.000000e+00	0.000000e+00	0.000000e+00	0.000000e+00	0.000000e+00	0.000000e+00	0.000000e+00	0.000000e+00	0.000000e+00	0.000000e+00	0.000000e+00	0.000000e+00	0.000000e+00	0.000000e+00	0.000000e+00	0.000000e+00	0.000000e+00	0.000000e+00	0.000000e+00	0.000000e+00	0.000000e+00	0.000000e+00	0.000000e+00	0.000000e+00	0.000000e+00	0.000000e+00	0.000000e+00	0.000000e+00	0.000000e+00	0.000000e+00	0.000000e+00	0.000000e+00	0.000000e+00	0.000000e+00	
1956.792528	1952.297738	1961.287318	170.633492	1.345126e-03	1.882684e-90	0.000000e+00	7.189664e-61	1.038604e-81	0.000000e+00	0.000000e+00	8.446568e-03	1.882684e-90	1.165994e-03	7.912255e-69	1.882684e-90	1.882684e-90	1.882684e-90	1.882684e-90	0.000000e+00	1.882684e-90	1.882684e-90	1.882684e-90	1.882684e-90	7.357240e-42	4.973451e-03	2.437741e-53	0.000000e+00	0.000000e+00	0.000000e+00	1.882684e-90	1.882684e-90	0.000000e+00	3.591771e-54	0.000000e+00	0.000000e+00	0.000000e+00	0.000000e+00	0.000000e+00	0.000000e+00	0.000000e+00	4.711780e-58	1.882684e-90	1.882684e-90	5.966564e-83	2.942248e-48	6.185104e-76	5.145615e-61	1.882684e-90	2.273595e-04	1.164740e-46	0.000000e+00	0.000000e+00	1.944654e-45	1.882684e-90	0.000000e+00	1.484420e-33	8.419231e-01	1.882684e-90	5.398678e-09	0.000000e+00	1.882684e-90	1.882684e-90	1.882684e-90	3.661152e-63	1.882684e-90	0.000000e+00	0.000000e+00	1.882684e-90	0.000000e+00	0.000000e+00	0.000000e+00	0.000000e+00	0.000000e+00	0.000000e+00	0.000000e+00	1.265362e-62	1.882684e-90	0.000000e+00	0.000000e+00	0.000000e+00	0.000000e+00	0.000000e+00	0.000000e+00	0.000000e+00	0.000000e+00	0.000000e+00	0.000000e+00	0.000000e+00	0.000000e+00	0.000000e+00	0.000000e+00	0.000000e+00	0.000000e+00	0.000000e+00	0.000000e+00	0.000000e+00	0.000000e+00	0.000000e+00	0.000000e+00	0.000000e+00	0.000000e+00	0.000000e+00	0.000000e+00	0.000000e+00	0.000000e+00	0.000000e+00	0.000000e+00	0.000000e+00	0.000000e+00	0.000000e+00	0.000000e+00	0.000000e+00	0.000000e+00	0.000000e+00	0.000000e+00	0.000000e+00	0.000000e+00	0.000000e+00	0.000000e+00	
1965.607418	1961.287318	1969.927518	164.000186	1.103878e-03	1.882609e-90	0.000000e+00	1.804204e-63	4.269784e-85	0.000000e+00	0.000000e+00	8.446853e-03	1.882609e-90	1.166053e-03	1.056352e-71	1.882609e-90	1.882609e-90	1.882609e-90	1.882609e-90	0.000000e+00	1.882609e-90	1.882609e-90	1.882609e-90	1.882609e-90	3.961782e-44	4.974395e-03	1.223642e-55	0.000000e+00	0.000000e+00	0.000000e+00	1.882609e-90	1.882609e-90	0.000000e+00	1.697593e-56	0.000000e+00	0.000000e+00	0.000000e+00	0.000000e+00	0.000000e+00	0.000000e+00	0.000000e+00	6.343008e-61	1.882609e-90	1.882609e-90	1.687806e-86	3.278522e-50	4.396519e-79	2.512570e-63	1.882609e-90	2.273297e-04	1.411317e-48	0.000000e+00	0.000000e+00	1.459640e-47	1.882609e-90	0.000000e+00	2.909449e-35	8.419274e-01	1.882609e-90	7.996718e-10	0.000000e+00	1.882609e-90	1.882609e-90	1.882609e-90	7.898100e-66	1.882609e-90	0.000000e+00	0.000000e+00	1.882609e-90	0.000000e+00	0.000000e+00	0.000000e+00	0.000000e+00	0.000000e+00	0.000000e+00	0.000000e+00	1.737341e-65	1.882609e-90	0.000000e+00	0.000000e+00	0.000000e+00	0.000000e+00	0.000000e+00	0.000000e+00	0.000000e+00	0.000000e+00	0.000000e+00	0.000000e+00	0.000000e+00	0.000000e+00	0.000000e+00	0.000000e+00	0.000000e+00	0.000000e+00	0.000000e+00	0.000000e+00	0.000000e+00	0.000000e+00	0.000000e+00	0.000000e+00	0.000000e+00	0.000000e+00	0.000000e+00	0.000000e+00	0.000000e+00	0.000000e+00	0.000000e+00	0.000000e+00	0.000000e+00	0.000000e+00	0.000000e+00	0.000000e+00	0.000000e+00	0.000000e+00	0.000000e+00	0.000000e+00	0.000000e+00	0.000000e+00	0.000000e+00	0.000000e+00	
