z		z0		z1		T		P		1		2		3		4		5		6		7		8		9		10		11		12		13		14		15		16		17		18		19		20		21		22		23		24		25		26		27		28		29		30		31		32		33		34		35		36		37		38		39		40		41		42		43		44		45		46		47		48		49		50		51		52		53		54		55		56		57		58		59		60		61		62		63		64		65		66		67		68		69		70		71		72		73		74		75		76		77		78		79		80		81		82		83		84		85		86		87		88		89		90		91		92		93		94		95		96		97		98		99		100		101		102		103		104		105		106		107		108		109		110		111		112		113		114		115		
km		km		km		K		Pa		
26.996674	0.000000	53.993347	1026.056930	1.811795e+07	3.470524e-24	0.000000e+00	3.016626e-10	8.563073e-15	0.000000e+00	0.000000e+00	8.443908e-03	1.162848e-24	8.547250e-04	3.723433e-13	2.450291e-24	1.957749e-19	3.455801e-32	1.658716e-50	0.000000e+00	6.844362e-22	2.187222e-28	7.984155e-42	1.409733e-34	1.157386e-07	4.972118e-03	2.229604e-11	0.000000e+00	0.000000e+00	0.000000e+00	5.037608e-42	6.862571e-16	0.000000e+00	2.500326e-11	0.000000e+00	0.000000e+00	0.000000e+00	0.000000e+00	0.000000e+00	0.000000e+00	0.000000e+00	4.788727e-11	7.706041e-24	2.349661e-25	1.900834e-16	3.575004e-14	5.154356e-17	1.953366e-17	4.776206e-29	2.272748e-04	1.851616e-10	0.000000e+00	0.000000e+00	9.910024e-13	4.566907e-18	0.000000e+00	1.514960e-09	8.421293e-01	1.908716e-26	1.554356e-04	0.000000e+00	8.633487e-21	1.612726e-29	7.007221e-21	3.839124e-11	1.380480e-16	0.000000e+00	0.000000e+00	7.277774e-26	0.000000e+00	0.000000e+00	0.000000e+00	0.000000e+00	0.000000e+00	0.000000e+00	0.000000e+00	2.926553e-14	2.240635e-31	0.000000e+00	0.000000e+00	0.000000e+00	0.000000e+00	0.000000e+00	0.000000e+00	0.000000e+00	0.000000e+00	0.000000e+00	0.000000e+00	0.000000e+00	0.000000e+00	0.000000e+00	0.000000e+00	0.000000e+00	0.000000e+00	0.000000e+00	0.000000e+00	0.000000e+00	0.000000e+00	0.000000e+00	0.000000e+00	0.000000e+00	0.000000e+00	0.000000e+00	0.000000e+00	0.000000e+00	0.000000e+00	0.000000e+00	0.000000e+00	0.000000e+00	0.000000e+00	0.000000e+00	0.000000e+00	0.000000e+00	0.000000e+00	0.000000e+00	0.000000e+00	0.000000e+00	0.000000e+00	0.000000e+00	0.000000e+00	
79.667439	53.993347	105.341531	975.789677	1.486850e+07	2.037585e-25	0.000000e+00	8.645949e-11	1.672084e-15	0.000000e+00	0.000000e+00	8.444426e-03	6.599664e-26	9.034926e-04	1.017199e-13	2.762356e-25	2.553571e-20	1.423116e-33	1.175859e-52	0.000000e+00	7.791253e-23	1.604136e-29	1.810827e-43	1.570077e-36	4.362208e-08	4.972514e-03	7.445293e-12	0.000000e+00	0.000000e+00	0.000000e+00	1.923039e-44	8.862293e-17	0.000000e+00	8.119032e-12	0.000000e+00	0.000000e+00	0.000000e+00	0.000000e+00	0.000000e+00	0.000000e+00	0.000000e+00	1.388048e-11	4.027192e-25	1.410651e-26	3.638948e-17	1.463726e-14	1.161613e-17	6.055812e-18	5.904914e-30	2.272875e-04	7.564096e-11	0.000000e+00	0.000000e+00	3.722697e-13	6.217593e-19	0.000000e+00	6.988292e-10	8.420959e-01	1.150689e-27	1.310869e-04	0.000000e+00	8.167964e-22	3.502557e-31	4.932158e-22	1.073138e-11	1.887731e-17	0.000000e+00	0.000000e+00	2.288601e-27	0.000000e+00	0.000000e+00	0.000000e+00	0.000000e+00	0.000000e+00	0.000000e+00	0.000000e+00	7.928387e-15	3.846608e-32	0.000000e+00	0.000000e+00	0.000000e+00	0.000000e+00	0.000000e+00	0.000000e+00	0.000000e+00	0.000000e+00	0.000000e+00	0.000000e+00	0.000000e+00	0.000000e+00	0.000000e+00	0.000000e+00	0.000000e+00	0.000000e+00	0.000000e+00	0.000000e+00	0.000000e+00	0.000000e+00	0.000000e+00	0.000000e+00	0.000000e+00	0.000000e+00	0.000000e+00	0.000000e+00	0.000000e+00	0.000000e+00	0.000000e+00	0.000000e+00	0.000000e+00	0.000000e+00	0.000000e+00	0.000000e+00	0.000000e+00	0.000000e+00	0.000000e+00	0.000000e+00	0.000000e+00	0.000000e+00	0.000000e+00	0.000000e+00	
129.682856	105.341531	154.024181	925.136974	1.220184e+07	8.389530e-27	0.000000e+00	2.117291e-11	2.665196e-16	0.000000e+00	0.000000e+00	8.444835e-03	2.579789e-27	9.594865e-04	2.352924e-14	2.297787e-26	2.530258e-21	3.892326e-35	4.513443e-55	0.000000e+00	6.707494e-24	8.466647e-31	2.580000e-45	9.843395e-39	1.400338e-08	4.972707e-03	2.137403e-12	0.000000e+00	0.000000e+00	0.000000e+00	3.558665e-47	8.601416e-18	0.000000e+00	2.259303e-12	0.000000e+00	0.000000e+00	0.000000e+00	0.000000e+00	0.000000e+00	0.000000e+00	0.000000e+00	3.317313e-12	1.401264e-26	5.744869e-28	5.608449e-18	5.274475e-15	2.149627e-18	1.602520e-18	5.604590e-31	2.272991e-04	2.749671e-11	0.000000e+00	0.000000e+00	1.192553e-13	6.392454e-20	0.000000e+00	2.817197e-10	8.420612e-01	4.881491e-29	1.031158e-04	0.000000e+00	5.712819e-23	4.685109e-33	2.482463e-23	2.552060e-12	1.974517e-18	0.000000e+00	0.000000e+00	4.523817e-29	0.000000e+00	0.000000e+00	0.000000e+00	0.000000e+00	0.000000e+00	0.000000e+00	0.000000e+00	1.758726e-15	5.413405e-33	0.000000e+00	0.000000e+00	0.000000e+00	0.000000e+00	0.000000e+00	0.000000e+00	0.000000e+00	0.000000e+00	0.000000e+00	0.000000e+00	0.000000e+00	0.000000e+00	0.000000e+00	0.000000e+00	0.000000e+00	0.000000e+00	0.000000e+00	0.000000e+00	0.000000e+00	0.000000e+00	0.000000e+00	0.000000e+00	0.000000e+00	0.000000e+00	0.000000e+00	0.000000e+00	0.000000e+00	0.000000e+00	0.000000e+00	0.000000e+00	0.000000e+00	0.000000e+00	0.000000e+00	0.000000e+00	0.000000e+00	0.000000e+00	0.000000e+00	0.000000e+00	0.000000e+00	0.000000e+00	0.000000e+00	0.000000e+00	
177.035277	154.024181	200.046373	874.575477	1.001344e+07	2.355034e-28	0.000000e+00	4.375308e-12	3.412023e-17	0.000000e+00	0.000000e+00	8.445238e-03	6.697384e-29	1.017233e-03	4.516658e-15	1.359026e-27	1.851334e-22	6.800550e-37	8.879356e-58	0.000000e+00	4.243124e-25	3.113409e-32	2.212055e-47	3.317849e-41	3.781581e-09	4.972976e-03	5.213670e-13	0.000000e+00	0.000000e+00	0.000000e+00	3.013285e-50	6.135888e-19	0.000000e+00	5.323979e-13	0.000000e+00	0.000000e+00	0.000000e+00	0.000000e+00	0.000000e+00	0.000000e+00	0.000000e+00	6.396718e-13	3.121947e-28	1.529414e-29	6.839893e-19	1.656072e-15	3.216143e-19	3.576305e-19	4.002233e-32	2.273110e-04	8.812053e-12	0.000000e+00	0.000000e+00	3.219054e-14	4.854123e-21	0.000000e+00	9.826675e-11	8.420238e-01	1.417187e-30	7.426737e-05	0.000000e+00	2.864106e-24	3.712918e-35	8.698224e-25	5.097358e-13	1.546765e-19	0.000000e+00	0.000000e+00	5.417560e-31	0.000000e+00	0.000000e+00	0.000000e+00	0.000000e+00	0.000000e+00	0.000000e+00	0.000000e+00	3.125073e-16	6.156551e-34	0.000000e+00	0.000000e+00	0.000000e+00	0.000000e+00	0.000000e+00	0.000000e+00	0.000000e+00	0.000000e+00	0.000000e+00	0.000000e+00	0.000000e+00	0.000000e+00	0.000000e+00	0.000000e+00	0.000000e+00	0.000000e+00	0.000000e+00	0.000000e+00	0.000000e+00	0.000000e+00	0.000000e+00	0.000000e+00	0.000000e+00	0.000000e+00	0.000000e+00	0.000000e+00	0.000000e+00	0.000000e+00	0.000000e+00	0.000000e+00	0.000000e+00	0.000000e+00	0.000000e+00	0.000000e+00	0.000000e+00	0.000000e+00	0.000000e+00	0.000000e+00	0.000000e+00	0.000000e+00	0.000000e+00	0.000000e+00	
221.774403	200.046373	243.502433	825.808320	8.217531e+06	4.891932e-30	0.000000e+00	7.912915e-13	3.676407e-18	0.000000e+00	0.000000e+00	8.445859e-03	1.249297e-30	1.067714e-03	7.419748e-16	6.048345e-29	1.058359e-23	8.286285e-39	1.025314e-60	0.000000e+00	2.088889e-26	8.551930e-34	1.263362e-49	6.860589e-44	8.918400e-10	4.973311e-03	1.119342e-13	0.000000e+00	0.000000e+00	0.000000e+00	1.378693e-53	3.437869e-20	0.000000e+00	1.101375e-13	0.000000e+00	0.000000e+00	0.000000e+00	0.000000e+00	0.000000e+00	0.000000e+00	0.000000e+00	1.033471e-13	4.855067e-30	2.892497e-31	6.939218e-20	4.666843e-16	4.072434e-20	6.988380e-20	2.289425e-33	2.273240e-04	2.557409e-12	0.000000e+00	0.000000e+00	7.603919e-15	2.904338e-22	0.000000e+00	3.063286e-11	8.419891e-01	3.054327e-32	4.907940e-05	0.000000e+00	1.095236e-25	1.948359e-37	2.291210e-26	8.873842e-14	9.655010e-21	0.000000e+00	0.000000e+00	4.374009e-33	0.000000e+00	0.000000e+00	0.000000e+00	0.000000e+00	0.000000e+00	0.000000e+00	0.000000e+00	4.628799e-17	5.943348e-35	0.000000e+00	0.000000e+00	0.000000e+00	0.000000e+00	0.000000e+00	0.000000e+00	0.000000e+00	0.000000e+00	0.000000e+00	0.000000e+00	0.000000e+00	0.000000e+00	0.000000e+00	0.000000e+00	0.000000e+00	0.000000e+00	0.000000e+00	0.000000e+00	0.000000e+00	0.000000e+00	0.000000e+00	0.000000e+00	0.000000e+00	0.000000e+00	0.000000e+00	0.000000e+00	0.000000e+00	0.000000e+00	0.000000e+00	0.000000e+00	0.000000e+00	0.000000e+00	0.000000e+00	0.000000e+00	0.000000e+00	0.000000e+00	0.000000e+00	0.000000e+00	0.000000e+00	0.000000e+00	0.000000e+00	0.000000e+00	
264.010635	243.502433	284.518838	779.449158	6.743719e+06	7.767880e-32	0.000000e+00	1.270759e-13	3.396322e-19	0.000000e+00	0.000000e+00	8.446266e-03	1.728353e-32	1.106265e-03	1.056258e-16	2.073831e-30	4.836896e-25	7.294785e-41	7.337681e-64	0.000000e+00	8.191159e-28	1.804849e-35	5.007042e-52	9.170693e-47	1.864730e-10	4.973428e-03	2.145141e-14	0.000000e+00	0.000000e+00	0.000000e+00	3.641445e-57	1.553612e-21	0.000000e+00	2.029231e-14	0.000000e+00	0.000000e+00	0.000000e+00	0.000000e+00	0.000000e+00	0.000000e+00	0.000000e+00	1.420989e-14	5.456598e-32	4.019573e-33	5.973957e-21	1.194451e-16	4.444538e-21	1.213889e-20	1.075816e-34	2.273351e-04	6.793306e-13	0.000000e+00	0.000000e+00	1.596112e-15	1.405079e-23	0.000000e+00	8.646727e-12	8.419613e-01	5.046991e-34	2.981704e-05	0.000000e+00	3.275568e-27	7.074947e-40	4.677638e-28	1.366383e-14	4.922443e-22	0.000000e+00	0.000000e+00	2.484321e-35	0.000000e+00	0.000000e+00	0.000000e+00	0.000000e+00	0.000000e+00	0.000000e+00	0.000000e+00	5.810313e-18	4.968235e-36	0.000000e+00	0.000000e+00	0.000000e+00	0.000000e+00	0.000000e+00	0.000000e+00	0.000000e+00	0.000000e+00	0.000000e+00	0.000000e+00	0.000000e+00	0.000000e+00	0.000000e+00	0.000000e+00	0.000000e+00	0.000000e+00	0.000000e+00	0.000000e+00	0.000000e+00	0.000000e+00	0.000000e+00	0.000000e+00	0.000000e+00	0.000000e+00	0.000000e+00	0.000000e+00	0.000000e+00	0.000000e+00	0.000000e+00	0.000000e+00	0.000000e+00	0.000000e+00	0.000000e+00	0.000000e+00	0.000000e+00	0.000000e+00	0.000000e+00	0.000000e+00	0.000000e+00	0.000000e+00	0.000000e+00	0.000000e+00	
303.853599	284.518838	323.188361	734.850630	5.534234e+06	8.701005e-34	0.000000e+00	1.748708e-14	2.569252e-20	0.000000e+00	0.000000e+00	8.446194e-03	1.630802e-34	1.133073e-03	1.255404e-17	5.121385e-32	1.661828e-26	4.232681e-43	2.834944e-67	0.000000e+00	2.403241e-29	2.718704e-37	1.240502e-54	6.959871e-50	3.335619e-11	4.973860e-03	3.547674e-15	0.000000e+00	0.000000e+00	0.000000e+00	4.716149e-61	5.312670e-23	0.000000e+00	3.217488e-15	0.000000e+00	0.000000e+00	0.000000e+00	0.000000e+00	0.000000e+00	0.000000e+00	0.000000e+00	1.593528e-15	4.046058e-34	3.764165e-35	4.155312e-22	2.697986e-17	3.998686e-22	1.808937e-21	3.913322e-36	2.273359e-04	1.608626e-13	0.000000e+00	0.000000e+00	2.873957e-16	5.160761e-25	0.000000e+00	2.145208e-12	8.419449e-01	5.905380e-36	1.641697e-05	0.000000e+00	7.159021e-29	1.593295e-42	6.862070e-30	1.794490e-15	1.930133e-23	0.000000e+00	0.000000e+00	8.942417e-38	0.000000e+00	0.000000e+00	0.000000e+00	0.000000e+00	0.000000e+00	0.000000e+00	0.000000e+00	5.915160e-19	3.439922e-37	0.000000e+00	0.000000e+00	0.000000e+00	0.000000e+00	0.000000e+00	0.000000e+00	0.000000e+00	0.000000e+00	0.000000e+00	0.000000e+00	0.000000e+00	0.000000e+00	0.000000e+00	0.000000e+00	0.000000e+00	0.000000e+00	0.000000e+00	0.000000e+00	0.000000e+00	0.000000e+00	0.000000e+00	0.000000e+00	0.000000e+00	0.000000e+00	0.000000e+00	0.000000e+00	0.000000e+00	0.000000e+00	0.000000e+00	0.000000e+00	0.000000e+00	0.000000e+00	0.000000e+00	0.000000e+00	0.000000e+00	0.000000e+00	0.000000e+00	0.000000e+00	0.000000e+00	0.000000e+00	0.000000e+00	0.000000e+00	
341.396711	323.188361	359.605061	692.038028	4.541670e+06	6.683440e-36	0.000000e+00	2.036337e-15	1.566023e-21	0.000000e+00	0.000000e+00	8.446420e-03	1.020508e-36	1.149583e-03	1.231199e-18	8.930739e-34	4.208469e-28	1.570546e-45	5.646480e-71	0.000000e+00	5.170020e-31	2.854640e-39	1.856645e-57	2.863298e-53	5.042776e-12	4.973552e-03	5.004132e-16	0.000000e+00	0.000000e+00	0.000000e+00	2.825971e-65	1.344099e-24	0.000000e+00	4.336948e-16	0.000000e+00	0.000000e+00	0.000000e+00	0.000000e+00	0.000000e+00	0.000000e+00	0.000000e+00	1.438448e-16	1.919503e-36	2.309122e-37	2.295382e-23	5.325897e-18	2.920514e-23	2.285938e-22	1.080510e-37	2.273394e-04	3.364354e-14	0.000000e+00	0.000000e+00	4.387511e-17	1.407572e-26	0.000000e+00	4.632831e-13	8.419379e-01	4.758973e-38	8.181390e-06	0.000000e+00	1.118007e-30	2.139811e-45	7.040197e-32	1.983932e-16	5.699343e-25	0.000000e+00	0.000000e+00	1.965570e-40	0.000000e+00	0.000000e+00	0.000000e+00	0.000000e+00	0.000000e+00	0.000000e+00	0.000000e+00	4.819686e-20	1.946096e-38	0.000000e+00	0.000000e+00	0.000000e+00	0.000000e+00	0.000000e+00	0.000000e+00	0.000000e+00	0.000000e+00	0.000000e+00	0.000000e+00	0.000000e+00	0.000000e+00	0.000000e+00	0.000000e+00	0.000000e+00	0.000000e+00	0.000000e+00	0.000000e+00	0.000000e+00	0.000000e+00	0.000000e+00	0.000000e+00	0.000000e+00	0.000000e+00	0.000000e+00	0.000000e+00	0.000000e+00	0.000000e+00	0.000000e+00	0.000000e+00	0.000000e+00	0.000000e+00	0.000000e+00	0.000000e+00	0.000000e+00	0.000000e+00	0.000000e+00	0.000000e+00	0.000000e+00	0.000000e+00	0.000000e+00	0.000000e+00	
376.749533	359.605061	393.894004	651.602212	3.727123e+06	3.704942e-38	0.000000e+00	2.052732e-16	7.918501e-23	0.000000e+00	0.000000e+00	8.446501e-03	4.484523e-39	1.158438e-03	1.023724e-19	1.158030e-35	8.204160e-30	3.968745e-48	6.361361e-75	0.000000e+00	8.521212e-33	2.199984e-41	1.803140e-60	6.936448e-57	6.599973e-13	4.973598e-03	6.156895e-17	0.000000e+00	0.000000e+00	0.000000e+00	8.699657e-70	2.624864e-26	0.000000e+00	5.086724e-17	0.000000e+00	0.000000e+00	0.000000e+00	0.000000e+00	0.000000e+00	0.000000e+00	0.000000e+00	1.079407e-17	6.201546e-39	9.860013e-40	1.038978e-24	9.362017e-19	1.781961e-24	2.508354e-23	2.355652e-39	2.273471e-04	6.320069e-15	0.000000e+00	0.000000e+00	5.819346e-18	2.970365e-28	0.000000e+00	8.892940e-14	8.419295e-01	2.778877e-40	3.756310e-06	0.000000e+00	1.307310e-32	1.837524e-48	5.301629e-34	1.890252e-17	1.318061e-26	0.000000e+00	0.000000e+00	2.822784e-43	0.000000e+00	0.000000e+00	0.000000e+00	0.000000e+00	0.000000e+00	0.000000e+00	0.000000e+00	3.250552e-21	9.278708e-40	0.000000e+00	0.000000e+00	0.000000e+00	0.000000e+00	0.000000e+00	0.000000e+00	0.000000e+00	0.000000e+00	0.000000e+00	0.000000e+00	0.000000e+00	0.000000e+00	0.000000e+00	0.000000e+00	0.000000e+00	0.000000e+00	0.000000e+00	0.000000e+00	0.000000e+00	0.000000e+00	0.000000e+00	0.000000e+00	0.000000e+00	0.000000e+00	0.000000e+00	0.000000e+00	0.000000e+00	0.000000e+00	0.000000e+00	0.000000e+00	0.000000e+00	0.000000e+00	0.000000e+00	0.000000e+00	0.000000e+00	0.000000e+00	0.000000e+00	0.000000e+00	0.000000e+00	0.000000e+00	0.000000e+00	0.000000e+00	
410.048280	393.894004	426.202556	613.969820	3.058664e+06	1.583572e-40	0.000000e+00	1.844711e-17	3.449510e-24	0.000000e+00	0.000000e+00	8.446416e-03	1.489070e-41	1.162692e-03	7.470232e-21	1.191508e-37	1.301158e-31	7.402623e-51	4.565727e-79	0.000000e+00	1.138023e-34	1.328954e-43	1.244992e-63	1.101026e-60	7.709270e-14	4.973497e-03	6.798453e-18	0.000000e+00	0.000000e+00	0.000000e+00	1.574401e-74	4.174990e-28	0.000000e+00	5.344314e-18	0.000000e+00	0.000000e+00	0.000000e+00	0.000000e+00	0.000000e+00	0.000000e+00	0.000000e+00	7.009649e-19	1.477479e-41	3.164950e-42	4.012222e-26	1.500870e-19	9.424251e-26	2.463229e-24	4.264410e-41	2.273384e-04	1.089735e-15	0.000000e+00	0.000000e+00	6.913552e-19	5.111181e-30	0.000000e+00	1.557368e-14	8.419297e-01	1.255542e-42	1.622768e-06	0.000000e+00	1.215258e-34	1.103920e-51	3.118662e-36	1.599366e-18	2.510345e-28	0.000000e+00	0.000000e+00	2.888171e-46	0.000000e+00	0.000000e+00	0.000000e+00	0.000000e+00	0.000000e+00	0.000000e+00	0.000000e+00	1.892184e-22	3.876352e-41	0.000000e+00	0.000000e+00	0.000000e+00	0.000000e+00	0.000000e+00	0.000000e+00	0.000000e+00	0.000000e+00	0.000000e+00	0.000000e+00	0.000000e+00	0.000000e+00	0.000000e+00	0.000000e+00	0.000000e+00	0.000000e+00	0.000000e+00	0.000000e+00	0.000000e+00	0.000000e+00	0.000000e+00	0.000000e+00	0.000000e+00	0.000000e+00	0.000000e+00	0.000000e+00	0.000000e+00	0.000000e+00	0.000000e+00	0.000000e+00	0.000000e+00	0.000000e+00	0.000000e+00	0.000000e+00	0.000000e+00	0.000000e+00	0.000000e+00	0.000000e+00	0.000000e+00	0.000000e+00	0.000000e+00	0.000000e+00	
441.341020	426.202556	456.479483	575.362952	2.510093e+06	2.726358e-43	0.000000e+00	1.107989e-18	8.930551e-26	0.000000e+00	0.000000e+00	8.446770e-03	1.878240e-44	1.164854e-03	3.506636e-22	5.527598e-40	1.010899e-33	4.801297e-54	6.770149e-84	0.000000e+00	7.351470e-37	3.432726e-46	2.600408e-67	4.004698e-65	6.011459e-15	4.973855e-03	5.119044e-19	0.000000e+00	0.000000e+00	0.000000e+00	4.465087e-80	3.217683e-30	0.000000e+00	3.800774e-19	0.000000e+00	0.000000e+00	0.000000e+00	0.000000e+00	0.000000e+00	0.000000e+00	0.000000e+00	2.759535e-20	1.228488e-44	3.747377e-45	8.893810e-28	1.739926e-20	3.015244e-27	1.624256e-25	3.964311e-43	2.273445e-04	1.393594e-16	0.000000e+00	0.000000e+00	5.519270e-20	4.302299e-32	0.000000e+00	1.951761e-15	8.419243e-01	2.308754e-45	5.755600e-07	0.000000e+00	5.137966e-37	1.911889e-55	7.764620e-39	8.947867e-20	2.417208e-30	0.000000e+00	0.000000e+00	9.028168e-50	0.000000e+00	0.000000e+00	0.000000e+00	0.000000e+00	0.000000e+00	0.000000e+00	0.000000e+00	6.582281e-24	9.899194e-43	0.000000e+00	0.000000e+00	0.000000e+00	0.000000e+00	0.000000e+00	0.000000e+00	0.000000e+00	0.000000e+00	0.000000e+00	0.000000e+00	0.000000e+00	0.000000e+00	0.000000e+00	0.000000e+00	0.000000e+00	0.000000e+00	0.000000e+00	0.000000e+00	0.000000e+00	0.000000e+00	0.000000e+00	0.000000e+00	0.000000e+00	0.000000e+00	0.000000e+00	0.000000e+00	0.000000e+00	0.000000e+00	0.000000e+00	0.000000e+00	0.000000e+00	0.000000e+00	0.000000e+00	0.000000e+00	0.000000e+00	0.000000e+00	0.000000e+00	0.000000e+00	0.000000e+00	0.000000e+00	0.000000e+00	0.000000e+00	
471.298888	456.479483	486.118294	563.234495	2.059909e+06	3.516047e-44	0.000000e+00	4.516514e-19	2.728756e-26	0.000000e+00	0.000000e+00	8.447008e-03	2.322767e-45	1.164911e-03	1.312298e-22	1.140701e-40	2.330657e-34	4.733857e-55	1.833226e-85	0.000000e+00	1.490661e-37	5.091567e-47	1.632006e-68	1.570115e-66	3.260057e-15	4.974057e-03	2.407693e-19	0.000000e+00	0.000000e+00	0.000000e+00	8.328494e-82	7.903716e-31	0.000000e+00	1.753320e-19	0.000000e+00	0.000000e+00	0.000000e+00	0.000000e+00	0.000000e+00	0.000000e+00	0.000000e+00	1.183819e-20	1.500411e-45	5.174754e-46	2.750357e-28	9.482910e-21	1.057719e-27	7.306352e-26	9.128820e-44	2.273487e-04	7.356315e-17	0.000000e+00	0.000000e+00	3.020091e-20	1.088345e-32	0.000000e+00	1.246377e-15	8.419232e-01	3.046427e-46	5.237468e-07	0.000000e+00	9.004112e-38	1.198121e-56	1.135644e-39	3.559061e-20	6.000802e-31	0.000000e+00	0.000000e+00	7.894610e-51	0.000000e+00	0.000000e+00	0.000000e+00	0.000000e+00	0.000000e+00	0.000000e+00	0.000000e+00	2.708854e-24	2.834009e-43	0.000000e+00	0.000000e+00	0.000000e+00	0.000000e+00	0.000000e+00	0.000000e+00	0.000000e+00	0.000000e+00	0.000000e+00	0.000000e+00	0.000000e+00	0.000000e+00	0.000000e+00	0.000000e+00	0.000000e+00	0.000000e+00	0.000000e+00	0.000000e+00	0.000000e+00	0.000000e+00	0.000000e+00	0.000000e+00	0.000000e+00	0.000000e+00	0.000000e+00	0.000000e+00	0.000000e+00	0.000000e+00	0.000000e+00	0.000000e+00	0.000000e+00	0.000000e+00	0.000000e+00	0.000000e+00	0.000000e+00	0.000000e+00	0.000000e+00	0.000000e+00	0.000000e+00	0.000000e+00	0.000000e+00	0.000000e+00	
501.455201	486.118294	516.792108	582.905240	1.690464e+06	1.561305e-42	0.000000e+00	2.457124e-18	2.354956e-25	0.000000e+00	0.000000e+00	8.446647e-03	1.423652e-43	1.162538e-03	8.169342e-22	3.976654e-39	5.270407e-33	4.171200e-53	1.279096e-82	0.000000e+00	3.201584e-36	1.804484e-45	2.292590e-66	7.842730e-64	2.428662e-14	4.973516e-03	1.347166e-18	0.000000e+00	0.000000e+00	0.000000e+00	2.285193e-78	2.092400e-29	0.000000e+00	1.011958e-18	0.000000e+00	0.000000e+00	0.000000e+00	0.000000e+00	0.000000e+00	0.000000e+00	0.000000e+00	1.281049e-19	1.568731e-43	4.446783e-44	3.011009e-27	4.190724e-20	9.464327e-27	4.391713e-25	1.603321e-42	2.273436e-04	2.645711e-16	0.000000e+00	0.000000e+00	2.218330e-19	2.748308e-31	0.000000e+00	7.149269e-15	8.419282e-01	1.304196e-44	1.697183e-06	0.000000e+00	2.442177e-36	2.184210e-54	4.122077e-38	2.013577e-19	1.207722e-29	0.000000e+00	0.000000e+00	1.411997e-48	0.000000e+00	0.000000e+00	0.000000e+00	0.000000e+00	0.000000e+00	0.000000e+00	0.000000e+00	3.133517e-23	2.101568e-42	0.000000e+00	0.000000e+00	0.000000e+00	0.000000e+00	0.000000e+00	0.000000e+00	0.000000e+00	0.000000e+00	0.000000e+00	0.000000e+00	0.000000e+00	0.000000e+00	0.000000e+00	0.000000e+00	0.000000e+00	0.000000e+00	0.000000e+00	0.000000e+00	0.000000e+00	0.000000e+00	0.000000e+00	0.000000e+00	0.000000e+00	0.000000e+00	0.000000e+00	0.000000e+00	0.000000e+00	0.000000e+00	0.000000e+00	0.000000e+00	0.000000e+00	0.000000e+00	0.000000e+00	0.000000e+00	0.000000e+00	0.000000e+00	0.000000e+00	0.000000e+00	0.000000e+00	0.000000e+00	0.000000e+00	0.000000e+00	
532.840948	516.792108	548.889787	609.963597	1.387280e+06	1.836241e-40	0.000000e+00	2.059668e-17	3.546906e-24	0.000000e+00	0.000000e+00	8.446344e-03	2.440864e-41	1.152481e-03	8.069654e-21	3.232313e-37	2.548056e-31	1.136647e-50	4.841671e-79	0.000000e+00	1.488403e-34	1.588554e-43	1.163159e-63	1.892713e-60	2.807639e-13	4.973720e-03	1.141097e-17	0.000000e+00	0.000000e+00	0.000000e+00	4.558788e-74	1.212216e-27	0.000000e+00	8.920433e-18	0.000000e+00	0.000000e+00	0.000000e+00	0.000000e+00	0.000000e+00	0.000000e+00	0.000000e+00	2.366157e-18	5.027969e-41	1.114583e-41	5.975378e-26	2.628174e-19	1.454749e-25	4.080343e-24	5.829752e-41	2.273472e-04	1.310262e-15	0.000000e+00	0.000000e+00	2.523284e-18	1.497124e-29	0.000000e+00	5.940227e-14	8.419330e-01	1.465171e-42	6.731999e-06	0.000000e+00	1.525050e-34	1.503562e-51	3.749792e-36	1.773510e-18	5.066092e-28	0.000000e+00	0.000000e+00	9.011724e-46	0.000000e+00	0.000000e+00	0.000000e+00	0.000000e+00	0.000000e+00	0.000000e+00	0.000000e+00	6.309227e-22	2.704349e-41	0.000000e+00	0.000000e+00	0.000000e+00	0.000000e+00	0.000000e+00	0.000000e+00	0.000000e+00	0.000000e+00	0.000000e+00	0.000000e+00	0.000000e+00	0.000000e+00	0.000000e+00	0.000000e+00	0.000000e+00	0.000000e+00	0.000000e+00	0.000000e+00	0.000000e+00	0.000000e+00	0.000000e+00	0.000000e+00	0.000000e+00	0.000000e+00	0.000000e+00	0.000000e+00	0.000000e+00	0.000000e+00	0.000000e+00	0.000000e+00	0.000000e+00	0.000000e+00	0.000000e+00	0.000000e+00	0.000000e+00	0.000000e+00	0.000000e+00	0.000000e+00	0.000000e+00	0.000000e+00	0.000000e+00	0.000000e+00	
565.065711	548.889787	581.241634	614.793260	1.138472e+06	4.850125e-40	0.000000e+00	3.204690e-17	6.094000e-24	0.000000e+00	0.000000e+00	8.446352e-03	7.407476e-41	1.142682e-03	1.281716e-20	9.322227e-37	6.242002e-31	3.731777e-50	2.482089e-78	0.000000e+00	3.336424e-34	3.968290e-43	3.909115e-63	9.823986e-60	5.902115e-13	4.973613e-03	1.930992e-17	0.000000e+00	0.000000e+00	0.000000e+00	3.987179e-73	3.347620e-27	0.000000e+00	1.519756e-17	0.000000e+00	0.000000e+00	0.000000e+00	0.000000e+00	0.000000e+00	0.000000e+00	0.000000e+00	5.346880e-18	1.999031e-40	4.252334e-41	1.167748e-25	4.226412e-19	2.722892e-25	7.015066e-24	1.262956e-40	2.273422e-04	1.864765e-15	0.000000e+00	0.000000e+00	5.290697e-18	4.090904e-29	0.000000e+00	1.181092e-13	8.419374e-01	3.840386e-42	1.164303e-05	0.000000e+00	3.593079e-34	5.813408e-51	9.481764e-36	2.782422e-18	1.220108e-27	0.000000e+00	0.000000e+00	4.054539e-45	0.000000e+00	0.000000e+00	0.000000e+00	0.000000e+00	0.000000e+00	0.000000e+00	0.000000e+00	1.446934e-21	4.171556e-41	0.000000e+00	0.000000e+00	0.000000e+00	0.000000e+00	0.000000e+00	0.000000e+00	0.000000e+00	0.000000e+00	0.000000e+00	0.000000e+00	0.000000e+00	0.000000e+00	0.000000e+00	0.000000e+00	0.000000e+00	0.000000e+00	0.000000e+00	0.000000e+00	0.000000e+00	0.000000e+00	0.000000e+00	0.000000e+00	0.000000e+00	0.000000e+00	0.000000e+00	0.000000e+00	0.000000e+00	0.000000e+00	0.000000e+00	0.000000e+00	0.000000e+00	0.000000e+00	0.000000e+00	0.000000e+00	0.000000e+00	0.000000e+00	0.000000e+00	0.000000e+00	0.000000e+00	0.000000e+00	0.000000e+00	0.000000e+00	
596.864667	581.241634	612.487701	593.782391	9.342870e+05	1.863825e-41	0.000000e+00	7.632819e-18	9.318666e-25	0.000000e+00	0.000000e+00	8.446797e-03	2.544466e-42	1.149540e-03	2.695358e-21	6.689587e-38	5.584586e-32	9.024914e-52	8.199825e-81	0.000000e+00	2.585078e-35	1.896027e-44	4.963759e-65	5.436309e-62	1.854852e-13	4.973929e-03	5.426955e-18	0.000000e+00	0.000000e+00	0.000000e+00	6.317792e-76	3.108749e-28	0.000000e+00	4.144267e-18	0.000000e+00	0.000000e+00	0.000000e+00	0.000000e+00	0.000000e+00	0.000000e+00	0.000000e+00	1.178081e-18	6.053648e-42	1.549681e-42	1.724073e-26	1.491181e-19	4.876250e-26	1.837582e-24	1.178139e-41	2.273473e-04	6.613954e-16	0.000000e+00	0.000000e+00	1.682540e-18	3.981298e-30	0.000000e+00	4.763018e-14	8.419324e-01	1.527641e-43	8.206092e-06	0.000000e+00	2.227770e-35	6.985150e-53	4.426303e-37	6.384947e-19	1.216244e-28	0.000000e+00	0.000000e+00	7.297045e-47	0.000000e+00	0.000000e+00	0.000000e+00	0.000000e+00	0.000000e+00	0.000000e+00	0.000000e+00	2.985625e-22	6.028235e-42	0.000000e+00	0.000000e+00	0.000000e+00	0.000000e+00	0.000000e+00	0.000000e+00	0.000000e+00	0.000000e+00	0.000000e+00	0.000000e+00	0.000000e+00	0.000000e+00	0.000000e+00	0.000000e+00	0.000000e+00	0.000000e+00	0.000000e+00	0.000000e+00	0.000000e+00	0.000000e+00	0.000000e+00	0.000000e+00	0.000000e+00	0.000000e+00	0.000000e+00	0.000000e+00	0.000000e+00	0.000000e+00	0.000000e+00	0.000000e+00	0.000000e+00	0.000000e+00	0.000000e+00	0.000000e+00	0.000000e+00	0.000000e+00	0.000000e+00	0.000000e+00	0.000000e+00	0.000000e+00	0.000000e+00	0.000000e+00	
627.547066	612.487701	642.606431	572.356081	7.667228e+05	5.159952e-43	0.000000e+00	1.572152e-18	1.181123e-25	0.000000e+00	0.000000e+00	8.446811e-03	6.163044e-44	1.155189e-03	4.832542e-22	3.599353e-39	3.861355e-33	1.490618e-53	1.533370e-83	0.000000e+00	1.540821e-36	6.665924e-46	4.093608e-67	1.768300e-64	5.038443e-14	4.973670e-03	1.328380e-18	0.000000e+00	0.000000e+00	0.000000e+00	5.130638e-79	2.222874e-29	0.000000e+00	9.815848e-19	0.000000e+00	0.000000e+00	0.000000e+00	0.000000e+00	0.000000e+00	0.000000e+00	0.000000e+00	2.166153e-19	1.253638e-43	3.940029e-44	2.083613e-27	4.680450e-20	7.284458e-27	4.169208e-25	8.641549e-43	2.273403e-04	2.106087e-16	0.000000e+00	0.000000e+00	4.635721e-19	2.993749e-31	0.000000e+00	1.702305e-14	8.419285e-01	4.393957e-45	5.382946e-06	0.000000e+00	1.039274e-36	5.359142e-55	1.515325e-38	1.262006e-19	9.479581e-30	0.000000e+00	0.000000e+00	8.562418e-49	0.000000e+00	0.000000e+00	0.000000e+00	0.000000e+00	0.000000e+00	0.000000e+00	0.000000e+00	5.114564e-23	7.293732e-43	0.000000e+00	0.000000e+00	0.000000e+00	0.000000e+00	0.000000e+00	0.000000e+00	0.000000e+00	0.000000e+00	0.000000e+00	0.000000e+00	0.000000e+00	0.000000e+00	0.000000e+00	0.000000e+00	0.000000e+00	0.000000e+00	0.000000e+00	0.000000e+00	0.000000e+00	0.000000e+00	0.000000e+00	0.000000e+00	0.000000e+00	0.000000e+00	0.000000e+00	0.000000e+00	0.000000e+00	0.000000e+00	0.000000e+00	0.000000e+00	0.000000e+00	0.000000e+00	0.000000e+00	0.000000e+00	0.000000e+00	0.000000e+00	0.000000e+00	0.000000e+00	0.000000e+00	0.000000e+00	0.000000e+00	0.000000e+00	
657.072435	642.606431	671.538440	549.803635	6.292112e+05	8.533285e-45	0.000000e+00	2.577153e-19	1.114776e-26	0.000000e+00	0.000000e+00	8.446697e-03	8.626813e-46	1.159666e-03	6.748887e-23	1.232961e-40	1.781830e-34	1.352976e-55	1.172963e-86	0.000000e+00	6.085482e-38	1.447780e-47	1.713892e-69	2.496650e-67	1.088473e-14	4.973660e-03	2.617228e-19	0.000000e+00	0.000000e+00	0.000000e+00	1.458404e-82	1.054254e-30	0.000000e+00	1.863630e-19	0.000000e+00	0.000000e+00	0.000000e+00	0.000000e+00	0.000000e+00	0.000000e+00	0.000000e+00	2.999363e-20	1.430119e-45	5.692286e-46	1.838695e-28	1.222630e-20	8.184742e-28	7.546336e-26	4.342872e-44	2.273464e-04	5.662198e-17	0.000000e+00	0.000000e+00	1.019419e-19	1.501490e-32	0.000000e+00	5.031671e-15	8.419271e-01	7.593309e-47	3.157485e-06	0.000000e+00	3.102973e-38	2.032574e-57	3.187749e-40	1.973401e-20	5.020216e-31	0.000000e+00	0.000000e+00	5.132665e-51	0.000000e+00	0.000000e+00	0.000000e+00	0.000000e+00	0.000000e+00	0.000000e+00	0.000000e+00	6.543559e-24	6.670669e-44	0.000000e+00	0.000000e+00	0.000000e+00	0.000000e+00	0.000000e+00	0.000000e+00	0.000000e+00	0.000000e+00	0.000000e+00	0.000000e+00	0.000000e+00	0.000000e+00	0.000000e+00	0.000000e+00	0.000000e+00	0.000000e+00	0.000000e+00	0.000000e+00	0.000000e+00	0.000000e+00	0.000000e+00	0.000000e+00	0.000000e+00	0.000000e+00	0.000000e+00	0.000000e+00	0.000000e+00	0.000000e+00	0.000000e+00	0.000000e+00	0.000000e+00	0.000000e+00	0.000000e+00	0.000000e+00	0.000000e+00	0.000000e+00	0.000000e+00	0.000000e+00	0.000000e+00	0.000000e+00	0.000000e+00	0.000000e+00	
685.405836	671.538440	699.273231	527.052284	5.163623e+05	9.384508e-47	0.000000e+00	3.526219e-20	8.330425e-28	0.000000e+00	0.000000e+00	8.446686e-03	7.819218e-48	1.162532e-03	7.726536e-24	2.956241e-42	5.970834e-36	7.648928e-58	4.426876e-90	0.000000e+00	1.735064e-39	2.149426e-49	4.201364e-72	1.819569e-70	1.963842e-15	4.973627e-03	4.345841e-20	0.000000e+00	0.000000e+00	0.000000e+00	1.805308e-86	3.616712e-32	0.000000e+00	2.972414e-20	0.000000e+00	0.000000e+00	0.000000e+00	0.000000e+00	0.000000e+00	0.000000e+00	0.000000e+00	3.320112e-21	1.017245e-47	5.263998e-48	1.264891e-29	2.762520e-21	7.342342e-29	1.143826e-26	1.621552e-45	2.273432e-04	1.331208e-17	0.000000e+00	0.000000e+00	1.878823e-20	5.467419e-34	0.000000e+00	1.282304e-15	8.419294e-01	8.769317e-49	1.695849e-06	0.000000e+00	6.502053e-40	4.410297e-60	4.558872e-42	2.563087e-21	1.959185e-32	0.000000e+00	0.000000e+00	1.808357e-53	0.000000e+00	0.000000e+00	0.000000e+00	0.000000e+00	0.000000e+00	0.000000e+00	0.000000e+00	6.653928e-25	4.907172e-45	0.000000e+00	0.000000e+00	0.000000e+00	0.000000e+00	0.000000e+00	0.000000e+00	0.000000e+00	0.000000e+00	0.000000e+00	0.000000e+00	0.000000e+00	0.000000e+00	0.000000e+00	0.000000e+00	0.000000e+00	0.000000e+00	0.000000e+00	0.000000e+00	0.000000e+00	0.000000e+00	0.000000e+00	0.000000e+00	0.000000e+00	0.000000e+00	0.000000e+00	0.000000e+00	0.000000e+00	0.000000e+00	0.000000e+00	0.000000e+00	0.000000e+00	0.000000e+00	0.000000e+00	0.000000e+00	0.000000e+00	0.000000e+00	0.000000e+00	0.000000e+00	0.000000e+00	0.000000e+00	0.000000e+00	0.000000e+00	
712.615402	699.273231	725.957573	507.090312	4.237528e+05	1.301552e-48	0.000000e+00	5.348764e-21	7.107327e-29	0.000000e+00	0.000000e+00	8.446889e-03	9.061813e-50	1.164121e-03	9.873908e-25	8.707312e-44	2.402077e-37	5.671835e-60	1.882714e-90	0.000000e+00	5.954384e-41	3.974818e-51	1.403723e-74	1.928614e-73	3.942275e-16	4.973888e-03	7.976044e-21	0.000000e+00	0.000000e+00	0.000000e+00	3.584831e-90	1.498383e-33	0.000000e+00	5.252335e-21	0.000000e+00	0.000000e+00	0.000000e+00	0.000000e+00	0.000000e+00	0.000000e+00	0.000000e+00	4.185638e-22	9.459514e-50	6.305598e-50	1.002727e-30	6.790876e-22	7.498636e-30	1.928084e-27	7.227881e-47	2.273494e-04	3.377562e-18	0.000000e+00	0.000000e+00	3.855835e-21	2.393650e-35	0.000000e+00	3.581881e-16	8.419212e-01	1.275074e-50	9.591404e-07	0.000000e+00	1.662276e-41	1.312068e-62	8.111119e-44	3.698962e-22	9.119058e-34	0.000000e+00	0.000000e+00	8.633541e-56	0.000000e+00	0.000000e+00	0.000000e+00	0.000000e+00	0.000000e+00	0.000000e+00	0.000000e+00	7.751111e-26	4.142340e-46	0.000000e+00	0.000000e+00	0.000000e+00	0.000000e+00	0.000000e+00	0.000000e+00	0.000000e+00	0.000000e+00	0.000000e+00	0.000000e+00	0.000000e+00	0.000000e+00	0.000000e+00	0.000000e+00	0.000000e+00	0.000000e+00	0.000000e+00	0.000000e+00	0.000000e+00	0.000000e+00	0.000000e+00	0.000000e+00	0.000000e+00	0.000000e+00	0.000000e+00	0.000000e+00	0.000000e+00	0.000000e+00	0.000000e+00	0.000000e+00	0.000000e+00	0.000000e+00	0.000000e+00	0.000000e+00	0.000000e+00	0.000000e+00	0.000000e+00	0.000000e+00	0.000000e+00	0.000000e+00	0.000000e+00	0.000000e+00	
738.854512	725.957573	751.751451	490.170778	3.477529e+05	2.690153e-50	0.000000e+00	9.685539e-22	7.617113e-30	0.000000e+00	0.000000e+00	8.446786e-03	1.603937e-51	1.164783e-03	1.527288e-25	3.645896e-45	1.322431e-38	6.695971e-62	1.882693e-90	0.000000e+00	2.810154e-42	1.069919e-52	7.959663e-77	3.896405e-76	9.481006e-17	4.973901e-03	1.735503e-21	0.000000e+00	0.000000e+00	0.000000e+00	1.882693e-90	8.561161e-35	0.000000e+00	1.104332e-21	0.000000e+00	0.000000e+00	0.000000e+00	0.000000e+00	0.000000e+00	0.000000e+00	0.000000e+00	6.586738e-23	1.394992e-51	1.174671e-51	1.014235e-31	1.927183e-22	9.560108e-31	3.887569e-28	4.345266e-48	2.273465e-04	9.769223e-19	0.000000e+00	0.000000e+00	9.475331e-22	1.436394e-36	0.000000e+00	1.165750e-16	8.419225e-01	2.752873e-52	5.922040e-07	0.000000e+00	5.991848e-43	6.724851e-65	2.102273e-45	6.399043e-23	5.736518e-35	0.000000e+00	0.000000e+00	6.942458e-58	0.000000e+00	0.000000e+00	0.000000e+00	0.000000e+00	0.000000e+00	0.000000e+00	0.000000e+00	1.136543e-26	4.390150e-47	0.000000e+00	0.000000e+00	0.000000e+00	0.000000e+00	0.000000e+00	0.000000e+00	0.000000e+00	0.000000e+00	0.000000e+00	0.000000e+00	0.000000e+00	0.000000e+00	0.000000e+00	0.000000e+00	0.000000e+00	0.000000e+00	0.000000e+00	0.000000e+00	0.000000e+00	0.000000e+00	0.000000e+00	0.000000e+00	0.000000e+00	0.000000e+00	0.000000e+00	0.000000e+00	0.000000e+00	0.000000e+00	0.000000e+00	0.000000e+00	0.000000e+00	0.000000e+00	0.000000e+00	0.000000e+00	0.000000e+00	0.000000e+00	0.000000e+00	0.000000e+00	0.000000e+00	0.000000e+00	0.000000e+00	0.000000e+00	
764.212870	751.751451	776.674289	473.615415	2.853835e+05	4.589358e-52	0.000000e+00	1.611104e-22	7.313699e-31	0.000000e+00	0.000000e+00	8.446500e-03	2.315942e-53	1.165260e-03	2.152039e-26	1.295017e-46	6.272496e-40	6.338516e-64	1.882653e-90	0.000000e+00	1.139148e-43	2.413288e-54	3.518399e-79	5.765717e-79	2.098014e-17	4.973744e-03	3.487558e-22	0.000000e+00	0.000000e+00	0.000000e+00	1.882653e-90	4.206759e-36	0.000000e+00	2.141507e-22	0.000000e+00	0.000000e+00	0.000000e+00	0.000000e+00	0.000000e+00	0.000000e+00	0.000000e+00	9.349503e-24	1.649177e-53	1.779227e-53	9.126186e-33	5.112203e-23	1.096976e-31	7.223265e-29	2.277437e-49	2.273476e-04	2.653037e-19	0.000000e+00	0.000000e+00	2.147944e-22	7.421310e-38	0.000000e+00	3.546819e-17	8.419258e-01	4.918686e-54	3.518294e-07	0.000000e+00	1.829288e-44	2.649100e-67	4.543156e-47	1.014452e-23	3.128858e-36	0.000000e+00	0.000000e+00	4.350875e-60	0.000000e+00	0.000000e+00	0.000000e+00	0.000000e+00	0.000000e+00	0.000000e+00	0.000000e+00	1.500273e-27	4.217402e-48	0.000000e+00	0.000000e+00	0.000000e+00	0.000000e+00	0.000000e+00	0.000000e+00	0.000000e+00	0.000000e+00	0.000000e+00	0.000000e+00	0.000000e+00	0.000000e+00	0.000000e+00	0.000000e+00	0.000000e+00	0.000000e+00	0.000000e+00	0.000000e+00	0.000000e+00	0.000000e+00	0.000000e+00	0.000000e+00	0.000000e+00	0.000000e+00	0.000000e+00	0.000000e+00	0.000000e+00	0.000000e+00	0.000000e+00	0.000000e+00	0.000000e+00	0.000000e+00	0.000000e+00	0.000000e+00	0.000000e+00	0.000000e+00	0.000000e+00	0.000000e+00	0.000000e+00	0.000000e+00	0.000000e+00	0.000000e+00	
788.669257	776.674289	800.664224	455.890741	2.342000e+05	4.119554e-54	0.000000e+00	2.016319e-23	4.862773e-32	0.000000e+00	0.000000e+00	8.446759e-03	1.691106e-55	1.165626e-03	2.222835e-27	2.635575e-48	1.802300e-41	2.854792e-66	1.882686e-90	0.000000e+00	2.771328e-45	2.997796e-56	6.711872e-82	3.013929e-82	3.498171e-18	4.973783e-03	5.355598e-23	0.000000e+00	0.000000e+00	0.000000e+00	1.882686e-90	1.242102e-37	0.000000e+00	3.157503e-23	0.000000e+00	0.000000e+00	0.000000e+00	0.000000e+00	0.000000e+00	0.000000e+00	0.000000e+00	9.354223e-25	9.294014e-56	1.338860e-55	5.549565e-34	1.079599e-23	8.832733e-33	1.015320e-29	7.479424e-51	2.273456e-04	5.834371e-20	0.000000e+00	0.000000e+00	3.689156e-23	2.317743e-39	0.000000e+00	8.548393e-18	8.419227e-01	4.660538e-56	1.828038e-07	0.000000e+00	3.205924e-46	4.333723e-70	5.349714e-49	1.201039e-24	1.055893e-37	0.000000e+00	0.000000e+00	1.181942e-62	0.000000e+00	0.000000e+00	0.000000e+00	0.000000e+00	0.000000e+00	0.000000e+00	0.000000e+00	1.383288e-28	2.875616e-49	0.000000e+00	0.000000e+00	0.000000e+00	0.000000e+00	0.000000e+00	0.000000e+00	0.000000e+00	0.000000e+00	0.000000e+00	0.000000e+00	0.000000e+00	0.000000e+00	0.000000e+00	0.000000e+00	0.000000e+00	0.000000e+00	0.000000e+00	0.000000e+00	0.000000e+00	0.000000e+00	0.000000e+00	0.000000e+00	0.000000e+00	0.000000e+00	0.000000e+00	0.000000e+00	0.000000e+00	0.000000e+00	0.000000e+00	0.000000e+00	0.000000e+00	0.000000e+00	0.000000e+00	0.000000e+00	0.000000e+00	0.000000e+00	0.000000e+00	0.000000e+00	0.000000e+00	0.000000e+00	0.000000e+00	0.000000e+00	
812.133008	800.664224	823.601792	435.889347	1.921963e+05	1.223290e-56	0.000000e+00	1.545795e-24	1.716613e-33	0.000000e+00	0.000000e+00	8.446809e-03	3.816105e-58	1.165861e-03	1.344934e-28	2.054758e-50	2.183730e-43	3.575788e-69	1.882721e-90	0.000000e+00	2.797681e-47	1.332282e-58	3.009263e-85	2.624456e-86	3.581188e-19	4.974023e-03	5.173540e-24	0.000000e+00	0.000000e+00	0.000000e+00	1.882721e-90	1.525021e-39	0.000000e+00	2.903619e-24	0.000000e+00	0.000000e+00	0.000000e+00	0.000000e+00	0.000000e+00	0.000000e+00	0.000000e+00	5.123263e-26	1.461946e-58	3.018601e-58	1.718337e-35	1.539379e-24	3.863141e-34	8.821612e-31	1.097298e-52	2.273454e-04	8.921320e-21	0.000000e+00	0.000000e+00	3.927142e-24	3.041385e-41	0.000000e+00	1.378467e-18	8.419197e-01	1.480424e-58	7.539848e-08	0.000000e+00	2.160072e-48	1.560512e-73	2.213701e-51	8.599879e-26	1.558197e-39	0.000000e+00	0.000000e+00	7.607814e-66	0.000000e+00	0.000000e+00	0.000000e+00	0.000000e+00	0.000000e+00	0.000000e+00	0.000000e+00	6.872077e-30	1.085245e-50	0.000000e+00	0.000000e+00	0.000000e+00	0.000000e+00	0.000000e+00	0.000000e+00	0.000000e+00	0.000000e+00	0.000000e+00	0.000000e+00	0.000000e+00	0.000000e+00	0.000000e+00	0.000000e+00	0.000000e+00	0.000000e+00	0.000000e+00	0.000000e+00	0.000000e+00	0.000000e+00	0.000000e+00	0.000000e+00	0.000000e+00	0.000000e+00	0.000000e+00	0.000000e+00	0.000000e+00	0.000000e+00	0.000000e+00	0.000000e+00	0.000000e+00	0.000000e+00	0.000000e+00	0.000000e+00	0.000000e+00	0.000000e+00	0.000000e+00	0.000000e+00	0.000000e+00	0.000000e+00	0.000000e+00	0.000000e+00	
834.476401	823.601792	845.351011	413.307330	1.577259e+05	8.353751e-60	0.000000e+00	6.180186e-26	2.612670e-35	0.000000e+00	0.000000e+00	8.446340e-03	1.809953e-61	1.165950e-03	3.997039e-30	4.491989e-53	8.412844e-46	8.195313e-73	1.882641e-90	0.000000e+00	8.786679e-50	1.514674e-61	1.976399e-89	1.882641e-90	1.921653e-20	4.973945e-03	2.703068e-25	0.000000e+00	0.000000e+00	0.000000e+00	1.882641e-90	5.847573e-42	0.000000e+00	1.428063e-25	0.000000e+00	0.000000e+00	0.000000e+00	0.000000e+00	0.000000e+00	0.000000e+00	0.000000e+00	1.263136e-27	4.223883e-62	1.376971e-61	2.170490e-37	1.303750e-25	7.515135e-36	4.054543e-32	5.537898e-55	2.273405e-04	8.417520e-22	0.000000e+00	0.000000e+00	2.221392e-25	1.262621e-43	0.000000e+00	1.307609e-19	8.419263e-01	1.101303e-61	2.294991e-08	0.000000e+00	4.086705e-51	7.514719e-78	2.281851e-54	3.156727e-27	7.671803e-42	0.000000e+00	0.000000e+00	7.235139e-70	0.000000e+00	0.000000e+00	0.000000e+00	0.000000e+00	0.000000e+00	0.000000e+00	0.000000e+00	1.506485e-31	1.877159e-52	0.000000e+00	0.000000e+00	0.000000e+00	0.000000e+00	0.000000e+00	0.000000e+00	0.000000e+00	0.000000e+00	0.000000e+00	0.000000e+00	0.000000e+00	0.000000e+00	0.000000e+00	0.000000e+00	0.000000e+00	0.000000e+00	0.000000e+00	0.000000e+00	0.000000e+00	0.000000e+00	0.000000e+00	0.000000e+00	0.000000e+00	0.000000e+00	0.000000e+00	0.000000e+00	0.000000e+00	0.000000e+00	0.000000e+00	0.000000e+00	0.000000e+00	0.000000e+00	0.000000e+00	0.000000e+00	0.000000e+00	0.000000e+00	0.000000e+00	0.000000e+00	0.000000e+00	0.000000e+00	0.000000e+00	0.000000e+00	
855.587259	845.351011	865.823507	389.044569	1.294378e+05	1.252495e-63	0.000000e+00	1.262564e-27	1.669353e-37	0.000000e+00	0.000000e+00	8.446765e-03	1.719262e-65	1.166019e-03	5.700735e-32	2.665616e-56	9.973301e-49	3.272859e-77	1.882661e-90	0.000000e+00	8.295966e-53	4.243885e-65	1.882661e-90	1.882661e-90	5.323622e-22	4.974188e-03	7.517274e-27	0.000000e+00	0.000000e+00	0.000000e+00	1.882661e-90	6.785896e-45	0.000000e+00	3.697175e-27	0.000000e+00	0.000000e+00	0.000000e+00	0.000000e+00	0.000000e+00	0.000000e+00	0.000000e+00	1.374750e-29	2.129793e-66	1.218255e-65	1.087596e-39	6.466214e-27	6.350574e-38	9.718229e-34	9.376679e-58	2.273475e-04	4.827147e-23	0.000000e+00	0.000000e+00	6.597102e-27	1.604219e-46	0.000000e+00	7.234607e-21	8.419241e-01	1.835298e-65	5.139088e-09	0.000000e+00	2.085536e-54	4.534566e-83	5.604578e-58	5.817278e-29	1.221453e-44	0.000000e+00	0.000000e+00	9.596293e-75	0.000000e+00	0.000000e+00	0.000000e+00	0.000000e+00	0.000000e+00	0.000000e+00	0.000000e+00	1.432038e-33	1.471967e-54	0.000000e+00	0.000000e+00	0.000000e+00	0.000000e+00	0.000000e+00	0.000000e+00	0.000000e+00	0.000000e+00	0.000000e+00	0.000000e+00	0.000000e+00	0.000000e+00	0.000000e+00	0.000000e+00	0.000000e+00	0.000000e+00	0.000000e+00	0.000000e+00	0.000000e+00	0.000000e+00	0.000000e+00	0.000000e+00	0.000000e+00	0.000000e+00	0.000000e+00	0.000000e+00	0.000000e+00	0.000000e+00	0.000000e+00	0.000000e+00	0.000000e+00	0.000000e+00	0.000000e+00	0.000000e+00	0.000000e+00	0.000000e+00	0.000000e+00	0.000000e+00	0.000000e+00	0.000000e+00	0.000000e+00	0.000000e+00	
875.441818	865.823507	885.060129	365.561766	1.062232e+05	8.132969e-68	0.000000e+00	1.781444e-29	6.603885e-40	0.000000e+00	0.000000e+00	8.446850e-03	6.735151e-70	1.165979e-03	5.413422e-34	7.803360e-60	6.204841e-52	5.021721e-82	1.882698e-90	0.000000e+00	4.051507e-56	5.541206e-69	1.882698e-90	1.882698e-90	1.033049e-23	4.973887e-03	1.484166e-28	0.000000e+00	0.000000e+00	0.000000e+00	1.882698e-90	4.108727e-48	0.000000e+00	6.760050e-29	0.000000e+00	0.000000e+00	0.000000e+00	0.000000e+00	0.000000e+00	0.000000e+00	0.000000e+00	9.620878e-32	4.113799e-71	4.420984e-70	3.273667e-42	2.396025e-28	3.397345e-40	1.641941e-35	8.814519e-61	2.273470e-04	2.103286e-24	0.000000e+00	0.000000e+00	1.391563e-28	1.066080e-49	0.000000e+00	3.013561e-22	8.419215e-01	1.342085e-69	9.823995e-10	0.000000e+00	5.163171e-58	8.671754e-89	6.230747e-62	7.329898e-31	1.048792e-47	0.000000e+00	0.000000e+00	4.310503e-80	0.000000e+00	0.000000e+00	0.000000e+00	0.000000e+00	0.000000e+00	0.000000e+00	0.000000e+00	8.706177e-36	7.632143e-57	0.000000e+00	0.000000e+00	0.000000e+00	0.000000e+00	0.000000e+00	0.000000e+00	0.000000e+00	0.000000e+00	0.000000e+00	0.000000e+00	0.000000e+00	0.000000e+00	0.000000e+00	0.000000e+00	0.000000e+00	0.000000e+00	0.000000e+00	0.000000e+00	0.000000e+00	0.000000e+00	0.000000e+00	0.000000e+00	0.000000e+00	0.000000e+00	0.000000e+00	0.000000e+00	0.000000e+00	0.000000e+00	0.000000e+00	0.000000e+00	0.000000e+00	0.000000e+00	0.000000e+00	0.000000e+00	0.000000e+00	0.000000e+00	0.000000e+00	0.000000e+00	0.000000e+00	0.000000e+00	0.000000e+00	0.000000e+00	
894.319372	885.060129	903.578615	351.913350	8.717206e+04	1.791151e-70	0.000000e+00	1.198217e-30	1.962385e-41	0.000000e+00	0.000000e+00	8.446762e-03	1.112784e-72	1.165940e-03	2.819124e-35	4.905867e-62	6.069370e-54	4.570326e-85	1.882673e-90	0.000000e+00	3.270152e-58	1.926911e-71	1.882673e-90	1.882673e-90	9.552529e-25	4.974023e-03	1.289055e-29	0.000000e+00	0.000000e+00	0.000000e+00	1.882673e-90	4.104898e-50	0.000000e+00	5.594208e-30	0.000000e+00	0.000000e+00	0.000000e+00	0.000000e+00	0.000000e+00	0.000000e+00	0.000000e+00	4.626295e-33	4.643424e-74	7.546621e-73	8.463924e-44	3.112134e-29	1.273280e-41	1.294943e-36	1.092928e-62	2.273392e-04	2.916507e-25	0.000000e+00	0.000000e+00	1.363073e-29	1.126828e-51	0.000000e+00	4.569654e-23	8.419235e-01	3.195771e-72	3.952029e-10	0.000000e+00	2.684251e-60	1.882673e-90	1.936348e-64	4.584443e-32	1.261605e-49	0.000000e+00	0.000000e+00	1.908816e-83	0.000000e+00	0.000000e+00	0.000000e+00	0.000000e+00	0.000000e+00	0.000000e+00	0.000000e+00	3.840089e-37	2.658270e-58	0.000000e+00	0.000000e+00	0.000000e+00	0.000000e+00	0.000000e+00	0.000000e+00	0.000000e+00	0.000000e+00	0.000000e+00	0.000000e+00	0.000000e+00	0.000000e+00	0.000000e+00	0.000000e+00	0.000000e+00	0.000000e+00	0.000000e+00	0.000000e+00	0.000000e+00	0.000000e+00	0.000000e+00	0.000000e+00	0.000000e+00	0.000000e+00	0.000000e+00	0.000000e+00	0.000000e+00	0.000000e+00	0.000000e+00	0.000000e+00	0.000000e+00	0.000000e+00	0.000000e+00	0.000000e+00	0.000000e+00	0.000000e+00	0.000000e+00	0.000000e+00	0.000000e+00	0.000000e+00	0.000000e+00	0.000000e+00	
912.738086	903.578615	921.897558	348.120435	7.153777e+04	3.458820e-71	0.000000e+00	5.848576e-31	7.547099e-42	0.000000e+00	0.000000e+00	8.446739e-03	2.119902e-73	1.165958e-03	1.276807e-35	1.482370e-62	1.943348e-54	7.322591e-86	1.882689e-90	0.000000e+00	9.228682e-59	4.256689e-72	1.882689e-90	1.882689e-90	6.318520e-25	4.973687e-03	7.275053e-30	0.000000e+00	0.000000e+00	0.000000e+00	1.882689e-90	1.418756e-50	0.000000e+00	3.113143e-30	0.000000e+00	0.000000e+00	0.000000e+00	0.000000e+00	0.000000e+00	0.000000e+00	0.000000e+00	2.529062e-33	9.107230e-75	1.672109e-73	3.352968e-44	1.975178e-29	5.622797e-42	7.110441e-37	3.500620e-63	2.273557e-04	1.758108e-25	0.000000e+00	0.000000e+00	9.175099e-30	3.957853e-52	0.000000e+00	3.493882e-23	8.419226e-01	6.315129e-73	4.015543e-10	0.000000e+00	6.659258e-61	1.882689e-90	4.133500e-65	2.190554e-32	4.290250e-50	0.000000e+00	0.000000e+00	2.849555e-84	0.000000e+00	0.000000e+00	0.000000e+00	0.000000e+00	0.000000e+00	0.000000e+00	0.000000e+00	2.048258e-37	1.001529e-58	0.000000e+00	0.000000e+00	0.000000e+00	0.000000e+00	0.000000e+00	0.000000e+00	0.000000e+00	0.000000e+00	0.000000e+00	0.000000e+00	0.000000e+00	0.000000e+00	0.000000e+00	0.000000e+00	0.000000e+00	0.000000e+00	0.000000e+00	0.000000e+00	0.000000e+00	0.000000e+00	0.000000e+00	0.000000e+00	0.000000e+00	0.000000e+00	0.000000e+00	0.000000e+00	0.000000e+00	0.000000e+00	0.000000e+00	0.000000e+00	0.000000e+00	0.000000e+00	0.000000e+00	0.000000e+00	0.000000e+00	0.000000e+00	0.000000e+00	0.000000e+00	0.000000e+00	0.000000e+00	0.000000e+00	0.000000e+00	
930.980440	921.897558	940.063323	345.210979	5.870748e+04	9.983733e-72	0.000000e+00	3.411156e-31	3.653324e-42	0.000000e+00	0.000000e+00	8.446703e-03	6.187132e-74	1.166008e-03	7.023411e-36	6.343672e-63	8.513260e-55	1.867100e-86	1.882742e-90	0.000000e+00	3.584422e-59	1.365504e-72	1.882742e-90	1.882742e-90	4.988584e-25	4.974189e-03	4.858598e-30	0.000000e+00	0.000000e+00	0.000000e+00	1.882742e-90	6.744616e-51	0.000000e+00	2.056773e-30	0.000000e+00	0.000000e+00	0.000000e+00	0.000000e+00	0.000000e+00	0.000000e+00	0.000000e+00	1.720441e-33	2.839816e-75	5.737941e-74	1.697222e-44	1.445317e-29	3.098738e-42	4.647510e-37	1.501547e-63	2.273477e-04	1.209265e-25	0.000000e+00	0.000000e+00	7.344361e-30	1.904612e-52	0.000000e+00	3.089972e-23	8.419179e-01	1.856146e-73	4.434637e-10	0.000000e+00	2.338137e-61	1.882742e-90	1.290546e-65	1.256733e-32	1.970273e-50	0.000000e+00	0.000000e+00	7.179148e-85	0.000000e+00	0.000000e+00	0.000000e+00	0.000000e+00	0.000000e+00	0.000000e+00	0.000000e+00	1.367083e-37	4.673055e-59	0.000000e+00	0.000000e+00	0.000000e+00	0.000000e+00	0.000000e+00	0.000000e+00	0.000000e+00	0.000000e+00	0.000000e+00	0.000000e+00	0.000000e+00	0.000000e+00	0.000000e+00	0.000000e+00	0.000000e+00	0.000000e+00	0.000000e+00	0.000000e+00	0.000000e+00	0.000000e+00	0.000000e+00	0.000000e+00	0.000000e+00	0.000000e+00	0.000000e+00	0.000000e+00	0.000000e+00	0.000000e+00	0.000000e+00	0.000000e+00	0.000000e+00	0.000000e+00	0.000000e+00	0.000000e+00	0.000000e+00	0.000000e+00	0.000000e+00	0.000000e+00	0.000000e+00	0.000000e+00	0.000000e+00	0.000000e+00	
948.856597	940.063323	957.649872	334.206028	4.817831e+04	4.186826e-74	0.000000e+00	3.053092e-32	1.569064e-43	0.000000e+00	0.000000e+00	8.446605e-03	2.028041e-76	1.165935e-03	4.987184e-37	7.046608e-65	1.383147e-56	3.602521e-89	1.882653e-90	0.000000e+00	4.844351e-61	8.705735e-75	1.882653e-90	1.882653e-90	6.172811e-26	4.974042e-03	5.552361e-31	0.000000e+00	0.000000e+00	0.000000e+00	1.882653e-90	1.131582e-52	0.000000e+00	2.252429e-31	0.000000e+00	0.000000e+00	0.000000e+00	0.000000e+00	0.000000e+00	0.000000e+00	0.000000e+00	1.184249e-34	6.760115e-78	1.998533e-76	6.503839e-46	2.367094e-30	1.661067e-43	4.888789e-38	3.011711e-65	2.273405e-04	2.072200e-26	0.000000e+00	0.000000e+00	9.610499e-31	3.350177e-54	0.000000e+00	5.987855e-24	8.419250e-01	8.365368e-76	2.059159e-10	0.000000e+00	2.120347e-63	1.882653e-90	7.367207e-68	1.053575e-33	3.854216e-52	0.000000e+00	0.000000e+00	7.379617e-88	0.000000e+00	0.000000e+00	0.000000e+00	0.000000e+00	0.000000e+00	0.000000e+00	0.000000e+00	8.743890e-39	2.340443e-60	0.000000e+00	0.000000e+00	0.000000e+00	0.000000e+00	0.000000e+00	0.000000e+00	0.000000e+00	0.000000e+00	0.000000e+00	0.000000e+00	0.000000e+00	0.000000e+00	0.000000e+00	0.000000e+00	0.000000e+00	0.000000e+00	0.000000e+00	0.000000e+00	0.000000e+00	0.000000e+00	0.000000e+00	0.000000e+00	0.000000e+00	0.000000e+00	0.000000e+00	0.000000e+00	0.000000e+00	0.000000e+00	0.000000e+00	0.000000e+00	0.000000e+00	0.000000e+00	0.000000e+00	0.000000e+00	0.000000e+00	0.000000e+00	0.000000e+00	0.000000e+00	0.000000e+00	0.000000e+00	0.000000e+00	0.000000e+00	
965.938238	957.649872	974.226604	315.013167	3.953754e+04	1.011396e-78	0.000000e+00	2.785015e-34	3.519384e-46	0.000000e+00	0.000000e+00	8.446570e-03	2.806320e-81	1.166013e-03	2.916774e-39	9.327853e-69	4.091785e-60	1.882676e-90	1.882676e-90	0.000000e+00	1.100455e-64	4.750487e-79	1.882676e-90	1.882676e-90	8.091476e-28	4.974077e-03	7.443666e-33	0.000000e+00	0.000000e+00	0.000000e+00	1.882676e-90	3.270866e-56	0.000000e+00	2.788076e-33	0.000000e+00	0.000000e+00	0.000000e+00	0.000000e+00	0.000000e+00	0.000000e+00	0.000000e+00	5.074011e-37	4.260228e-83	2.645654e-81	1.074335e-48	6.292226e-32	5.227881e-46	5.631020e-40	1.476746e-68	2.273560e-04	6.531137e-28	0.000000e+00	0.000000e+00	1.411898e-32	1.053884e-57	0.000000e+00	1.862036e-25	8.419232e-01	2.326354e-80	3.383887e-11	0.000000e+00	2.233486e-67	1.882676e-90	3.202732e-72	8.482340e-36	1.625044e-55	0.000000e+00	0.000000e+00	1.882676e-90	0.000000e+00	0.000000e+00	0.000000e+00	0.000000e+00	0.000000e+00	0.000000e+00	0.000000e+00	3.279318e-41	7.984670e-63	0.000000e+00	0.000000e+00	0.000000e+00	0.000000e+00	0.000000e+00	0.000000e+00	0.000000e+00	0.000000e+00	0.000000e+00	0.000000e+00	0.000000e+00	0.000000e+00	0.000000e+00	0.000000e+00	0.000000e+00	0.000000e+00	0.000000e+00	0.000000e+00	0.000000e+00	0.000000e+00	0.000000e+00	0.000000e+00	0.000000e+00	0.000000e+00	0.000000e+00	0.000000e+00	0.000000e+00	0.000000e+00	0.000000e+00	0.000000e+00	0.000000e+00	0.000000e+00	0.000000e+00	0.000000e+00	0.000000e+00	0.000000e+00	0.000000e+00	0.000000e+00	0.000000e+00	0.000000e+00	0.000000e+00	0.000000e+00	
982.035620	974.226604	989.844635	296.792584	3.244649e+04	1.176585e-83	0.000000e+00	1.839569e-36	5.192360e-49	0.000000e+00	0.000000e+00	8.447270e-03	1.796578e-86	1.166018e-03	1.193997e-41	6.781242e-73	6.949684e-64	1.882718e-90	1.882718e-90	0.000000e+00	1.414152e-68	1.347836e-83	1.882718e-90	1.882718e-90	7.870553e-30	4.974000e-03	7.456683e-35	0.000000e+00	0.000000e+00	0.000000e+00	1.882718e-90	5.425799e-60	0.000000e+00	2.570202e-35	0.000000e+00	0.000000e+00	0.000000e+00	0.000000e+00	0.000000e+00	0.000000e+00	0.000000e+00	1.498574e-39	1.168886e-88	1.639839e-86	1.138154e-51	1.303379e-33	1.108346e-48	4.840855e-42	4.413898e-72	2.273459e-04	1.619888e-29	0.000000e+00	0.000000e+00	1.566884e-34	1.897584e-61	0.000000e+00	4.604049e-27	8.419194e-01	3.160532e-85	4.918912e-12	0.000000e+00	1.251267e-71	1.882718e-90	6.963560e-77	4.903553e-38	4.029036e-59	0.000000e+00	0.000000e+00	1.882718e-90	0.000000e+00	0.000000e+00	0.000000e+00	0.000000e+00	0.000000e+00	0.000000e+00	0.000000e+00	8.488623e-44	1.954558e-65	0.000000e+00	0.000000e+00	0.000000e+00	0.000000e+00	0.000000e+00	0.000000e+00	0.000000e+00	0.000000e+00	0.000000e+00	0.000000e+00	0.000000e+00	0.000000e+00	0.000000e+00	0.000000e+00	0.000000e+00	0.000000e+00	0.000000e+00	0.000000e+00	0.000000e+00	0.000000e+00	0.000000e+00	0.000000e+00	0.000000e+00	0.000000e+00	0.000000e+00	0.000000e+00	0.000000e+00	0.000000e+00	0.000000e+00	0.000000e+00	0.000000e+00	0.000000e+00	0.000000e+00	0.000000e+00	0.000000e+00	0.000000e+00	0.000000e+00	0.000000e+00	0.000000e+00	0.000000e+00	0.000000e+00	0.000000e+00	
997.196148	989.844635	1004.547661	279.408296	2.662722e+04	5.815269e-89	0.000000e+00	8.325796e-39	4.688987e-52	0.000000e+00	0.000000e+00	8.446520e-03	1.882645e-90	1.165869e-03	3.217930e-44	2.446926e-77	6.165997e-68	1.882645e-90	1.882645e-90	0.000000e+00	9.328213e-73	1.778970e-88	1.882645e-90	1.882645e-90	5.403586e-32	4.973836e-03	5.312725e-37	0.000000e+00	0.000000e+00	0.000000e+00	1.882645e-90	4.703217e-64	0.000000e+00	1.679334e-37	0.000000e+00	0.000000e+00	0.000000e+00	0.000000e+00	0.000000e+00	0.000000e+00	0.000000e+00	2.866545e-42	1.882645e-90	1.882645e-90	7.169275e-55	2.017839e-35	1.479824e-51	2.956915e-44	7.397173e-76	2.273500e-04	3.035453e-31	0.000000e+00	0.000000e+00	1.254134e-36	1.779527e-65	0.000000e+00	8.714061e-29	8.419260e-01	1.882645e-90	6.202534e-13	0.000000e+00	3.346633e-76	1.882645e-90	6.726116e-82	1.923518e-40	5.367200e-63	0.000000e+00	0.000000e+00	1.882645e-90	0.000000e+00	0.000000e+00	0.000000e+00	0.000000e+00	0.000000e+00	0.000000e+00	0.000000e+00	1.425675e-46	3.249030e-68	0.000000e+00	0.000000e+00	0.000000e+00	0.000000e+00	0.000000e+00	0.000000e+00	0.000000e+00	0.000000e+00	0.000000e+00	0.000000e+00	0.000000e+00	0.000000e+00	0.000000e+00	0.000000e+00	0.000000e+00	0.000000e+00	0.000000e+00	0.000000e+00	0.000000e+00	0.000000e+00	0.000000e+00	0.000000e+00	0.000000e+00	0.000000e+00	0.000000e+00	0.000000e+00	0.000000e+00	0.000000e+00	0.000000e+00	0.000000e+00	0.000000e+00	0.000000e+00	0.000000e+00	0.000000e+00	0.000000e+00	0.000000e+00	0.000000e+00	0.000000e+00	0.000000e+00	0.000000e+00	0.000000e+00	0.000000e+00	
1011.516359	1004.547661	1018.485057	264.856541	2.185163e+04	1.882737e-90	0.000000e+00	5.345189e-41	6.643986e-55	0.000000e+00	0.000000e+00	8.446861e-03	1.882737e-90	1.166014e-03	1.266551e-46	1.791809e-81	1.023084e-71	1.882737e-90	1.882737e-90	0.000000e+00	1.160604e-76	1.882737e-90	1.882737e-90	1.882737e-90	5.340005e-34	4.973819e-03	5.320956e-39	0.000000e+00	0.000000e+00	0.000000e+00	1.882737e-90	7.747923e-68	0.000000e+00	1.554495e-39	0.000000e+00	0.000000e+00	0.000000e+00	0.000000e+00	0.000000e+00	0.000000e+00	0.000000e+00	8.578176e-45	1.882737e-90	1.882737e-90	7.312277e-58	4.162082e-37	3.068981e-54	2.589424e-46	2.258467e-79	2.273555e-04	7.371251e-33	0.000000e+00	0.000000e+00	1.446821e-38	3.127786e-69	0.000000e+00	2.252053e-30	8.419186e-01	1.882737e-90	9.416377e-14	0.000000e+00	1.768779e-80	1.882737e-90	1.366617e-86	1.080373e-42	1.302852e-66	0.000000e+00	0.000000e+00	1.882737e-90	0.000000e+00	0.000000e+00	0.000000e+00	0.000000e+00	0.000000e+00	0.000000e+00	0.000000e+00	3.819525e-49	8.570961e-71	0.000000e+00	0.000000e+00	0.000000e+00	0.000000e+00	0.000000e+00	0.000000e+00	0.000000e+00	0.000000e+00	0.000000e+00	0.000000e+00	0.000000e+00	0.000000e+00	0.000000e+00	0.000000e+00	0.000000e+00	0.000000e+00	0.000000e+00	0.000000e+00	0.000000e+00	0.000000e+00	0.000000e+00	0.000000e+00	0.000000e+00	0.000000e+00	0.000000e+00	0.000000e+00	0.000000e+00	0.000000e+00	0.000000e+00	0.000000e+00	0.000000e+00	0.000000e+00	0.000000e+00	0.000000e+00	0.000000e+00	0.000000e+00	0.000000e+00	0.000000e+00	0.000000e+00	0.000000e+00	0.000000e+00	0.000000e+00	
1025.144705	1018.485057	1031.804353	253.110202	1.793255e+04	1.882650e-90	0.000000e+00	6.054497e-43	1.959268e-57	0.000000e+00	0.000000e+00	8.446794e-03	1.882650e-90	1.165961e-03	9.250768e-49	4.017861e-85	4.630673e-75	1.882650e-90	1.882650e-90	0.000000e+00	4.008953e-80	1.882650e-90	1.882650e-90	1.882650e-90	9.339446e-36	4.973576e-03	9.148824e-41	0.000000e+00	0.000000e+00	0.000000e+00	1.882650e-90	3.548073e-71	0.000000e+00	2.496681e-41	0.000000e+00	0.000000e+00	0.000000e+00	0.000000e+00	0.000000e+00	0.000000e+00	0.000000e+00	5.190469e-47	1.882650e-90	1.882650e-90	1.630273e-60	1.356250e-38	1.292808e-56	3.982141e-48	1.768789e-82	2.273438e-04	2.726893e-34	0.000000e+00	0.000000e+00	2.929997e-40	1.506404e-72	0.000000e+00	9.351332e-32	8.419255e-01	1.882650e-90	1.880777e-14	0.000000e+00	2.827806e-84	1.882650e-90	1.882650e-90	1.086701e-44	8.274443e-70	0.000000e+00	0.000000e+00	1.882650e-90	0.000000e+00	0.000000e+00	0.000000e+00	0.000000e+00	0.000000e+00	0.000000e+00	0.000000e+00	2.113305e-51	4.547854e-73	0.000000e+00	0.000000e+00	0.000000e+00	0.000000e+00	0.000000e+00	0.000000e+00	0.000000e+00	0.000000e+00	0.000000e+00	0.000000e+00	0.000000e+00	0.000000e+00	0.000000e+00	0.000000e+00	0.000000e+00	0.000000e+00	0.000000e+00	0.000000e+00	0.000000e+00	0.000000e+00	0.000000e+00	0.000000e+00	0.000000e+00	0.000000e+00	0.000000e+00	0.000000e+00	0.000000e+00	0.000000e+00	0.000000e+00	0.000000e+00	0.000000e+00	0.000000e+00	0.000000e+00	0.000000e+00	0.000000e+00	0.000000e+00	0.000000e+00	0.000000e+00	0.000000e+00	0.000000e+00	0.000000e+00	0.000000e+00	
1038.185996	1031.804353	1044.567640	242.543928	1.471635e+04	1.882643e-90	0.000000e+00	7.485965e-45	6.462867e-60	0.000000e+00	0.000000e+00	8.446376e-03	1.882643e-90	1.165959e-03	7.415805e-51	1.091688e-88	2.467427e-78	1.882643e-90	1.882643e-90	0.000000e+00	1.630636e-83	1.882643e-90	1.882643e-90	1.882643e-90	1.808415e-37	4.973778e-03	1.724079e-42	0.000000e+00	0.000000e+00	0.000000e+00	1.882643e-90	1.928845e-74	0.000000e+00	4.409138e-43	0.000000e+00	0.000000e+00	0.000000e+00	0.000000e+00	0.000000e+00	0.000000e+00	0.000000e+00	3.553827e-49	1.882643e-90	1.882643e-90	4.102970e-63	4.770231e-40	6.100582e-59	6.774827e-50	1.635407e-85	2.273410e-04	1.076577e-35	0.000000e+00	0.000000e+00	6.605459e-42	8.547444e-76	0.000000e+00	4.264913e-33	8.419262e-01	1.882643e-90	3.988205e-15	0.000000e+00	5.359753e-88	1.882643e-90	1.882643e-90	1.196306e-46	6.147600e-73	0.000000e+00	0.000000e+00	1.882643e-90	0.000000e+00	0.000000e+00	0.000000e+00	0.000000e+00	0.000000e+00	0.000000e+00	0.000000e+00	1.336337e-53	2.777593e-75	0.000000e+00	0.000000e+00	0.000000e+00	0.000000e+00	0.000000e+00	0.000000e+00	0.000000e+00	0.000000e+00	0.000000e+00	0.000000e+00	0.000000e+00	0.000000e+00	0.000000e+00	0.000000e+00	0.000000e+00	0.000000e+00	0.000000e+00	0.000000e+00	0.000000e+00	0.000000e+00	0.000000e+00	0.000000e+00	0.000000e+00	0.000000e+00	0.000000e+00	0.000000e+00	0.000000e+00	0.000000e+00	0.000000e+00	0.000000e+00	0.000000e+00	0.000000e+00	0.000000e+00	0.000000e+00	0.000000e+00	0.000000e+00	0.000000e+00	0.000000e+00	0.000000e+00	0.000000e+00	0.000000e+00	0.000000e+00	
1050.687790	1044.567640	1056.807941	232.607638	1.207697e+04	1.882641e-90	0.000000e+00	8.393270e-47	1.875993e-62	0.000000e+00	0.000000e+00	8.446360e-03	1.882641e-90	1.165886e-03	5.323669e-53	1.882641e-90	1.120165e-81	1.882641e-90	1.882641e-90	0.000000e+00	5.612484e-87	1.882641e-90	1.882641e-90	1.882641e-90	3.241475e-39	4.974238e-03	2.998252e-44	0.000000e+00	0.000000e+00	0.000000e+00	1.882641e-90	8.979504e-78	0.000000e+00	7.188696e-45	0.000000e+00	0.000000e+00	0.000000e+00	0.000000e+00	0.000000e+00	0.000000e+00	0.000000e+00	2.205038e-51	1.882641e-90	1.882641e-90	9.030505e-66	1.564444e-41	2.564321e-61	1.069259e-51	1.327511e-88	2.273446e-04	3.953204e-37	0.000000e+00	0.000000e+00	1.394866e-43	4.128957e-79	0.000000e+00	1.850851e-34	8.419260e-01	1.882641e-90	8.284985e-16	0.000000e+00	1.882641e-90	1.882641e-90	1.882641e-90	1.191635e-48	3.920667e-76	0.000000e+00	0.000000e+00	1.882641e-90	0.000000e+00	0.000000e+00	0.000000e+00	0.000000e+00	0.000000e+00	0.000000e+00	0.000000e+00	7.710110e-56	1.582894e-77	0.000000e+00	0.000000e+00	0.000000e+00	0.000000e+00	0.000000e+00	0.000000e+00	0.000000e+00	0.000000e+00	0.000000e+00	0.000000e+00	0.000000e+00	0.000000e+00	0.000000e+00	0.000000e+00	0.000000e+00	0.000000e+00	0.000000e+00	0.000000e+00	0.000000e+00	0.000000e+00	0.000000e+00	0.000000e+00	0.000000e+00	0.000000e+00	0.000000e+00	0.000000e+00	0.000000e+00	0.000000e+00	0.000000e+00	0.000000e+00	0.000000e+00	0.000000e+00	0.000000e+00	0.000000e+00	0.000000e+00	0.000000e+00	0.000000e+00	0.000000e+00	0.000000e+00	0.000000e+00	0.000000e+00	0.000000e+00	
1062.696778	1056.807941	1068.585616	223.814013	9.910971e+03	1.882582e-90	0.000000e+00	1.142795e-48	6.993197e-65	0.000000e+00	0.000000e+00	8.445999e-03	1.882582e-90	1.165935e-03	4.716414e-55	1.882582e-90	7.204441e-85	1.882582e-90	1.882582e-90	0.000000e+00	2.749283e-90	1.882582e-90	1.882582e-90	1.882582e-90	7.118131e-41	4.973354e-03	6.301535e-46	0.000000e+00	0.000000e+00	0.000000e+00	1.882582e-90	5.975292e-81	0.000000e+00	1.422537e-46	0.000000e+00	0.000000e+00	0.000000e+00	0.000000e+00	0.000000e+00	0.000000e+00	0.000000e+00	1.755847e-53	1.882582e-90	1.882582e-90	2.598058e-68	6.020025e-43	1.376910e-63	2.062924e-53	1.882582e-90	2.273453e-04	1.676568e-38	0.000000e+00	0.000000e+00	3.612511e-45	2.829044e-82	0.000000e+00	9.558175e-36	8.419318e-01	1.882582e-90	1.910484e-16	0.000000e+00	1.882582e-90	1.882582e-90	1.882582e-90	1.448739e-50	3.490969e-79	0.000000e+00	0.000000e+00	1.882582e-90	0.000000e+00	0.000000e+00	0.000000e+00	0.000000e+00	0.000000e+00	0.000000e+00	0.000000e+00	5.772739e-58	1.167502e-79	0.000000e+00	0.000000e+00	0.000000e+00	0.000000e+00	0.000000e+00	0.000000e+00	0.000000e+00	0.000000e+00	0.000000e+00	0.000000e+00	0.000000e+00	0.000000e+00	0.000000e+00	0.000000e+00	0.000000e+00	0.000000e+00	0.000000e+00	0.000000e+00	0.000000e+00	0.000000e+00	0.000000e+00	0.000000e+00	0.000000e+00	0.000000e+00	0.000000e+00	0.000000e+00	0.000000e+00	0.000000e+00	0.000000e+00	0.000000e+00	0.000000e+00	0.000000e+00	0.000000e+00	0.000000e+00	0.000000e+00	0.000000e+00	0.000000e+00	0.000000e+00	0.000000e+00	0.000000e+00	0.000000e+00	0.000000e+00	
1074.311495	1068.585616	1080.037375	217.621526	8.133440e+03	1.882744e-90	0.000000e+00	4.632846e-50	1.069953e-66	0.000000e+00	0.000000e+00	8.447226e-03	1.882744e-90	1.165980e-03	1.381659e-56	1.882744e-90	3.112258e-87	1.882744e-90	1.882744e-90	0.000000e+00	1.882744e-90	1.882744e-90	1.882744e-90	1.882744e-90	4.498486e-42	4.973532e-03	3.653247e-47	0.000000e+00	0.000000e+00	0.000000e+00	1.882744e-90	2.725666e-83	0.000000e+00	7.890716e-48	0.000000e+00	0.000000e+00	0.000000e+00	0.000000e+00	0.000000e+00	0.000000e+00	0.000000e+00	5.179851e-55	1.882744e-90	1.882744e-90	3.356180e-70	5.486659e-44	2.852035e-65	1.126612e-54	1.882744e-90	2.273506e-04	1.596933e-39	0.000000e+00	0.000000e+00	2.598051e-46	1.313502e-84	0.000000e+00	1.155308e-36	8.419179e-01	1.882744e-90	7.090786e-17	0.000000e+00	1.882744e-90	1.882744e-90	1.882744e-90	5.395950e-52	1.926336e-81	0.000000e+00	0.000000e+00	1.882744e-90	0.000000e+00	0.000000e+00	0.000000e+00	0.000000e+00	0.000000e+00	0.000000e+00	0.000000e+00	1.634781e-59	2.990704e-81	0.000000e+00	0.000000e+00	0.000000e+00	0.000000e+00	0.000000e+00	0.000000e+00	0.000000e+00	0.000000e+00	0.000000e+00	0.000000e+00	0.000000e+00	0.000000e+00	0.000000e+00	0.000000e+00	0.000000e+00	0.000000e+00	0.000000e+00	0.000000e+00	0.000000e+00	0.000000e+00	0.000000e+00	0.000000e+00	0.000000e+00	0.000000e+00	0.000000e+00	0.000000e+00	0.000000e+00	0.000000e+00	0.000000e+00	0.000000e+00	0.000000e+00	0.000000e+00	0.000000e+00	0.000000e+00	0.000000e+00	0.000000e+00	0.000000e+00	0.000000e+00	0.000000e+00	0.000000e+00	0.000000e+00	0.000000e+00	
1085.636090	1080.037375	1091.234805	212.789066	6.674710e+03	1.882662e-90	0.000000e+00	3.404246e-51	3.533524e-68	0.000000e+00	0.000000e+00	8.446641e-03	1.882662e-90	1.166058e-03	7.769179e-58	1.882662e-90	3.793463e-89	1.882662e-90	1.882662e-90	0.000000e+00	1.882662e-90	1.882662e-90	1.882662e-90	1.882662e-90	5.051352e-43	4.973769e-03	3.678477e-48	0.000000e+00	0.000000e+00	0.000000e+00	1.882662e-90	3.546311e-85	0.000000e+00	7.669810e-49	0.000000e+00	0.000000e+00	0.000000e+00	0.000000e+00	0.000000e+00	0.000000e+00	0.000000e+00	3.116691e-56	1.882662e-90	1.882662e-90	9.829081e-72	7.995915e-45	1.232182e-66	1.083006e-55	1.882662e-90	2.273362e-04	2.363975e-40	0.000000e+00	0.000000e+00	3.254051e-47	1.729148e-86	0.000000e+00	2.215066e-37	8.419244e-01	1.882662e-90	3.407425e-17	0.000000e+00	1.882662e-90	1.882662e-90	1.882662e-90	3.699346e-53	2.870036e-83	0.000000e+00	0.000000e+00	1.882662e-90	0.000000e+00	0.000000e+00	0.000000e+00	0.000000e+00	0.000000e+00	0.000000e+00	0.000000e+00	9.542130e-61	1.504675e-82	0.000000e+00	0.000000e+00	0.000000e+00	0.000000e+00	0.000000e+00	0.000000e+00	0.000000e+00	0.000000e+00	0.000000e+00	0.000000e+00	0.000000e+00	0.000000e+00	0.000000e+00	0.000000e+00	0.000000e+00	0.000000e+00	0.000000e+00	0.000000e+00	0.000000e+00	0.000000e+00	0.000000e+00	0.000000e+00	0.000000e+00	0.000000e+00	0.000000e+00	0.000000e+00	0.000000e+00	0.000000e+00	0.000000e+00	0.000000e+00	0.000000e+00	0.000000e+00	0.000000e+00	0.000000e+00	0.000000e+00	0.000000e+00	0.000000e+00	0.000000e+00	0.000000e+00	0.000000e+00	0.000000e+00	0.000000e+00	
1096.730011	1091.234805	1102.225218	208.854949	5.477602e+03	1.882682e-90	0.000000e+00	3.780387e-52	1.991576e-69	0.000000e+00	0.000000e+00	8.446454e-03	1.882682e-90	1.165971e-03	6.870518e-59	1.882682e-90	1.882682e-90	1.882682e-90	1.882682e-90	0.000000e+00	1.882682e-90	1.882682e-90	1.882682e-90	1.882682e-90	8.447635e-44	4.973521e-03	5.431771e-49	0.000000e+00	0.000000e+00	0.000000e+00	1.882682e-90	9.542594e-87	0.000000e+00	1.099618e-49	0.000000e+00	0.000000e+00	0.000000e+00	0.000000e+00	0.000000e+00	0.000000e+00	0.000000e+00	3.072288e-57	1.882682e-90	1.882682e-90	5.082341e-73	1.614157e-45	8.870049e-68	1.541110e-56	1.882682e-90	2.273419e-04	4.753677e-41	0.000000e+00	0.000000e+00	5.984355e-48	4.691363e-88	0.000000e+00	5.844291e-38	8.419234e-01	1.882682e-90	1.956148e-17	0.000000e+00	1.882682e-90	1.882682e-90	1.882682e-90	3.873690e-54	8.518722e-85	0.000000e+00	0.000000e+00	1.882682e-90	0.000000e+00	0.000000e+00	0.000000e+00	0.000000e+00	0.000000e+00	0.000000e+00	0.000000e+00	9.189329e-62	1.208163e-83	0.000000e+00	0.000000e+00	0.000000e+00	0.000000e+00	0.000000e+00	0.000000e+00	0.000000e+00	0.000000e+00	0.000000e+00	0.000000e+00	0.000000e+00	0.000000e+00	0.000000e+00	0.000000e+00	0.000000e+00	0.000000e+00	0.000000e+00	0.000000e+00	0.000000e+00	0.000000e+00	0.000000e+00	0.000000e+00	0.000000e+00	0.000000e+00	0.000000e+00	0.000000e+00	0.000000e+00	0.000000e+00	0.000000e+00	0.000000e+00	0.000000e+00	0.000000e+00	0.000000e+00	0.000000e+00	0.000000e+00	0.000000e+00	0.000000e+00	0.000000e+00	0.000000e+00	0.000000e+00	0.000000e+00	0.000000e+00	
1107.646135	1102.225218	1113.067052	206.030841	4.495195e+03	1.882594e-90	0.000000e+00	7.611312e-53	2.425606e-70	0.000000e+00	0.000000e+00	8.446607e-03	1.882594e-90	1.165906e-03	1.167935e-59	1.882594e-90	1.882594e-90	1.882594e-90	1.882594e-90	0.000000e+00	1.882594e-90	1.882594e-90	1.882594e-90	1.882594e-90	2.494574e-44	4.973171e-03	1.388105e-49	0.000000e+00	0.000000e+00	0.000000e+00	1.882594e-90	7.278135e-88	0.000000e+00	2.749986e-50	0.000000e+00	0.000000e+00	0.000000e+00	0.000000e+00	0.000000e+00	0.000000e+00	0.000000e+00	6.133808e-58	1.882594e-90	1.882594e-90	5.959134e-74	5.197733e-46	1.330028e-68	3.836761e-57	1.882594e-90	2.273451e-04	1.485990e-41	0.000000e+00	0.000000e+00	1.898685e-48	3.596103e-89	0.000000e+00	2.422974e-38	8.419304e-01	1.882594e-90	1.441708e-17	0.000000e+00	1.882594e-90	1.882594e-90	1.882594e-90	7.467114e-55	6.803439e-86	0.000000e+00	0.000000e+00	1.882594e-90	0.000000e+00	0.000000e+00	0.000000e+00	0.000000e+00	0.000000e+00	0.000000e+00	0.000000e+00	1.805798e-62	1.877601e-84	0.000000e+00	0.000000e+00	0.000000e+00	0.000000e+00	0.000000e+00	0.000000e+00	0.000000e+00	0.000000e+00	0.000000e+00	0.000000e+00	0.000000e+00	0.000000e+00	0.000000e+00	0.000000e+00	0.000000e+00	0.000000e+00	0.000000e+00	0.000000e+00	0.000000e+00	0.000000e+00	0.000000e+00	0.000000e+00	0.000000e+00	0.000000e+00	0.000000e+00	0.000000e+00	0.000000e+00	0.000000e+00	0.000000e+00	0.000000e+00	0.000000e+00	0.000000e+00	0.000000e+00	0.000000e+00	0.000000e+00	0.000000e+00	0.000000e+00	0.000000e+00	0.000000e+00	0.000000e+00	0.000000e+00	0.000000e+00	
1118.431991	1113.067052	1123.796930	203.902997	3.688983e+03	1.882698e-90	0.000000e+00	2.261161e-53	4.888855e-71	0.000000e+00	0.000000e+00	8.445798e-03	1.882698e-90	1.166011e-03	3.044674e-60	1.882698e-90	1.882698e-90	1.882698e-90	1.882698e-90	0.000000e+00	1.882698e-90	1.882698e-90	1.882698e-90	1.882698e-90	1.067625e-44	4.973908e-03	5.075622e-50	0.000000e+00	0.000000e+00	0.000000e+00	1.882698e-90	1.096669e-88	0.000000e+00	9.893858e-51	0.000000e+00	0.000000e+00	0.000000e+00	0.000000e+00	0.000000e+00	0.000000e+00	0.000000e+00	1.941742e-58	1.882698e-90	1.882698e-90	1.193408e-74	2.270666e-46	3.221185e-69	1.375509e-57	1.882698e-90	2.273500e-04	6.198491e-42	0.000000e+00	0.000000e+00	8.595810e-49	5.435054e-90	0.000000e+00	1.348231e-38	8.419223e-01	1.882698e-90	1.250196e-17	0.000000e+00	1.882698e-90	1.882698e-90	1.882698e-90	2.145660e-55	1.037484e-86	0.000000e+00	0.000000e+00	1.882698e-90	0.000000e+00	0.000000e+00	0.000000e+00	0.000000e+00	0.000000e+00	0.000000e+00	0.000000e+00	5.651149e-63	4.482307e-85	0.000000e+00	0.000000e+00	0.000000e+00	0.000000e+00	0.000000e+00	0.000000e+00	0.000000e+00	0.000000e+00	0.000000e+00	0.000000e+00	0.000000e+00	0.000000e+00	0.000000e+00	0.000000e+00	0.000000e+00	0.000000e+00	0.000000e+00	0.000000e+00	0.000000e+00	0.000000e+00	0.000000e+00	0.000000e+00	0.000000e+00	0.000000e+00	0.000000e+00	0.000000e+00	0.000000e+00	0.000000e+00	0.000000e+00	0.000000e+00	0.000000e+00	0.000000e+00	0.000000e+00	0.000000e+00	0.000000e+00	0.000000e+00	0.000000e+00	0.000000e+00	0.000000e+00	0.000000e+00	0.000000e+00	0.000000e+00	
1129.119143	1123.796930	1134.441355	202.280183	3.027364e+03	1.882619e-90	0.000000e+00	9.007592e-54	1.441064e-71	0.000000e+00	0.000000e+00	8.446458e-03	1.882619e-90	1.165894e-03	1.095461e-60	1.882619e-90	1.882619e-90	1.882619e-90	1.882619e-90	0.000000e+00	1.882619e-90	1.882619e-90	1.882619e-90	1.882619e-90	6.039347e-45	4.973562e-03	2.430132e-50	0.000000e+00	0.000000e+00	0.000000e+00	1.882619e-90	2.757130e-89	0.000000e+00	4.676773e-51	0.000000e+00	0.000000e+00	0.000000e+00	0.000000e+00	0.000000e+00	0.000000e+00	0.000000e+00	8.688965e-59	1.882619e-90	1.882619e-90	3.578146e-75	1.247946e-46	1.119854e-69	6.490235e-58	1.882619e-90	2.273448e-04	3.213643e-42	0.000000e+00	0.000000e+00	5.081620e-49	1.882619e-90	0.000000e+00	9.356900e-39	8.419284e-01	1.882619e-90	1.223694e-17	0.000000e+00	1.882619e-90	1.882619e-90	1.882619e-90	8.327803e-56	2.575077e-87	0.000000e+00	0.000000e+00	1.882619e-90	0.000000e+00	0.000000e+00	0.000000e+00	0.000000e+00	0.000000e+00	0.000000e+00	0.000000e+00	2.507897e-63	1.478092e-85	0.000000e+00	0.000000e+00	0.000000e+00	0.000000e+00	0.000000e+00	0.000000e+00	0.000000e+00	0.000000e+00	0.000000e+00	0.000000e+00	0.000000e+00	0.000000e+00	0.000000e+00	0.000000e+00	0.000000e+00	0.000000e+00	0.000000e+00	0.000000e+00	0.000000e+00	0.000000e+00	0.000000e+00	0.000000e+00	0.000000e+00	0.000000e+00	0.000000e+00	0.000000e+00	0.000000e+00	0.000000e+00	0.000000e+00	0.000000e+00	0.000000e+00	0.000000e+00	0.000000e+00	0.000000e+00	0.000000e+00	0.000000e+00	0.000000e+00	0.000000e+00	0.000000e+00	0.000000e+00	0.000000e+00	0.000000e+00	
1139.726693	1134.441355	1145.012032	200.879318	2.484407e+03	1.882627e-90	0.000000e+00	4.071843e-54	5.003446e-72	0.000000e+00	0.000000e+00	8.447007e-03	1.882627e-90	1.165909e-03	4.529375e-61	1.882627e-90	1.882627e-90	1.882627e-90	1.882627e-90	0.000000e+00	1.882627e-90	1.882627e-90	1.882627e-90	1.882627e-90	3.854157e-45	4.973912e-03	1.307215e-50	0.000000e+00	0.000000e+00	0.000000e+00	1.882627e-90	8.648721e-90	0.000000e+00	2.488201e-51	0.000000e+00	0.000000e+00	0.000000e+00	0.000000e+00	0.000000e+00	0.000000e+00	0.000000e+00	4.516608e-59	1.882627e-90	1.882627e-90	1.276633e-75	7.572548e-47	4.549455e-70	3.447353e-58	1.882627e-90	2.273326e-04	1.829829e-42	0.000000e+00	0.000000e+00	3.371727e-49	1.882627e-90	0.000000e+00	7.145184e-39	8.419268e-01	1.882627e-90	1.262747e-17	0.000000e+00	1.882627e-90	1.882627e-90	1.882627e-90	3.680237e-56	7.886786e-88	0.000000e+00	0.000000e+00	1.882627e-90	0.000000e+00	0.000000e+00	0.000000e+00	0.000000e+00	0.000000e+00	0.000000e+00	0.000000e+00	1.294653e-63	5.602853e-86	0.000000e+00	0.000000e+00	0.000000e+00	0.000000e+00	0.000000e+00	0.000000e+00	0.000000e+00	0.000000e+00	0.000000e+00	0.000000e+00	0.000000e+00	0.000000e+00	0.000000e+00	0.000000e+00	0.000000e+00	0.000000e+00	0.000000e+00	0.000000e+00	0.000000e+00	0.000000e+00	0.000000e+00	0.000000e+00	0.000000e+00	0.000000e+00	0.000000e+00	0.000000e+00	0.000000e+00	0.000000e+00	0.000000e+00	0.000000e+00	0.000000e+00	0.000000e+00	0.000000e+00	0.000000e+00	0.000000e+00	0.000000e+00	0.000000e+00	0.000000e+00	0.000000e+00	0.000000e+00	0.000000e+00	0.000000e+00	
1150.262875	1145.012032	1155.513719	199.566992	2.038829e+03	1.882624e-90	0.000000e+00	1.925942e-54	1.841858e-72	0.000000e+00	0.000000e+00	8.446313e-03	1.882624e-90	1.165934e-03	1.968212e-61	1.882624e-90	1.882624e-90	1.882624e-90	1.882624e-90	0.000000e+00	1.882624e-90	1.882624e-90	1.882624e-90	1.882624e-90	2.568489e-45	4.974279e-03	7.331282e-51	0.000000e+00	0.000000e+00	0.000000e+00	1.882624e-90	2.937438e-90	0.000000e+00	1.381266e-51	0.000000e+00	0.000000e+00	0.000000e+00	0.000000e+00	0.000000e+00	0.000000e+00	0.000000e+00	2.477854e-59	1.882624e-90	1.882624e-90	4.848114e-76	4.762333e-47	1.954358e-70	1.910669e-58	1.882624e-90	2.273369e-04	1.077554e-42	0.000000e+00	0.000000e+00	2.332464e-49	1.882624e-90	0.000000e+00	5.647068e-39	8.419272e-01	1.882624e-90	1.328381e-17	0.000000e+00	1.882624e-90	1.882624e-90	1.882624e-90	1.703721e-56	2.604445e-88	0.000000e+00	0.000000e+00	1.882624e-90	0.000000e+00	0.000000e+00	0.000000e+00	0.000000e+00	0.000000e+00	0.000000e+00	0.000000e+00	7.057291e-64	2.233139e-86	0.000000e+00	0.000000e+00	0.000000e+00	0.000000e+00	0.000000e+00	0.000000e+00	0.000000e+00	0.000000e+00	0.000000e+00	0.000000e+00	0.000000e+00	0.000000e+00	0.000000e+00	0.000000e+00	0.000000e+00	0.000000e+00	0.000000e+00	0.000000e+00	0.000000e+00	0.000000e+00	0.000000e+00	0.000000e+00	0.000000e+00	0.000000e+00	0.000000e+00	0.000000e+00	0.000000e+00	0.000000e+00	0.000000e+00	0.000000e+00	0.000000e+00	0.000000e+00	0.000000e+00	0.000000e+00	0.000000e+00	0.000000e+00	0.000000e+00	0.000000e+00	0.000000e+00	0.000000e+00	0.000000e+00	0.000000e+00	
1160.730699	1155.513719	1165.947680	198.279262	1.673166e+03	1.882682e-90	0.000000e+00	9.157115e-55	6.826796e-73	0.000000e+00	0.000000e+00	8.446751e-03	1.882682e-90	1.166018e-03	8.601522e-62	1.882682e-90	1.882682e-90	1.882682e-90	1.882682e-90	0.000000e+00	1.882682e-90	1.882682e-90	1.882682e-90	1.882682e-90	1.721324e-45	4.974172e-03	4.133043e-51	0.000000e+00	0.000000e+00	0.000000e+00	1.882682e-90	1.882682e-90	0.000000e+00	7.706945e-52	0.000000e+00	0.000000e+00	0.000000e+00	0.000000e+00	0.000000e+00	0.000000e+00	0.000000e+00	1.368615e-59	1.882682e-90	1.882682e-90	1.854430e-76	3.008068e-47	8.452427e-71	1.065098e-58	1.882682e-90	2.273423e-04	6.370185e-43	0.000000e+00	0.000000e+00	1.622730e-49	1.882682e-90	0.000000e+00	4.485457e-39	8.419225e-01	1.882682e-90	1.401671e-17	0.000000e+00	1.882682e-90	1.882682e-90	1.882682e-90	7.928836e-57	8.679066e-89	0.000000e+00	0.000000e+00	1.882682e-90	0.000000e+00	0.000000e+00	0.000000e+00	0.000000e+00	0.000000e+00	0.000000e+00	0.000000e+00	3.874998e-64	8.969071e-87	0.000000e+00	0.000000e+00	0.000000e+00	0.000000e+00	0.000000e+00	0.000000e+00	0.000000e+00	0.000000e+00	0.000000e+00	0.000000e+00	0.000000e+00	0.000000e+00	0.000000e+00	0.000000e+00	0.000000e+00	0.000000e+00	0.000000e+00	0.000000e+00	0.000000e+00	0.000000e+00	0.000000e+00	0.000000e+00	0.000000e+00	0.000000e+00	0.000000e+00	0.000000e+00	0.000000e+00	0.000000e+00	0.000000e+00	0.000000e+00	0.000000e+00	0.000000e+00	0.000000e+00	0.000000e+00	0.000000e+00	0.000000e+00	0.000000e+00	0.000000e+00	0.000000e+00	0.000000e+00	0.000000e+00	0.000000e+00	
1171.135438	1165.947680	1176.323197	197.168665	1.373084e+03	1.882613e-90	0.000000e+00	4.846595e-55	2.906966e-73	0.000000e+00	0.000000e+00	8.446231e-03	1.882613e-90	1.165948e-03	4.228700e-62	1.882613e-90	1.882613e-90	1.882613e-90	1.882613e-90	0.000000e+00	1.882613e-90	1.882613e-90	1.882613e-90	1.882613e-90	1.276766e-45	4.973418e-03	2.570274e-51	0.000000e+00	0.000000e+00	0.000000e+00	1.882613e-90	1.882613e-90	0.000000e+00	4.749953e-52	0.000000e+00	0.000000e+00	0.000000e+00	0.000000e+00	0.000000e+00	0.000000e+00	0.000000e+00	8.575347e-60	1.882613e-90	1.882613e-90	8.220077e-77	2.065915e-47	4.170640e-71	6.560112e-59	1.882613e-90	2.273358e-04	4.077193e-43	0.000000e+00	0.000000e+00	1.243799e-49	1.882613e-90	0.000000e+00	3.859369e-39	8.419291e-01	1.882613e-90	1.545243e-17	0.000000e+00	1.882613e-90	1.882613e-90	1.882613e-90	4.118217e-57	3.454427e-89	0.000000e+00	0.000000e+00	1.882613e-90	0.000000e+00	0.000000e+00	0.000000e+00	0.000000e+00	0.000000e+00	0.000000e+00	0.000000e+00	2.415738e-64	4.048439e-87	0.000000e+00	0.000000e+00	0.000000e+00	0.000000e+00	0.000000e+00	0.000000e+00	0.000000e+00	0.000000e+00	0.000000e+00	0.000000e+00	0.000000e+00	0.000000e+00	0.000000e+00	0.000000e+00	0.000000e+00	0.000000e+00	0.000000e+00	0.000000e+00	0.000000e+00	0.000000e+00	0.000000e+00	0.000000e+00	0.000000e+00	0.000000e+00	0.000000e+00	0.000000e+00	0.000000e+00	0.000000e+00	0.000000e+00	0.000000e+00	0.000000e+00	0.000000e+00	0.000000e+00	0.000000e+00	0.000000e+00	0.000000e+00	0.000000e+00	0.000000e+00	0.000000e+00	0.000000e+00	0.000000e+00	0.000000e+00	
1181.489678	1176.323197	1186.656160	196.359079	1.126821e+03	1.882626e-90	0.000000e+00	3.114678e-55	1.591954e-73	0.000000e+00	0.000000e+00	8.446493e-03	1.882626e-90	1.165951e-03	2.573955e-62	1.882626e-90	1.882626e-90	1.882626e-90	1.882626e-90	0.000000e+00	1.882626e-90	1.882626e-90	1.882626e-90	1.882626e-90	1.138225e-45	4.973959e-03	1.910048e-51	0.000000e+00	0.000000e+00	0.000000e+00	1.882626e-90	1.882626e-90	0.000000e+00	3.507182e-52	0.000000e+00	0.000000e+00	0.000000e+00	0.000000e+00	0.000000e+00	0.000000e+00	0.000000e+00	6.752087e-60	1.882626e-90	1.882626e-90	4.759071e-77	1.651047e-47	2.613256e-71	4.840512e-59	1.882626e-90	2.273320e-04	3.013575e-43	0.000000e+00	0.000000e+00	1.136123e-49	1.882626e-90	0.000000e+00	3.838605e-39	8.419272e-01	1.882626e-90	1.843813e-17	0.000000e+00	1.882626e-90	1.882626e-90	1.882626e-90	2.610773e-57	1.897359e-89	0.000000e+00	0.000000e+00	1.882626e-90	0.000000e+00	0.000000e+00	0.000000e+00	0.000000e+00	0.000000e+00	0.000000e+00	0.000000e+00	1.895493e-64	2.256846e-87	0.000000e+00	0.000000e+00	0.000000e+00	0.000000e+00	0.000000e+00	0.000000e+00	0.000000e+00	0.000000e+00	0.000000e+00	0.000000e+00	0.000000e+00	0.000000e+00	0.000000e+00	0.000000e+00	0.000000e+00	0.000000e+00	0.000000e+00	0.000000e+00	0.000000e+00	0.000000e+00	0.000000e+00	0.000000e+00	0.000000e+00	0.000000e+00	0.000000e+00	0.000000e+00	0.000000e+00	0.000000e+00	0.000000e+00	0.000000e+00	0.000000e+00	0.000000e+00	0.000000e+00	0.000000e+00	0.000000e+00	0.000000e+00	0.000000e+00	0.000000e+00	0.000000e+00	0.000000e+00	0.000000e+00	0.000000e+00	
1191.804533	1186.656160	1196.952906	195.672771	9.247263e+02	1.882691e-90	0.000000e+00	2.166077e-55	9.657269e-74	0.000000e+00	0.000000e+00	8.446968e-03	1.882691e-90	1.165976e-03	1.708902e-62	1.882691e-90	1.882691e-90	1.882691e-90	1.882691e-90	0.000000e+00	1.882691e-90	1.882691e-90	1.882691e-90	1.882691e-90	1.093323e-45	4.974015e-03	1.525756e-51	0.000000e+00	0.000000e+00	0.000000e+00	1.882691e-90	1.882691e-90	0.000000e+00	2.785942e-52	0.000000e+00	0.000000e+00	0.000000e+00	0.000000e+00	0.000000e+00	0.000000e+00	0.000000e+00	5.833121e-60	1.882691e-90	1.882691e-90	3.071730e-77	1.403689e-47	1.804693e-71	3.844412e-59	1.882691e-90	2.273526e-04	2.361950e-43	0.000000e+00	0.000000e+00	1.114429e-49	1.882691e-90	0.000000e+00	4.049063e-39	8.419218e-01	1.882691e-90	2.272106e-17	0.000000e+00	1.882691e-90	1.882691e-90	1.882691e-90	1.794509e-57	1.187748e-89	0.000000e+00	0.000000e+00	1.882691e-90	0.000000e+00	0.000000e+00	0.000000e+00	0.000000e+00	0.000000e+00	0.000000e+00	0.000000e+00	1.632860e-64	1.371072e-87	0.000000e+00	0.000000e+00	0.000000e+00	0.000000e+00	0.000000e+00	0.000000e+00	0.000000e+00	0.000000e+00	0.000000e+00	0.000000e+00	0.000000e+00	0.000000e+00	0.000000e+00	0.000000e+00	0.000000e+00	0.000000e+00	0.000000e+00	0.000000e+00	0.000000e+00	0.000000e+00	0.000000e+00	0.000000e+00	0.000000e+00	0.000000e+00	0.000000e+00	0.000000e+00	0.000000e+00	0.000000e+00	0.000000e+00	0.000000e+00	0.000000e+00	0.000000e+00	0.000000e+00	0.000000e+00	0.000000e+00	0.000000e+00	0.000000e+00	0.000000e+00	0.000000e+00	0.000000e+00	0.000000e+00	0.000000e+00	
1202.077498	1196.952906	1207.202090	194.770178	7.588768e+02	1.882633e-90	0.000000e+00	1.295974e-55	4.819867e-74	0.000000e+00	0.000000e+00	8.446290e-03	1.882633e-90	1.165940e-03	9.613516e-63	1.882633e-90	1.882633e-90	1.882633e-90	1.882633e-90	0.000000e+00	1.882633e-90	1.882633e-90	1.882633e-90	1.882633e-90	9.113793e-46	4.973949e-03	1.062154e-51	0.000000e+00	0.000000e+00	0.000000e+00	1.882633e-90	1.882633e-90	0.000000e+00	1.925419e-52	0.000000e+00	0.000000e+00	0.000000e+00	0.000000e+00	0.000000e+00	0.000000e+00	0.000000e+00	4.225208e-60	1.882633e-90	1.882633e-90	1.611769e-77	1.061141e-47	1.035628e-71	2.655424e-59	1.882633e-90	2.273422e-04	1.655592e-43	0.000000e+00	0.000000e+00	9.551150e-50	1.882633e-90	0.000000e+00	3.821153e-39	8.419268e-01	1.882633e-90	2.635503e-17	0.000000e+00	1.882633e-90	1.882633e-90	1.882633e-90	1.057091e-57	5.795754e-90	0.000000e+00	0.000000e+00	1.882633e-90	0.000000e+00	0.000000e+00	0.000000e+00	0.000000e+00	0.000000e+00	0.000000e+00	0.000000e+00	1.178266e-64	7.080445e-88	0.000000e+00	0.000000e+00	0.000000e+00	0.000000e+00	0.000000e+00	0.000000e+00	0.000000e+00	0.000000e+00	0.000000e+00	0.000000e+00	0.000000e+00	0.000000e+00	0.000000e+00	0.000000e+00	0.000000e+00	0.000000e+00	0.000000e+00	0.000000e+00	0.000000e+00	0.000000e+00	0.000000e+00	0.000000e+00	0.000000e+00	0.000000e+00	0.000000e+00	0.000000e+00	0.000000e+00	0.000000e+00	0.000000e+00	0.000000e+00	0.000000e+00	0.000000e+00	0.000000e+00	0.000000e+00	0.000000e+00	0.000000e+00	0.000000e+00	0.000000e+00	0.000000e+00	0.000000e+00	0.000000e+00	0.000000e+00	
1212.291174	1207.202090	1217.380257	193.419257	6.227724e+02	1.882656e-90	0.000000e+00	5.660432e-56	1.600082e-74	0.000000e+00	0.000000e+00	8.446532e-03	1.882656e-90	1.166051e-03	3.825189e-63	1.882656e-90	1.882656e-90	1.882656e-90	1.882656e-90	0.000000e+00	1.882656e-90	1.882656e-90	1.882656e-90	1.882656e-90	5.650890e-46	4.973384e-03	5.548260e-52	0.000000e+00	0.000000e+00	0.000000e+00	1.882656e-90	1.882656e-90	0.000000e+00	9.946019e-53	0.000000e+00	0.000000e+00	0.000000e+00	0.000000e+00	0.000000e+00	0.000000e+00	0.000000e+00	2.118066e-60	1.882656e-90	1.882656e-90	5.486204e-78	6.279875e-48	4.038031e-72	1.371597e-59	1.882656e-90	2.273499e-04	9.190623e-44	0.000000e+00	0.000000e+00	6.178679e-50	1.882656e-90	0.000000e+00	2.860162e-39	8.419254e-01	1.882656e-90	2.695595e-17	0.000000e+00	1.882656e-90	1.882656e-90	1.882656e-90	4.509299e-58	1.882656e-90	0.000000e+00	0.000000e+00	1.882656e-90	0.000000e+00	0.000000e+00	0.000000e+00	0.000000e+00	0.000000e+00	0.000000e+00	0.000000e+00	5.875327e-65	2.609526e-88	0.000000e+00	0.000000e+00	0.000000e+00	0.000000e+00	0.000000e+00	0.000000e+00	0.000000e+00	0.000000e+00	0.000000e+00	0.000000e+00	0.000000e+00	0.000000e+00	0.000000e+00	0.000000e+00	0.000000e+00	0.000000e+00	0.000000e+00	0.000000e+00	0.000000e+00	0.000000e+00	0.000000e+00	0.000000e+00	0.000000e+00	0.000000e+00	0.000000e+00	0.000000e+00	0.000000e+00	0.000000e+00	0.000000e+00	0.000000e+00	0.000000e+00	0.000000e+00	0.000000e+00	0.000000e+00	0.000000e+00	0.000000e+00	0.000000e+00	0.000000e+00	0.000000e+00	0.000000e+00	0.000000e+00	0.000000e+00	
1222.421194	1217.380257	1227.462132	191.588375	5.110783e+02	1.882690e-90	0.000000e+00	1.742514e-56	3.375561e-75	0.000000e+00	0.000000e+00	8.447121e-03	1.882690e-90	1.166019e-03	1.035303e-63	1.882690e-90	1.882690e-90	1.882690e-90	1.882690e-90	0.000000e+00	1.882690e-90	1.882690e-90	1.882690e-90	1.882690e-90	2.523784e-46	4.973429e-03	2.107323e-52	0.000000e+00	0.000000e+00	0.000000e+00	1.882690e-90	1.882690e-90	0.000000e+00	3.721046e-53	0.000000e+00	0.000000e+00	0.000000e+00	0.000000e+00	0.000000e+00	0.000000e+00	0.000000e+00	7.057918e-61	1.882690e-90	1.882690e-90	1.154195e-78	2.831343e-48	1.024676e-72	5.131469e-60	1.882690e-90	2.273567e-04	3.936393e-44	0.000000e+00	0.000000e+00	2.927183e-50	1.882690e-90	0.000000e+00	1.656667e-39	8.419224e-01	1.882690e-90	2.398275e-17	0.000000e+00	1.882690e-90	1.882690e-90	1.882690e-90	1.343987e-58	1.882690e-90	0.000000e+00	0.000000e+00	1.882690e-90	0.000000e+00	0.000000e+00	0.000000e+00	0.000000e+00	0.000000e+00	0.000000e+00	0.000000e+00	1.944764e-65	6.619018e-89	0.000000e+00	0.000000e+00	0.000000e+00	0.000000e+00	0.000000e+00	0.000000e+00	0.000000e+00	0.000000e+00	0.000000e+00	0.000000e+00	0.000000e+00	0.000000e+00	0.000000e+00	0.000000e+00	0.000000e+00	0.000000e+00	0.000000e+00	0.000000e+00	0.000000e+00	0.000000e+00	0.000000e+00	0.000000e+00	0.000000e+00	0.000000e+00	0.000000e+00	0.000000e+00	0.000000e+00	0.000000e+00	0.000000e+00	0.000000e+00	0.000000e+00	0.000000e+00	0.000000e+00	0.000000e+00	0.000000e+00	0.000000e+00	0.000000e+00	0.000000e+00	0.000000e+00	0.000000e+00	0.000000e+00	0.000000e+00	
1232.443449	1227.462132	1237.424766	189.322636	4.194165e+02	1.882624e-90	0.000000e+00	3.830558e-57	4.601473e-76	0.000000e+00	0.000000e+00	8.446567e-03	1.882624e-90	1.166074e-03	1.933674e-64	1.882624e-90	1.882624e-90	1.882624e-90	1.882624e-90	0.000000e+00	1.882624e-90	1.882624e-90	1.882624e-90	1.882624e-90	8.226578e-47	4.973653e-03	5.892124e-53	0.000000e+00	0.000000e+00	0.000000e+00	1.882624e-90	1.882624e-90	0.000000e+00	1.021154e-53	0.000000e+00	0.000000e+00	0.000000e+00	0.000000e+00	0.000000e+00	0.000000e+00	0.000000e+00	1.589574e-61	1.882624e-90	1.882624e-90	1.528026e-79	9.828098e-49	1.719787e-73	1.408465e-60	1.882624e-90	2.273493e-04	1.313419e-44	0.000000e+00	0.000000e+00	1.028905e-50	1.882624e-90	0.000000e+00	7.506704e-40	8.419273e-01	1.882624e-90	1.869235e-17	0.000000e+00	1.882624e-90	1.882624e-90	1.882624e-90	2.836410e-59	1.882624e-90	0.000000e+00	0.000000e+00	1.882624e-90	0.000000e+00	0.000000e+00	0.000000e+00	0.000000e+00	0.000000e+00	0.000000e+00	0.000000e+00	4.346660e-66	1.173997e-89	0.000000e+00	0.000000e+00	0.000000e+00	0.000000e+00	0.000000e+00	0.000000e+00	0.000000e+00	0.000000e+00	0.000000e+00	0.000000e+00	0.000000e+00	0.000000e+00	0.000000e+00	0.000000e+00	0.000000e+00	0.000000e+00	0.000000e+00	0.000000e+00	0.000000e+00	0.000000e+00	0.000000e+00	0.000000e+00	0.000000e+00	0.000000e+00	0.000000e+00	0.000000e+00	0.000000e+00	0.000000e+00	0.000000e+00	0.000000e+00	0.000000e+00	0.000000e+00	0.000000e+00	0.000000e+00	0.000000e+00	0.000000e+00	0.000000e+00	0.000000e+00	0.000000e+00	0.000000e+00	0.000000e+00	0.000000e+00	
1242.336345	1237.424766	1247.247925	186.672888	3.441943e+02	1.882625e-90	0.000000e+00	6.101867e-58	4.131252e-77	0.000000e+00	0.000000e+00	8.446451e-03	1.882625e-90	1.165928e-03	2.531623e-65	1.882625e-90	1.882625e-90	1.882625e-90	1.882625e-90	0.000000e+00	1.882625e-90	1.882625e-90	1.882625e-90	1.882625e-90	1.987242e-47	4.973821e-03	1.230284e-53	0.000000e+00	0.000000e+00	0.000000e+00	1.882625e-90	1.882625e-90	0.000000e+00	2.085405e-54	0.000000e+00	0.000000e+00	0.000000e+00	0.000000e+00	0.000000e+00	0.000000e+00	0.000000e+00	2.464365e-62	1.882625e-90	1.882625e-90	1.299040e-80	2.658487e-49	1.945093e-74	2.880202e-61	1.882625e-90	2.273403e-04	3.451466e-45	0.000000e+00	0.000000e+00	2.724732e-51	1.882625e-90	0.000000e+00	2.696189e-40	8.419275e-01	1.882625e-90	1.285376e-17	0.000000e+00	1.882625e-90	1.882625e-90	1.882625e-90	4.302777e-60	1.882625e-90	0.000000e+00	0.000000e+00	1.882625e-90	0.000000e+00	0.000000e+00	0.000000e+00	0.000000e+00	0.000000e+00	0.000000e+00	0.000000e+00	6.687430e-67	1.882625e-90	0.000000e+00	0.000000e+00	0.000000e+00	0.000000e+00	0.000000e+00	0.000000e+00	0.000000e+00	0.000000e+00	0.000000e+00	0.000000e+00	0.000000e+00	0.000000e+00	0.000000e+00	0.000000e+00	0.000000e+00	0.000000e+00	0.000000e+00	0.000000e+00	0.000000e+00	0.000000e+00	0.000000e+00	0.000000e+00	0.000000e+00	0.000000e+00	0.000000e+00	0.000000e+00	0.000000e+00	0.000000e+00	0.000000e+00	0.000000e+00	0.000000e+00	0.000000e+00	0.000000e+00	0.000000e+00	0.000000e+00	0.000000e+00	0.000000e+00	0.000000e+00	0.000000e+00	0.000000e+00	0.000000e+00	0.000000e+00	
1252.083033	1247.247925	1256.918140	183.764784	2.824631e+02	1.882716e-90	0.000000e+00	7.558240e-59	2.676464e-78	0.000000e+00	0.000000e+00	8.446501e-03	1.882716e-90	1.165936e-03	2.511263e-66	1.882716e-90	1.882716e-90	1.882716e-90	1.882716e-90	0.000000e+00	1.882716e-90	1.882716e-90	1.882716e-90	1.882716e-90	3.806429e-48	4.973913e-03	2.047491e-54	0.000000e+00	0.000000e+00	0.000000e+00	1.882716e-90	1.882716e-90	0.000000e+00	3.385965e-55	0.000000e+00	0.000000e+00	0.000000e+00	0.000000e+00	0.000000e+00	0.000000e+00	0.000000e+00	2.861136e-63	1.882716e-90	1.882716e-90	7.815748e-82	5.924666e-50	1.617459e-75	4.690114e-62	1.882716e-90	2.273511e-04	7.527763e-46	0.000000e+00	0.000000e+00	5.801638e-52	1.882716e-90	0.000000e+00	8.100783e-41	8.419201e-01	1.882716e-90	8.040037e-18	0.000000e+00	1.882716e-90	1.882716e-90	1.882716e-90	5.043898e-61	1.882716e-90	0.000000e+00	0.000000e+00	1.882716e-90	0.000000e+00	0.000000e+00	0.000000e+00	0.000000e+00	0.000000e+00	0.000000e+00	0.000000e+00	7.712150e-68	1.882716e-90	0.000000e+00	0.000000e+00	0.000000e+00	0.000000e+00	0.000000e+00	0.000000e+00	0.000000e+00	0.000000e+00	0.000000e+00	0.000000e+00	0.000000e+00	0.000000e+00	0.000000e+00	0.000000e+00	0.000000e+00	0.000000e+00	0.000000e+00	0.000000e+00	0.000000e+00	0.000000e+00	0.000000e+00	0.000000e+00	0.000000e+00	0.000000e+00	0.000000e+00	0.000000e+00	0.000000e+00	0.000000e+00	0.000000e+00	0.000000e+00	0.000000e+00	0.000000e+00	0.000000e+00	0.000000e+00	0.000000e+00	0.000000e+00	0.000000e+00	0.000000e+00	0.000000e+00	0.000000e+00	0.000000e+00	0.000000e+00	
1261.675266	1256.918140	1266.432391	180.801946	2.318034e+02	1.882641e-90	0.000000e+00	8.371431e-60	1.499432e-79	0.000000e+00	0.000000e+00	8.446580e-03	1.882641e-90	1.165892e-03	2.200522e-67	1.882641e-90	1.882641e-90	1.882641e-90	1.882641e-90	0.000000e+00	1.882641e-90	1.882641e-90	1.882641e-90	1.882641e-90	6.594393e-49	4.973615e-03	3.085581e-55	0.000000e+00	0.000000e+00	0.000000e+00	1.882641e-90	1.882641e-90	0.000000e+00	4.973868e-56	0.000000e+00	0.000000e+00	0.000000e+00	0.000000e+00	0.000000e+00	0.000000e+00	0.000000e+00	2.929462e-64	1.882641e-90	1.882641e-90	4.032116e-83	1.212520e-50	1.173912e-76	6.921059e-63	1.882641e-90	2.273444e-04	1.511077e-46	0.000000e+00	0.000000e+00	1.125659e-52	1.882641e-90	0.000000e+00	2.257620e-41	8.419263e-01	1.882641e-90	4.838169e-18	0.000000e+00	1.882641e-90	1.882641e-90	1.882641e-90	5.272154e-62	1.882641e-90	0.000000e+00	0.000000e+00	1.882641e-90	0.000000e+00	0.000000e+00	0.000000e+00	0.000000e+00	0.000000e+00	0.000000e+00	0.000000e+00	7.857683e-69	1.882641e-90	0.000000e+00	0.000000e+00	0.000000e+00	0.000000e+00	0.000000e+00	0.000000e+00	0.000000e+00	0.000000e+00	0.000000e+00	0.000000e+00	0.000000e+00	0.000000e+00	0.000000e+00	0.000000e+00	0.000000e+00	0.000000e+00	0.000000e+00	0.000000e+00	0.000000e+00	0.000000e+00	0.000000e+00	0.000000e+00	0.000000e+00	0.000000e+00	0.000000e+00	0.000000e+00	0.000000e+00	0.000000e+00	0.000000e+00	0.000000e+00	0.000000e+00	0.000000e+00	0.000000e+00	0.000000e+00	0.000000e+00	0.000000e+00	0.000000e+00	0.000000e+00	0.000000e+00	0.000000e+00	0.000000e+00	0.000000e+00	
1271.118235	1266.432391	1275.804080	178.090865	1.902295e+02	1.882751e-90	0.000000e+00	1.055830e-60	9.938813e-81	0.000000e+00	0.000000e+00	8.447059e-03	1.882751e-90	1.166019e-03	2.223786e-68	1.882751e-90	1.882751e-90	1.882751e-90	1.882751e-90	0.000000e+00	1.882751e-90	1.882751e-90	1.882751e-90	1.882751e-90	1.295671e-49	4.974282e-03	5.247536e-56	0.000000e+00	0.000000e+00	0.000000e+00	1.882751e-90	1.882751e-90	0.000000e+00	8.262142e-57	0.000000e+00	0.000000e+00	0.000000e+00	0.000000e+00	0.000000e+00	0.000000e+00	0.000000e+00	3.505944e-65	1.882751e-90	1.882751e-90	2.487578e-84	2.749787e-51	1.000587e-77	1.155877e-63	1.882751e-90	2.273451e-04	3.340143e-47	0.000000e+00	0.000000e+00	2.466284e-53	1.882751e-90	0.000000e+00	6.961581e-42	8.419169e-01	1.882751e-90	3.081280e-18	0.000000e+00	1.882751e-90	1.882751e-90	1.882751e-90	6.297728e-63	1.882751e-90	0.000000e+00	0.000000e+00	1.882751e-90	0.000000e+00	0.000000e+00	0.000000e+00	0.000000e+00	0.000000e+00	0.000000e+00	0.000000e+00	9.380310e-70	1.882751e-90	0.000000e+00	0.000000e+00	0.000000e+00	0.000000e+00	0.000000e+00	0.000000e+00	0.000000e+00	0.000000e+00	0.000000e+00	0.000000e+00	0.000000e+00	0.000000e+00	0.000000e+00	0.000000e+00	0.000000e+00	0.000000e+00	0.000000e+00	0.000000e+00	0.000000e+00	0.000000e+00	0.000000e+00	0.000000e+00	0.000000e+00	0.000000e+00	0.000000e+00	0.000000e+00	0.000000e+00	0.000000e+00	0.000000e+00	0.000000e+00	0.000000e+00	0.000000e+00	0.000000e+00	0.000000e+00	0.000000e+00	0.000000e+00	0.000000e+00	0.000000e+00	0.000000e+00	0.000000e+00	0.000000e+00	0.000000e+00	
1280.437952	1275.804080	1285.071823	176.113419	1.561119e+02	1.882695e-90	0.000000e+00	2.298677e-61	1.336620e-81	0.000000e+00	0.000000e+00	8.446548e-03	1.882695e-90	1.165920e-03	4.099172e-69	1.882695e-90	1.882695e-90	1.882695e-90	1.882695e-90	0.000000e+00	1.882695e-90	1.882695e-90	1.882695e-90	1.882695e-90	4.245243e-50	4.974147e-03	1.466830e-56	0.000000e+00	0.000000e+00	0.000000e+00	1.882695e-90	1.882695e-90	0.000000e+00	2.269768e-57	0.000000e+00	0.000000e+00	0.000000e+00	0.000000e+00	0.000000e+00	0.000000e+00	0.000000e+00	7.927992e-66	1.882695e-90	1.882695e-90	3.251750e-85	9.532113e-52	1.666873e-78	3.191204e-64	1.882695e-90	2.273559e-04	1.106706e-47	0.000000e+00	0.000000e+00	8.778713e-54	1.882695e-90	0.000000e+00	3.199796e-42	8.419216e-01	1.882695e-90	2.435660e-18	0.000000e+00	1.882695e-90	1.882695e-90	1.882695e-90	1.316366e-63	1.882695e-90	0.000000e+00	0.000000e+00	1.882695e-90	0.000000e+00	0.000000e+00	0.000000e+00	0.000000e+00	0.000000e+00	0.000000e+00	0.000000e+00	2.119679e-70	1.882695e-90	0.000000e+00	0.000000e+00	0.000000e+00	0.000000e+00	0.000000e+00	0.000000e+00	0.000000e+00	0.000000e+00	0.000000e+00	0.000000e+00	0.000000e+00	0.000000e+00	0.000000e+00	0.000000e+00	0.000000e+00	0.000000e+00	0.000000e+00	0.000000e+00	0.000000e+00	0.000000e+00	0.000000e+00	0.000000e+00	0.000000e+00	0.000000e+00	0.000000e+00	0.000000e+00	0.000000e+00	0.000000e+00	0.000000e+00	0.000000e+00	0.000000e+00	0.000000e+00	0.000000e+00	0.000000e+00	0.000000e+00	0.000000e+00	0.000000e+00	0.000000e+00	0.000000e+00	0.000000e+00	0.000000e+00	0.000000e+00	
1289.684692	1285.071823	1294.297562	175.315245	1.281132e+02	1.882691e-90	0.000000e+00	1.304433e-61	6.225669e-82	0.000000e+00	0.000000e+00	8.446412e-03	1.882691e-90	1.165928e-03	2.172626e-69	1.882691e-90	1.882691e-90	1.882691e-90	1.882691e-90	0.000000e+00	1.882691e-90	1.882691e-90	1.882691e-90	1.882691e-90	3.395600e-50	4.974338e-03	9.780088e-57	0.000000e+00	0.000000e+00	0.000000e+00	1.882691e-90	1.882691e-90	0.000000e+00	1.502811e-57	0.000000e+00	0.000000e+00	0.000000e+00	0.000000e+00	0.000000e+00	0.000000e+00	0.000000e+00	5.447603e-66	1.882691e-90	1.882691e-90	1.587066e-85	6.940300e-52	8.987197e-79	2.117452e-64	1.882691e-90	2.273588e-04	7.459862e-48	0.000000e+00	0.000000e+00	7.266545e-54	1.882691e-90	0.000000e+00	2.941294e-42	8.419221e-01	1.882691e-90	2.795684e-18	0.000000e+00	1.882691e-90	1.882691e-90	1.882691e-90	7.346816e-64	1.882691e-90	0.000000e+00	0.000000e+00	1.882691e-90	0.000000e+00	0.000000e+00	0.000000e+00	0.000000e+00	0.000000e+00	0.000000e+00	0.000000e+00	1.456571e-70	1.882691e-90	0.000000e+00	0.000000e+00	0.000000e+00	0.000000e+00	0.000000e+00	0.000000e+00	0.000000e+00	0.000000e+00	0.000000e+00	0.000000e+00	0.000000e+00	0.000000e+00	0.000000e+00	0.000000e+00	0.000000e+00	0.000000e+00	0.000000e+00	0.000000e+00	0.000000e+00	0.000000e+00	0.000000e+00	0.000000e+00	0.000000e+00	0.000000e+00	0.000000e+00	0.000000e+00	0.000000e+00	0.000000e+00	0.000000e+00	0.000000e+00	0.000000e+00	0.000000e+00	0.000000e+00	0.000000e+00	0.000000e+00	0.000000e+00	0.000000e+00	0.000000e+00	0.000000e+00	0.000000e+00	0.000000e+00	0.000000e+00	
1298.915433	1294.297562	1303.533305	175.501393	1.051362e+02	1.882635e-90	0.000000e+00	1.682549e-61	8.409797e-82	0.000000e+00	0.000000e+00	8.446154e-03	1.882635e-90	1.165968e-03	2.847644e-69	1.882635e-90	1.882635e-90	1.882635e-90	1.882635e-90	0.000000e+00	1.882635e-90	1.882635e-90	1.882635e-90	1.882635e-90	5.825979e-50	4.973574e-03	1.372063e-56	0.000000e+00	0.000000e+00	0.000000e+00	1.882635e-90	1.882635e-90	0.000000e+00	2.111531e-57	0.000000e+00	0.000000e+00	0.000000e+00	0.000000e+00	0.000000e+00	0.000000e+00	0.000000e+00	9.685571e-66	1.882635e-90	1.882635e-90	2.395573e-85	9.539437e-52	1.325249e-78	2.974165e-64	1.882635e-90	2.273524e-04	9.242073e-48	0.000000e+00	0.000000e+00	1.236735e-53	1.882635e-90	0.000000e+00	4.884622e-42	8.419273e-01	1.882635e-90	4.408986e-18	0.000000e+00	1.882635e-90	1.882635e-90	1.882635e-90	9.511936e-64	1.882635e-90	0.000000e+00	0.000000e+00	1.882635e-90	0.000000e+00	0.000000e+00	0.000000e+00	0.000000e+00	0.000000e+00	0.000000e+00	0.000000e+00	2.589536e-70	1.882635e-90	0.000000e+00	0.000000e+00	0.000000e+00	0.000000e+00	0.000000e+00	0.000000e+00	0.000000e+00	0.000000e+00	0.000000e+00	0.000000e+00	0.000000e+00	0.000000e+00	0.000000e+00	0.000000e+00	0.000000e+00	0.000000e+00	0.000000e+00	0.000000e+00	0.000000e+00	0.000000e+00	0.000000e+00	0.000000e+00	0.000000e+00	0.000000e+00	0.000000e+00	0.000000e+00	0.000000e+00	0.000000e+00	0.000000e+00	0.000000e+00	0.000000e+00	0.000000e+00	0.000000e+00	0.000000e+00	0.000000e+00	0.000000e+00	0.000000e+00	0.000000e+00	0.000000e+00	0.000000e+00	0.000000e+00	0.000000e+00	
1308.162064	1303.533305	1312.790822	175.909803	8.628001e+01	1.882751e-90	0.000000e+00	2.610759e-61	1.443818e-81	0.000000e+00	0.000000e+00	8.446881e-03	1.882751e-90	1.165956e-03	4.575752e-69	1.882751e-90	1.882751e-90	1.882751e-90	1.882751e-90	0.000000e+00	1.882751e-90	1.882751e-90	1.882751e-90	1.882751e-90	1.187608e-49	4.974315e-03	2.276931e-56	0.000000e+00	0.000000e+00	0.000000e+00	1.882751e-90	1.882751e-90	0.000000e+00	3.516969e-57	0.000000e+00	0.000000e+00	0.000000e+00	0.000000e+00	0.000000e+00	0.000000e+00	0.000000e+00	2.133792e-65	1.882751e-90	1.882751e-90	4.662335e-85	1.512959e-51	2.451327e-78	4.947450e-64	1.882751e-90	2.273501e-04	1.313161e-47	0.000000e+00	0.000000e+00	2.477239e-53	1.882751e-90	0.000000e+00	9.273939e-42	8.419171e-01	1.882751e-90	7.468979e-18	0.000000e+00	1.882751e-90	1.882751e-90	1.882751e-90	1.488819e-63	1.882751e-90	0.000000e+00	0.000000e+00	1.882751e-90	0.000000e+00	0.000000e+00	0.000000e+00	0.000000e+00	0.000000e+00	0.000000e+00	0.000000e+00	5.705287e-70	1.882751e-90	0.000000e+00	0.000000e+00	0.000000e+00	0.000000e+00	0.000000e+00	0.000000e+00	0.000000e+00	0.000000e+00	0.000000e+00	0.000000e+00	0.000000e+00	0.000000e+00	0.000000e+00	0.000000e+00	0.000000e+00	0.000000e+00	0.000000e+00	0.000000e+00	0.000000e+00	0.000000e+00	0.000000e+00	0.000000e+00	0.000000e+00	0.000000e+00	0.000000e+00	0.000000e+00	0.000000e+00	0.000000e+00	0.000000e+00	0.000000e+00	0.000000e+00	0.000000e+00	0.000000e+00	0.000000e+00	0.000000e+00	0.000000e+00	0.000000e+00	0.000000e+00	0.000000e+00	0.000000e+00	0.000000e+00	0.000000e+00	
1317.419463	1312.790822	1322.048103	175.900434	7.080571e+01	1.882481e-90	0.000000e+00	2.859615e-61	1.577516e-81	0.000000e+00	0.000000e+00	8.445650e-03	1.882481e-90	1.165821e-03	5.007189e-69	1.882481e-90	1.882481e-90	1.882481e-90	1.882481e-90	0.000000e+00	1.882481e-90	1.882481e-90	1.882481e-90	1.882481e-90	1.749932e-49	4.973339e-03	2.753909e-56	0.000000e+00	0.000000e+00	0.000000e+00	1.882481e-90	1.882481e-90	0.000000e+00	4.253146e-57	0.000000e+00	0.000000e+00	0.000000e+00	0.000000e+00	0.000000e+00	0.000000e+00	0.000000e+00	3.138631e-65	1.882481e-90	1.882481e-90	5.619807e-85	1.831946e-51	2.957676e-78	5.982893e-64	1.882481e-90	2.273211e-04	1.441011e-47	0.000000e+00	0.000000e+00	3.651092e-53	1.882481e-90	0.000000e+00	1.368499e-41	8.419400e-01	1.882481e-90	1.105337e-17	0.000000e+00	1.882481e-90	1.882481e-90	1.882481e-90	1.630050e-63	1.882481e-90	0.000000e+00	0.000000e+00	1.882481e-90	0.000000e+00	0.000000e+00	0.000000e+00	0.000000e+00	0.000000e+00	0.000000e+00	0.000000e+00	8.390554e-70	1.882481e-90	0.000000e+00	0.000000e+00	0.000000e+00	0.000000e+00	0.000000e+00	0.000000e+00	0.000000e+00	0.000000e+00	0.000000e+00	0.000000e+00	0.000000e+00	0.000000e+00	0.000000e+00	0.000000e+00	0.000000e+00	0.000000e+00	0.000000e+00	0.000000e+00	0.000000e+00	0.000000e+00	0.000000e+00	0.000000e+00	0.000000e+00	0.000000e+00	0.000000e+00	0.000000e+00	0.000000e+00	0.000000e+00	0.000000e+00	0.000000e+00	0.000000e+00	0.000000e+00	0.000000e+00	0.000000e+00	0.000000e+00	0.000000e+00	0.000000e+00	0.000000e+00	0.000000e+00	0.000000e+00	0.000000e+00	0.000000e+00	
1326.665119	1322.048103	1331.282134	175.450841	5.810672e+01	1.882625e-90	0.000000e+00	2.169614e-61	1.070987e-81	0.000000e+00	0.000000e+00	8.446742e-03	1.882625e-90	1.165911e-03	3.655907e-69	1.882625e-90	1.882625e-90	1.882625e-90	1.882625e-90	0.000000e+00	1.882625e-90	1.882625e-90	1.882625e-90	1.882625e-90	1.833875e-49	4.973221e-03	2.389321e-56	0.000000e+00	0.000000e+00	0.000000e+00	1.882625e-90	1.882625e-90	0.000000e+00	3.674877e-57	0.000000e+00	0.000000e+00	0.000000e+00	0.000000e+00	0.000000e+00	0.000000e+00	0.000000e+00	3.019152e-65	1.882625e-90	1.882625e-90	4.089671e-85	1.670382e-51	2.276951e-78	5.178187e-64	1.882625e-90	2.273433e-04	1.204795e-47	0.000000e+00	0.000000e+00	3.901269e-53	1.882625e-90	0.000000e+00	1.551312e-41	8.419281e-01	1.882625e-90	1.419906e-17	0.000000e+00	1.882625e-90	1.882625e-90	1.882625e-90	1.225160e-63	1.882625e-90	0.000000e+00	0.000000e+00	1.882625e-90	0.000000e+00	0.000000e+00	0.000000e+00	0.000000e+00	0.000000e+00	0.000000e+00	0.000000e+00	8.072623e-70	1.882625e-90	0.000000e+00	0.000000e+00	0.000000e+00	0.000000e+00	0.000000e+00	0.000000e+00	0.000000e+00	0.000000e+00	0.000000e+00	0.000000e+00	0.000000e+00	0.000000e+00	0.000000e+00	0.000000e+00	0.000000e+00	0.000000e+00	0.000000e+00	0.000000e+00	0.000000e+00	0.000000e+00	0.000000e+00	0.000000e+00	0.000000e+00	0.000000e+00	0.000000e+00	0.000000e+00	0.000000e+00	0.000000e+00	0.000000e+00	0.000000e+00	0.000000e+00	0.000000e+00	0.000000e+00	0.000000e+00	0.000000e+00	0.000000e+00	0.000000e+00	0.000000e+00	0.000000e+00	0.000000e+00	0.000000e+00	0.000000e+00	
1335.885426	1331.282134	1340.488718	174.922816	4.768529e+01	1.882625e-90	0.000000e+00	1.538180e-61	6.657427e-82	0.000000e+00	0.000000e+00	8.446150e-03	1.882625e-90	1.165880e-03	2.476629e-69	1.882625e-90	1.882625e-90	1.882625e-90	1.882625e-90	0.000000e+00	1.882625e-90	1.882625e-90	1.882625e-90	1.882625e-90	1.804476e-49	4.973742e-03	1.949418e-56	0.000000e+00	0.000000e+00	0.000000e+00	1.882625e-90	1.882625e-90	0.000000e+00	2.984820e-57	0.000000e+00	0.000000e+00	0.000000e+00	0.000000e+00	0.000000e+00	0.000000e+00	0.000000e+00	2.685253e-65	1.882625e-90	1.882625e-90	2.710729e-85	1.444806e-51	1.612580e-78	4.210690e-64	1.882625e-90	2.273317e-04	9.577609e-48	0.000000e+00	0.000000e+00	3.927360e-53	1.882625e-90	0.000000e+00	1.674500e-41	8.419282e-01	1.882625e-90	1.776659e-17	0.000000e+00	1.882625e-90	1.882625e-90	1.882625e-90	8.591101e-64	1.882625e-90	0.000000e+00	0.000000e+00	1.882625e-90	0.000000e+00	0.000000e+00	0.000000e+00	0.000000e+00	0.000000e+00	0.000000e+00	0.000000e+00	7.180220e-70	1.882625e-90	0.000000e+00	0.000000e+00	0.000000e+00	0.000000e+00	0.000000e+00	0.000000e+00	0.000000e+00	0.000000e+00	0.000000e+00	0.000000e+00	0.000000e+00	0.000000e+00	0.000000e+00	0.000000e+00	0.000000e+00	0.000000e+00	0.000000e+00	0.000000e+00	0.000000e+00	0.000000e+00	0.000000e+00	0.000000e+00	0.000000e+00	0.000000e+00	0.000000e+00	0.000000e+00	0.000000e+00	0.000000e+00	0.000000e+00	0.000000e+00	0.000000e+00	0.000000e+00	0.000000e+00	0.000000e+00	0.000000e+00	0.000000e+00	0.000000e+00	0.000000e+00	0.000000e+00	0.000000e+00	0.000000e+00	0.000000e+00	
1345.082636	1340.488718	1349.676554	174.555733	3.913295e+01	1.882679e-90	0.000000e+00	1.246158e-61	4.920600e-82	0.000000e+00	0.000000e+00	8.446562e-03	1.882679e-90	1.165984e-03	1.943855e-69	1.882679e-90	1.882679e-90	1.882679e-90	1.882679e-90	0.000000e+00	1.882679e-90	1.882679e-90	1.882679e-90	1.882679e-90	2.010175e-49	4.973696e-03	1.795004e-56	0.000000e+00	0.000000e+00	0.000000e+00	1.882679e-90	1.882679e-90	0.000000e+00	2.739297e-57	0.000000e+00	0.000000e+00	0.000000e+00	0.000000e+00	0.000000e+00	0.000000e+00	0.000000e+00	2.787517e-65	1.882679e-90	1.882679e-90	2.158731e-85	1.385908e-51	1.345212e-78	3.869240e-64	1.882679e-90	2.273388e-04	8.406062e-48	0.000000e+00	0.000000e+00	4.445928e-53	1.882679e-90	0.000000e+00	1.990329e-41	8.419236e-01	1.882679e-90	2.341543e-17	0.000000e+00	1.882679e-90	1.882679e-90	1.882679e-90	6.906383e-64	1.882679e-90	0.000000e+00	0.000000e+00	1.882679e-90	0.000000e+00	0.000000e+00	0.000000e+00	0.000000e+00	0.000000e+00	0.000000e+00	0.000000e+00	7.455082e-70	1.882679e-90	0.000000e+00	0.000000e+00	0.000000e+00	0.000000e+00	0.000000e+00	0.000000e+00	0.000000e+00	0.000000e+00	0.000000e+00	0.000000e+00	0.000000e+00	0.000000e+00	0.000000e+00	0.000000e+00	0.000000e+00	0.000000e+00	0.000000e+00	0.000000e+00	0.000000e+00	0.000000e+00	0.000000e+00	0.000000e+00	0.000000e+00	0.000000e+00	0.000000e+00	0.000000e+00	0.000000e+00	0.000000e+00	0.000000e+00	0.000000e+00	0.000000e+00	0.000000e+00	0.000000e+00	0.000000e+00	0.000000e+00	0.000000e+00	0.000000e+00	0.000000e+00	0.000000e+00	0.000000e+00	0.000000e+00	0.000000e+00	
1354.270044	1349.676554	1358.863535	174.528475	3.211446e+01	1.882704e-90	0.000000e+00	1.344287e-61	5.272513e-82	0.000000e+00	0.000000e+00	8.447468e-03	1.882704e-90	1.166016e-03	2.092036e-69	1.882704e-90	1.882704e-90	1.882704e-90	1.882704e-90	0.000000e+00	1.882704e-90	1.882704e-90	1.882704e-90	1.882704e-90	2.922226e-49	4.974171e-03	2.142586e-56	0.000000e+00	0.000000e+00	0.000000e+00	1.882704e-90	1.882704e-90	0.000000e+00	3.268900e-57	0.000000e+00	0.000000e+00	0.000000e+00	0.000000e+00	0.000000e+00	0.000000e+00	0.000000e+00	4.030702e-65	1.882704e-90	1.882704e-90	2.548863e-85	1.659417e-51	1.593992e-78	4.618434e-64	1.882704e-90	2.273691e-04	9.123419e-48	0.000000e+00	0.000000e+00	6.471739e-53	1.882704e-90	0.000000e+00	2.907688e-41	8.419198e-01	1.882704e-90	3.446258e-17	0.000000e+00	1.882704e-90	1.882704e-90	1.882704e-90	7.446681e-64	1.882704e-90	0.000000e+00	0.000000e+00	1.882704e-90	0.000000e+00	0.000000e+00	0.000000e+00	0.000000e+00	0.000000e+00	0.000000e+00	0.000000e+00	1.078125e-69	1.882704e-90	0.000000e+00	0.000000e+00	0.000000e+00	0.000000e+00	0.000000e+00	0.000000e+00	0.000000e+00	0.000000e+00	0.000000e+00	0.000000e+00	0.000000e+00	0.000000e+00	0.000000e+00	0.000000e+00	0.000000e+00	0.000000e+00	0.000000e+00	0.000000e+00	0.000000e+00	0.000000e+00	0.000000e+00	0.000000e+00	0.000000e+00	0.000000e+00	0.000000e+00	0.000000e+00	0.000000e+00	0.000000e+00	0.000000e+00	0.000000e+00	0.000000e+00	0.000000e+00	0.000000e+00	0.000000e+00	0.000000e+00	0.000000e+00	0.000000e+00	0.000000e+00	0.000000e+00	0.000000e+00	0.000000e+00	0.000000e+00	
1363.471000	1358.863535	1368.078464	175.044863	2.635474e+01	1.882766e-90	0.000000e+00	2.292526e-61	1.023090e-81	0.000000e+00	0.000000e+00	8.447556e-03	1.882766e-90	1.166059e-03	3.730927e-69	1.882766e-90	1.882766e-90	1.882766e-90	1.882766e-90	0.000000e+00	1.882766e-90	1.882766e-90	1.882766e-90	1.882766e-90	6.499287e-49	4.973493e-03	3.871246e-56	0.000000e+00	0.000000e+00	0.000000e+00	1.882766e-90	1.882766e-90	0.000000e+00	5.932528e-57	0.000000e+00	0.000000e+00	0.000000e+00	0.000000e+00	0.000000e+00	0.000000e+00	0.000000e+00	9.900647e-65	1.882766e-90	1.882766e-90	5.648407e-85	2.830876e-51	3.309527e-78	8.370727e-64	1.882766e-90	2.273590e-04	1.390271e-47	0.000000e+00	0.000000e+00	1.407243e-52	1.882766e-90	0.000000e+00	5.904108e-41	8.419159e-01	1.882766e-90	6.053599e-17	0.000000e+00	1.882766e-90	1.882766e-90	1.882766e-90	1.283677e-63	1.882766e-90	0.000000e+00	0.000000e+00	1.882766e-90	0.000000e+00	0.000000e+00	0.000000e+00	0.000000e+00	0.000000e+00	0.000000e+00	0.000000e+00	2.647764e-69	1.882766e-90	0.000000e+00	0.000000e+00	0.000000e+00	0.000000e+00	0.000000e+00	0.000000e+00	0.000000e+00	0.000000e+00	0.000000e+00	0.000000e+00	0.000000e+00	0.000000e+00	0.000000e+00	0.000000e+00	0.000000e+00	0.000000e+00	0.000000e+00	0.000000e+00	0.000000e+00	0.000000e+00	0.000000e+00	0.000000e+00	0.000000e+00	0.000000e+00	0.000000e+00	0.000000e+00	0.000000e+00	0.000000e+00	0.000000e+00	0.000000e+00	0.000000e+00	0.000000e+00	0.000000e+00	0.000000e+00	0.000000e+00	0.000000e+00	0.000000e+00	0.000000e+00	0.000000e+00	0.000000e+00	0.000000e+00	0.000000e+00	
1372.721121	1368.078464	1377.363777	176.368398	2.162802e+01	1.882645e-90	0.000000e+00	7.628972e-61	4.723252e-81	0.000000e+00	0.000000e+00	8.446811e-03	1.882645e-90	1.165956e-03	1.390299e-68	1.882645e-90	1.882645e-90	1.882645e-90	1.882645e-90	0.000000e+00	1.882645e-90	1.882645e-90	1.882645e-90	1.882645e-90	2.691966e-48	4.973610e-03	1.282204e-55	0.000000e+00	0.000000e+00	0.000000e+00	1.882645e-90	1.882645e-90	0.000000e+00	1.988270e-56	0.000000e+00	0.000000e+00	0.000000e+00	0.000000e+00	0.000000e+00	0.000000e+00	0.000000e+00	5.275795e-64	1.882645e-90	1.882645e-90	3.138370e-84	8.101884e-51	1.558741e-77	2.794045e-63	1.882645e-90	2.273382e-04	3.477321e-47	0.000000e+00	0.000000e+00	5.506217e-52	1.882645e-90	0.000000e+00	1.941478e-40	8.419261e-01	1.882645e-90	1.377321e-16	0.000000e+00	1.882645e-90	1.882645e-90	1.882645e-90	4.391523e-63	1.882645e-90	0.000000e+00	0.000000e+00	1.882645e-90	0.000000e+00	0.000000e+00	0.000000e+00	0.000000e+00	0.000000e+00	0.000000e+00	0.000000e+00	1.410635e-68	1.882645e-90	0.000000e+00	0.000000e+00	0.000000e+00	0.000000e+00	0.000000e+00	0.000000e+00	0.000000e+00	0.000000e+00	0.000000e+00	0.000000e+00	0.000000e+00	0.000000e+00	0.000000e+00	0.000000e+00	0.000000e+00	0.000000e+00	0.000000e+00	0.000000e+00	0.000000e+00	0.000000e+00	0.000000e+00	0.000000e+00	0.000000e+00	0.000000e+00	0.000000e+00	0.000000e+00	0.000000e+00	0.000000e+00	0.000000e+00	0.000000e+00	0.000000e+00	0.000000e+00	0.000000e+00	0.000000e+00	0.000000e+00	0.000000e+00	0.000000e+00	0.000000e+00	0.000000e+00	0.000000e+00	0.000000e+00	0.000000e+00	
1382.073230	1377.363777	1386.782683	178.891724	1.774904e+01	1.882612e-90	0.000000e+00	6.604737e-60	7.533004e-80	0.000000e+00	0.000000e+00	8.446374e-03	1.882612e-90	1.165917e-03	1.486205e-67	1.882612e-90	1.882612e-90	1.882612e-90	1.882612e-90	0.000000e+00	1.882612e-90	1.882612e-90	1.882612e-90	1.882612e-90	2.719987e-47	4.973182e-03	1.011807e-54	0.000000e+00	0.000000e+00	0.000000e+00	1.882612e-90	1.882612e-90	0.000000e+00	1.604040e-55	0.000000e+00	0.000000e+00	0.000000e+00	0.000000e+00	0.000000e+00	0.000000e+00	0.000000e+00	8.533542e-63	1.882612e-90	1.882612e-90	6.494880e-83	4.866950e-50	2.371743e-76	2.240603e-62	1.882612e-90	2.273405e-04	1.767162e-46	0.000000e+00	0.000000e+00	5.010597e-51	1.882612e-90	0.000000e+00	1.277117e-39	8.419293e-01	1.882612e-90	4.553735e-16	0.000000e+00	1.882612e-90	1.882612e-90	1.882612e-90	4.003140e-62	1.882612e-90	0.000000e+00	0.000000e+00	1.882612e-90	0.000000e+00	0.000000e+00	0.000000e+00	0.000000e+00	0.000000e+00	0.000000e+00	0.000000e+00	2.284258e-67	1.882612e-90	0.000000e+00	0.000000e+00	0.000000e+00	0.000000e+00	0.000000e+00	0.000000e+00	0.000000e+00	0.000000e+00	0.000000e+00	0.000000e+00	0.000000e+00	0.000000e+00	0.000000e+00	0.000000e+00	0.000000e+00	0.000000e+00	0.000000e+00	0.000000e+00	0.000000e+00	0.000000e+00	0.000000e+00	0.000000e+00	0.000000e+00	0.000000e+00	0.000000e+00	0.000000e+00	0.000000e+00	0.000000e+00	0.000000e+00	0.000000e+00	0.000000e+00	0.000000e+00	0.000000e+00	0.000000e+00	0.000000e+00	0.000000e+00	0.000000e+00	0.000000e+00	0.000000e+00	0.000000e+00	0.000000e+00	0.000000e+00	
1391.602336	1386.782683	1396.421989	183.064798	1.456575e+01	1.882681e-90	0.000000e+00	1.946129e-58	5.878285e-78	0.000000e+00	0.000000e+00	8.446845e-03	1.882681e-90	1.165951e-03	6.122564e-66	1.882681e-90	1.882681e-90	1.882681e-90	1.882681e-90	0.000000e+00	1.882681e-90	1.882681e-90	1.882681e-90	1.882681e-90	8.665690e-46	4.973509e-03	2.437024e-53	0.000000e+00	0.000000e+00	0.000000e+00	1.882681e-90	1.882681e-90	0.000000e+00	4.005566e-54	0.000000e+00	0.000000e+00	0.000000e+00	0.000000e+00	0.000000e+00	0.000000e+00	0.000000e+00	5.760899e-61	1.882681e-90	1.882681e-90	7.245077e-81	7.574109e-49	1.623580e-74	5.554474e-61	1.882681e-90	2.273400e-04	2.226746e-45	0.000000e+00	0.000000e+00	1.355860e-49	1.882681e-90	0.000000e+00	2.060295e-38	8.419233e-01	1.882681e-90	2.447607e-15	0.000000e+00	1.882681e-90	1.882681e-90	1.882681e-90	1.281182e-60	1.882681e-90	0.000000e+00	0.000000e+00	1.882681e-90	0.000000e+00	0.000000e+00	0.000000e+00	0.000000e+00	0.000000e+00	0.000000e+00	0.000000e+00	1.550813e-65	1.882681e-90	0.000000e+00	0.000000e+00	0.000000e+00	0.000000e+00	0.000000e+00	0.000000e+00	0.000000e+00	0.000000e+00	0.000000e+00	0.000000e+00	0.000000e+00	0.000000e+00	0.000000e+00	0.000000e+00	0.000000e+00	0.000000e+00	0.000000e+00	0.000000e+00	0.000000e+00	0.000000e+00	0.000000e+00	0.000000e+00	0.000000e+00	0.000000e+00	0.000000e+00	0.000000e+00	0.000000e+00	0.000000e+00	0.000000e+00	0.000000e+00	0.000000e+00	0.000000e+00	0.000000e+00	0.000000e+00	0.000000e+00	0.000000e+00	0.000000e+00	0.000000e+00	0.000000e+00	0.000000e+00	0.000000e+00	0.000000e+00	
1401.386697	1396.421989	1406.351404	188.557935	1.195339e+01	1.882672e-90	0.000000e+00	1.304919e-56	1.330662e-75	0.000000e+00	0.000000e+00	8.446524e-03	1.882672e-90	1.166009e-03	6.228420e-64	1.882672e-90	1.882672e-90	1.882672e-90	1.882672e-90	0.000000e+00	1.882672e-90	1.882672e-90	1.882672e-90	1.882672e-90	6.026107e-44	4.973952e-03	1.248626e-51	0.000000e+00	0.000000e+00	0.000000e+00	1.882672e-90	1.882672e-90	0.000000e+00	2.150333e-52	0.000000e+00	0.000000e+00	0.000000e+00	0.000000e+00	0.000000e+00	0.000000e+00	0.000000e+00	1.025737e-58	1.882672e-90	1.882672e-90	2.505155e-78	2.242730e-47	3.058935e-72	2.966494e-59	1.882672e-90	2.273500e-04	5.162483e-44	0.000000e+00	0.000000e+00	7.736408e-48	1.882672e-90	0.000000e+00	6.157818e-37	8.419238e-01	1.882672e-90	1.846036e-14	0.000000e+00	1.882672e-90	1.882672e-90	1.882672e-90	9.528976e-59	2.123991e-90	0.000000e+00	0.000000e+00	1.882672e-90	0.000000e+00	0.000000e+00	0.000000e+00	0.000000e+00	0.000000e+00	0.000000e+00	0.000000e+00	2.798296e-63	6.497558e-90	0.000000e+00	0.000000e+00	0.000000e+00	0.000000e+00	0.000000e+00	0.000000e+00	0.000000e+00	0.000000e+00	0.000000e+00	0.000000e+00	0.000000e+00	0.000000e+00	0.000000e+00	0.000000e+00	0.000000e+00	0.000000e+00	0.000000e+00	0.000000e+00	0.000000e+00	0.000000e+00	0.000000e+00	0.000000e+00	0.000000e+00	0.000000e+00	0.000000e+00	0.000000e+00	0.000000e+00	0.000000e+00	0.000000e+00	0.000000e+00	0.000000e+00	0.000000e+00	0.000000e+00	0.000000e+00	0.000000e+00	0.000000e+00	0.000000e+00	0.000000e+00	0.000000e+00	0.000000e+00	0.000000e+00	0.000000e+00	
1411.457590	1406.351404	1416.563775	193.919865	9.809551e+00	1.882760e-90	0.000000e+00	6.368586e-55	1.993936e-73	0.000000e+00	0.000000e+00	8.446965e-03	1.882760e-90	1.166025e-03	4.455832e-62	1.882760e-90	1.882760e-90	1.882760e-90	1.882760e-90	0.000000e+00	1.882760e-90	1.882760e-90	1.882760e-90	1.882760e-90	3.152669e-42	4.974182e-03	4.828459e-50	0.000000e+00	0.000000e+00	0.000000e+00	1.882760e-90	1.789441e-88	0.000000e+00	8.692096e-51	0.000000e+00	0.000000e+00	0.000000e+00	0.000000e+00	0.000000e+00	0.000000e+00	0.000000e+00	1.278900e-56	1.882760e-90	1.882760e-90	5.598802e-76	5.216522e-46	3.917946e-70	1.198587e-57	1.882760e-90	2.273533e-04	9.457995e-43	0.000000e+00	0.000000e+00	3.393125e-46	8.932975e-90	0.000000e+00	1.487752e-35	8.419167e-01	1.882760e-90	1.248078e-13	0.000000e+00	1.882760e-90	1.882760e-90	1.882760e-90	5.118876e-57	1.505006e-87	0.000000e+00	0.000000e+00	1.882760e-90	0.000000e+00	0.000000e+00	0.000000e+00	0.000000e+00	0.000000e+00	0.000000e+00	0.000000e+00	3.554671e-61	3.783918e-88	0.000000e+00	0.000000e+00	0.000000e+00	0.000000e+00	0.000000e+00	0.000000e+00	0.000000e+00	0.000000e+00	0.000000e+00	0.000000e+00	0.000000e+00	0.000000e+00	0.000000e+00	0.000000e+00	0.000000e+00	0.000000e+00	0.000000e+00	0.000000e+00	0.000000e+00	0.000000e+00	0.000000e+00	0.000000e+00	0.000000e+00	0.000000e+00	0.000000e+00	0.000000e+00	0.000000e+00	0.000000e+00	0.000000e+00	0.000000e+00	0.000000e+00	0.000000e+00	0.000000e+00	0.000000e+00	0.000000e+00	0.000000e+00	0.000000e+00	0.000000e+00	0.000000e+00	0.000000e+00	0.000000e+00	0.000000e+00	
1421.771834	1416.563775	1426.979892	197.776950	8.050210e+00	1.882714e-90	0.000000e+00	9.476956e-54	6.405914e-72	0.000000e+00	0.000000e+00	8.447320e-03	1.882714e-90	1.166054e-03	8.611276e-61	1.882714e-90	1.882714e-90	1.882714e-90	1.882714e-90	0.000000e+00	1.882714e-90	1.882714e-90	1.882714e-90	1.882714e-90	5.438674e-41	4.974521e-03	6.344058e-49	0.000000e+00	0.000000e+00	0.000000e+00	1.882714e-90	2.444753e-86	0.000000e+00	1.178246e-49	0.000000e+00	0.000000e+00	0.000000e+00	0.000000e+00	0.000000e+00	0.000000e+00	0.000000e+00	4.007286e-55	1.882714e-90	1.882714e-90	2.443116e-74	4.828328e-45	1.168817e-68	1.627818e-56	1.882714e-90	2.273569e-04	7.183142e-42	0.000000e+00	0.000000e+00	5.203909e-45	1.218879e-87	0.000000e+00	1.515432e-34	8.419191e-01	1.882714e-90	5.294492e-13	0.000000e+00	1.882714e-90	1.882714e-90	1.882714e-90	8.137570e-56	1.502076e-85	0.000000e+00	0.000000e+00	1.882714e-90	0.000000e+00	0.000000e+00	0.000000e+00	0.000000e+00	0.000000e+00	0.000000e+00	0.000000e+00	1.132099e-59	6.267914e-87	0.000000e+00	0.000000e+00	0.000000e+00	0.000000e+00	0.000000e+00	0.000000e+00	0.000000e+00	0.000000e+00	0.000000e+00	0.000000e+00	0.000000e+00	0.000000e+00	0.000000e+00	0.000000e+00	0.000000e+00	0.000000e+00	0.000000e+00	0.000000e+00	0.000000e+00	0.000000e+00	0.000000e+00	0.000000e+00	0.000000e+00	0.000000e+00	0.000000e+00	0.000000e+00	0.000000e+00	0.000000e+00	0.000000e+00	0.000000e+00	0.000000e+00	0.000000e+00	0.000000e+00	0.000000e+00	0.000000e+00	0.000000e+00	0.000000e+00	0.000000e+00	0.000000e+00	0.000000e+00	0.000000e+00	0.000000e+00	
1432.243968	1426.979892	1437.508043	199.894126	6.606406e+00	1.882546e-90	0.000000e+00	4.183573e-53	4.259977e-71	0.000000e+00	0.000000e+00	8.446108e-03	1.882546e-90	1.165945e-03	4.367221e-60	1.882546e-90	1.882546e-90	1.882546e-90	1.882546e-90	0.000000e+00	1.882546e-90	1.882546e-90	1.882546e-90	1.882546e-90	2.989063e-40	4.973386e-03	2.747250e-48	0.000000e+00	0.000000e+00	0.000000e+00	1.882546e-90	4.046685e-85	0.000000e+00	5.188656e-49	0.000000e+00	0.000000e+00	0.000000e+00	0.000000e+00	0.000000e+00	0.000000e+00	0.000000e+00	3.027741e-54	1.882546e-90	1.882546e-90	2.003541e-73	1.734385e-44	7.830497e-68	7.181455e-56	1.882546e-90	2.273290e-04	2.215573e-41	0.000000e+00	0.000000e+00	2.688946e-44	2.014620e-86	0.000000e+00	6.296420e-34	8.419344e-01	1.882546e-90	1.379163e-12	0.000000e+00	1.882546e-90	1.882546e-90	1.882546e-90	3.720190e-55	2.006805e-84	0.000000e+00	0.000000e+00	1.882546e-90	0.000000e+00	0.000000e+00	0.000000e+00	0.000000e+00	0.000000e+00	0.000000e+00	0.000000e+00	8.636578e-59	2.810707e-86	0.000000e+00	0.000000e+00	0.000000e+00	0.000000e+00	0.000000e+00	0.000000e+00	0.000000e+00	0.000000e+00	0.000000e+00	0.000000e+00	0.000000e+00	0.000000e+00	0.000000e+00	0.000000e+00	0.000000e+00	0.000000e+00	0.000000e+00	0.000000e+00	0.000000e+00	0.000000e+00	0.000000e+00	0.000000e+00	0.000000e+00	0.000000e+00	0.000000e+00	0.000000e+00	0.000000e+00	0.000000e+00	0.000000e+00	0.000000e+00	0.000000e+00	0.000000e+00	0.000000e+00	0.000000e+00	0.000000e+00	0.000000e+00	0.000000e+00	0.000000e+00	0.000000e+00	0.000000e+00	0.000000e+00	0.000000e+00	
1442.802963	1437.508043	1448.097883	201.057137	5.421549e+00	1.882686e-90	0.000000e+00	9.768970e-53	1.241507e-70	0.000000e+00	0.000000e+00	8.446663e-03	1.882686e-90	1.165963e-03	1.099180e-59	1.882686e-90	7.290995e-90	1.882686e-90	1.882686e-90	0.000000e+00	1.882686e-90	1.882686e-90	1.882686e-90	1.882686e-90	9.014111e-40	4.973819e-03	6.649138e-48	0.000000e+00	0.000000e+00	0.000000e+00	1.882686e-90	2.214833e-84	0.000000e+00	1.267424e-48	0.000000e+00	0.000000e+00	0.000000e+00	0.000000e+00	0.000000e+00	0.000000e+00	0.000000e+00	1.084467e-53	1.882686e-90	1.882686e-90	6.843665e-73	3.793326e-44	2.398641e-67	1.756309e-55	1.882686e-90	2.273395e-04	4.262672e-41	0.000000e+00	0.000000e+00	7.846773e-44	1.101379e-85	0.000000e+00	1.633181e-33	8.419227e-01	1.882686e-90	2.777895e-12	0.000000e+00	1.882686e-90	1.882686e-90	1.882686e-90	8.854971e-55	9.345059e-84	0.000000e+00	0.000000e+00	1.882686e-90	0.000000e+00	0.000000e+00	0.000000e+00	0.000000e+00	0.000000e+00	0.000000e+00	0.000000e+00	3.111147e-58	6.340571e-86	0.000000e+00	0.000000e+00	0.000000e+00	0.000000e+00	0.000000e+00	0.000000e+00	0.000000e+00	0.000000e+00	0.000000e+00	0.000000e+00	0.000000e+00	0.000000e+00	0.000000e+00	0.000000e+00	0.000000e+00	0.000000e+00	0.000000e+00	0.000000e+00	0.000000e+00	0.000000e+00	0.000000e+00	0.000000e+00	0.000000e+00	0.000000e+00	0.000000e+00	0.000000e+00	0.000000e+00	0.000000e+00	0.000000e+00	0.000000e+00	0.000000e+00	0.000000e+00	0.000000e+00	0.000000e+00	0.000000e+00	0.000000e+00	0.000000e+00	0.000000e+00	0.000000e+00	0.000000e+00	0.000000e+00	0.000000e+00	
1453.416812	1448.097883	1458.735742	201.960592	4.449195e+00	1.882645e-90	0.000000e+00	1.918695e-52	2.891286e-70	0.000000e+00	0.000000e+00	8.446865e-03	1.882645e-90	1.165876e-03	2.286651e-59	1.882645e-90	2.659922e-89	1.882645e-90	1.882645e-90	0.000000e+00	1.882645e-90	1.882645e-90	1.882645e-90	1.882645e-90	2.308380e-39	4.973506e-03	1.373440e-47	0.000000e+00	0.000000e+00	0.000000e+00	1.882645e-90	8.969109e-84	0.000000e+00	2.636410e-48	0.000000e+00	0.000000e+00	0.000000e+00	0.000000e+00	0.000000e+00	0.000000e+00	0.000000e+00	3.169870e-53	1.882645e-90	1.882645e-90	1.842431e-72	7.248857e-44	5.938825e-67	3.657787e-55	1.882645e-90	2.273463e-04	7.213571e-41	0.000000e+00	0.000000e+00	1.959538e-43	4.456163e-85	0.000000e+00	3.725118e-33	8.419263e-01	1.882645e-90	5.215889e-12	0.000000e+00	1.882645e-90	1.882645e-90	1.882645e-90	1.764752e-54	3.266704e-83	0.000000e+00	0.000000e+00	1.882645e-90	0.000000e+00	0.000000e+00	0.000000e+00	0.000000e+00	0.000000e+00	0.000000e+00	0.000000e+00	9.134921e-58	1.186044e-85	0.000000e+00	0.000000e+00	0.000000e+00	0.000000e+00	0.000000e+00	0.000000e+00	0.000000e+00	0.000000e+00	0.000000e+00	0.000000e+00	0.000000e+00	0.000000e+00	0.000000e+00	0.000000e+00	0.000000e+00	0.000000e+00	0.000000e+00	0.000000e+00	0.000000e+00	0.000000e+00	0.000000e+00	0.000000e+00	0.000000e+00	0.000000e+00	0.000000e+00	0.000000e+00	0.000000e+00	0.000000e+00	0.000000e+00	0.000000e+00	0.000000e+00	0.000000e+00	0.000000e+00	0.000000e+00	0.000000e+00	0.000000e+00	0.000000e+00	0.000000e+00	0.000000e+00	0.000000e+00	0.000000e+00	0.000000e+00	
1464.079586	1458.735742	1469.423430	202.898755	3.651233e+00	1.882640e-90	0.000000e+00	3.832338e-52	6.880917e-70	0.000000e+00	0.000000e+00	8.446315e-03	1.882640e-90	1.165958e-03	4.846232e-59	1.882640e-90	9.993078e-89	1.882640e-90	1.882640e-90	0.000000e+00	1.882640e-90	1.882640e-90	1.882640e-90	1.882640e-90	6.008262e-39	4.973899e-03	2.881666e-47	0.000000e+00	0.000000e+00	0.000000e+00	1.882640e-90	3.742177e-83	0.000000e+00	5.573104e-48	0.000000e+00	0.000000e+00	0.000000e+00	0.000000e+00	0.000000e+00	0.000000e+00	0.000000e+00	9.456143e-53	1.882640e-90	1.882640e-90	5.075842e-72	1.403472e-43	1.501016e-66	7.738353e-55	1.882640e-90	2.273345e-04	1.235941e-40	0.000000e+00	0.000000e+00	4.970300e-43	1.856921e-84	0.000000e+00	8.607211e-33	8.419269e-01	1.882640e-90	9.867429e-12	0.000000e+00	1.882640e-90	1.882640e-90	1.882640e-90	3.578764e-54	1.174475e-82	0.000000e+00	0.000000e+00	1.882640e-90	0.000000e+00	0.000000e+00	0.000000e+00	0.000000e+00	0.000000e+00	0.000000e+00	0.000000e+00	2.737908e-57	2.260113e-85	0.000000e+00	0.000000e+00	0.000000e+00	0.000000e+00	0.000000e+00	0.000000e+00	0.000000e+00	0.000000e+00	0.000000e+00	0.000000e+00	0.000000e+00	0.000000e+00	0.000000e+00	0.000000e+00	0.000000e+00	0.000000e+00	0.000000e+00	0.000000e+00	0.000000e+00	0.000000e+00	0.000000e+00	0.000000e+00	0.000000e+00	0.000000e+00	0.000000e+00	0.000000e+00	0.000000e+00	0.000000e+00	0.000000e+00	0.000000e+00	0.000000e+00	0.000000e+00	0.000000e+00	0.000000e+00	0.000000e+00	0.000000e+00	0.000000e+00	0.000000e+00	0.000000e+00	0.000000e+00	0.000000e+00	0.000000e+00	
1474.799403	1469.423430	1480.175376	204.114416	2.996385e+00	1.882723e-90	0.000000e+00	9.049947e-52	2.034503e-69	0.000000e+00	0.000000e+00	8.446627e-03	1.882723e-90	1.166010e-03	1.234685e-58	1.882723e-90	5.019416e-88	1.882723e-90	1.882723e-90	0.000000e+00	1.882723e-90	1.882723e-90	1.882723e-90	1.882723e-90	1.833352e-38	4.974036e-03	7.051181e-47	0.000000e+00	0.000000e+00	0.000000e+00	1.882723e-90	2.090942e-82	0.000000e+00	1.376637e-47	0.000000e+00	0.000000e+00	0.000000e+00	0.000000e+00	0.000000e+00	0.000000e+00	0.000000e+00	3.436474e-52	1.882723e-90	1.882723e-90	1.760965e-71	3.098514e-43	4.663721e-66	1.914780e-54	1.882723e-90	2.273565e-04	2.397925e-40	0.000000e+00	0.000000e+00	1.467801e-42	1.035965e-83	0.000000e+00	2.255209e-32	8.419199e-01	1.882723e-90	1.999849e-11	0.000000e+00	1.882723e-90	1.882723e-90	1.882723e-90	8.616768e-54	5.575685e-82	0.000000e+00	0.000000e+00	1.882723e-90	0.000000e+00	0.000000e+00	0.000000e+00	0.000000e+00	0.000000e+00	0.000000e+00	0.000000e+00	1.001348e-56	5.175911e-85	0.000000e+00	0.000000e+00	0.000000e+00	0.000000e+00	0.000000e+00	0.000000e+00	0.000000e+00	0.000000e+00	0.000000e+00	0.000000e+00	0.000000e+00	0.000000e+00	0.000000e+00	0.000000e+00	0.000000e+00	0.000000e+00	0.000000e+00	0.000000e+00	0.000000e+00	0.000000e+00	0.000000e+00	0.000000e+00	0.000000e+00	0.000000e+00	0.000000e+00	0.000000e+00	0.000000e+00	0.000000e+00	0.000000e+00	0.000000e+00	0.000000e+00	0.000000e+00	0.000000e+00	0.000000e+00	0.000000e+00	0.000000e+00	0.000000e+00	0.000000e+00	0.000000e+00	0.000000e+00	0.000000e+00	0.000000e+00	
1485.594245	1480.175376	1491.013114	205.737939	2.458984e+00	1.882746e-90	0.000000e+00	2.720633e-51	8.223503e-69	0.000000e+00	0.000000e+00	8.446638e-03	1.882746e-90	1.166012e-03	4.101398e-58	1.882746e-90	3.831665e-87	1.882746e-90	1.882746e-90	0.000000e+00	1.882746e-90	1.882746e-90	1.882746e-90	1.882746e-90	7.036005e-38	4.974143e-03	2.153550e-46	0.000000e+00	0.000000e+00	0.000000e+00	1.882746e-90	1.780563e-81	0.000000e+00	4.257635e-47	0.000000e+00	0.000000e+00	0.000000e+00	0.000000e+00	0.000000e+00	0.000000e+00	0.000000e+00	1.660404e-51	1.882746e-90	1.882746e-90	8.515215e-71	8.261562e-43	1.950475e-65	5.935722e-54	1.882746e-90	2.273584e-04	5.563763e-40	0.000000e+00	0.000000e+00	5.396666e-42	8.800582e-83	0.000000e+00	7.083163e-32	8.419178e-01	1.882746e-90	4.477415e-11	0.000000e+00	1.882746e-90	1.882746e-90	1.882746e-90	2.657485e-53	3.951642e-81	0.000000e+00	0.000000e+00	1.882746e-90	0.000000e+00	0.000000e+00	0.000000e+00	0.000000e+00	0.000000e+00	0.000000e+00	0.000000e+00	4.880523e-56	1.544209e-84	0.000000e+00	0.000000e+00	0.000000e+00	0.000000e+00	0.000000e+00	0.000000e+00	0.000000e+00	0.000000e+00	0.000000e+00	0.000000e+00	0.000000e+00	0.000000e+00	0.000000e+00	0.000000e+00	0.000000e+00	0.000000e+00	0.000000e+00	0.000000e+00	0.000000e+00	0.000000e+00	0.000000e+00	0.000000e+00	0.000000e+00	0.000000e+00	0.000000e+00	0.000000e+00	0.000000e+00	0.000000e+00	0.000000e+00	0.000000e+00	0.000000e+00	0.000000e+00	0.000000e+00	0.000000e+00	0.000000e+00	0.000000e+00	0.000000e+00	0.000000e+00	0.000000e+00	0.000000e+00	0.000000e+00	0.000000e+00	
1496.487468	1491.013114	1501.961822	207.839737	2.017966e+00	1.882695e-90	0.000000e+00	1.073950e-50	4.729998e-68	0.000000e+00	0.000000e+00	8.446717e-03	1.882695e-90	1.165966e-03	1.837690e-57	1.882695e-90	4.692544e-86	1.882695e-90	1.882695e-90	0.000000e+00	1.882695e-90	1.882695e-90	1.882695e-90	1.882695e-90	3.499850e-37	4.974113e-03	8.449765e-46	0.000000e+00	0.000000e+00	0.000000e+00	1.882695e-90	2.440585e-80	0.000000e+00	1.697603e-46	0.000000e+00	0.000000e+00	0.000000e+00	0.000000e+00	0.000000e+00	0.000000e+00	0.000000e+00	1.107066e-50	1.882695e-90	1.882695e-90	5.989336e-70	2.726513e-42	1.141016e-64	2.374679e-53	1.882695e-90	2.273509e-04	1.579762e-39	0.000000e+00	0.000000e+00	2.543318e-41	1.201996e-81	0.000000e+00	2.732230e-31	8.419216e-01	1.882695e-90	1.122523e-10	0.000000e+00	1.882695e-90	1.882695e-90	1.882695e-90	1.083677e-52	4.403347e-80	0.000000e+00	0.000000e+00	1.882695e-90	0.000000e+00	0.000000e+00	0.000000e+00	0.000000e+00	0.000000e+00	0.000000e+00	0.000000e+00	3.292269e-55	6.219166e-84	0.000000e+00	0.000000e+00	0.000000e+00	0.000000e+00	0.000000e+00	0.000000e+00	0.000000e+00	0.000000e+00	0.000000e+00	0.000000e+00	0.000000e+00	0.000000e+00	0.000000e+00	0.000000e+00	0.000000e+00	0.000000e+00	0.000000e+00	0.000000e+00	0.000000e+00	0.000000e+00	0.000000e+00	0.000000e+00	0.000000e+00	0.000000e+00	0.000000e+00	0.000000e+00	0.000000e+00	0.000000e+00	0.000000e+00	0.000000e+00	0.000000e+00	0.000000e+00	0.000000e+00	0.000000e+00	0.000000e+00	0.000000e+00	0.000000e+00	0.000000e+00	0.000000e+00	0.000000e+00	0.000000e+00	0.000000e+00	
1507.506787	1501.961822	1513.051753	210.517676	1.656044e+00	1.882674e-90	0.000000e+00	5.798282e-50	4.081207e-67	0.000000e+00	0.000000e+00	8.446834e-03	1.882674e-90	1.165960e-03	1.161494e-56	1.882674e-90	9.901650e-85	1.882674e-90	1.882674e-90	0.000000e+00	1.882674e-90	1.882674e-90	1.882674e-90	1.882674e-90	2.347620e-36	4.973911e-03	4.424195e-45	0.000000e+00	0.000000e+00	0.000000e+00	1.882674e-90	5.787040e-79	0.000000e+00	9.069694e-46	0.000000e+00	0.000000e+00	0.000000e+00	0.000000e+00	0.000000e+00	0.000000e+00	0.000000e+00	1.069913e-49	1.882674e-90	1.882674e-90	6.482011e-69	1.150447e-41	9.820829e-64	1.274954e-52	1.882674e-90	2.273470e-04	5.658037e-39	0.000000e+00	0.000000e+00	1.596558e-40	2.835583e-80	0.000000e+00	1.336426e-30	8.419235e-01	1.882674e-90	3.209011e-10	0.000000e+00	1.882674e-90	1.882674e-90	1.882674e-90	6.092640e-52	8.259627e-79	0.000000e+00	0.000000e+00	1.882674e-90	0.000000e+00	0.000000e+00	0.000000e+00	0.000000e+00	0.000000e+00	0.000000e+00	0.000000e+00	3.231444e-54	3.543738e-83	0.000000e+00	0.000000e+00	0.000000e+00	0.000000e+00	0.000000e+00	0.000000e+00	0.000000e+00	0.000000e+00	0.000000e+00	0.000000e+00	0.000000e+00	0.000000e+00	0.000000e+00	0.000000e+00	0.000000e+00	0.000000e+00	0.000000e+00	0.000000e+00	0.000000e+00	0.000000e+00	0.000000e+00	0.000000e+00	0.000000e+00	0.000000e+00	0.000000e+00	0.000000e+00	0.000000e+00	0.000000e+00	0.000000e+00	0.000000e+00	0.000000e+00	0.000000e+00	0.000000e+00	0.000000e+00	0.000000e+00	0.000000e+00	0.000000e+00	0.000000e+00	0.000000e+00	0.000000e+00	0.000000e+00	0.000000e+00	
1518.683376	1513.051753	1524.315000	213.805577	1.359033e+00	1.882639e-90	0.000000e+00	4.260727e-49	5.248392e-66	0.000000e+00	0.000000e+00	8.446792e-03	1.882639e-90	1.165822e-03	1.029587e-55	1.882639e-90	3.571403e-83	1.882639e-90	1.882639e-90	0.000000e+00	1.882639e-90	1.882639e-90	1.882639e-90	1.882639e-90	2.116347e-35	4.973776e-03	3.079642e-44	0.000000e+00	0.000000e+00	0.000000e+00	1.882639e-90	2.356688e-77	0.000000e+00	6.469571e-45	0.000000e+00	0.000000e+00	0.000000e+00	0.000000e+00	0.000000e+00	0.000000e+00	0.000000e+00	1.491989e-48	1.882639e-90	1.882639e-90	1.072190e-67	6.185780e-41	1.236611e-62	9.155522e-52	1.882639e-90	2.273462e-04	2.546895e-38	0.000000e+00	0.000000e+00	1.331535e-39	1.146469e-78	0.000000e+00	8.274117e-30	8.419266e-01	1.882639e-90	1.045288e-09	0.000000e+00	1.882639e-90	1.882639e-90	1.882639e-90	4.699284e-51	2.588885e-77	0.000000e+00	0.000000e+00	1.882639e-90	0.000000e+00	0.000000e+00	0.000000e+00	0.000000e+00	0.000000e+00	0.000000e+00	0.000000e+00	4.596519e-53	2.849694e-82	0.000000e+00	0.000000e+00	0.000000e+00	0.000000e+00	0.000000e+00	0.000000e+00	0.000000e+00	0.000000e+00	0.000000e+00	0.000000e+00	0.000000e+00	0.000000e+00	0.000000e+00	0.000000e+00	0.000000e+00	0.000000e+00	0.000000e+00	0.000000e+00	0.000000e+00	0.000000e+00	0.000000e+00	0.000000e+00	0.000000e+00	0.000000e+00	0.000000e+00	0.000000e+00	0.000000e+00	0.000000e+00	0.000000e+00	0.000000e+00	0.000000e+00	0.000000e+00	0.000000e+00	0.000000e+00	0.000000e+00	0.000000e+00	0.000000e+00	0.000000e+00	0.000000e+00	0.000000e+00	0.000000e+00	0.000000e+00	
1530.040998	1524.315000	1535.766995	217.383964	1.115291e+00	1.882653e-90	0.000000e+00	3.472505e-48	7.716460e-65	0.000000e+00	0.000000e+00	8.446774e-03	1.882653e-90	1.165934e-03	1.022328e-54	1.882653e-90	1.545163e-81	1.882653e-90	1.882653e-90	0.000000e+00	5.451067e-89	1.882653e-90	1.882653e-90	1.882653e-90	2.112309e-34	4.973520e-03	2.362470e-43	0.000000e+00	0.000000e+00	0.000000e+00	1.882653e-90	1.153778e-75	0.000000e+00	5.094239e-44	0.000000e+00	0.000000e+00	0.000000e+00	0.000000e+00	0.000000e+00	0.000000e+00	0.000000e+00	2.360272e-47	1.882653e-90	1.882653e-90	2.045298e-66	3.611779e-40	1.770733e-61	7.268139e-51	5.822028e-90	2.273396e-04	1.237945e-37	0.000000e+00	0.000000e+00	1.226222e-38	5.563294e-77	0.000000e+00	5.565673e-29	8.419254e-01	1.882653e-90	3.570682e-09	0.000000e+00	1.882653e-90	1.882653e-90	1.882653e-90	4.030937e-50	9.657044e-76	0.000000e+00	0.000000e+00	1.882653e-90	0.000000e+00	0.000000e+00	0.000000e+00	0.000000e+00	0.000000e+00	0.000000e+00	0.000000e+00	7.437273e-52	2.588229e-81	0.000000e+00	0.000000e+00	0.000000e+00	0.000000e+00	0.000000e+00	0.000000e+00	0.000000e+00	0.000000e+00	0.000000e+00	0.000000e+00	0.000000e+00	0.000000e+00	0.000000e+00	0.000000e+00	0.000000e+00	0.000000e+00	0.000000e+00	0.000000e+00	0.000000e+00	0.000000e+00	0.000000e+00	0.000000e+00	0.000000e+00	0.000000e+00	0.000000e+00	0.000000e+00	0.000000e+00	0.000000e+00	0.000000e+00	0.000000e+00	0.000000e+00	0.000000e+00	0.000000e+00	0.000000e+00	0.000000e+00	0.000000e+00	0.000000e+00	0.000000e+00	0.000000e+00	0.000000e+00	0.000000e+00	0.000000e+00	
1541.579797	1535.766995	1547.392598	220.676730	9.152635e-01	1.882668e-90	0.000000e+00	2.280849e-47	8.576759e-64	0.000000e+00	0.000000e+00	8.446042e-03	1.882668e-90	1.165938e-03	8.004027e-54	4.376093e-89	4.603655e-80	1.882668e-90	1.882668e-90	0.000000e+00	1.580551e-87	1.882668e-90	1.882668e-90	1.882668e-90	1.721355e-33	4.973887e-03	1.488523e-42	0.000000e+00	0.000000e+00	0.000000e+00	1.882668e-90	3.885349e-74	0.000000e+00	3.287021e-43	0.000000e+00	0.000000e+00	0.000000e+00	0.000000e+00	0.000000e+00	0.000000e+00	0.000000e+00	2.901480e-46	1.882668e-90	1.882668e-90	2.899699e-65	1.782896e-39	1.945007e-60	4.726295e-50	1.191466e-88	2.273344e-04	5.127666e-37	0.000000e+00	0.000000e+00	9.313234e-38	1.856419e-75	0.000000e+00	3.194023e-28	8.419250e-01	1.882668e-90	1.118709e-08	0.000000e+00	1.882668e-90	1.882668e-90	1.882668e-90	2.771756e-49	2.521266e-74	0.000000e+00	0.000000e+00	1.882668e-90	0.000000e+00	0.000000e+00	0.000000e+00	0.000000e+00	0.000000e+00	0.000000e+00	0.000000e+00	9.340488e-51	1.864606e-80	0.000000e+00	0.000000e+00	0.000000e+00	0.000000e+00	0.000000e+00	0.000000e+00	0.000000e+00	0.000000e+00	0.000000e+00	0.000000e+00	0.000000e+00	0.000000e+00	0.000000e+00	0.000000e+00	0.000000e+00	0.000000e+00	0.000000e+00	0.000000e+00	0.000000e+00	0.000000e+00	0.000000e+00	0.000000e+00	0.000000e+00	0.000000e+00	0.000000e+00	0.000000e+00	0.000000e+00	0.000000e+00	0.000000e+00	0.000000e+00	0.000000e+00	0.000000e+00	0.000000e+00	0.000000e+00	0.000000e+00	0.000000e+00	0.000000e+00	0.000000e+00	0.000000e+00	0.000000e+00	0.000000e+00	0.000000e+00	
1553.274546	1547.392598	1559.156493	223.301216	7.511111e-01	1.882651e-90	0.000000e+00	1.005316e-46	5.686789e-63	0.000000e+00	0.000000e+00	8.446354e-03	1.882651e-90	1.165885e-03	4.041682e-53	9.040506e-88	6.867670e-79	1.882651e-90	1.882651e-90	0.000000e+00	2.257403e-86	1.882651e-90	1.882651e-90	1.882651e-90	9.602856e-33	4.973820e-03	6.501799e-42	0.000000e+00	0.000000e+00	0.000000e+00	1.882651e-90	6.519970e-73	0.000000e+00	1.462556e-42	0.000000e+00	0.000000e+00	0.000000e+00	0.000000e+00	0.000000e+00	0.000000e+00	0.000000e+00	2.227203e-45	1.882651e-90	1.882651e-90	2.374640e-64	6.441462e-39	1.307336e-59	2.117723e-49	1.301344e-87	2.273354e-04	1.580127e-36	0.000000e+00	0.000000e+00	4.923653e-37	3.091322e-74	0.000000e+00	1.358593e-27	8.419255e-01	1.882651e-90	2.972512e-08	0.000000e+00	1.882651e-90	1.882651e-90	1.882651e-90	1.265878e-48	3.394667e-73	0.000000e+00	0.000000e+00	1.882651e-90	0.000000e+00	0.000000e+00	0.000000e+00	0.000000e+00	0.000000e+00	0.000000e+00	0.000000e+00	7.297350e-50	8.678557e-80	0.000000e+00	0.000000e+00	0.000000e+00	0.000000e+00	0.000000e+00	0.000000e+00	0.000000e+00	0.000000e+00	0.000000e+00	0.000000e+00	0.000000e+00	0.000000e+00	0.000000e+00	0.000000e+00	0.000000e+00	0.000000e+00	0.000000e+00	0.000000e+00	0.000000e+00	0.000000e+00	0.000000e+00	0.000000e+00	0.000000e+00	0.000000e+00	0.000000e+00	0.000000e+00	0.000000e+00	0.000000e+00	0.000000e+00	0.000000e+00	0.000000e+00	0.000000e+00	0.000000e+00	0.000000e+00	0.000000e+00	0.000000e+00	0.000000e+00	0.000000e+00	0.000000e+00	0.000000e+00	0.000000e+00	0.000000e+00	
1565.090791	1559.156493	1571.025089	225.287663	6.163995e-01	1.882626e-90	0.000000e+00	3.098759e-46	2.372677e-62	0.000000e+00	0.000000e+00	8.446412e-03	1.882626e-90	1.165739e-03	1.377602e-52	9.472766e-87	5.505714e-78	1.882626e-90	1.882626e-90	0.000000e+00	1.707748e-85	1.882626e-90	1.882626e-90	1.882626e-90	3.809716e-32	4.973957e-03	2.043473e-41	0.000000e+00	0.000000e+00	0.000000e+00	1.882626e-90	5.854627e-72	0.000000e+00	4.660993e-42	0.000000e+00	0.000000e+00	0.000000e+00	0.000000e+00	0.000000e+00	0.000000e+00	0.000000e+00	1.119606e-44	1.882626e-90	1.882626e-90	1.188786e-63	1.758148e-38	5.654354e-59	6.785157e-49	8.077767e-87	2.273243e-04	3.734847e-36	0.000000e+00	0.000000e+00	1.877857e-36	2.758678e-73	0.000000e+00	4.410071e-27	8.419276e-01	1.882626e-90	6.803591e-08	0.000000e+00	1.882626e-90	1.882626e-90	1.882626e-90	4.006332e-48	2.522526e-72	0.000000e+00	0.000000e+00	1.882626e-90	0.000000e+00	0.000000e+00	0.000000e+00	0.000000e+00	0.000000e+00	0.000000e+00	0.000000e+00	3.718428e-49	2.721487e-79	0.000000e+00	0.000000e+00	0.000000e+00	0.000000e+00	0.000000e+00	0.000000e+00	0.000000e+00	0.000000e+00	0.000000e+00	0.000000e+00	0.000000e+00	0.000000e+00	0.000000e+00	0.000000e+00	0.000000e+00	0.000000e+00	0.000000e+00	0.000000e+00	0.000000e+00	0.000000e+00	0.000000e+00	0.000000e+00	0.000000e+00	0.000000e+00	0.000000e+00	0.000000e+00	0.000000e+00	0.000000e+00	0.000000e+00	0.000000e+00	0.000000e+00	0.000000e+00	0.000000e+00	0.000000e+00	0.000000e+00	0.000000e+00	0.000000e+00	0.000000e+00	0.000000e+00	0.000000e+00	0.000000e+00	0.000000e+00	
1576.999827	1571.025089	1582.974565	226.819708	5.058484e-01	1.882686e-90	0.000000e+00	7.461430e-46	7.189997e-62	0.000000e+00	0.000000e+00	8.446594e-03	1.882686e-90	1.165737e-03	3.580390e-52	6.210811e-86	2.874716e-77	1.882686e-90	1.882686e-90	0.000000e+00	8.331082e-85	1.882686e-90	1.882686e-90	1.882686e-90	1.193943e-31	4.973622e-03	5.115364e-41	0.000000e+00	0.000000e+00	0.000000e+00	1.882686e-90	3.411827e-71	0.000000e+00	1.179093e-41	0.000000e+00	0.000000e+00	0.000000e+00	0.000000e+00	0.000000e+00	0.000000e+00	0.000000e+00	4.200475e-44	1.882686e-90	1.882686e-90	4.237288e-63	3.954629e-38	1.803890e-58	1.724315e-48	3.393253e-86	2.273393e-04	7.351596e-36	0.000000e+00	0.000000e+00	5.713800e-36	1.600015e-72	0.000000e+00	1.187124e-26	8.419234e-01	1.882686e-90	1.404699e-07	0.000000e+00	7.588570e-90	1.882686e-90	1.882686e-90	9.841525e-48	1.243090e-71	0.000000e+00	0.000000e+00	1.882686e-90	0.000000e+00	0.000000e+00	0.000000e+00	0.000000e+00	0.000000e+00	0.000000e+00	0.000000e+00	1.409942e-48	6.493691e-79	0.000000e+00	0.000000e+00	0.000000e+00	0.000000e+00	0.000000e+00	0.000000e+00	0.000000e+00	0.000000e+00	0.000000e+00	0.000000e+00	0.000000e+00	0.000000e+00	0.000000e+00	0.000000e+00	0.000000e+00	0.000000e+00	0.000000e+00	0.000000e+00	0.000000e+00	0.000000e+00	0.000000e+00	0.000000e+00	0.000000e+00	0.000000e+00	0.000000e+00	0.000000e+00	0.000000e+00	0.000000e+00	0.000000e+00	0.000000e+00	0.000000e+00	0.000000e+00	0.000000e+00	0.000000e+00	0.000000e+00	0.000000e+00	0.000000e+00	0.000000e+00	0.000000e+00	0.000000e+00	0.000000e+00	0.000000e+00	
1588.978311	1582.974565	1594.982057	227.921825	4.151246e-01	1.882701e-90	0.000000e+00	1.434298e-45	1.627529e-61	0.000000e+00	0.000000e+00	8.446232e-03	1.882701e-90	1.165467e-03	7.264670e-52	2.651605e-85	1.014435e-76	1.882701e-90	1.882701e-90	0.000000e+00	2.722267e-84	1.882701e-90	1.882701e-90	1.882701e-90	3.016555e-31	4.973647e-03	1.040312e-40	0.000000e+00	0.000000e+00	0.000000e+00	1.882701e-90	1.340176e-70	0.000000e+00	2.416252e-41	0.000000e+00	0.000000e+00	0.000000e+00	0.000000e+00	0.000000e+00	0.000000e+00	0.000000e+00	1.205977e-43	1.882701e-90	1.882701e-90	1.107761e-62	7.452598e-38	4.358407e-58	3.544533e-48	9.973146e-86	2.273444e-04	1.224442e-35	0.000000e+00	0.000000e+00	1.413784e-35	6.262448e-72	0.000000e+00	2.692135e-26	8.419222e-01	1.882701e-90	2.636606e-07	0.000000e+00	2.730600e-89	1.882701e-90	1.882701e-90	1.919016e-47	4.211087e-71	0.000000e+00	0.000000e+00	1.882701e-90	0.000000e+00	0.000000e+00	0.000000e+00	0.000000e+00	0.000000e+00	0.000000e+00	0.000000e+00	4.079055e-48	1.205906e-78	0.000000e+00	0.000000e+00	0.000000e+00	0.000000e+00	0.000000e+00	0.000000e+00	0.000000e+00	0.000000e+00	0.000000e+00	0.000000e+00	0.000000e+00	0.000000e+00	0.000000e+00	0.000000e+00	0.000000e+00	0.000000e+00	0.000000e+00	0.000000e+00	0.000000e+00	0.000000e+00	0.000000e+00	0.000000e+00	0.000000e+00	0.000000e+00	0.000000e+00	0.000000e+00	0.000000e+00	0.000000e+00	0.000000e+00	0.000000e+00	0.000000e+00	0.000000e+00	0.000000e+00	0.000000e+00	0.000000e+00	0.000000e+00	0.000000e+00	0.000000e+00	0.000000e+00	0.000000e+00	0.000000e+00	0.000000e+00	
1601.001775	1594.982057	1607.021492	228.527189	3.406721e-01	1.882607e-90	0.000000e+00	2.142440e-45	2.657542e-61	0.000000e+00	0.000000e+00	8.445782e-03	1.882607e-90	1.165013e-03	1.117260e-51	6.999778e-85	2.308115e-76	1.882607e-90	1.882607e-90	0.000000e+00	5.678444e-84	1.882607e-90	1.882607e-90	1.882607e-90	5.985114e-31	4.973618e-03	1.676070e-40	0.000000e+00	0.000000e+00	0.000000e+00	1.882607e-90	3.382412e-70	0.000000e+00	3.909205e-41	0.000000e+00	0.000000e+00	0.000000e+00	0.000000e+00	0.000000e+00	0.000000e+00	0.000000e+00	2.564904e-43	1.882607e-90	1.882607e-90	2.046568e-62	1.151802e-37	7.713181e-58	5.744059e-48	1.964079e-85	2.273400e-04	1.691385e-35	0.000000e+00	0.000000e+00	2.773345e-35	1.577368e-71	0.000000e+00	5.035908e-26	8.419303e-01	1.882607e-90	4.446671e-07	0.000000e+00	6.003172e-89	1.882607e-90	1.882607e-90	2.888819e-47	9.372751e-71	0.000000e+00	0.000000e+00	1.882607e-90	0.000000e+00	0.000000e+00	0.000000e+00	0.000000e+00	0.000000e+00	0.000000e+00	0.000000e+00	8.711761e-48	1.690115e-78	0.000000e+00	0.000000e+00	0.000000e+00	0.000000e+00	0.000000e+00	0.000000e+00	0.000000e+00	0.000000e+00	0.000000e+00	0.000000e+00	0.000000e+00	0.000000e+00	0.000000e+00	0.000000e+00	0.000000e+00	0.000000e+00	0.000000e+00	0.000000e+00	0.000000e+00	0.000000e+00	0.000000e+00	0.000000e+00	0.000000e+00	0.000000e+00	0.000000e+00	0.000000e+00	0.000000e+00	0.000000e+00	0.000000e+00	0.000000e+00	0.000000e+00	0.000000e+00	0.000000e+00	0.000000e+00	0.000000e+00	0.000000e+00	0.000000e+00	0.000000e+00	0.000000e+00	0.000000e+00	0.000000e+00	0.000000e+00	
1613.043044	1607.021492	1619.064597	228.596695	2.795726e-01	1.882708e-90	0.000000e+00	2.448301e-45	3.068442e-61	0.000000e+00	0.000000e+00	8.446662e-03	1.882708e-90	1.164686e-03	1.280746e-51	1.109804e-84	3.296974e-76	1.882708e-90	1.882708e-90	0.000000e+00	7.357944e-84	1.882708e-90	1.882708e-90	1.882708e-90	9.190109e-31	4.974589e-03	2.109432e-40	0.000000e+00	0.000000e+00	0.000000e+00	1.882708e-90	5.339198e-70	0.000000e+00	4.922744e-41	0.000000e+00	0.000000e+00	0.000000e+00	0.000000e+00	0.000000e+00	0.000000e+00	0.000000e+00	3.968471e-43	1.882708e-90	1.882708e-90	2.615835e-62	1.442575e-37	9.811458e-58	7.234277e-48	2.529778e-85	2.273625e-04	1.915841e-35	0.000000e+00	0.000000e+00	4.253406e-35	2.489089e-71	0.000000e+00	7.681601e-26	8.419209e-01	1.882708e-90	6.696786e-07	0.000000e+00	7.824683e-89	1.882708e-90	1.882708e-90	3.304861e-47	1.336036e-70	0.000000e+00	0.000000e+00	1.882708e-90	0.000000e+00	0.000000e+00	0.000000e+00	0.000000e+00	0.000000e+00	0.000000e+00	0.000000e+00	1.348714e-47	1.757769e-78	0.000000e+00	0.000000e+00	0.000000e+00	0.000000e+00	0.000000e+00	0.000000e+00	0.000000e+00	0.000000e+00	0.000000e+00	0.000000e+00	0.000000e+00	0.000000e+00	0.000000e+00	0.000000e+00	0.000000e+00	0.000000e+00	0.000000e+00	0.000000e+00	0.000000e+00	0.000000e+00	0.000000e+00	0.000000e+00	0.000000e+00	0.000000e+00	0.000000e+00	0.000000e+00	0.000000e+00	0.000000e+00	0.000000e+00	0.000000e+00	0.000000e+00	0.000000e+00	0.000000e+00	0.000000e+00	0.000000e+00	0.000000e+00	0.000000e+00	0.000000e+00	0.000000e+00	0.000000e+00	0.000000e+00	0.000000e+00	
1625.073715	1619.064597	1631.082833	228.123813	2.294313e-01	1.882641e-90	0.000000e+00	2.134544e-45	2.495324e-61	0.000000e+00	0.000000e+00	8.446162e-03	1.882641e-90	1.164165e-03	1.090653e-51	1.050077e-84	2.940226e-76	1.882641e-90	1.882641e-90	0.000000e+00	5.889236e-84	1.882641e-90	1.882641e-90	1.882641e-90	1.088053e-30	4.973831e-03	2.066545e-40	0.000000e+00	0.000000e+00	0.000000e+00	1.882641e-90	5.238935e-70	0.000000e+00	4.806661e-41	0.000000e+00	0.000000e+00	0.000000e+00	0.000000e+00	0.000000e+00	0.000000e+00	0.000000e+00	4.447635e-43	1.882641e-90	1.882641e-90	2.303492e-62	1.459972e-37	8.933644e-58	7.054671e-48	2.118607e-85	2.273459e-04	1.775235e-35	0.000000e+00	0.000000e+00	5.080115e-35	2.446375e-71	0.000000e+00	9.521095e-26	8.419272e-01	1.882641e-90	8.989105e-07	0.000000e+00	6.011930e-89	1.882641e-90	1.882641e-90	2.863434e-47	1.212833e-70	0.000000e+00	0.000000e+00	1.882641e-90	0.000000e+00	0.000000e+00	0.000000e+00	0.000000e+00	0.000000e+00	0.000000e+00	0.000000e+00	1.506458e-47	1.349967e-78	0.000000e+00	0.000000e+00	0.000000e+00	0.000000e+00	0.000000e+00	0.000000e+00	0.000000e+00	0.000000e+00	0.000000e+00	0.000000e+00	0.000000e+00	0.000000e+00	0.000000e+00	0.000000e+00	0.000000e+00	0.000000e+00	0.000000e+00	0.000000e+00	0.000000e+00	0.000000e+00	0.000000e+00	0.000000e+00	0.000000e+00	0.000000e+00	0.000000e+00	0.000000e+00	0.000000e+00	0.000000e+00	0.000000e+00	0.000000e+00	0.000000e+00	0.000000e+00	0.000000e+00	0.000000e+00	0.000000e+00	0.000000e+00	0.000000e+00	0.000000e+00	0.000000e+00	0.000000e+00	0.000000e+00	0.000000e+00	
1637.066152	1631.082833	1643.049471	227.141824	1.882829e-01	1.882659e-90	0.000000e+00	1.439037e-45	1.454890e-61	0.000000e+00	0.000000e+00	8.447194e-03	1.882659e-90	1.163828e-03	7.004555e-52	6.091520e-85	1.677209e-76	1.882659e-90	1.882659e-90	0.000000e+00	2.984584e-84	1.882659e-90	1.882659e-90	1.882659e-90	1.007127e-30	4.973240e-03	1.597023e-40	0.000000e+00	0.000000e+00	0.000000e+00	1.882659e-90	3.275060e-70	0.000000e+00	3.688766e-41	0.000000e+00	0.000000e+00	0.000000e+00	0.000000e+00	0.000000e+00	0.000000e+00	0.000000e+00	3.672479e-43	1.882659e-90	1.882659e-90	1.423973e-62	1.207293e-37	5.923988e-58	5.400915e-48	1.180405e-85	2.273342e-04	1.359436e-35	0.000000e+00	0.000000e+00	4.790116e-35	1.534356e-71	0.000000e+00	9.702059e-26	8.419264e-01	1.882659e-90	1.082592e-06	0.000000e+00	2.796350e-89	1.882659e-90	1.882659e-90	1.905874e-47	7.176968e-71	0.000000e+00	0.000000e+00	1.882659e-90	0.000000e+00	0.000000e+00	0.000000e+00	0.000000e+00	0.000000e+00	0.000000e+00	0.000000e+00	1.235560e-47	7.787951e-79	0.000000e+00	0.000000e+00	0.000000e+00	0.000000e+00	0.000000e+00	0.000000e+00	0.000000e+00	0.000000e+00	0.000000e+00	0.000000e+00	0.000000e+00	0.000000e+00	0.000000e+00	0.000000e+00	0.000000e+00	0.000000e+00	0.000000e+00	0.000000e+00	0.000000e+00	0.000000e+00	0.000000e+00	0.000000e+00	0.000000e+00	0.000000e+00	0.000000e+00	0.000000e+00	0.000000e+00	0.000000e+00	0.000000e+00	0.000000e+00	0.000000e+00	0.000000e+00	0.000000e+00	0.000000e+00	0.000000e+00	0.000000e+00	0.000000e+00	0.000000e+00	0.000000e+00	0.000000e+00	0.000000e+00	0.000000e+00	
1648.995670	1643.049471	1654.941869	225.733904	1.545144e-01	1.882690e-90	0.000000e+00	7.776050e-46	6.368926e-62	0.000000e+00	0.000000e+00	8.447059e-03	1.882690e-90	1.163617e-03	3.528722e-52	2.319788e-85	6.512743e-77	1.882690e-90	1.882690e-90	0.000000e+00	1.020599e-84	1.882690e-90	1.882690e-90	1.882690e-90	7.543894e-31	4.973386e-03	1.006342e-40	0.000000e+00	0.000000e+00	0.000000e+00	1.882690e-90	1.389852e-70	0.000000e+00	2.302057e-41	0.000000e+00	0.000000e+00	0.000000e+00	0.000000e+00	0.000000e+00	0.000000e+00	0.000000e+00	2.332452e-43	1.882690e-90	1.882690e-90	6.493368e-63	8.393781e-38	2.990077e-58	3.357144e-48	4.630182e-86	2.273565e-04	8.836589e-36	0.000000e+00	0.000000e+00	3.686844e-35	6.541379e-72	0.000000e+00	8.353001e-26	8.419232e-01	1.882690e-90	1.188017e-06	0.000000e+00	8.445269e-90	1.882690e-90	1.882690e-90	1.011157e-47	2.938906e-71	0.000000e+00	0.000000e+00	1.882690e-90	0.000000e+00	0.000000e+00	0.000000e+00	0.000000e+00	0.000000e+00	0.000000e+00	0.000000e+00	7.770996e-48	3.511248e-79	0.000000e+00	0.000000e+00	0.000000e+00	0.000000e+00	0.000000e+00	0.000000e+00	0.000000e+00	0.000000e+00	0.000000e+00	0.000000e+00	0.000000e+00	0.000000e+00	0.000000e+00	0.000000e+00	0.000000e+00	0.000000e+00	0.000000e+00	0.000000e+00	0.000000e+00	0.000000e+00	0.000000e+00	0.000000e+00	0.000000e+00	0.000000e+00	0.000000e+00	0.000000e+00	0.000000e+00	0.000000e+00	0.000000e+00	0.000000e+00	0.000000e+00	0.000000e+00	0.000000e+00	0.000000e+00	0.000000e+00	0.000000e+00	0.000000e+00	0.000000e+00	0.000000e+00	0.000000e+00	0.000000e+00	0.000000e+00	
1660.842570	1654.941869	1666.743271	224.006210	1.268022e-01	1.882624e-90	0.000000e+00	3.529848e-46	2.224634e-62	0.000000e+00	0.000000e+00	8.446556e-03	1.882624e-90	1.163495e-03	1.468041e-52	6.344761e-86	1.868395e-77	1.882624e-90	1.882624e-90	0.000000e+00	2.560439e-85	1.882624e-90	1.882624e-90	1.882624e-90	4.784391e-31	4.973594e-03	5.400464e-41	0.000000e+00	0.000000e+00	0.000000e+00	1.882624e-90	4.347613e-71	0.000000e+00	1.220743e-41	0.000000e+00	0.000000e+00	0.000000e+00	0.000000e+00	0.000000e+00	0.000000e+00	0.000000e+00	1.205021e-43	1.882624e-90	1.882624e-90	2.329116e-63	5.087948e-38	1.217056e-58	1.771182e-48	1.378086e-86	2.273322e-04	5.046544e-36	0.000000e+00	0.000000e+00	2.418707e-35	2.056978e-72	0.000000e+00	6.300906e-26	8.419288e-01	1.882624e-90	1.212146e-06	0.000000e+00	1.882624e-90	1.882624e-90	1.882624e-90	4.486554e-48	9.006135e-72	0.000000e+00	0.000000e+00	1.882624e-90	0.000000e+00	0.000000e+00	0.000000e+00	0.000000e+00	0.000000e+00	0.000000e+00	0.000000e+00	3.967237e-48	1.304738e-79	0.000000e+00	0.000000e+00	0.000000e+00	0.000000e+00	0.000000e+00	0.000000e+00	0.000000e+00	0.000000e+00	0.000000e+00	0.000000e+00	0.000000e+00	0.000000e+00	0.000000e+00	0.000000e+00	0.000000e+00	0.000000e+00	0.000000e+00	0.000000e+00	0.000000e+00	0.000000e+00	0.000000e+00	0.000000e+00	0.000000e+00	0.000000e+00	0.000000e+00	0.000000e+00	0.000000e+00	0.000000e+00	0.000000e+00	0.000000e+00	0.000000e+00	0.000000e+00	0.000000e+00	0.000000e+00	0.000000e+00	0.000000e+00	0.000000e+00	0.000000e+00	0.000000e+00	0.000000e+00	0.000000e+00	0.000000e+00	
1672.592708	1666.743271	1678.442145	222.060195	1.040603e-01	1.882510e-90	0.000000e+00	1.409058e-46	6.578579e-63	0.000000e+00	0.000000e+00	8.445870e-03	1.882510e-90	1.163551e-03	5.303550e-53	1.360605e-86	4.289233e-78	1.882510e-90	1.882510e-90	0.000000e+00	5.113304e-86	1.882510e-90	1.882510e-90	1.882510e-90	2.684745e-31	4.973247e-03	2.574831e-41	0.000000e+00	0.000000e+00	0.000000e+00	1.882510e-90	1.086256e-71	0.000000e+00	5.741275e-42	0.000000e+00	0.000000e+00	0.000000e+00	0.000000e+00	0.000000e+00	0.000000e+00	0.000000e+00	5.348721e-44	1.882510e-90	1.882510e-90	7.000393e-64	2.789078e-38	4.228420e-59	8.285965e-49	3.349187e-87	2.273192e-04	2.620178e-36	0.000000e+00	0.000000e+00	1.411502e-35	5.169643e-73	0.000000e+00	4.313965e-26	8.419382e-01	1.882510e-90	1.173012e-06	0.000000e+00	1.882510e-90	1.882510e-90	1.882510e-90	1.744637e-48	2.229052e-72	0.000000e+00	0.000000e+00	1.882510e-90	0.000000e+00	0.000000e+00	0.000000e+00	0.000000e+00	0.000000e+00	0.000000e+00	0.000000e+00	1.737764e-48	4.209569e-80	0.000000e+00	0.000000e+00	0.000000e+00	0.000000e+00	0.000000e+00	0.000000e+00	0.000000e+00	0.000000e+00	0.000000e+00	0.000000e+00	0.000000e+00	0.000000e+00	0.000000e+00	0.000000e+00	0.000000e+00	0.000000e+00	0.000000e+00	0.000000e+00	0.000000e+00	0.000000e+00	0.000000e+00	0.000000e+00	0.000000e+00	0.000000e+00	0.000000e+00	0.000000e+00	0.000000e+00	0.000000e+00	0.000000e+00	0.000000e+00	0.000000e+00	0.000000e+00	0.000000e+00	0.000000e+00	0.000000e+00	0.000000e+00	0.000000e+00	0.000000e+00	0.000000e+00	0.000000e+00	0.000000e+00	0.000000e+00	
1684.237044	1678.442145	1690.031943	219.990595	8.539710e-02	1.882691e-90	0.000000e+00	5.171672e-47	1.745317e-63	0.000000e+00	0.000000e+00	8.447343e-03	1.882691e-90	1.163814e-03	1.747278e-53	2.492309e-87	8.519069e-79	1.882691e-90	1.882691e-90	0.000000e+00	8.803424e-87	1.882691e-90	1.882691e-90	1.882691e-90	1.392361e-31	4.973678e-03	1.137357e-41	0.000000e+00	0.000000e+00	0.000000e+00	1.882691e-90	2.346027e-72	0.000000e+00	2.498819e-42	0.000000e+00	0.000000e+00	0.000000e+00	0.000000e+00	0.000000e+00	0.000000e+00	0.000000e+00	2.152138e-44	1.882691e-90	1.882691e-90	1.874911e-64	1.432533e-38	1.325591e-59	3.588311e-49	7.143642e-88	2.273458e-04	1.278539e-36	0.000000e+00	0.000000e+00	7.642846e-36	1.123217e-73	0.000000e+00	2.777136e-26	8.419227e-01	1.882691e-90	1.097598e-06	0.000000e+00	1.882691e-90	1.882691e-90	1.882691e-90	6.225577e-49	4.802854e-73	0.000000e+00	0.000000e+00	1.882691e-90	0.000000e+00	0.000000e+00	0.000000e+00	0.000000e+00	0.000000e+00	0.000000e+00	0.000000e+00	6.897933e-49	1.241648e-80	0.000000e+00	0.000000e+00	0.000000e+00	0.000000e+00	0.000000e+00	0.000000e+00	0.000000e+00	0.000000e+00	0.000000e+00	0.000000e+00	0.000000e+00	0.000000e+00	0.000000e+00	0.000000e+00	0.000000e+00	0.000000e+00	0.000000e+00	0.000000e+00	0.000000e+00	0.000000e+00	0.000000e+00	0.000000e+00	0.000000e+00	0.000000e+00	0.000000e+00	0.000000e+00	0.000000e+00	0.000000e+00	0.000000e+00	0.000000e+00	0.000000e+00	0.000000e+00	0.000000e+00	0.000000e+00	0.000000e+00	0.000000e+00	0.000000e+00	0.000000e+00	0.000000e+00	0.000000e+00	0.000000e+00	0.000000e+00	
1695.771745	1690.031943	1701.511547	217.898243	7.008115e-02	1.882576e-90	0.000000e+00	1.836634e-47	4.434910e-64	0.000000e+00	0.000000e+00	8.445853e-03	1.882576e-90	1.163881e-03	5.549757e-54	4.290904e-88	1.597892e-79	1.882576e-90	1.882576e-90	0.000000e+00	1.429213e-87	1.882576e-90	1.882576e-90	1.882576e-90	7.000684e-32	4.973620e-03	4.874185e-42	0.000000e+00	0.000000e+00	0.000000e+00	1.882576e-90	4.786239e-73	0.000000e+00	1.055082e-42	0.000000e+00	0.000000e+00	0.000000e+00	0.000000e+00	0.000000e+00	0.000000e+00	0.000000e+00	8.333915e-45	1.882576e-90	1.882576e-90	4.798365e-65	7.171076e-39	3.989305e-60	1.506823e-49	1.446671e-88	2.273481e-04	6.087371e-37	0.000000e+00	0.000000e+00	4.018762e-36	2.304738e-74	0.000000e+00	1.744749e-26	8.419333e-01	1.882576e-90	1.013839e-06	0.000000e+00	1.882576e-90	1.882576e-90	1.882576e-90	2.147484e-49	9.797516e-74	0.000000e+00	0.000000e+00	1.882576e-90	0.000000e+00	0.000000e+00	0.000000e+00	0.000000e+00	0.000000e+00	0.000000e+00	0.000000e+00	2.634436e-49	3.534033e-81	0.000000e+00	0.000000e+00	0.000000e+00	0.000000e+00	0.000000e+00	0.000000e+00	0.000000e+00	0.000000e+00	0.000000e+00	0.000000e+00	0.000000e+00	0.000000e+00	0.000000e+00	0.000000e+00	0.000000e+00	0.000000e+00	0.000000e+00	0.000000e+00	0.000000e+00	0.000000e+00	0.000000e+00	0.000000e+00	0.000000e+00	0.000000e+00	0.000000e+00	0.000000e+00	0.000000e+00	0.000000e+00	0.000000e+00	0.000000e+00	0.000000e+00	0.000000e+00	0.000000e+00	0.000000e+00	0.000000e+00	0.000000e+00	0.000000e+00	0.000000e+00	0.000000e+00	0.000000e+00	0.000000e+00	0.000000e+00	
1707.198225	1701.511547	1712.884903	215.881937	5.751211e-02	1.882684e-90	0.000000e+00	6.659636e-48	1.157947e-64	0.000000e+00	0.000000e+00	8.446549e-03	1.882684e-90	1.164089e-03	1.803421e-54	7.701444e-89	3.110824e-80	1.882684e-90	1.882684e-90	0.000000e+00	2.409863e-88	1.882684e-90	1.882684e-90	1.882684e-90	3.595883e-32	4.974106e-03	2.131531e-42	0.000000e+00	0.000000e+00	0.000000e+00	1.882684e-90	1.014050e-73	0.000000e+00	4.547004e-43	0.000000e+00	0.000000e+00	0.000000e+00	0.000000e+00	0.000000e+00	0.000000e+00	0.000000e+00	3.312588e-45	1.882684e-90	1.882684e-90	1.263864e-65	3.651091e-39	1.232625e-60	6.463657e-50	3.035403e-89	2.273649e-04	2.943638e-37	0.000000e+00	0.000000e+00	2.158285e-36	4.908400e-75	0.000000e+00	1.116146e-26	8.419237e-01	1.882684e-90	9.462252e-07	0.000000e+00	1.882684e-90	1.882684e-90	1.882684e-90	7.568607e-50	2.071261e-74	0.000000e+00	0.000000e+00	1.882684e-90	0.000000e+00	0.000000e+00	0.000000e+00	0.000000e+00	0.000000e+00	0.000000e+00	0.000000e+00	1.033835e-49	1.033157e-81	0.000000e+00	0.000000e+00	0.000000e+00	0.000000e+00	0.000000e+00	0.000000e+00	0.000000e+00	0.000000e+00	0.000000e+00	0.000000e+00	0.000000e+00	0.000000e+00	0.000000e+00	0.000000e+00	0.000000e+00	0.000000e+00	0.000000e+00	0.000000e+00	0.000000e+00	0.000000e+00	0.000000e+00	0.000000e+00	0.000000e+00	0.000000e+00	0.000000e+00	0.000000e+00	0.000000e+00	0.000000e+00	0.000000e+00	0.000000e+00	0.000000e+00	0.000000e+00	0.000000e+00	0.000000e+00	0.000000e+00	0.000000e+00	0.000000e+00	0.000000e+00	0.000000e+00	0.000000e+00	0.000000e+00	0.000000e+00	
1718.522265	1712.884903	1724.159626	214.009145	4.719732e-02	1.882598e-90	0.000000e+00	2.566242e-48	3.270529e-65	0.000000e+00	0.000000e+00	8.446305e-03	1.882598e-90	1.164074e-03	6.262995e-55	1.552705e-89	6.732524e-81	1.882598e-90	1.882598e-90	0.000000e+00	4.527447e-89	1.882598e-90	1.882598e-90	1.882598e-90	1.958564e-32	4.973680e-03	9.860777e-43	0.000000e+00	0.000000e+00	0.000000e+00	1.882598e-90	2.390937e-74	0.000000e+00	2.074699e-43	0.000000e+00	0.000000e+00	0.000000e+00	0.000000e+00	0.000000e+00	0.000000e+00	0.000000e+00	1.415920e-45	1.882598e-90	1.882598e-90	3.618942e-66	1.949724e-39	4.104963e-61	2.937002e-50	7.017483e-90	2.273396e-04	1.488825e-37	0.000000e+00	0.000000e+00	1.226452e-36	1.162563e-75	0.000000e+00	7.483853e-27	8.419308e-01	1.882598e-90	9.065665e-07	0.000000e+00	1.882598e-90	1.882598e-90	1.882598e-90	2.838696e-50	4.845940e-75	0.000000e+00	0.000000e+00	1.882598e-90	0.000000e+00	0.000000e+00	0.000000e+00	0.000000e+00	0.000000e+00	0.000000e+00	0.000000e+00	4.367381e-50	3.235459e-82	0.000000e+00	0.000000e+00	0.000000e+00	0.000000e+00	0.000000e+00	0.000000e+00	0.000000e+00	0.000000e+00	0.000000e+00	0.000000e+00	0.000000e+00	0.000000e+00	0.000000e+00	0.000000e+00	0.000000e+00	0.000000e+00	0.000000e+00	0.000000e+00	0.000000e+00	0.000000e+00	0.000000e+00	0.000000e+00	0.000000e+00	0.000000e+00	0.000000e+00	0.000000e+00	0.000000e+00	0.000000e+00	0.000000e+00	0.000000e+00	0.000000e+00	0.000000e+00	0.000000e+00	0.000000e+00	0.000000e+00	0.000000e+00	0.000000e+00	0.000000e+00	0.000000e+00	0.000000e+00	0.000000e+00	0.000000e+00	
1729.752140	1724.159626	1735.344653	212.306415	3.873249e-02	1.882661e-90	0.000000e+00	1.070987e-48	1.024262e-65	0.000000e+00	0.000000e+00	8.446454e-03	1.882661e-90	1.164125e-03	2.374092e-55	3.646877e-90	1.674523e-81	1.882661e-90	1.882661e-90	0.000000e+00	9.805367e-90	1.882661e-90	1.882661e-90	1.882661e-90	1.151996e-32	4.973079e-03	4.911754e-43	0.000000e+00	0.000000e+00	0.000000e+00	1.882661e-90	6.486063e-75	0.000000e+00	1.020342e-43	0.000000e+00	0.000000e+00	0.000000e+00	0.000000e+00	0.000000e+00	0.000000e+00	0.000000e+00	6.657419e-46	1.882661e-90	1.882661e-90	1.156687e-66	1.109103e-39	1.509001e-61	1.439763e-50	1.882661e-90	2.273513e-04	7.990315e-38	0.000000e+00	0.000000e+00	7.506302e-37	3.166599e-76	0.000000e+00	5.336727e-27	8.419267e-01	1.882661e-90	8.989634e-07	0.000000e+00	1.882661e-90	1.882661e-90	1.882661e-90	1.155437e-50	1.295173e-75	0.000000e+00	0.000000e+00	1.882661e-90	0.000000e+00	0.000000e+00	0.000000e+00	0.000000e+00	0.000000e+00	0.000000e+00	0.000000e+00	2.032238e-50	1.109049e-82	0.000000e+00	0.000000e+00	0.000000e+00	0.000000e+00	0.000000e+00	0.000000e+00	0.000000e+00	0.000000e+00	0.000000e+00	0.000000e+00	0.000000e+00	0.000000e+00	0.000000e+00	0.000000e+00	0.000000e+00	0.000000e+00	0.000000e+00	0.000000e+00	0.000000e+00	0.000000e+00	0.000000e+00	0.000000e+00	0.000000e+00	0.000000e+00	0.000000e+00	0.000000e+00	0.000000e+00	0.000000e+00	0.000000e+00	0.000000e+00	0.000000e+00	0.000000e+00	0.000000e+00	0.000000e+00	0.000000e+00	0.000000e+00	0.000000e+00	0.000000e+00	0.000000e+00	0.000000e+00	0.000000e+00	0.000000e+00	
1740.896734	1735.344653	1746.448816	210.768418	3.178583e-02	1.882631e-90	0.000000e+00	4.846074e-49	3.561857e-66	0.000000e+00	0.000000e+00	8.446804e-03	1.882631e-90	1.164066e-03	9.833574e-56	1.882631e-90	4.793971e-82	1.882631e-90	1.882631e-90	0.000000e+00	2.452112e-90	1.882631e-90	1.882631e-90	1.882631e-90	7.324871e-33	4.973604e-03	2.637205e-43	0.000000e+00	0.000000e+00	0.000000e+00	1.882631e-90	2.028864e-75	0.000000e+00	5.416190e-44	0.000000e+00	0.000000e+00	0.000000e+00	0.000000e+00	0.000000e+00	0.000000e+00	0.000000e+00	3.447217e-46	1.882631e-90	1.882631e-90	4.131841e-67	6.722519e-40	6.129184e-62	7.618129e-51	1.882631e-90	2.273449e-04	4.552912e-38	0.000000e+00	0.000000e+00	4.951246e-37	9.936589e-77	0.000000e+00	4.050133e-27	8.419282e-01	1.882631e-90	9.224919e-07	0.000000e+00	1.882631e-90	1.882631e-90	1.882631e-90	5.110864e-51	3.961940e-76	0.000000e+00	0.000000e+00	1.882631e-90	0.000000e+00	0.000000e+00	0.000000e+00	0.000000e+00	0.000000e+00	0.000000e+00	0.000000e+00	1.042693e-50	4.162448e-83	0.000000e+00	0.000000e+00	0.000000e+00	0.000000e+00	0.000000e+00	0.000000e+00	0.000000e+00	0.000000e+00	0.000000e+00	0.000000e+00	0.000000e+00	0.000000e+00	0.000000e+00	0.000000e+00	0.000000e+00	0.000000e+00	0.000000e+00	0.000000e+00	0.000000e+00	0.000000e+00	0.000000e+00	0.000000e+00	0.000000e+00	0.000000e+00	0.000000e+00	0.000000e+00	0.000000e+00	0.000000e+00	0.000000e+00	0.000000e+00	0.000000e+00	0.000000e+00	0.000000e+00	0.000000e+00	0.000000e+00	0.000000e+00	0.000000e+00	0.000000e+00	0.000000e+00	0.000000e+00	0.000000e+00	0.000000e+00	
1751.964043	1746.448816	1757.479270	209.371294	2.608505e-02	1.882715e-90	0.000000e+00	2.353079e-49	1.356990e-66	0.000000e+00	0.000000e+00	8.446402e-03	1.882715e-90	1.164076e-03	4.401362e-56	1.882715e-90	1.551736e-82	1.882715e-90	1.882715e-90	0.000000e+00	1.882715e-90	1.882715e-90	1.882715e-90	1.882715e-90	4.983376e-33	4.974055e-03	1.511250e-43	0.000000e+00	0.000000e+00	0.000000e+00	1.882715e-90	7.183004e-76	0.000000e+00	3.071719e-44	0.000000e+00	0.000000e+00	0.000000e+00	0.000000e+00	0.000000e+00	0.000000e+00	0.000000e+00	1.941534e-46	1.882715e-90	1.882715e-90	1.626537e-67	4.307632e-40	2.716010e-62	4.308146e-51	1.882715e-90	2.273480e-04	2.733739e-38	0.000000e+00	0.000000e+00	3.485485e-37	3.527560e-77	0.000000e+00	3.243814e-27	8.419214e-01	1.882715e-90	9.755970e-07	0.000000e+00	1.882715e-90	1.882715e-90	1.882715e-90	2.430356e-51	1.363030e-76	0.000000e+00	0.000000e+00	1.882715e-90	0.000000e+00	0.000000e+00	0.000000e+00	0.000000e+00	0.000000e+00	0.000000e+00	0.000000e+00	5.824519e-51	1.690124e-83	0.000000e+00	0.000000e+00	0.000000e+00	0.000000e+00	0.000000e+00	0.000000e+00	0.000000e+00	0.000000e+00	0.000000e+00	0.000000e+00	0.000000e+00	0.000000e+00	0.000000e+00	0.000000e+00	0.000000e+00	0.000000e+00	0.000000e+00	0.000000e+00	0.000000e+00	0.000000e+00	0.000000e+00	0.000000e+00	0.000000e+00	0.000000e+00	0.000000e+00	0.000000e+00	0.000000e+00	0.000000e+00	0.000000e+00	0.000000e+00	0.000000e+00	0.000000e+00	0.000000e+00	0.000000e+00	0.000000e+00	0.000000e+00	0.000000e+00	0.000000e+00	0.000000e+00	0.000000e+00	0.000000e+00	0.000000e+00	
1762.960499	1757.479270	1768.441729	208.080625	2.140670e-02	1.882642e-90	0.000000e+00	1.204735e-49	5.536785e-67	0.000000e+00	0.000000e+00	8.446024e-03	1.882642e-90	1.163826e-03	2.087430e-56	1.882642e-90	5.506346e-83	1.882642e-90	1.882642e-90	0.000000e+00	1.882642e-90	1.882642e-90	1.882642e-90	1.882642e-90	3.566232e-33	4.973333e-03	9.092473e-44	0.000000e+00	0.000000e+00	0.000000e+00	1.882642e-90	2.789451e-76	0.000000e+00	1.829940e-44	0.000000e+00	0.000000e+00	0.000000e+00	0.000000e+00	0.000000e+00	0.000000e+00	0.000000e+00	1.164124e-46	1.882642e-90	1.882642e-90	6.886764e-68	2.877309e-40	1.284778e-62	2.561089e-51	1.882642e-90	2.273401e-04	1.707098e-38	0.000000e+00	0.000000e+00	2.575723e-37	1.373368e-77	0.000000e+00	2.704831e-27	8.419281e-01	1.882642e-90	1.054756e-06	0.000000e+00	1.882642e-90	1.882642e-90	1.882642e-90	1.219937e-51	5.120557e-77	0.000000e+00	0.000000e+00	1.882642e-90	0.000000e+00	0.000000e+00	0.000000e+00	0.000000e+00	0.000000e+00	0.000000e+00	0.000000e+00	3.466370e-51	7.281540e-84	0.000000e+00	0.000000e+00	0.000000e+00	0.000000e+00	0.000000e+00	0.000000e+00	0.000000e+00	0.000000e+00	0.000000e+00	0.000000e+00	0.000000e+00	0.000000e+00	0.000000e+00	0.000000e+00	0.000000e+00	0.000000e+00	0.000000e+00	0.000000e+00	0.000000e+00	0.000000e+00	0.000000e+00	0.000000e+00	0.000000e+00	0.000000e+00	0.000000e+00	0.000000e+00	0.000000e+00	0.000000e+00	0.000000e+00	0.000000e+00	0.000000e+00	0.000000e+00	0.000000e+00	0.000000e+00	0.000000e+00	0.000000e+00	0.000000e+00	0.000000e+00	0.000000e+00	0.000000e+00	0.000000e+00	0.000000e+00	
1773.890830	1768.441729	1779.339931	206.860674	1.756741e-02	1.882552e-90	0.000000e+00	6.377931e-50	2.359257e-67	0.000000e+00	0.000000e+00	8.446165e-03	1.882552e-90	1.163464e-03	1.026918e-56	1.882552e-90	2.071186e-83	1.882552e-90	1.882552e-90	0.000000e+00	1.882552e-90	1.882552e-90	1.882552e-90	1.882552e-90	2.636153e-33	4.973060e-03	5.643680e-44	0.000000e+00	0.000000e+00	0.000000e+00	1.882552e-90	1.149154e-76	0.000000e+00	1.125243e-44	0.000000e+00	0.000000e+00	0.000000e+00	0.000000e+00	0.000000e+00	0.000000e+00	0.000000e+00	7.264738e-47	1.882552e-90	1.882552e-90	3.053379e-68	1.973398e-40	6.334636e-63	1.571836e-51	1.882552e-90	2.273383e-04	1.092820e-38	0.000000e+00	0.000000e+00	1.963865e-37	5.670148e-78	0.000000e+00	2.314916e-27	8.419355e-01	1.882552e-90	1.156658e-06	0.000000e+00	1.882552e-90	1.882552e-90	1.882552e-90	6.338007e-52	2.034440e-77	0.000000e+00	0.000000e+00	1.882552e-90	0.000000e+00	0.000000e+00	0.000000e+00	0.000000e+00	0.000000e+00	0.000000e+00	0.000000e+00	2.148434e-51	3.258746e-84	0.000000e+00	0.000000e+00	0.000000e+00	0.000000e+00	0.000000e+00	0.000000e+00	0.000000e+00	0.000000e+00	0.000000e+00	0.000000e+00	0.000000e+00	0.000000e+00	0.000000e+00	0.000000e+00	0.000000e+00	0.000000e+00	0.000000e+00	0.000000e+00	0.000000e+00	0.000000e+00	0.000000e+00	0.000000e+00	0.000000e+00	0.000000e+00	0.000000e+00	0.000000e+00	0.000000e+00	0.000000e+00	0.000000e+00	0.000000e+00	0.000000e+00	0.000000e+00	0.000000e+00	0.000000e+00	0.000000e+00	0.000000e+00	0.000000e+00	0.000000e+00	0.000000e+00	0.000000e+00	0.000000e+00	0.000000e+00	
1784.757950	1779.339931	1790.175968	205.680976	1.441670e-02	1.882641e-90	0.000000e+00	3.431361e-50	1.026530e-67	0.000000e+00	0.000000e+00	8.446638e-03	1.882641e-90	1.163301e-03	5.142856e-57	1.882641e-90	8.015737e-84	1.882641e-90	1.882641e-90	0.000000e+00	1.882641e-90	1.882641e-90	1.882641e-90	1.882641e-90	1.980105e-33	4.973671e-03	3.557104e-44	0.000000e+00	0.000000e+00	0.000000e+00	1.882641e-90	4.873317e-77	0.000000e+00	7.028757e-45	0.000000e+00	0.000000e+00	0.000000e+00	0.000000e+00	0.000000e+00	0.000000e+00	0.000000e+00	4.624679e-47	1.882641e-90	1.882641e-90	1.384190e-68	1.370935e-40	3.186612e-63	9.799009e-52	1.882641e-90	2.273366e-04	7.080048e-39	0.000000e+00	0.000000e+00	1.520851e-37	2.408890e-78	0.000000e+00	2.007301e-27	8.419271e-01	1.882641e-90	1.278079e-06	0.000000e+00	1.882641e-90	1.882641e-90	1.882641e-90	3.348381e-52	8.306662e-78	0.000000e+00	0.000000e+00	1.882641e-90	0.000000e+00	0.000000e+00	0.000000e+00	0.000000e+00	0.000000e+00	0.000000e+00	0.000000e+00	1.358922e-51	1.486275e-84	0.000000e+00	0.000000e+00	0.000000e+00	0.000000e+00	0.000000e+00	0.000000e+00	0.000000e+00	0.000000e+00	0.000000e+00	0.000000e+00	0.000000e+00	0.000000e+00	0.000000e+00	0.000000e+00	0.000000e+00	0.000000e+00	0.000000e+00	0.000000e+00	0.000000e+00	0.000000e+00	0.000000e+00	0.000000e+00	0.000000e+00	0.000000e+00	0.000000e+00	0.000000e+00	0.000000e+00	0.000000e+00	0.000000e+00	0.000000e+00	0.000000e+00	0.000000e+00	0.000000e+00	0.000000e+00	0.000000e+00	0.000000e+00	0.000000e+00	0.000000e+00	0.000000e+00	0.000000e+00	0.000000e+00	0.000000e+00	
1795.563553	1790.175968	1800.951137	204.525206	1.183107e-02	1.882552e-90	0.000000e+00	1.858526e-50	4.504794e-68	0.000000e+00	0.000000e+00	8.446205e-03	1.882552e-90	1.162986e-03	2.594068e-57	1.882552e-90	3.138381e-84	1.882552e-90	1.882552e-90	0.000000e+00	1.882552e-90	1.882552e-90	1.882552e-90	1.882552e-90	1.497014e-33	4.973587e-03	2.255757e-44	0.000000e+00	0.000000e+00	0.000000e+00	1.882552e-90	2.091181e-77	0.000000e+00	4.417891e-45	0.000000e+00	0.000000e+00	0.000000e+00	0.000000e+00	0.000000e+00	0.000000e+00	0.000000e+00	2.967827e-47	1.882552e-90	1.882552e-90	6.332878e-69	9.574812e-41	1.616222e-63	6.148006e-52	1.882552e-90	2.273276e-04	4.609624e-39	0.000000e+00	0.000000e+00	1.185296e-37	1.035444e-78	0.000000e+00	1.749718e-27	8.419351e-01	1.882552e-90	1.416481e-06	0.000000e+00	1.882552e-90	1.882552e-90	1.882552e-90	1.780911e-52	3.429479e-78	0.000000e+00	0.000000e+00	1.882552e-90	0.000000e+00	0.000000e+00	0.000000e+00	0.000000e+00	0.000000e+00	0.000000e+00	0.000000e+00	8.666138e-52	6.831880e-85	0.000000e+00	0.000000e+00	0.000000e+00	0.000000e+00	0.000000e+00	0.000000e+00	0.000000e+00	0.000000e+00	0.000000e+00	0.000000e+00	0.000000e+00	0.000000e+00	0.000000e+00	0.000000e+00	0.000000e+00	0.000000e+00	0.000000e+00	0.000000e+00	0.000000e+00	0.000000e+00	0.000000e+00	0.000000e+00	0.000000e+00	0.000000e+00	0.000000e+00	0.000000e+00	0.000000e+00	0.000000e+00	0.000000e+00	0.000000e+00	0.000000e+00	0.000000e+00	0.000000e+00	0.000000e+00	0.000000e+00	0.000000e+00	0.000000e+00	0.000000e+00	0.000000e+00	0.000000e+00	0.000000e+00	0.000000e+00	
1806.308885	1800.951137	1811.666633	203.392847	9.709169e-03	1.882582e-90	0.000000e+00	1.013427e-50	1.994293e-68	0.000000e+00	0.000000e+00	8.446412e-03	1.882582e-90	1.162799e-03	1.318236e-57	1.882582e-90	1.243770e-84	1.882582e-90	1.882582e-90	0.000000e+00	1.882582e-90	1.882582e-90	1.882582e-90	1.882582e-90	1.139554e-33	4.973153e-03	1.439770e-44	0.000000e+00	0.000000e+00	0.000000e+00	1.882582e-90	9.082241e-78	0.000000e+00	2.794791e-45	0.000000e+00	0.000000e+00	0.000000e+00	0.000000e+00	0.000000e+00	0.000000e+00	0.000000e+00	1.920747e-47	1.882582e-90	1.882582e-90	2.924525e-69	6.724275e-41	8.267717e-64	3.884158e-52	1.882582e-90	2.273262e-04	3.016345e-39	0.000000e+00	0.000000e+00	9.300844e-38	4.504406e-79	0.000000e+00	1.534056e-27	8.419328e-01	1.882582e-90	1.575454e-06	0.000000e+00	1.882582e-90	1.882582e-90	1.882582e-90	9.537276e-53	1.432216e-78	0.000000e+00	0.000000e+00	1.882582e-90	0.000000e+00	0.000000e+00	0.000000e+00	0.000000e+00	0.000000e+00	0.000000e+00	0.000000e+00	5.575515e-52	3.167958e-85	0.000000e+00	0.000000e+00	0.000000e+00	0.000000e+00	0.000000e+00	0.000000e+00	0.000000e+00	0.000000e+00	0.000000e+00	0.000000e+00	0.000000e+00	0.000000e+00	0.000000e+00	0.000000e+00	0.000000e+00	0.000000e+00	0.000000e+00	0.000000e+00	0.000000e+00	0.000000e+00	0.000000e+00	0.000000e+00	0.000000e+00	0.000000e+00	0.000000e+00	0.000000e+00	0.000000e+00	0.000000e+00	0.000000e+00	0.000000e+00	0.000000e+00	0.000000e+00	0.000000e+00	0.000000e+00	0.000000e+00	0.000000e+00	0.000000e+00	0.000000e+00	0.000000e+00	0.000000e+00	0.000000e+00	0.000000e+00	
1816.995333	1811.666633	1822.324033	202.291449	7.967831e-03	1.882532e-90	0.000000e+00	5.592014e-51	8.964777e-69	0.000000e+00	0.000000e+00	8.446181e-03	1.882532e-90	1.162464e-03	6.785502e-58	1.882532e-90	5.031728e-85	1.882532e-90	1.882532e-90	0.000000e+00	1.882532e-90	1.882532e-90	1.882532e-90	1.882532e-90	8.775722e-34	4.972970e-03	9.292085e-45	0.000000e+00	0.000000e+00	0.000000e+00	1.882532e-90	4.028806e-78	0.000000e+00	1.788260e-45	0.000000e+00	0.000000e+00	0.000000e+00	0.000000e+00	0.000000e+00	0.000000e+00	0.000000e+00	1.260977e-47	1.882532e-90	1.882532e-90	1.372752e-69	4.766952e-41	4.291677e-64	2.481866e-52	1.882532e-90	2.273225e-04	1.991175e-39	0.000000e+00	0.000000e+00	7.380967e-38	2.000891e-79	0.000000e+00	1.357639e-27	8.419371e-01	1.882532e-90	1.761188e-06	0.000000e+00	1.882532e-90	1.882532e-90	1.882532e-90	5.170264e-53	6.101382e-79	0.000000e+00	0.000000e+00	1.882532e-90	0.000000e+00	0.000000e+00	0.000000e+00	0.000000e+00	0.000000e+00	0.000000e+00	0.000000e+00	3.639610e-52	1.489197e-85	0.000000e+00	0.000000e+00	0.000000e+00	0.000000e+00	0.000000e+00	0.000000e+00	0.000000e+00	0.000000e+00	0.000000e+00	0.000000e+00	0.000000e+00	0.000000e+00	0.000000e+00	0.000000e+00	0.000000e+00	0.000000e+00	0.000000e+00	0.000000e+00	0.000000e+00	0.000000e+00	0.000000e+00	0.000000e+00	0.000000e+00	0.000000e+00	0.000000e+00	0.000000e+00	0.000000e+00	0.000000e+00	0.000000e+00	0.000000e+00	0.000000e+00	0.000000e+00	0.000000e+00	0.000000e+00	0.000000e+00	0.000000e+00	0.000000e+00	0.000000e+00	0.000000e+00	0.000000e+00	0.000000e+00	0.000000e+00	
1827.624184	1822.324033	1832.924336	201.206143	6.538802e-03	1.882699e-90	0.000000e+00	3.094466e-51	4.045267e-69	0.000000e+00	0.000000e+00	8.446954e-03	1.882699e-90	1.162020e-03	3.503283e-58	1.882699e-90	2.046451e-85	1.882699e-90	1.882699e-90	0.000000e+00	1.882699e-90	1.882699e-90	1.882699e-90	1.882699e-90	6.782719e-34	4.974182e-03	6.016994e-45	0.000000e+00	0.000000e+00	0.000000e+00	1.882699e-90	1.798003e-78	0.000000e+00	1.148319e-45	0.000000e+00	0.000000e+00	0.000000e+00	0.000000e+00	0.000000e+00	0.000000e+00	0.000000e+00	8.312382e-48	1.882699e-90	1.882699e-90	6.470203e-70	3.388593e-41	2.236585e-64	1.591453e-52	1.882699e-90	2.273477e-04	1.317420e-39	0.000000e+00	0.000000e+00	5.879952e-38	8.939290e-80	0.000000e+00	1.205595e-27	8.419231e-01	1.882699e-90	1.971984e-06	0.000000e+00	1.882699e-90	1.882699e-90	1.882699e-90	2.811964e-53	2.613530e-79	0.000000e+00	0.000000e+00	1.882699e-90	0.000000e+00	0.000000e+00	0.000000e+00	0.000000e+00	0.000000e+00	0.000000e+00	0.000000e+00	2.386510e-52	7.033898e-86	0.000000e+00	0.000000e+00	0.000000e+00	0.000000e+00	0.000000e+00	0.000000e+00	0.000000e+00	0.000000e+00	0.000000e+00	0.000000e+00	0.000000e+00	0.000000e+00	0.000000e+00	0.000000e+00	0.000000e+00	0.000000e+00	0.000000e+00	0.000000e+00	0.000000e+00	0.000000e+00	0.000000e+00	0.000000e+00	0.000000e+00	0.000000e+00	0.000000e+00	0.000000e+00	0.000000e+00	0.000000e+00	0.000000e+00	0.000000e+00	0.000000e+00	0.000000e+00	0.000000e+00	0.000000e+00	0.000000e+00	0.000000e+00	0.000000e+00	0.000000e+00	0.000000e+00	0.000000e+00	0.000000e+00	0.000000e+00	
1838.194730	1832.924336	1843.465125	200.076625	5.366069e-03	1.882600e-90	0.000000e+00	1.651978e-51	1.742037e-69	0.000000e+00	0.000000e+00	8.446521e-03	1.882600e-90	1.161629e-03	1.738554e-58	1.882600e-90	7.821723e-86	1.882600e-90	1.882600e-90	0.000000e+00	1.882600e-90	1.882600e-90	1.882600e-90	1.882600e-90	5.066819e-34	4.974162e-03	3.769370e-45	0.000000e+00	0.000000e+00	0.000000e+00	1.882600e-90	7.536310e-79	0.000000e+00	7.130167e-46	0.000000e+00	0.000000e+00	0.000000e+00	0.000000e+00	0.000000e+00	0.000000e+00	0.000000e+00	5.253747e-48	1.882600e-90	1.882600e-90	2.902026e-70	2.341688e-41	1.114926e-64	9.868671e-53	1.882600e-90	2.273372e-04	8.485854e-40	0.000000e+00	0.000000e+00	4.534589e-38	3.750854e-80	0.000000e+00	1.042283e-27	8.419306e-01	1.882600e-90	2.177070e-06	0.000000e+00	1.882600e-90	1.882600e-90	1.882600e-90	1.473657e-53	1.054568e-79	0.000000e+00	0.000000e+00	1.882600e-90	0.000000e+00	0.000000e+00	0.000000e+00	0.000000e+00	0.000000e+00	0.000000e+00	0.000000e+00	1.500011e-52	3.195760e-86	0.000000e+00	0.000000e+00	0.000000e+00	0.000000e+00	0.000000e+00	0.000000e+00	0.000000e+00	0.000000e+00	0.000000e+00	0.000000e+00	0.000000e+00	0.000000e+00	0.000000e+00	0.000000e+00	0.000000e+00	0.000000e+00	0.000000e+00	0.000000e+00	0.000000e+00	0.000000e+00	0.000000e+00	0.000000e+00	0.000000e+00	0.000000e+00	0.000000e+00	0.000000e+00	0.000000e+00	0.000000e+00	0.000000e+00	0.000000e+00	0.000000e+00	0.000000e+00	0.000000e+00	0.000000e+00	0.000000e+00	0.000000e+00	0.000000e+00	0.000000e+00	0.000000e+00	0.000000e+00	0.000000e+00	0.000000e+00	
1848.701972	1843.465125	1853.938819	198.803413	4.403666e-03	1.882634e-90	0.000000e+00	7.963000e-52	6.572507e-70	0.000000e+00	0.000000e+00	8.446720e-03	1.882634e-90	1.161321e-03	7.711075e-59	1.882634e-90	2.506387e-86	1.882634e-90	1.882634e-90	0.000000e+00	1.882634e-90	1.882634e-90	1.882634e-90	1.882634e-90	3.438896e-34	4.973993e-03	2.151426e-45	0.000000e+00	0.000000e+00	0.000000e+00	1.882634e-90	2.645796e-79	0.000000e+00	4.028477e-46	0.000000e+00	0.000000e+00	0.000000e+00	0.000000e+00	0.000000e+00	0.000000e+00	0.000000e+00	2.947122e-48	1.882634e-90	1.882634e-90	1.131181e-70	1.494882e-41	4.903516e-65	5.570108e-53	1.882634e-90	2.273451e-04	5.067903e-40	0.000000e+00	0.000000e+00	3.192694e-38	1.318286e-80	0.000000e+00	8.359903e-28	8.419281e-01	1.882634e-90	2.307710e-06	0.000000e+00	1.882634e-90	1.882634e-90	1.882634e-90	6.955156e-54	3.594300e-80	0.000000e+00	0.000000e+00	1.882634e-90	0.000000e+00	0.000000e+00	0.000000e+00	0.000000e+00	0.000000e+00	0.000000e+00	0.000000e+00	8.364296e-53	1.301862e-86	0.000000e+00	0.000000e+00	0.000000e+00	0.000000e+00	0.000000e+00	0.000000e+00	0.000000e+00	0.000000e+00	0.000000e+00	0.000000e+00	0.000000e+00	0.000000e+00	0.000000e+00	0.000000e+00	0.000000e+00	0.000000e+00	0.000000e+00	0.000000e+00	0.000000e+00	0.000000e+00	0.000000e+00	0.000000e+00	0.000000e+00	0.000000e+00	0.000000e+00	0.000000e+00	0.000000e+00	0.000000e+00	0.000000e+00	0.000000e+00	0.000000e+00	0.000000e+00	0.000000e+00	0.000000e+00	0.000000e+00	0.000000e+00	0.000000e+00	0.000000e+00	0.000000e+00	0.000000e+00	0.000000e+00	0.000000e+00	
1859.134595	1853.938819	1864.330372	197.243897	3.613869e-03	1.882574e-90	0.000000e+00	3.140798e-52	1.911908e-70	0.000000e+00	0.000000e+00	8.446166e-03	1.882574e-90	1.161443e-03	2.743515e-59	1.882574e-90	5.679768e-87	1.882574e-90	1.882574e-90	0.000000e+00	1.882574e-90	1.882574e-90	1.882574e-90	1.882574e-90	1.932577e-34	4.974172e-03	1.022462e-45	0.000000e+00	0.000000e+00	0.000000e+00	1.882574e-90	6.557777e-80	0.000000e+00	1.890986e-46	0.000000e+00	0.000000e+00	0.000000e+00	0.000000e+00	0.000000e+00	0.000000e+00	0.000000e+00	1.307942e-48	1.882574e-90	1.882574e-90	3.345988e-71	8.162561e-42	1.685278e-65	2.611021e-53	1.882574e-90	2.273459e-04	2.608320e-40	0.000000e+00	0.000000e+00	1.878529e-38	3.270549e-81	0.000000e+00	5.782847e-28	8.419343e-01	1.882574e-90	2.258814e-06	0.000000e+00	1.882574e-90	1.882574e-90	1.882574e-90	2.672561e-54	8.790743e-81	0.000000e+00	0.000000e+00	1.882574e-90	0.000000e+00	0.000000e+00	0.000000e+00	0.000000e+00	0.000000e+00	0.000000e+00	0.000000e+00	3.685740e-53	4.273471e-87	0.000000e+00	0.000000e+00	0.000000e+00	0.000000e+00	0.000000e+00	0.000000e+00	0.000000e+00	0.000000e+00	0.000000e+00	0.000000e+00	0.000000e+00	0.000000e+00	0.000000e+00	0.000000e+00	0.000000e+00	0.000000e+00	0.000000e+00	0.000000e+00	0.000000e+00	0.000000e+00	0.000000e+00	0.000000e+00	0.000000e+00	0.000000e+00	0.000000e+00	0.000000e+00	0.000000e+00	0.000000e+00	0.000000e+00	0.000000e+00	0.000000e+00	0.000000e+00	0.000000e+00	0.000000e+00	0.000000e+00	0.000000e+00	0.000000e+00	0.000000e+00	0.000000e+00	0.000000e+00	0.000000e+00	0.000000e+00	
1869.471451	1864.330372	1874.612531	195.168556	2.965723e-03	1.882635e-90	0.000000e+00	8.596439e-53	3.464131e-71	0.000000e+00	0.000000e+00	8.446507e-03	1.882635e-90	1.162190e-03	6.531907e-60	1.882635e-90	6.849768e-88	1.882635e-90	1.882635e-90	0.000000e+00	1.882635e-90	1.882635e-90	1.882635e-90	1.882635e-90	7.703346e-35	4.973759e-03	3.481578e-46	0.000000e+00	0.000000e+00	0.000000e+00	1.882635e-90	8.618920e-81	0.000000e+00	6.331266e-47	0.000000e+00	0.000000e+00	0.000000e+00	0.000000e+00	0.000000e+00	0.000000e+00	0.000000e+00	3.788084e-49	1.882635e-90	1.882635e-90	5.987791e-72	3.354038e-42	3.697878e-66	8.734582e-54	1.882635e-90	2.273522e-04	1.023902e-40	0.000000e+00	0.000000e+00	7.974487e-39	4.302285e-82	0.000000e+00	3.057134e-28	8.419286e-01	1.882635e-90	1.912330e-06	0.000000e+00	1.882635e-90	1.882635e-90	1.882635e-90	7.059957e-55	1.174877e-81	0.000000e+00	0.000000e+00	1.882635e-90	0.000000e+00	0.000000e+00	0.000000e+00	0.000000e+00	0.000000e+00	0.000000e+00	0.000000e+00	1.058111e-53	9.484149e-88	0.000000e+00	0.000000e+00	0.000000e+00	0.000000e+00	0.000000e+00	0.000000e+00	0.000000e+00	0.000000e+00	0.000000e+00	0.000000e+00	0.000000e+00	0.000000e+00	0.000000e+00	0.000000e+00	0.000000e+00	0.000000e+00	0.000000e+00	0.000000e+00	0.000000e+00	0.000000e+00	0.000000e+00	0.000000e+00	0.000000e+00	0.000000e+00	0.000000e+00	0.000000e+00	0.000000e+00	0.000000e+00	0.000000e+00	0.000000e+00	0.000000e+00	0.000000e+00	0.000000e+00	0.000000e+00	0.000000e+00	0.000000e+00	0.000000e+00	0.000000e+00	0.000000e+00	0.000000e+00	0.000000e+00	0.000000e+00	
1879.668592	1874.612531	1884.724654	191.940729	2.433821e-03	1.882572e-90	0.000000e+00	1.022862e-53	2.131864e-72	0.000000e+00	0.000000e+00	8.446056e-03	1.882572e-90	1.163592e-03	6.217918e-61	1.882572e-90	1.960062e-89	1.882572e-90	1.882572e-90	0.000000e+00	1.882572e-90	1.882572e-90	1.882572e-90	1.882572e-90	1.404520e-35	4.973568e-03	5.546583e-47	0.000000e+00	0.000000e+00	0.000000e+00	1.882572e-90	2.671206e-82	0.000000e+00	9.823987e-48	0.000000e+00	0.000000e+00	0.000000e+00	0.000000e+00	0.000000e+00	0.000000e+00	0.000000e+00	4.149099e-50	1.882572e-90	1.882572e-90	3.406848e-73	7.208037e-43	2.916135e-67	1.354201e-54	1.882572e-90	2.273358e-04	2.167133e-41	0.000000e+00	0.000000e+00	1.610246e-39	1.333201e-83	0.000000e+00	8.764759e-29	8.419333e-01	1.882572e-90	1.162913e-06	0.000000e+00	1.882572e-90	1.882572e-90	1.882572e-90	7.938982e-56	3.961331e-83	0.000000e+00	0.000000e+00	1.882572e-90	0.000000e+00	0.000000e+00	0.000000e+00	0.000000e+00	0.000000e+00	0.000000e+00	0.000000e+00	1.144536e-54	8.628722e-89	0.000000e+00	0.000000e+00	0.000000e+00	0.000000e+00	0.000000e+00	0.000000e+00	0.000000e+00	0.000000e+00	0.000000e+00	0.000000e+00	0.000000e+00	0.000000e+00	0.000000e+00	0.000000e+00	0.000000e+00	0.000000e+00	0.000000e+00	0.000000e+00	0.000000e+00	0.000000e+00	0.000000e+00	0.000000e+00	0.000000e+00	0.000000e+00	0.000000e+00	0.000000e+00	0.000000e+00	0.000000e+00	0.000000e+00	0.000000e+00	0.000000e+00	0.000000e+00	0.000000e+00	0.000000e+00	0.000000e+00	0.000000e+00	0.000000e+00	0.000000e+00	0.000000e+00	0.000000e+00	0.000000e+00	0.000000e+00	
1889.635384	1884.724654	1894.546113	186.423362	1.997316e-03	1.882718e-90	0.000000e+00	2.105061e-55	1.349345e-74	0.000000e+00	0.000000e+00	8.447345e-03	1.882718e-90	1.165342e-03	8.567155e-63	1.882718e-90	1.882718e-90	1.882718e-90	1.882718e-90	0.000000e+00	1.882718e-90	1.882718e-90	1.882718e-90	1.882718e-90	4.963276e-37	4.974607e-03	1.791793e-48	0.000000e+00	0.000000e+00	0.000000e+00	1.882718e-90	3.973240e-85	0.000000e+00	3.030961e-49	0.000000e+00	0.000000e+00	0.000000e+00	0.000000e+00	0.000000e+00	0.000000e+00	0.000000e+00	5.895983e-52	1.882718e-90	1.882718e-90	1.735639e-75	3.968098e-44	2.671160e-69	4.186744e-56	1.882718e-90	2.273510e-04	1.249155e-42	0.000000e+00	0.000000e+00	6.866245e-41	1.974334e-86	0.000000e+00	6.995598e-30	8.419189e-01	1.882718e-90	3.543754e-07	0.000000e+00	1.882718e-90	1.882718e-90	1.882718e-90	1.477732e-57	7.374807e-86	0.000000e+00	0.000000e+00	1.882718e-90	0.000000e+00	0.000000e+00	0.000000e+00	0.000000e+00	0.000000e+00	0.000000e+00	0.000000e+00	1.599115e-56	1.882718e-90	0.000000e+00	0.000000e+00	0.000000e+00	0.000000e+00	0.000000e+00	0.000000e+00	0.000000e+00	0.000000e+00	0.000000e+00	0.000000e+00	0.000000e+00	0.000000e+00	0.000000e+00	0.000000e+00	0.000000e+00	0.000000e+00	0.000000e+00	0.000000e+00	0.000000e+00	0.000000e+00	0.000000e+00	0.000000e+00	0.000000e+00	0.000000e+00	0.000000e+00	0.000000e+00	0.000000e+00	0.000000e+00	0.000000e+00	0.000000e+00	0.000000e+00	0.000000e+00	0.000000e+00	0.000000e+00	0.000000e+00	0.000000e+00	0.000000e+00	0.000000e+00	0.000000e+00	0.000000e+00	0.000000e+00	0.000000e+00	
1899.241943	1894.546113	1903.937773	178.264705	1.639098e-03	1.882568e-90	0.000000e+00	4.141763e-58	4.064658e-78	0.000000e+00	0.000000e+00	8.445839e-03	1.882568e-90	1.165855e-03	8.848775e-66	1.882568e-90	1.882568e-90	1.882568e-90	1.882568e-90	0.000000e+00	1.882568e-90	1.882568e-90	1.882568e-90	1.882568e-90	1.989486e-39	4.973488e-03	6.919164e-51	0.000000e+00	0.000000e+00	0.000000e+00	1.882568e-90	1.035569e-89	0.000000e+00	1.091051e-51	0.000000e+00	0.000000e+00	0.000000e+00	0.000000e+00	0.000000e+00	0.000000e+00	0.000000e+00	5.559647e-55	1.882568e-90	1.882568e-90	3.504575e-79	3.559076e-46	1.380078e-72	1.525669e-58	1.882568e-90	2.273267e-04	1.263193e-44	0.000000e+00	0.000000e+00	3.759618e-43	1.882568e-90	0.000000e+00	1.037844e-31	8.419335e-01	1.882568e-90	4.382979e-08	0.000000e+00	1.882568e-90	1.882568e-90	1.882568e-90	2.478759e-60	2.880512e-90	0.000000e+00	0.000000e+00	1.882568e-90	0.000000e+00	0.000000e+00	0.000000e+00	0.000000e+00	0.000000e+00	0.000000e+00	0.000000e+00	1.487425e-59	1.882568e-90	0.000000e+00	0.000000e+00	0.000000e+00	0.000000e+00	0.000000e+00	0.000000e+00	0.000000e+00	0.000000e+00	0.000000e+00	0.000000e+00	0.000000e+00	0.000000e+00	0.000000e+00	0.000000e+00	0.000000e+00	0.000000e+00	0.000000e+00	0.000000e+00	0.000000e+00	0.000000e+00	0.000000e+00	0.000000e+00	0.000000e+00	0.000000e+00	0.000000e+00	0.000000e+00	0.000000e+00	0.000000e+00	0.000000e+00	0.000000e+00	0.000000e+00	0.000000e+00	0.000000e+00	0.000000e+00	0.000000e+00	0.000000e+00	0.000000e+00	0.000000e+00	0.000000e+00	0.000000e+00	0.000000e+00	0.000000e+00	
1908.433437	1903.937773	1912.929102	170.666696	1.345126e-03	1.882756e-90	0.000000e+00	7.403466e-61	1.078846e-81	0.000000e+00	0.000000e+00	8.446563e-03	1.882756e-90	1.166061e-03	8.172761e-69	1.882756e-90	1.882756e-90	1.882756e-90	1.882756e-90	0.000000e+00	1.882756e-90	1.882756e-90	1.882756e-90	1.882756e-90	7.560352e-42	4.973797e-03	2.503401e-53	0.000000e+00	0.000000e+00	0.000000e+00	1.882756e-90	1.882756e-90	0.000000e+00	3.689876e-54	0.000000e+00	0.000000e+00	0.000000e+00	0.000000e+00	0.000000e+00	0.000000e+00	0.000000e+00	4.874600e-58	1.882756e-90	1.882756e-90	6.211290e-83	3.009016e-48	6.410466e-76	5.284181e-61	1.882756e-90	2.273351e-04	1.190199e-46	0.000000e+00	0.000000e+00	1.995022e-45	1.882756e-90	0.000000e+00	1.516010e-33	8.419171e-01	1.882756e-90	5.460248e-09	0.000000e+00	1.882756e-90	1.882756e-90	1.882756e-90	3.773072e-63	1.882756e-90	0.000000e+00	0.000000e+00	1.882756e-90	0.000000e+00	0.000000e+00	0.000000e+00	0.000000e+00	0.000000e+00	0.000000e+00	0.000000e+00	1.309023e-62	1.882756e-90	0.000000e+00	0.000000e+00	0.000000e+00	0.000000e+00	0.000000e+00	0.000000e+00	0.000000e+00	0.000000e+00	0.000000e+00	0.000000e+00	0.000000e+00	0.000000e+00	0.000000e+00	0.000000e+00	0.000000e+00	0.000000e+00	0.000000e+00	0.000000e+00	0.000000e+00	0.000000e+00	0.000000e+00	0.000000e+00	0.000000e+00	0.000000e+00	0.000000e+00	0.000000e+00	0.000000e+00	0.000000e+00	0.000000e+00	0.000000e+00	0.000000e+00	0.000000e+00	0.000000e+00	0.000000e+00	0.000000e+00	0.000000e+00	0.000000e+00	0.000000e+00	0.000000e+00	0.000000e+00	0.000000e+00	0.000000e+00	
1917.250200	1912.929102	1921.571298	164.038072	1.103878e-03	1.882702e-90	0.000000e+00	1.870560e-63	4.474378e-85	0.000000e+00	0.000000e+00	8.446303e-03	1.882702e-90	1.166015e-03	1.099303e-71	1.882702e-90	1.882702e-90	1.882702e-90	1.882702e-90	0.000000e+00	1.882702e-90	1.882702e-90	1.882702e-90	1.882702e-90	4.095227e-44	4.974021e-03	1.263948e-55	0.000000e+00	0.000000e+00	0.000000e+00	1.882702e-90	1.882702e-90	0.000000e+00	1.754104e-56	0.000000e+00	0.000000e+00	0.000000e+00	0.000000e+00	0.000000e+00	0.000000e+00	0.000000e+00	6.610995e-61	1.882702e-90	1.882702e-90	1.773941e-86	3.371787e-50	4.595305e-79	2.595980e-63	1.882702e-90	2.273547e-04	1.449780e-48	0.000000e+00	0.000000e+00	1.505940e-47	1.882702e-90	0.000000e+00	2.984162e-35	8.419211e-01	1.882702e-90	8.105448e-10	0.000000e+00	1.882702e-90	1.882702e-90	1.882702e-90	8.195366e-66	1.882702e-90	0.000000e+00	0.000000e+00	1.882702e-90	0.000000e+00	0.000000e+00	0.000000e+00	0.000000e+00	0.000000e+00	0.000000e+00	0.000000e+00	1.810342e-65	1.882702e-90	0.000000e+00	0.000000e+00	0.000000e+00	0.000000e+00	0.000000e+00	0.000000e+00	0.000000e+00	0.000000e+00	0.000000e+00	0.000000e+00	0.000000e+00	0.000000e+00	0.000000e+00	0.000000e+00	0.000000e+00	0.000000e+00	0.000000e+00	0.000000e+00	0.000000e+00	0.000000e+00	0.000000e+00	0.000000e+00	0.000000e+00	0.000000e+00	0.000000e+00	0.000000e+00	0.000000e+00	0.000000e+00	0.000000e+00	0.000000e+00	0.000000e+00	0.000000e+00	0.000000e+00	0.000000e+00	0.000000e+00	0.000000e+00	0.000000e+00	0.000000e+00	0.000000e+00	0.000000e+00	0.000000e+00	0.000000e+00	
