z		z0		z1		T		P		1		2		3		4		5		6		7		8		9		10		11		12		13		14		15		16		17		18		19		20		21		22		23		24		25		26		27		28		29		30		31		32		33		34		35		36		37		38		39		40		41		42		43		44		45		46		47		48		49		50		51		52		53		54		55		56		57		58		59		60		61		62		63		64		65		66		67		68		69		70		71		72		73		74		75		76		77		78		79		80		81		82		83		84		85		86		87		88		89		90		91		92		93		94		95		96		97		98		99		100		101		102		103		104		105		106		107		108		109		110		111		112		113		114		115		
km		km		km		K		Pa		
26.147368	0.000000	52.294736	1004.030010	1.811795e+07	5.029987e-25	0.000000e+00	1.277954e-10	2.841459e-15	0.000000e+00	0.000000e+00	8.444554e-03	1.622671e-25	9.276818e-04	1.603177e-13	5.207291e-25	4.641218e-20	3.931339e-33	6.152784e-52	0.000000e+00	1.584495e-22	3.826507e-29	6.614301e-43	6.251013e-36	4.834063e-08	4.972484e-03	9.777270e-12	0.000000e+00	0.000000e+00	0.000000e+00	9.960590e-44	1.448919e-16	0.000000e+00	1.077060e-11	0.000000e+00	0.000000e+00	0.000000e+00	0.000000e+00	0.000000e+00	0.000000e+00	0.000000e+00	1.772664e-11	8.997776e-25	2.996410e-26	5.848530e-17	1.785120e-14	1.759558e-17	8.169386e-18	1.112161e-29	2.272894e-04	9.831831e-11	0.000000e+00	0.000000e+00	4.129923e-13	9.973686e-19	0.000000e+00	7.195360e-10	8.420820e-01	2.813526e-27	1.190058e-04	0.000000e+00	1.776604e-21	1.165235e-30	1.140138e-21	1.600985e-11	3.219430e-17	0.000000e+00	0.000000e+00	5.869299e-27	0.000000e+00	0.000000e+00	0.000000e+00	0.000000e+00	0.000000e+00	0.000000e+00	0.000000e+00	1.037656e-14	7.290671e-32	0.000000e+00	0.000000e+00	0.000000e+00	0.000000e+00	0.000000e+00	0.000000e+00	0.000000e+00	0.000000e+00	0.000000e+00	0.000000e+00	0.000000e+00	0.000000e+00	0.000000e+00	0.000000e+00	0.000000e+00	0.000000e+00	0.000000e+00	0.000000e+00	0.000000e+00	0.000000e+00	0.000000e+00	0.000000e+00	0.000000e+00	0.000000e+00	0.000000e+00	0.000000e+00	0.000000e+00	0.000000e+00	0.000000e+00	0.000000e+00	0.000000e+00	0.000000e+00	0.000000e+00	0.000000e+00	0.000000e+00	0.000000e+00	0.000000e+00	0.000000e+00	0.000000e+00	0.000000e+00	0.000000e+00	0.000000e+00	
77.399644	52.294736	102.504552	964.228211	1.486850e+07	4.926759e-26	0.000000e+00	4.599668e-11	7.431233e-16	0.000000e+00	0.000000e+00	8.444584e-03	1.541153e-26	9.531248e-04	5.436432e-14	8.734699e-26	8.805021e-21	2.860968e-34	1.037885e-53	0.000000e+00	2.639917e-23	4.426751e-30	2.886085e-44	1.588375e-37	2.295949e-08	4.972545e-03	4.062131e-12	0.000000e+00	0.000000e+00	0.000000e+00	1.074047e-45	2.825351e-17	0.000000e+00	4.372145e-12	0.000000e+00	0.000000e+00	0.000000e+00	0.000000e+00	0.000000e+00	0.000000e+00	0.000000e+00	6.641014e-12	8.245796e-26	3.084348e-27	1.529969e-17	8.785190e-15	5.272628e-18	3.192711e-18	2.025378e-30	2.272977e-04	4.749277e-11	0.000000e+00	0.000000e+00	1.957324e-13	2.031075e-19	0.000000e+00	4.045527e-10	8.420672e-01	2.817270e-28	1.062895e-04	0.000000e+00	2.537129e-22	5.073553e-32	1.297546e-22	5.640332e-12	6.473072e-18	0.000000e+00	0.000000e+00	3.594098e-28	0.000000e+00	0.000000e+00	0.000000e+00	0.000000e+00	0.000000e+00	0.000000e+00	0.000000e+00	3.676220e-15	1.689724e-32	0.000000e+00	0.000000e+00	0.000000e+00	0.000000e+00	0.000000e+00	0.000000e+00	0.000000e+00	0.000000e+00	0.000000e+00	0.000000e+00	0.000000e+00	0.000000e+00	0.000000e+00	0.000000e+00	0.000000e+00	0.000000e+00	0.000000e+00	0.000000e+00	0.000000e+00	0.000000e+00	0.000000e+00	0.000000e+00	0.000000e+00	0.000000e+00	0.000000e+00	0.000000e+00	0.000000e+00	0.000000e+00	0.000000e+00	0.000000e+00	0.000000e+00	0.000000e+00	0.000000e+00	0.000000e+00	0.000000e+00	0.000000e+00	0.000000e+00	0.000000e+00	0.000000e+00	0.000000e+00	0.000000e+00	0.000000e+00	
126.565430	102.504552	150.626307	925.803037	1.220184e+07	3.867570e-27	0.000000e+00	1.500775e-11	1.712369e-16	0.000000e+00	0.000000e+00	8.445007e-03	1.161500e-27	9.834451e-04	1.663925e-14	1.215602e-26	1.409267e-21	1.615425e-35	1.196036e-55	0.000000e+00	3.700240e-24	4.177621e-31	9.438963e-46	2.819980e-39	9.867627e-09	4.972745e-03	1.536062e-12	0.000000e+00	0.000000e+00	0.000000e+00	7.372002e-48	4.611098e-18	0.000000e+00	1.612151e-12	0.000000e+00	0.000000e+00	0.000000e+00	0.000000e+00	0.000000e+00	0.000000e+00	0.000000e+00	2.209107e-12	5.871241e-27	2.496172e-28	3.495947e-18	3.992449e-15	1.397316e-18	1.130689e-18	3.128928e-31	2.273026e-04	2.133000e-11	0.000000e+00	0.000000e+00	8.401500e-14	3.471662e-20	0.000000e+00	2.091924e-10	8.420442e-01	2.265940e-29	9.115484e-05	0.000000e+00	3.004828e-23	1.632584e-33	1.197891e-23	1.796570e-12	1.101270e-18	0.000000e+00	0.000000e+00	1.647559e-29	0.000000e+00	0.000000e+00	0.000000e+00	0.000000e+00	0.000000e+00	0.000000e+00	0.000000e+00	1.151598e-15	3.461761e-33	0.000000e+00	0.000000e+00	0.000000e+00	0.000000e+00	0.000000e+00	0.000000e+00	0.000000e+00	0.000000e+00	0.000000e+00	0.000000e+00	0.000000e+00	0.000000e+00	0.000000e+00	0.000000e+00	0.000000e+00	0.000000e+00	0.000000e+00	0.000000e+00	0.000000e+00	0.000000e+00	0.000000e+00	0.000000e+00	0.000000e+00	0.000000e+00	0.000000e+00	0.000000e+00	0.000000e+00	0.000000e+00	0.000000e+00	0.000000e+00	0.000000e+00	0.000000e+00	0.000000e+00	0.000000e+00	0.000000e+00	0.000000e+00	0.000000e+00	0.000000e+00	0.000000e+00	0.000000e+00	0.000000e+00	0.000000e+00	
173.739453	150.626307	196.852600	893.118607	1.001344e+07	3.160440e-28	0.000000e+00	4.986200e-12	4.036535e-17	0.000000e+00	0.000000e+00	8.445242e-03	9.085643e-29	1.009572e-03	5.161779e-15	1.736945e-27	2.316421e-22	9.514573e-37	1.472956e-57	0.000000e+00	5.328484e-25	4.078512e-32	3.246146e-47	5.335309e-41	4.319394e-09	4.973072e-03	5.910729e-13	0.000000e+00	0.000000e+00	0.000000e+00	5.481060e-50	7.775570e-19	0.000000e+00	6.052148e-13	0.000000e+00	0.000000e+00	0.000000e+00	0.000000e+00	0.000000e+00	0.000000e+00	0.000000e+00	7.478431e-13	4.352885e-28	2.102797e-29	8.185361e-19	1.840881e-15	3.787805e-19	4.082366e-19	4.992958e-32	2.273116e-04	9.704816e-12	0.000000e+00	0.000000e+00	3.676758e-14	6.121628e-21	0.000000e+00	1.100142e-10	8.420279e-01	1.896845e-30	7.810669e-05	0.000000e+00	3.662731e-24	5.542465e-35	1.147376e-24	5.824907e-13	1.930923e-19	0.000000e+00	0.000000e+00	7.952410e-31	0.000000e+00	0.000000e+00	0.000000e+00	0.000000e+00	0.000000e+00	0.000000e+00	0.000000e+00	3.676760e-16	7.292230e-34	0.000000e+00	0.000000e+00	0.000000e+00	0.000000e+00	0.000000e+00	0.000000e+00	0.000000e+00	0.000000e+00	0.000000e+00	0.000000e+00	0.000000e+00	0.000000e+00	0.000000e+00	0.000000e+00	0.000000e+00	0.000000e+00	0.000000e+00	0.000000e+00	0.000000e+00	0.000000e+00	0.000000e+00	0.000000e+00	0.000000e+00	0.000000e+00	0.000000e+00	0.000000e+00	0.000000e+00	0.000000e+00	0.000000e+00	0.000000e+00	0.000000e+00	0.000000e+00	0.000000e+00	0.000000e+00	0.000000e+00	0.000000e+00	0.000000e+00	0.000000e+00	0.000000e+00	0.000000e+00	0.000000e+00	0.000000e+00	
219.118534	196.852600	241.384469	867.933175	8.217531e+06	2.834758e-29	0.000000e+00	1.727019e-12	1.003387e-17	0.000000e+00	0.000000e+00	8.445472e-03	7.800551e-30	1.030600e-03	1.664063e-15	2.668014e-28	4.075189e-23	6.215894e-38	2.125474e-59	0.000000e+00	8.221281e-26	4.328084e-33	1.258873e-48	1.171899e-42	1.972387e-09	4.972872e-03	2.367191e-13	0.000000e+00	0.000000e+00	0.000000e+00	4.917024e-52	1.413531e-19	0.000000e+00	2.366638e-13	0.000000e+00	0.000000e+00	0.000000e+00	0.000000e+00	0.000000e+00	0.000000e+00	0.000000e+00	2.652140e-13	3.570988e-29	1.954358e-30	2.028369e-19	8.777471e-16	1.081670e-19	1.538824e-19	8.563148e-33	2.273137e-04	4.551599e-12	0.000000e+00	0.000000e+00	1.680031e-14	1.161091e-21	0.000000e+00	6.004258e-11	8.420144e-01	1.741830e-31	6.759939e-05	0.000000e+00	4.808008e-25	2.133793e-36	1.198582e-25	1.969058e-13	3.631449e-20	0.000000e+00	0.000000e+00	4.330846e-32	0.000000e+00	0.000000e+00	0.000000e+00	0.000000e+00	0.000000e+00	0.000000e+00	0.000000e+00	1.232993e-16	1.627658e-34	0.000000e+00	0.000000e+00	0.000000e+00	0.000000e+00	0.000000e+00	0.000000e+00	0.000000e+00	0.000000e+00	0.000000e+00	0.000000e+00	0.000000e+00	0.000000e+00	0.000000e+00	0.000000e+00	0.000000e+00	0.000000e+00	0.000000e+00	0.000000e+00	0.000000e+00	0.000000e+00	0.000000e+00	0.000000e+00	0.000000e+00	0.000000e+00	0.000000e+00	0.000000e+00	0.000000e+00	0.000000e+00	0.000000e+00	0.000000e+00	0.000000e+00	0.000000e+00	0.000000e+00	0.000000e+00	0.000000e+00	0.000000e+00	0.000000e+00	0.000000e+00	0.000000e+00	0.000000e+00	0.000000e+00	0.000000e+00	
262.877001	241.384469	284.369534	842.162257	6.743719e+06	2.667946e-30	0.000000e+00	6.112124e-13	2.563329e-18	0.000000e+00	0.000000e+00	8.445607e-03	7.022148e-31	1.048343e-03	5.467596e-16	4.250638e-29	7.421417e-24	4.282381e-39	3.328288e-61	0.000000e+00	1.313701e-26	4.794090e-34	5.194749e-50	2.779759e-44	9.208446e-10	4.973099e-03	9.681107e-14	0.000000e+00	0.000000e+00	0.000000e+00	4.859634e-54	2.672782e-20	0.000000e+00	9.456270e-14	0.000000e+00	0.000000e+00	0.000000e+00	0.000000e+00	0.000000e+00	0.000000e+00	0.000000e+00	9.631405e-14	3.084701e-30	1.910787e-31	5.175793e-20	4.258718e-16	3.173518e-20	5.933899e-20	1.525575e-33	2.273162e-04	2.168367e-12	0.000000e+00	0.000000e+00	7.855056e-15	2.287007e-22	0.000000e+00	3.342792e-11	8.420028e-01	1.677912e-32	5.874937e-05	0.000000e+00	6.552108e-26	8.764502e-38	1.309274e-26	6.801378e-14	7.082739e-21	0.000000e+00	0.000000e+00	2.510617e-33	0.000000e+00	0.000000e+00	0.000000e+00	0.000000e+00	0.000000e+00	0.000000e+00	0.000000e+00	4.240858e-17	3.749215e-35	0.000000e+00	0.000000e+00	0.000000e+00	0.000000e+00	0.000000e+00	0.000000e+00	0.000000e+00	0.000000e+00	0.000000e+00	0.000000e+00	0.000000e+00	0.000000e+00	0.000000e+00	0.000000e+00	0.000000e+00	0.000000e+00	0.000000e+00	0.000000e+00	0.000000e+00	0.000000e+00	0.000000e+00	0.000000e+00	0.000000e+00	0.000000e+00	0.000000e+00	0.000000e+00	0.000000e+00	0.000000e+00	0.000000e+00	0.000000e+00	0.000000e+00	0.000000e+00	0.000000e+00	0.000000e+00	0.000000e+00	0.000000e+00	0.000000e+00	0.000000e+00	0.000000e+00	0.000000e+00	0.000000e+00	0.000000e+00	
305.141383	284.369534	325.913232	814.101521	5.534234e+06	2.518373e-31	0.000000e+00	2.166372e-13	6.558693e-19	0.000000e+00	0.000000e+00	8.445695e-03	6.326389e-32	1.064056e-03	1.794225e-16	6.767246e-30	1.352061e-24	2.955614e-40	5.233938e-63	0.000000e+00	2.099859e-27	5.318854e-35	2.150887e-51	6.619588e-46	4.306562e-10	4.973255e-03	3.965723e-14	0.000000e+00	0.000000e+00	0.000000e+00	4.826821e-56	5.068259e-21	0.000000e+00	3.784913e-14	0.000000e+00	0.000000e+00	0.000000e+00	0.000000e+00	0.000000e+00	0.000000e+00	0.000000e+00	3.497397e-14	2.666716e-31	1.871851e-32	1.323012e-20	2.068802e-16	9.328797e-21	2.293751e-20	2.729015e-34	2.273200e-04	1.033877e-12	0.000000e+00	0.000000e+00	3.681932e-15	4.514430e-23	0.000000e+00	1.865696e-11	8.419908e-01	1.621404e-33	5.089872e-05	0.000000e+00	8.928086e-27	3.611608e-39	1.433227e-27	2.351708e-14	1.384608e-21	0.000000e+00	0.000000e+00	1.460471e-34	0.000000e+00	0.000000e+00	0.000000e+00	0.000000e+00	0.000000e+00	0.000000e+00	0.000000e+00	1.459407e-17	8.682671e-36	0.000000e+00	0.000000e+00	0.000000e+00	0.000000e+00	0.000000e+00	0.000000e+00	0.000000e+00	0.000000e+00	0.000000e+00	0.000000e+00	0.000000e+00	0.000000e+00	0.000000e+00	0.000000e+00	0.000000e+00	0.000000e+00	0.000000e+00	0.000000e+00	0.000000e+00	0.000000e+00	0.000000e+00	0.000000e+00	0.000000e+00	0.000000e+00	0.000000e+00	0.000000e+00	0.000000e+00	0.000000e+00	0.000000e+00	0.000000e+00	0.000000e+00	0.000000e+00	0.000000e+00	0.000000e+00	0.000000e+00	0.000000e+00	0.000000e+00	0.000000e+00	0.000000e+00	0.000000e+00	0.000000e+00	0.000000e+00	
346.020773	325.913232	366.128313	789.279238	4.541670e+06	2.468681e-32	0.000000e+00	7.809507e-14	1.714588e-19	0.000000e+00	0.000000e+00	8.446004e-03	5.917249e-33	1.077311e-03	5.977917e-17	1.109610e-30	2.531986e-25	2.127725e-41	8.780738e-65	0.000000e+00	3.451397e-28	6.105942e-36	9.355713e-53	1.674151e-47	2.049577e-10	4.973229e-03	1.651464e-14	0.000000e+00	0.000000e+00	0.000000e+00	5.171924e-58	9.911410e-22	0.000000e+00	1.540625e-14	0.000000e+00	0.000000e+00	0.000000e+00	0.000000e+00	0.000000e+00	0.000000e+00	0.000000e+00	1.294312e-14	2.401243e-32	1.908920e-33	3.460450e-21	1.018874e-16	2.801253e-21	9.028026e-21	5.031304e-35	2.273236e-04	4.990386e-13	0.000000e+00	0.000000e+00	1.757505e-15	9.179202e-24	0.000000e+00	1.057867e-11	8.419834e-01	1.626909e-34	4.427510e-05	0.000000e+00	1.253182e-27	1.565584e-40	1.624699e-28	8.269526e-15	2.785274e-22	0.000000e+00	0.000000e+00	8.921551e-36	0.000000e+00	0.000000e+00	0.000000e+00	0.000000e+00	0.000000e+00	0.000000e+00	0.000000e+00	5.125376e-18	2.062044e-36	0.000000e+00	0.000000e+00	0.000000e+00	0.000000e+00	0.000000e+00	0.000000e+00	0.000000e+00	0.000000e+00	0.000000e+00	0.000000e+00	0.000000e+00	0.000000e+00	0.000000e+00	0.000000e+00	0.000000e+00	0.000000e+00	0.000000e+00	0.000000e+00	0.000000e+00	0.000000e+00	0.000000e+00	0.000000e+00	0.000000e+00	0.000000e+00	0.000000e+00	0.000000e+00	0.000000e+00	0.000000e+00	0.000000e+00	0.000000e+00	0.000000e+00	0.000000e+00	0.000000e+00	0.000000e+00	0.000000e+00	0.000000e+00	0.000000e+00	0.000000e+00	0.000000e+00	0.000000e+00	0.000000e+00	0.000000e+00	
385.627144	366.128313	405.125975	766.477732	3.727123e+06	2.572126e-33	0.000000e+00	2.892986e-14	4.640712e-20	0.000000e+00	0.000000e+00	8.445850e-03	5.890585e-34	1.088085e-03	2.045150e-17	1.912889e-31	4.964203e-26	1.641535e-42	1.636333e-66	0.000000e+00	5.942990e-29	7.412745e-37	4.408047e-54	4.670139e-49	1.003172e-10	4.973491e-03	7.061265e-15	0.000000e+00	0.000000e+00	0.000000e+00	6.270714e-60	2.037148e-22	0.000000e+00	6.443579e-15	0.000000e+00	0.000000e+00	0.000000e+00	0.000000e+00	0.000000e+00	0.000000e+00	0.000000e+00	4.946326e-15	2.314212e-33	2.079703e-34	9.394366e-22	5.130146e-17	8.703745e-22	3.655293e-21	9.724842e-36	2.273272e-04	2.457299e-13	0.000000e+00	0.000000e+00	8.632993e-16	1.958532e-24	0.000000e+00	6.147432e-12	8.419780e-01	1.734341e-35	3.887578e-05	0.000000e+00	1.848959e-28	7.370884e-42	1.949897e-29	2.989095e-15	5.867811e-23	0.000000e+00	0.000000e+00	5.901365e-37	0.000000e+00	0.000000e+00	0.000000e+00	0.000000e+00	0.000000e+00	0.000000e+00	0.000000e+00	1.861974e-18	5.086031e-37	0.000000e+00	0.000000e+00	0.000000e+00	0.000000e+00	0.000000e+00	0.000000e+00	0.000000e+00	0.000000e+00	0.000000e+00	0.000000e+00	0.000000e+00	0.000000e+00	0.000000e+00	0.000000e+00	0.000000e+00	0.000000e+00	0.000000e+00	0.000000e+00	0.000000e+00	0.000000e+00	0.000000e+00	0.000000e+00	0.000000e+00	0.000000e+00	0.000000e+00	0.000000e+00	0.000000e+00	0.000000e+00	0.000000e+00	0.000000e+00	0.000000e+00	0.000000e+00	0.000000e+00	0.000000e+00	0.000000e+00	0.000000e+00	0.000000e+00	0.000000e+00	0.000000e+00	0.000000e+00	0.000000e+00	0.000000e+00	
424.174895	405.125975	443.223816	746.059017	3.058664e+06	4.601229e-34	0.000000e+00	1.362487e-14	1.710714e-20	0.000000e+00	0.000000e+00	8.446032e-03	1.033075e-34	1.090101e-03	8.995767e-18	5.235453e-32	1.477793e-26	2.360907e-43	7.771677e-68	0.000000e+00	1.564272e-29	1.486289e-37	4.225040e-55	3.119174e-50	6.268442e-11	4.973322e-03	3.801631e-15	0.000000e+00	0.000000e+00	0.000000e+00	2.283054e-61	6.468086e-23	0.000000e+00	3.409677e-15	0.000000e+00	0.000000e+00	0.000000e+00	0.000000e+00	0.000000e+00	0.000000e+00	0.000000e+00	2.533121e-15	4.132337e-34	4.089852e-35	3.547485e-22	3.137357e-17	3.652603e-22	1.886955e-21	2.820891e-36	2.273302e-04	1.444823e-13	0.000000e+00	0.000000e+00	5.411995e-16	6.400576e-25	0.000000e+00	4.394387e-12	8.419734e-01	3.159002e-36	3.788147e-05	0.000000e+00	4.312328e-29	7.246724e-43	3.893305e-30	1.380624e-15	1.858232e-23	0.000000e+00	0.000000e+00	7.902582e-38	0.000000e+00	0.000000e+00	0.000000e+00	0.000000e+00	0.000000e+00	0.000000e+00	0.000000e+00	9.169649e-19	1.710347e-37	0.000000e+00	0.000000e+00	0.000000e+00	0.000000e+00	0.000000e+00	0.000000e+00	0.000000e+00	0.000000e+00	0.000000e+00	0.000000e+00	0.000000e+00	0.000000e+00	0.000000e+00	0.000000e+00	0.000000e+00	0.000000e+00	0.000000e+00	0.000000e+00	0.000000e+00	0.000000e+00	0.000000e+00	0.000000e+00	0.000000e+00	0.000000e+00	0.000000e+00	0.000000e+00	0.000000e+00	0.000000e+00	0.000000e+00	0.000000e+00	0.000000e+00	0.000000e+00	0.000000e+00	0.000000e+00	0.000000e+00	0.000000e+00	0.000000e+00	0.000000e+00	0.000000e+00	0.000000e+00	0.000000e+00	0.000000e+00	
461.866029	443.223816	480.508243	730.472252	2.510093e+06	9.149474e-35	0.000000e+00	6.725815e-15	6.699004e-21	0.000000e+00	0.000000e+00	8.446204e-03	2.024342e-35	1.090524e-03	4.156289e-18	1.569605e-32	4.775102e-27	3.836995e-44	4.435208e-69	0.000000e+00	4.474825e-30	3.289093e-38	4.656474e-56	2.471184e-51	4.109897e-11	4.973520e-03	2.141652e-15	0.000000e+00	0.000000e+00	0.000000e+00	1.030768e-62	2.237038e-23	0.000000e+00	1.889971e-15	0.000000e+00	0.000000e+00	0.000000e+00	0.000000e+00	0.000000e+00	0.000000e+00	0.000000e+00	1.374375e-15	8.326742e-35	9.033817e-36	1.428969e-22	1.993260e-17	1.625895e-22	1.021910e-21	8.864558e-37	2.273350e-04	8.795060e-14	0.000000e+00	0.000000e+00	3.560591e-16	2.274059e-25	0.000000e+00	3.273067e-12	8.419712e-01	6.390298e-37	3.769261e-05	0.000000e+00	1.100081e-29	8.227951e-44	8.587353e-31	6.690539e-16	6.374495e-24	0.000000e+00	0.000000e+00	1.215066e-38	0.000000e+00	0.000000e+00	0.000000e+00	0.000000e+00	0.000000e+00	0.000000e+00	0.000000e+00	4.795842e-19	6.118301e-38	0.000000e+00	0.000000e+00	0.000000e+00	0.000000e+00	0.000000e+00	0.000000e+00	0.000000e+00	0.000000e+00	0.000000e+00	0.000000e+00	0.000000e+00	0.000000e+00	0.000000e+00	0.000000e+00	0.000000e+00	0.000000e+00	0.000000e+00	0.000000e+00	0.000000e+00	0.000000e+00	0.000000e+00	0.000000e+00	0.000000e+00	0.000000e+00	0.000000e+00	0.000000e+00	0.000000e+00	0.000000e+00	0.000000e+00	0.000000e+00	0.000000e+00	0.000000e+00	0.000000e+00	0.000000e+00	0.000000e+00	0.000000e+00	0.000000e+00	0.000000e+00	0.000000e+00	0.000000e+00	0.000000e+00	0.000000e+00	
498.613441	480.508243	516.718638	713.399581	2.059909e+06	8.983290e-36	0.000000e+00	2.427485e-15	1.752244e-21	0.000000e+00	0.000000e+00	8.446090e-03	1.890262e-36	1.100570e-03	1.379604e-18	2.570832e-33	8.935714e-28	2.764303e-45	7.469375e-71	0.000000e+00	7.346523e-31	3.782294e-39	2.033847e-57	6.252819e-53	1.961027e-11	4.973359e-03	8.937564e-16	0.000000e+00	0.000000e+00	0.000000e+00	1.105619e-64	4.389669e-24	0.000000e+00	7.711893e-16	0.000000e+00	0.000000e+00	0.000000e+00	0.000000e+00	0.000000e+00	0.000000e+00	0.000000e+00	5.085393e-16	7.483108e-36	9.232554e-37	3.740834e-23	9.829121e-18	4.891185e-23	4.039346e-22	1.645854e-37	2.273302e-04	4.246135e-14	0.000000e+00	0.000000e+00	1.707951e-16	4.630229e-26	0.000000e+00	1.865635e-12	8.419671e-01	6.426426e-38	3.267491e-05	0.000000e+00	1.539685e-30	3.566798e-45	9.733297e-32	2.352746e-16	1.284862e-24	0.000000e+00	0.000000e+00	7.434954e-40	0.000000e+00	0.000000e+00	0.000000e+00	0.000000e+00	0.000000e+00	0.000000e+00	0.000000e+00	1.687020e-19	1.470572e-38	0.000000e+00	0.000000e+00	0.000000e+00	0.000000e+00	0.000000e+00	0.000000e+00	0.000000e+00	0.000000e+00	0.000000e+00	0.000000e+00	0.000000e+00	0.000000e+00	0.000000e+00	0.000000e+00	0.000000e+00	0.000000e+00	0.000000e+00	0.000000e+00	0.000000e+00	0.000000e+00	0.000000e+00	0.000000e+00	0.000000e+00	0.000000e+00	0.000000e+00	0.000000e+00	0.000000e+00	0.000000e+00	0.000000e+00	0.000000e+00	0.000000e+00	0.000000e+00	0.000000e+00	0.000000e+00	0.000000e+00	0.000000e+00	0.000000e+00	0.000000e+00	0.000000e+00	0.000000e+00	0.000000e+00	0.000000e+00	
534.103075	516.718638	551.487511	690.203825	1.690464e+06	2.918563e-37	0.000000e+00	5.363489e-16	2.435167e-22	0.000000e+00	0.000000e+00	8.446353e-03	5.497204e-38	1.120684e-03	2.713372e-19	1.618625e-34	7.072717e-29	5.541975e-47	1.851041e-73	0.000000e+00	5.028966e-32	1.553128e-40	2.075539e-59	2.644119e-55	5.691201e-12	4.973685e-03	2.332205e-16	0.000000e+00	0.000000e+00	0.000000e+00	1.246853e-67	3.547038e-25	0.000000e+00	1.948719e-16	0.000000e+00	0.000000e+00	0.000000e+00	0.000000e+00	0.000000e+00	0.000000e+00	0.000000e+00	1.028687e-16	1.888421e-37	2.809606e-38	4.984656e-24	3.259741e-18	7.965840e-24	9.758489e-23	1.341844e-38	2.273348e-04	1.425610e-14	0.000000e+00	0.000000e+00	5.000641e-17	3.941721e-27	0.000000e+00	7.002963e-13	8.419524e-01	2.162075e-39	2.261888e-05	0.000000e+00	8.368907e-32	3.418186e-47	3.885647e-33	5.005634e-17	1.126140e-25	0.000000e+00	0.000000e+00	1.074048e-41	0.000000e+00	0.000000e+00	0.000000e+00	0.000000e+00	0.000000e+00	0.000000e+00	0.000000e+00	3.176073e-20	1.900820e-39	0.000000e+00	0.000000e+00	0.000000e+00	0.000000e+00	0.000000e+00	0.000000e+00	0.000000e+00	0.000000e+00	0.000000e+00	0.000000e+00	0.000000e+00	0.000000e+00	0.000000e+00	0.000000e+00	0.000000e+00	0.000000e+00	0.000000e+00	0.000000e+00	0.000000e+00	0.000000e+00	0.000000e+00	0.000000e+00	0.000000e+00	0.000000e+00	0.000000e+00	0.000000e+00	0.000000e+00	0.000000e+00	0.000000e+00	0.000000e+00	0.000000e+00	0.000000e+00	0.000000e+00	0.000000e+00	0.000000e+00	0.000000e+00	0.000000e+00	0.000000e+00	0.000000e+00	0.000000e+00	0.000000e+00	0.000000e+00	
568.084898	551.487511	584.682284	666.941365	1.387280e+06	4.754146e-39	0.000000e+00	8.725732e-17	2.280025e-23	0.000000e+00	0.000000e+00	8.446358e-03	7.661697e-40	1.139059e-03	3.818604e-20	5.540964e-36	3.250155e-30	4.969256e-49	1.379775e-76	0.000000e+00	1.980336e-33	3.334771e-42	8.505936e-62	3.656528e-58	1.212378e-12	4.973770e-03	4.543180e-17	0.000000e+00	0.000000e+00	0.000000e+00	3.443635e-71	1.649315e-26	0.000000e+00	3.654412e-17	0.000000e+00	0.000000e+00	0.000000e+00	0.000000e+00	0.000000e+00	0.000000e+00	0.000000e+00	1.418733e-17	2.140695e-39	3.992663e-40	4.357345e-25	8.443219e-19	8.849174e-25	1.736956e-23	6.564569e-40	2.273358e-04	3.814878e-15	0.000000e+00	0.000000e+00	1.078308e-17	1.947569e-28	0.000000e+00	2.030338e-13	8.419429e-01	3.673333e-41	1.342896e-05	0.000000e+00	2.500922e-33	1.275528e-49	8.080583e-35	7.779964e-18	5.872234e-27	0.000000e+00	0.000000e+00	6.301046e-44	0.000000e+00	0.000000e+00	0.000000e+00	0.000000e+00	0.000000e+00	0.000000e+00	0.000000e+00	4.026818e-21	1.677330e-40	0.000000e+00	0.000000e+00	0.000000e+00	0.000000e+00	0.000000e+00	0.000000e+00	0.000000e+00	0.000000e+00	0.000000e+00	0.000000e+00	0.000000e+00	0.000000e+00	0.000000e+00	0.000000e+00	0.000000e+00	0.000000e+00	0.000000e+00	0.000000e+00	0.000000e+00	0.000000e+00	0.000000e+00	0.000000e+00	0.000000e+00	0.000000e+00	0.000000e+00	0.000000e+00	0.000000e+00	0.000000e+00	0.000000e+00	0.000000e+00	0.000000e+00	0.000000e+00	0.000000e+00	0.000000e+00	0.000000e+00	0.000000e+00	0.000000e+00	0.000000e+00	0.000000e+00	0.000000e+00	0.000000e+00	0.000000e+00	
600.592730	584.682284	616.503175	651.601964	1.138472e+06	9.480444e-41	0.000000e+00	1.553285e-17	2.396108e-24	0.000000e+00	0.000000e+00	8.446673e-03	1.314638e-41	1.149487e-03	5.876369e-21	2.242423e-37	1.740821e-31	5.610800e-51	1.457480e-79	0.000000e+00	9.109439e-35	8.621878e-44	4.542098e-64	7.005139e-61	2.834520e-13	4.973941e-03	9.658238e-18	0.000000e+00	0.000000e+00	0.000000e+00	1.434730e-74	9.040274e-28	0.000000e+00	7.493843e-18	0.000000e+00	0.000000e+00	0.000000e+00	0.000000e+00	0.000000e+00	0.000000e+00	0.000000e+00	2.178097e-18	3.044963e-41	7.067313e-42	4.309926e-26	2.353622e-19	1.100840e-25	3.393529e-24	3.751413e-41	2.273441e-04	1.090863e-15	0.000000e+00	0.000000e+00	2.554793e-18	1.129564e-29	0.000000e+00	6.380215e-14	8.419349e-01	7.629836e-43	8.238462e-06	0.000000e+00	8.831105e-35	6.264040e-52	2.031932e-36	1.325219e-18	3.570039e-28	0.000000e+00	0.000000e+00	4.815459e-46	0.000000e+00	0.000000e+00	0.000000e+00	0.000000e+00	0.000000e+00	0.000000e+00	0.000000e+00	5.713815e-22	1.672201e-41	0.000000e+00	0.000000e+00	0.000000e+00	0.000000e+00	0.000000e+00	0.000000e+00	0.000000e+00	0.000000e+00	0.000000e+00	0.000000e+00	0.000000e+00	0.000000e+00	0.000000e+00	0.000000e+00	0.000000e+00	0.000000e+00	0.000000e+00	0.000000e+00	0.000000e+00	0.000000e+00	0.000000e+00	0.000000e+00	0.000000e+00	0.000000e+00	0.000000e+00	0.000000e+00	0.000000e+00	0.000000e+00	0.000000e+00	0.000000e+00	0.000000e+00	0.000000e+00	0.000000e+00	0.000000e+00	0.000000e+00	0.000000e+00	0.000000e+00	0.000000e+00	0.000000e+00	0.000000e+00	0.000000e+00	0.000000e+00	
631.727110	616.503175	646.951044	633.488656	9.342870e+05	1.314012e-42	0.000000e+00	2.353622e-18	2.044713e-25	0.000000e+00	0.000000e+00	8.446477e-03	1.528368e-43	1.156636e-03	7.562434e-22	6.574994e-39	6.995142e-33	4.144280e-53	8.180027e-83	0.000000e+00	3.127479e-36	1.584232e-45	1.501187e-66	7.441927e-64	5.639624e-14	4.973734e-03	1.761940e-18	0.000000e+00	0.000000e+00	0.000000e+00	2.847410e-78	3.709631e-29	0.000000e+00	1.314854e-18	0.000000e+00	0.000000e+00	0.000000e+00	0.000000e+00	0.000000e+00	0.000000e+00	0.000000e+00	2.732398e-19	2.836595e-43	8.381599e-44	3.414044e-27	5.763358e-20	1.120103e-26	5.656029e-25	1.643303e-42	2.273410e-04	2.767645e-16	0.000000e+00	0.000000e+00	5.166105e-19	4.921950e-31	0.000000e+00	1.754880e-14	8.419312e-01	1.106124e-44	4.653252e-06	0.000000e+00	2.270311e-36	1.869813e-54	3.621649e-38	1.912824e-19	1.652355e-29	0.000000e+00	0.000000e+00	2.290101e-48	0.000000e+00	0.000000e+00	0.000000e+00	0.000000e+00	0.000000e+00	0.000000e+00	0.000000e+00	6.588588e-23	1.371042e-42	0.000000e+00	0.000000e+00	0.000000e+00	0.000000e+00	0.000000e+00	0.000000e+00	0.000000e+00	0.000000e+00	0.000000e+00	0.000000e+00	0.000000e+00	0.000000e+00	0.000000e+00	0.000000e+00	0.000000e+00	0.000000e+00	0.000000e+00	0.000000e+00	0.000000e+00	0.000000e+00	0.000000e+00	0.000000e+00	0.000000e+00	0.000000e+00	0.000000e+00	0.000000e+00	0.000000e+00	0.000000e+00	0.000000e+00	0.000000e+00	0.000000e+00	0.000000e+00	0.000000e+00	0.000000e+00	0.000000e+00	0.000000e+00	0.000000e+00	0.000000e+00	0.000000e+00	0.000000e+00	0.000000e+00	0.000000e+00	
661.520562	646.951044	676.090079	613.006253	7.667228e+05	1.519363e-44	0.000000e+00	3.291685e-19	1.572769e-26	0.000000e+00	0.000000e+00	8.446663e-03	1.462222e-45	1.160912e-03	8.888836e-23	1.642703e-40	2.435902e-34	2.478992e-55	3.355393e-86	0.000000e+00	9.278280e-38	2.458070e-47	3.914074e-69	5.889569e-67	1.037228e-14	4.973832e-03	2.982012e-19	0.000000e+00	0.000000e+00	0.000000e+00	3.904925e-82	1.320192e-30	0.000000e+00	2.137639e-19	0.000000e+00	0.000000e+00	0.000000e+00	0.000000e+00	0.000000e+00	0.000000e+00	0.000000e+00	3.102057e-20	2.138780e-45	8.156256e-46	2.421280e-28	1.324010e-20	1.031837e-27	8.729062e-26	6.327037e-44	2.273419e-04	6.615456e-17	0.000000e+00	0.000000e+00	9.681880e-20	1.861502e-32	0.000000e+00	4.530847e-15	8.419277e-01	1.341255e-46	2.522068e-06	0.000000e+00	4.976069e-38	4.351736e-57	5.435548e-40	2.542213e-20	6.683323e-31	0.000000e+00	0.000000e+00	8.604351e-51	0.000000e+00	0.000000e+00	0.000000e+00	0.000000e+00	0.000000e+00	0.000000e+00	0.000000e+00	6.863883e-24	1.025696e-43	0.000000e+00	0.000000e+00	0.000000e+00	0.000000e+00	0.000000e+00	0.000000e+00	0.000000e+00	0.000000e+00	0.000000e+00	0.000000e+00	0.000000e+00	0.000000e+00	0.000000e+00	0.000000e+00	0.000000e+00	0.000000e+00	0.000000e+00	0.000000e+00	0.000000e+00	0.000000e+00	0.000000e+00	0.000000e+00	0.000000e+00	0.000000e+00	0.000000e+00	0.000000e+00	0.000000e+00	0.000000e+00	0.000000e+00	0.000000e+00	0.000000e+00	0.000000e+00	0.000000e+00	0.000000e+00	0.000000e+00	0.000000e+00	0.000000e+00	0.000000e+00	0.000000e+00	0.000000e+00	0.000000e+00	0.000000e+00	
690.036451	676.090079	703.982822	588.442698	6.292112e+05	1.466109e-46	0.000000e+00	4.249983e-20	1.090610e-27	0.000000e+00	0.000000e+00	8.446443e-03	1.152941e-47	1.163351e-03	9.552791e-24	3.506604e-42	7.361544e-36	1.202808e-57	1.007852e-89	0.000000e+00	2.381816e-39	3.225547e-49	8.064883e-72	3.474370e-70	1.764183e-15	4.973866e-03	4.683496e-20	0.000000e+00	0.000000e+00	0.000000e+00	3.703820e-86	4.077298e-32	0.000000e+00	3.221224e-20	0.000000e+00	0.000000e+00	0.000000e+00	0.000000e+00	0.000000e+00	0.000000e+00	0.000000e+00	3.191999e-21	1.307286e-47	6.524699e-48	1.537897e-29	2.854464e-21	8.608054e-29	1.247958e-26	2.142505e-45	2.273457e-04	1.489997e-17	0.000000e+00	0.000000e+00	1.682726e-20	6.113989e-34	0.000000e+00	1.098622e-15	8.419279e-01	1.360768e-48	1.314952e-06	0.000000e+00	9.310875e-40	7.900187e-60	6.871690e-42	3.111473e-21	2.363358e-32	0.000000e+00	0.000000e+00	2.555751e-53	0.000000e+00	0.000000e+00	0.000000e+00	0.000000e+00	0.000000e+00	0.000000e+00	0.000000e+00	6.471012e-25	7.007067e-45	0.000000e+00	0.000000e+00	0.000000e+00	0.000000e+00	0.000000e+00	0.000000e+00	0.000000e+00	0.000000e+00	0.000000e+00	0.000000e+00	0.000000e+00	0.000000e+00	0.000000e+00	0.000000e+00	0.000000e+00	0.000000e+00	0.000000e+00	0.000000e+00	0.000000e+00	0.000000e+00	0.000000e+00	0.000000e+00	0.000000e+00	0.000000e+00	0.000000e+00	0.000000e+00	0.000000e+00	0.000000e+00	0.000000e+00	0.000000e+00	0.000000e+00	0.000000e+00	0.000000e+00	0.000000e+00	0.000000e+00	0.000000e+00	0.000000e+00	0.000000e+00	0.000000e+00	0.000000e+00	0.000000e+00	0.000000e+00	
717.299536	703.982822	730.616250	553.773516	5.163623e+05	8.518187e-49	0.000000e+00	4.382948e-21	5.656686e-29	0.000000e+00	0.000000e+00	8.446539e-03	5.300246e-50	1.164751e-03	8.024755e-25	4.814794e-44	1.496180e-37	3.243283e-60	1.882665e-90	0.000000e+00	4.081588e-41	2.640818e-51	8.553305e-75	9.005472e-74	2.399628e-16	4.973880e-03	5.948221e-21	0.000000e+00	0.000000e+00	0.000000e+00	1.882665e-90	8.421631e-34	0.000000e+00	3.909665e-21	0.000000e+00	0.000000e+00	0.000000e+00	0.000000e+00	0.000000e+00	0.000000e+00	0.000000e+00	2.489850e-22	4.445673e-50	3.001745e-50	7.167161e-31	5.139652e-22	5.428720e-30	1.431684e-27	5.018007e-47	2.273446e-04	2.840498e-18	0.000000e+00	0.000000e+00	2.349678e-21	1.349029e-35	0.000000e+00	2.216982e-16	8.419249e-01	8.364609e-51	6.158252e-07	0.000000e+00	1.122625e-41	7.160778e-63	5.375809e-44	3.023375e-22	5.719254e-34	0.000000e+00	0.000000e+00	3.921186e-56	0.000000e+00	0.000000e+00	0.000000e+00	0.000000e+00	0.000000e+00	0.000000e+00	0.000000e+00	4.592383e-26	3.655817e-46	0.000000e+00	0.000000e+00	0.000000e+00	0.000000e+00	0.000000e+00	0.000000e+00	0.000000e+00	0.000000e+00	0.000000e+00	0.000000e+00	0.000000e+00	0.000000e+00	0.000000e+00	0.000000e+00	0.000000e+00	0.000000e+00	0.000000e+00	0.000000e+00	0.000000e+00	0.000000e+00	0.000000e+00	0.000000e+00	0.000000e+00	0.000000e+00	0.000000e+00	0.000000e+00	0.000000e+00	0.000000e+00	0.000000e+00	0.000000e+00	0.000000e+00	0.000000e+00	0.000000e+00	0.000000e+00	0.000000e+00	0.000000e+00	0.000000e+00	0.000000e+00	0.000000e+00	0.000000e+00	0.000000e+00	0.000000e+00	
743.258879	730.616250	755.901508	529.533854	4.237528e+05	1.892932e-51	0.000000e+00	2.952640e-22	1.692713e-30	0.000000e+00	0.000000e+00	8.447073e-03	8.777861e-53	1.165570e-03	4.234154e-26	2.866695e-46	1.434740e-39	2.873709e-63	1.882699e-90	0.000000e+00	3.254753e-43	8.842240e-54	2.574894e-78	4.917971e-78	2.134599e-17	4.973838e-03	5.047617e-22	0.000000e+00	0.000000e+00	0.000000e+00	1.882699e-90	8.107429e-36	0.000000e+00	3.146435e-22	0.000000e+00	0.000000e+00	0.000000e+00	0.000000e+00	0.000000e+00	0.000000e+00	0.000000e+00	1.148994e-23	4.983513e-53	4.837994e-53	1.858054e-32	6.576604e-23	2.014300e-31	1.080710e-28	5.830448e-49	2.273522e-04	3.948876e-19	0.000000e+00	0.000000e+00	2.162785e-22	1.400356e-37	0.000000e+00	3.151935e-17	8.419214e-01	1.989275e-53	2.355436e-07	0.000000e+00	5.895797e-44	1.742372e-66	1.694918e-46	1.897579e-23	6.741825e-36	0.000000e+00	0.000000e+00	1.720537e-59	0.000000e+00	0.000000e+00	0.000000e+00	0.000000e+00	0.000000e+00	0.000000e+00	0.000000e+00	1.901234e-27	1.139443e-47	0.000000e+00	0.000000e+00	0.000000e+00	0.000000e+00	0.000000e+00	0.000000e+00	0.000000e+00	0.000000e+00	0.000000e+00	0.000000e+00	0.000000e+00	0.000000e+00	0.000000e+00	0.000000e+00	0.000000e+00	0.000000e+00	0.000000e+00	0.000000e+00	0.000000e+00	0.000000e+00	0.000000e+00	0.000000e+00	0.000000e+00	0.000000e+00	0.000000e+00	0.000000e+00	0.000000e+00	0.000000e+00	0.000000e+00	0.000000e+00	0.000000e+00	0.000000e+00	0.000000e+00	0.000000e+00	0.000000e+00	0.000000e+00	0.000000e+00	0.000000e+00	0.000000e+00	0.000000e+00	0.000000e+00	0.000000e+00	
767.830701	755.901508	779.759895	506.929563	3.477529e+05	1.345733e-54	0.000000e+00	1.200711e-23	2.637962e-32	0.000000e+00	0.000000e+00	8.446579e-03	4.334978e-56	1.165812e-03	1.286811e-27	6.357841e-49	5.653753e-42	6.816175e-67	1.882638e-90	0.000000e+00	1.048801e-45	1.027718e-56	1.746146e-82	4.235883e-83	1.149867e-18	4.973422e-03	2.658492e-23	0.000000e+00	0.000000e+00	0.000000e+00	1.882638e-90	3.163661e-38	0.000000e+00	1.557982e-23	0.000000e+00	0.000000e+00	0.000000e+00	0.000000e+00	0.000000e+00	0.000000e+00	0.000000e+00	2.852392e-25	1.500047e-56	2.255678e-56	2.403219e-34	5.616918e-24	3.986727e-33	4.975759e-30	2.959115e-51	2.273473e-04	3.775139e-20	0.000000e+00	0.000000e+00	1.218162e-23	5.952024e-40	0.000000e+00	2.967087e-18	8.419269e-01	1.534697e-56	7.107001e-08	0.000000e+00	1.155902e-46	8.908746e-71	1.818701e-49	7.093186e-25	3.391060e-38	0.000000e+00	0.000000e+00	1.712923e-63	0.000000e+00	0.000000e+00	0.000000e+00	0.000000e+00	0.000000e+00	0.000000e+00	0.000000e+00	4.168153e-29	1.937429e-49	0.000000e+00	0.000000e+00	0.000000e+00	0.000000e+00	0.000000e+00	0.000000e+00	0.000000e+00	0.000000e+00	0.000000e+00	0.000000e+00	0.000000e+00	0.000000e+00	0.000000e+00	0.000000e+00	0.000000e+00	0.000000e+00	0.000000e+00	0.000000e+00	0.000000e+00	0.000000e+00	0.000000e+00	0.000000e+00	0.000000e+00	0.000000e+00	0.000000e+00	0.000000e+00	0.000000e+00	0.000000e+00	0.000000e+00	0.000000e+00	0.000000e+00	0.000000e+00	0.000000e+00	0.000000e+00	0.000000e+00	0.000000e+00	0.000000e+00	0.000000e+00	0.000000e+00	0.000000e+00	0.000000e+00	0.000000e+00	
791.018835	779.759895	802.277775	478.918251	2.853835e+05	6.402735e-58	0.000000e+00	4.088415e-25	3.265937e-34	0.000000e+00	0.000000e+00	8.446941e-03	1.399199e-59	1.165940e-03	3.215648e-29	1.005728e-51	1.635675e-44	1.022341e-70	1.882696e-90	0.000000e+00	2.463678e-48	8.289996e-60	7.075181e-87	1.900077e-88	5.226191e-20	4.973757e-03	1.188831e-24	0.000000e+00	0.000000e+00	0.000000e+00	1.882696e-90	9.043922e-41	0.000000e+00	6.534779e-25	0.000000e+00	0.000000e+00	0.000000e+00	0.000000e+00	0.000000e+00	0.000000e+00	0.000000e+00	5.733532e-27	2.848684e-60	6.866480e-60	2.433763e-36	4.172207e-25	6.338758e-35	1.939664e-31	1.134819e-53	2.273480e-04	3.163041e-21	0.000000e+00	0.000000e+00	5.832210e-25	1.854113e-42	0.000000e+00	2.442083e-19	8.419217e-01	7.976690e-60	1.989131e-08	0.000000e+00	1.600792e-49	2.622560e-75	1.333504e-52	2.209184e-26	1.268935e-40	0.000000e+00	0.000000e+00	1.014456e-67	0.000000e+00	0.000000e+00	0.000000e+00	0.000000e+00	0.000000e+00	0.000000e+00	0.000000e+00	7.385044e-31	2.711657e-51	0.000000e+00	0.000000e+00	0.000000e+00	0.000000e+00	0.000000e+00	0.000000e+00	0.000000e+00	0.000000e+00	0.000000e+00	0.000000e+00	0.000000e+00	0.000000e+00	0.000000e+00	0.000000e+00	0.000000e+00	0.000000e+00	0.000000e+00	0.000000e+00	0.000000e+00	0.000000e+00	0.000000e+00	0.000000e+00	0.000000e+00	0.000000e+00	0.000000e+00	0.000000e+00	0.000000e+00	0.000000e+00	0.000000e+00	0.000000e+00	0.000000e+00	0.000000e+00	0.000000e+00	0.000000e+00	0.000000e+00	0.000000e+00	0.000000e+00	0.000000e+00	0.000000e+00	0.000000e+00	0.000000e+00	0.000000e+00	
812.903993	802.277775	823.530211	452.874990	2.342000e+05	1.924773e-61	0.000000e+00	1.136457e-26	3.107860e-36	0.000000e+00	0.000000e+00	8.446708e-03	2.778241e-63	1.165918e-03	6.425505e-31	1.081666e-54	3.324619e-47	9.081930e-75	1.882677e-90	0.000000e+00	4.032804e-51	4.404866e-63	1.882677e-90	1.882677e-90	1.956175e-21	4.973661e-03	4.408726e-26	0.000000e+00	0.000000e+00	0.000000e+00	1.882677e-90	1.811650e-43	0.000000e+00	2.266945e-26	0.000000e+00	0.000000e+00	0.000000e+00	0.000000e+00	0.000000e+00	0.000000e+00	0.000000e+00	9.056791e-29	3.196314e-64	1.284401e-63	1.863623e-38	2.642433e-26	7.846239e-37	6.250977e-33	3.158908e-56	2.273463e-04	2.279378e-22	0.000000e+00	0.000000e+00	2.319267e-26	4.049828e-45	0.000000e+00	1.723802e-20	8.419235e-01	2.639237e-63	5.111853e-09	0.000000e+00	1.490335e-52	4.107263e-80	6.326806e-56	5.584618e-28	3.386186e-43	0.000000e+00	0.000000e+00	3.318207e-72	0.000000e+00	0.000000e+00	0.000000e+00	0.000000e+00	0.000000e+00	0.000000e+00	0.000000e+00	1.025983e-32	3.037440e-53	0.000000e+00	0.000000e+00	0.000000e+00	0.000000e+00	0.000000e+00	0.000000e+00	0.000000e+00	0.000000e+00	0.000000e+00	0.000000e+00	0.000000e+00	0.000000e+00	0.000000e+00	0.000000e+00	0.000000e+00	0.000000e+00	0.000000e+00	0.000000e+00	0.000000e+00	0.000000e+00	0.000000e+00	0.000000e+00	0.000000e+00	0.000000e+00	0.000000e+00	0.000000e+00	0.000000e+00	0.000000e+00	0.000000e+00	0.000000e+00	0.000000e+00	0.000000e+00	0.000000e+00	0.000000e+00	0.000000e+00	0.000000e+00	0.000000e+00	0.000000e+00	0.000000e+00	0.000000e+00	0.000000e+00	0.000000e+00	
833.559375	823.530211	843.588538	426.903310	1.921963e+05	3.568711e-65	0.000000e+00	2.551461e-28	2.241923e-38	0.000000e+00	0.000000e+00	8.446574e-03	3.309565e-67	1.166006e-03	1.014711e-32	7.770310e-58	4.665887e-50	4.655917e-79	1.882701e-90	0.000000e+00	4.517814e-54	1.510921e-66	1.882701e-90	1.882701e-90	5.978810e-23	4.973877e-03	1.344062e-27	0.000000e+00	0.000000e+00	0.000000e+00	1.882701e-90	2.500225e-46	0.000000e+00	6.448062e-28	0.000000e+00	0.000000e+00	0.000000e+00	0.000000e+00	0.000000e+00	0.000000e+00	0.000000e+00	1.112269e-30	2.063409e-68	1.442807e-67	1.063393e-40	1.416021e-27	7.466424e-39	1.651525e-34	6.290614e-59	2.273493e-04	1.401689e-23	0.000000e+00	0.000000e+00	7.604029e-28	6.094662e-48	0.000000e+00	1.037661e-21	8.419216e-01	5.430650e-67	1.203582e-09	0.000000e+00	9.136888e-56	3.309571e-85	1.898501e-59	1.133594e-29	6.337725e-46	0.000000e+00	0.000000e+00	5.816612e-77	0.000000e+00	0.000000e+00	0.000000e+00	0.000000e+00	0.000000e+00	0.000000e+00	0.000000e+00	1.106437e-34	2.700771e-55	0.000000e+00	0.000000e+00	0.000000e+00	0.000000e+00	0.000000e+00	0.000000e+00	0.000000e+00	0.000000e+00	0.000000e+00	0.000000e+00	0.000000e+00	0.000000e+00	0.000000e+00	0.000000e+00	0.000000e+00	0.000000e+00	0.000000e+00	0.000000e+00	0.000000e+00	0.000000e+00	0.000000e+00	0.000000e+00	0.000000e+00	0.000000e+00	0.000000e+00	0.000000e+00	0.000000e+00	0.000000e+00	0.000000e+00	0.000000e+00	0.000000e+00	0.000000e+00	0.000000e+00	0.000000e+00	0.000000e+00	0.000000e+00	0.000000e+00	0.000000e+00	0.000000e+00	0.000000e+00	0.000000e+00	0.000000e+00	
853.063249	843.588538	862.537959	402.498035	1.577259e+05	4.633138e-69	0.000000e+00	4.894491e-30	1.318285e-40	0.000000e+00	0.000000e+00	8.446629e-03	2.707008e-71	1.165992e-03	1.345949e-34	4.172107e-61	4.997578e-53	1.597656e-83	1.882692e-90	0.000000e+00	3.834333e-57	3.771090e-70	1.882692e-90	1.882692e-90	1.580960e-24	4.973974e-03	3.556450e-29	0.000000e+00	0.000000e+00	0.000000e+00	1.882692e-90	2.633799e-49	0.000000e+00	1.589462e-29	0.000000e+00	0.000000e+00	0.000000e+00	0.000000e+00	0.000000e+00	0.000000e+00	0.000000e+00	1.140119e-32	8.878543e-73	1.120727e-71	4.885976e-43	6.721104e-29	5.861620e-41	3.787449e-36	9.857970e-62	2.273428e-04	7.668565e-25	0.000000e+00	0.000000e+00	2.177310e-29	6.988172e-51	0.000000e+00	5.593716e-23	8.419221e-01	7.881047e-71	2.671428e-10	0.000000e+00	4.115696e-59	1.882692e-90	4.061624e-63	1.957460e-31	9.158804e-49	0.000000e+00	0.000000e+00	6.451862e-82	0.000000e+00	0.000000e+00	0.000000e+00	0.000000e+00	0.000000e+00	0.000000e+00	0.000000e+00	9.970687e-37	2.049232e-57	0.000000e+00	0.000000e+00	0.000000e+00	0.000000e+00	0.000000e+00	0.000000e+00	0.000000e+00	0.000000e+00	0.000000e+00	0.000000e+00	0.000000e+00	0.000000e+00	0.000000e+00	0.000000e+00	0.000000e+00	0.000000e+00	0.000000e+00	0.000000e+00	0.000000e+00	0.000000e+00	0.000000e+00	0.000000e+00	0.000000e+00	0.000000e+00	0.000000e+00	0.000000e+00	0.000000e+00	0.000000e+00	0.000000e+00	0.000000e+00	0.000000e+00	0.000000e+00	0.000000e+00	0.000000e+00	0.000000e+00	0.000000e+00	0.000000e+00	0.000000e+00	0.000000e+00	0.000000e+00	0.000000e+00	0.000000e+00	
871.516387	862.537959	880.494815	380.931612	1.294378e+05	6.102455e-73	0.000000e+00	9.455108e-32	7.812290e-43	0.000000e+00	0.000000e+00	8.446467e-03	2.254206e-75	1.165972e-03	1.794042e-36	2.311826e-64	5.459131e-56	5.638339e-88	1.882644e-90	0.000000e+00	3.311994e-60	9.671671e-74	1.882644e-90	1.882644e-90	4.261679e-26	4.973515e-03	9.543520e-31	0.000000e+00	0.000000e+00	0.000000e+00	1.882644e-90	2.843640e-52	0.000000e+00	3.979015e-31	0.000000e+00	0.000000e+00	0.000000e+00	0.000000e+00	0.000000e+00	0.000000e+00	0.000000e+00	1.194609e-34	3.907302e-77	9.025237e-76	2.267027e-45	3.224695e-30	4.659412e-43	8.863907e-38	1.593995e-64	2.273426e-04	4.216539e-26	0.000000e+00	0.000000e+00	6.397411e-31	8.168283e-54	0.000000e+00	3.092071e-24	8.419264e-01	1.163605e-74	6.045011e-11	0.000000e+00	1.876914e-62	1.882644e-90	8.796148e-67	3.403386e-33	1.348957e-51	0.000000e+00	0.000000e+00	7.340454e-87	0.000000e+00	0.000000e+00	0.000000e+00	0.000000e+00	0.000000e+00	0.000000e+00	0.000000e+00	9.246393e-39	1.619711e-59	0.000000e+00	0.000000e+00	0.000000e+00	0.000000e+00	0.000000e+00	0.000000e+00	0.000000e+00	0.000000e+00	0.000000e+00	0.000000e+00	0.000000e+00	0.000000e+00	0.000000e+00	0.000000e+00	0.000000e+00	0.000000e+00	0.000000e+00	0.000000e+00	0.000000e+00	0.000000e+00	0.000000e+00	0.000000e+00	0.000000e+00	0.000000e+00	0.000000e+00	0.000000e+00	0.000000e+00	0.000000e+00	0.000000e+00	0.000000e+00	0.000000e+00	0.000000e+00	0.000000e+00	0.000000e+00	0.000000e+00	0.000000e+00	0.000000e+00	0.000000e+00	0.000000e+00	0.000000e+00	0.000000e+00	0.000000e+00	
889.038111	880.494815	897.581407	361.232673	1.062232e+05	1.044372e-76	0.000000e+00	2.052197e-33	5.376073e-45	0.000000e+00	0.000000e+00	8.446878e-03	2.484774e-79	1.166074e-03	2.709037e-38	1.636536e-67	7.373973e-59	1.882749e-90	1.882749e-90	0.000000e+00	3.543522e-63	3.204941e-77	1.882749e-90	1.882749e-90	1.305389e-27	4.973929e-03	2.880203e-32	0.000000e+00	0.000000e+00	0.000000e+00	1.882749e-90	3.827503e-55	0.000000e+00	1.124117e-32	0.000000e+00	0.000000e+00	0.000000e+00	0.000000e+00	0.000000e+00	0.000000e+00	0.000000e+00	1.463133e-36	2.339601e-81	9.855870e-80	1.235200e-47	1.706911e-31	4.297610e-45	2.355387e-39	3.180302e-67	2.273530e-04	2.527406e-27	0.000000e+00	0.000000e+00	2.144383e-32	1.181357e-56	0.000000e+00	1.915528e-25	8.419174e-01	2.231648e-78	1.467018e-11	0.000000e+00	1.073238e-65	1.882749e-90	2.437522e-70	6.669253e-35	2.435917e-54	0.000000e+00	0.000000e+00	1.882749e-90	0.000000e+00	0.000000e+00	0.000000e+00	0.000000e+00	0.000000e+00	0.000000e+00	0.000000e+00	1.012226e-40	1.518665e-61	0.000000e+00	0.000000e+00	0.000000e+00	0.000000e+00	0.000000e+00	0.000000e+00	0.000000e+00	0.000000e+00	0.000000e+00	0.000000e+00	0.000000e+00	0.000000e+00	0.000000e+00	0.000000e+00	0.000000e+00	0.000000e+00	0.000000e+00	0.000000e+00	0.000000e+00	0.000000e+00	0.000000e+00	0.000000e+00	0.000000e+00	0.000000e+00	0.000000e+00	0.000000e+00	0.000000e+00	0.000000e+00	0.000000e+00	0.000000e+00	0.000000e+00	0.000000e+00	0.000000e+00	0.000000e+00	0.000000e+00	0.000000e+00	0.000000e+00	0.000000e+00	0.000000e+00	0.000000e+00	0.000000e+00	0.000000e+00	
905.754749	897.581407	913.928090	341.410950	8.717206e+04	3.238283e-80	0.000000e+00	5.798663e-35	5.196592e-47	0.000000e+00	0.000000e+00	8.446376e-03	5.156251e-83	1.165931e-03	5.443417e-40	1.964971e-70	1.593009e-61	1.882608e-90	1.882608e-90	0.000000e+00	6.106214e-66	1.862120e-80	1.882608e-90	1.882608e-90	5.243493e-29	4.973468e-03	1.121193e-33	0.000000e+00	0.000000e+00	0.000000e+00	1.882608e-90	8.331490e-58	0.000000e+00	4.119085e-34	0.000000e+00	0.000000e+00	0.000000e+00	0.000000e+00	0.000000e+00	0.000000e+00	0.000000e+00	2.501200e-38	2.791963e-85	2.085724e-83	9.677774e-50	1.119975e-32	5.518401e-47	8.182472e-41	9.922700e-70	2.273361e-04	1.841763e-28	0.000000e+00	0.000000e+00	9.420695e-34	2.737553e-59	0.000000e+00	1.492970e-26	8.419293e-01	7.714558e-82	4.075120e-12	0.000000e+00	1.025435e-68	1.882608e-90	1.183674e-73	1.712701e-36	6.899589e-57	0.000000e+00	0.000000e+00	1.882608e-90	0.000000e+00	0.000000e+00	0.000000e+00	0.000000e+00	0.000000e+00	0.000000e+00	0.000000e+00	1.566827e-42	2.001276e-63	0.000000e+00	0.000000e+00	0.000000e+00	0.000000e+00	0.000000e+00	0.000000e+00	0.000000e+00	0.000000e+00	0.000000e+00	0.000000e+00	0.000000e+00	0.000000e+00	0.000000e+00	0.000000e+00	0.000000e+00	0.000000e+00	0.000000e+00	0.000000e+00	0.000000e+00	0.000000e+00	0.000000e+00	0.000000e+00	0.000000e+00	0.000000e+00	0.000000e+00	0.000000e+00	0.000000e+00	0.000000e+00	0.000000e+00	0.000000e+00	0.000000e+00	0.000000e+00	0.000000e+00	0.000000e+00	0.000000e+00	0.000000e+00	0.000000e+00	0.000000e+00	0.000000e+00	0.000000e+00	0.000000e+00	0.000000e+00	
921.778282	913.928090	929.628474	322.797004	7.153777e+04	1.523848e-83	0.000000e+00	1.971607e-36	6.376176e-49	0.000000e+00	0.000000e+00	8.446632e-03	1.668994e-86	1.165976e-03	1.336667e-41	3.429337e-73	4.792119e-64	1.882669e-90	1.882669e-90	0.000000e+00	1.472013e-68	1.608253e-83	1.882669e-90	1.882669e-90	2.552994e-30	4.973710e-03	5.225849e-35	0.000000e+00	0.000000e+00	0.000000e+00	1.882669e-90	2.546912e-60	0.000000e+00	1.814756e-35	0.000000e+00	0.000000e+00	0.000000e+00	0.000000e+00	0.000000e+00	0.000000e+00	0.000000e+00	5.416176e-40	5.413402e-89	7.045644e-87	9.786938e-52	8.553787e-34	8.946176e-49	3.438619e-42	4.250966e-72	2.273441e-04	1.539663e-29	0.000000e+00	0.000000e+00	5.019805e-35	8.844882e-62	0.000000e+00	1.371433e-27	8.419242e-01	4.034983e-85	1.248027e-12	0.000000e+00	1.405104e-71	1.882669e-90	8.521723e-77	5.319129e-38	2.684354e-59	0.000000e+00	0.000000e+00	1.882669e-90	0.000000e+00	0.000000e+00	0.000000e+00	0.000000e+00	0.000000e+00	0.000000e+00	0.000000e+00	3.103348e-44	3.365202e-65	0.000000e+00	0.000000e+00	0.000000e+00	0.000000e+00	0.000000e+00	0.000000e+00	0.000000e+00	0.000000e+00	0.000000e+00	0.000000e+00	0.000000e+00	0.000000e+00	0.000000e+00	0.000000e+00	0.000000e+00	0.000000e+00	0.000000e+00	0.000000e+00	0.000000e+00	0.000000e+00	0.000000e+00	0.000000e+00	0.000000e+00	0.000000e+00	0.000000e+00	0.000000e+00	0.000000e+00	0.000000e+00	0.000000e+00	0.000000e+00	0.000000e+00	0.000000e+00	0.000000e+00	0.000000e+00	0.000000e+00	0.000000e+00	0.000000e+00	0.000000e+00	0.000000e+00	0.000000e+00	0.000000e+00	0.000000e+00	
937.160124	929.628474	944.691775	304.357054	5.870748e+04	4.187687e-87	0.000000e+00	5.285268e-38	5.747990e-51	0.000000e+00	0.000000e+00	8.446704e-03	3.061322e-90	1.165936e-03	2.525499e-43	3.831793e-76	9.561218e-67	1.882647e-90	1.882647e-90	0.000000e+00	2.329428e-71	8.552382e-87	1.882647e-90	1.882647e-90	9.947423e-32	4.974224e-03	1.961613e-36	0.000000e+00	0.000000e+00	0.000000e+00	1.882647e-90	5.157334e-63	0.000000e+00	6.422107e-37	0.000000e+00	0.000000e+00	0.000000e+00	0.000000e+00	0.000000e+00	0.000000e+00	0.000000e+00	8.888026e-42	1.882647e-90	1.882647e-90	7.135914e-54	5.430108e-35	1.083092e-50	1.160931e-43	1.258321e-74	2.273408e-04	1.078987e-30	0.000000e+00	0.000000e+00	2.165318e-36	1.891725e-64	0.000000e+00	1.058817e-28	8.419252e-01	1.244512e-88	3.477933e-13	0.000000e+00	1.209750e-74	1.882647e-90	3.685779e-80	1.294523e-39	7.050768e-62	0.000000e+00	0.000000e+00	1.882647e-90	0.000000e+00	0.000000e+00	0.000000e+00	0.000000e+00	0.000000e+00	0.000000e+00	0.000000e+00	4.654586e-46	4.394670e-67	0.000000e+00	0.000000e+00	0.000000e+00	0.000000e+00	0.000000e+00	0.000000e+00	0.000000e+00	0.000000e+00	0.000000e+00	0.000000e+00	0.000000e+00	0.000000e+00	0.000000e+00	0.000000e+00	0.000000e+00	0.000000e+00	0.000000e+00	0.000000e+00	0.000000e+00	0.000000e+00	0.000000e+00	0.000000e+00	0.000000e+00	0.000000e+00	0.000000e+00	0.000000e+00	0.000000e+00	0.000000e+00	0.000000e+00	0.000000e+00	0.000000e+00	0.000000e+00	0.000000e+00	0.000000e+00	0.000000e+00	0.000000e+00	0.000000e+00	0.000000e+00	0.000000e+00	0.000000e+00	0.000000e+00	0.000000e+00	
951.902184	944.691775	959.112594	302.087061	4.817831e+04	1.882650e-90	0.000000e+00	9.881013e-40	3.247999e-53	0.000000e+00	0.000000e+00	8.446500e-03	1.882650e-90	1.165922e-03	3.209226e-45	2.171183e-79	1.022453e-69	1.882650e-90	1.882650e-90	0.000000e+00	1.945936e-74	2.175676e-90	1.882650e-90	1.882650e-90	2.757853e-33	4.973906e-03	5.294548e-38	0.000000e+00	0.000000e+00	0.000000e+00	1.882650e-90	5.577797e-66	0.000000e+00	1.626856e-38	0.000000e+00	0.000000e+00	0.000000e+00	0.000000e+00	0.000000e+00	0.000000e+00	0.000000e+00	9.554668e-44	1.882650e-90	1.882650e-90	3.169082e-56	2.602675e-36	8.418518e-53	2.805869e-45	2.119147e-77	2.273458e-04	5.788314e-32	0.000000e+00	0.000000e+00	6.755317e-38	2.161786e-67	0.000000e+00	6.257065e-30	8.419256e-01	1.882650e-90	8.377327e-14	0.000000e+00	5.151313e-78	1.882650e-90	7.365064e-84	2.176547e-41	1.019276e-64	0.000000e+00	0.000000e+00	1.882650e-90	0.000000e+00	0.000000e+00	0.000000e+00	0.000000e+00	0.000000e+00	0.000000e+00	0.000000e+00	4.562556e-48	3.889002e-69	0.000000e+00	0.000000e+00	0.000000e+00	0.000000e+00	0.000000e+00	0.000000e+00	0.000000e+00	0.000000e+00	0.000000e+00	0.000000e+00	0.000000e+00	0.000000e+00	0.000000e+00	0.000000e+00	0.000000e+00	0.000000e+00	0.000000e+00	0.000000e+00	0.000000e+00	0.000000e+00	0.000000e+00	0.000000e+00	0.000000e+00	0.000000e+00	0.000000e+00	0.000000e+00	0.000000e+00	0.000000e+00	0.000000e+00	0.000000e+00	0.000000e+00	0.000000e+00	0.000000e+00	0.000000e+00	0.000000e+00	0.000000e+00	0.000000e+00	0.000000e+00	0.000000e+00	0.000000e+00	0.000000e+00	0.000000e+00	
966.027776	959.112594	972.942958	306.548733	3.953754e+04	1.882654e-90	0.000000e+00	1.851579e-41	1.839025e-55	0.000000e+00	0.000000e+00	8.446986e-03	1.882654e-90	1.165969e-03	4.078499e-47	1.259729e-82	1.106932e-72	1.882654e-90	1.882654e-90	0.000000e+00	1.641855e-77	1.882654e-90	1.882654e-90	1.882654e-90	7.766884e-35	4.973188e-03	1.443813e-39	0.000000e+00	0.000000e+00	0.000000e+00	1.882654e-90	6.137907e-69	0.000000e+00	4.169270e-40	0.000000e+00	0.000000e+00	0.000000e+00	0.000000e+00	0.000000e+00	0.000000e+00	0.000000e+00	1.045113e-45	1.882654e-90	1.882654e-90	1.412340e-58	1.256638e-37	6.589097e-55	6.893507e-47	3.657405e-80	2.273367e-04	3.110303e-33	0.000000e+00	0.000000e+00	2.154999e-39	2.500045e-70	0.000000e+00	3.781307e-31	8.419255e-01	1.882654e-90	2.055150e-14	0.000000e+00	2.201784e-81	1.882654e-90	1.475859e-87	3.668511e-43	1.491407e-67	0.000000e+00	0.000000e+00	1.882654e-90	0.000000e+00	0.000000e+00	0.000000e+00	0.000000e+00	0.000000e+00	0.000000e+00	0.000000e+00	4.581892e-50	3.567263e-71	0.000000e+00	0.000000e+00	0.000000e+00	0.000000e+00	0.000000e+00	0.000000e+00	0.000000e+00	0.000000e+00	0.000000e+00	0.000000e+00	0.000000e+00	0.000000e+00	0.000000e+00	0.000000e+00	0.000000e+00	0.000000e+00	0.000000e+00	0.000000e+00	0.000000e+00	0.000000e+00	0.000000e+00	0.000000e+00	0.000000e+00	0.000000e+00	0.000000e+00	0.000000e+00	0.000000e+00	0.000000e+00	0.000000e+00	0.000000e+00	0.000000e+00	0.000000e+00	0.000000e+00	0.000000e+00	0.000000e+00	0.000000e+00	0.000000e+00	0.000000e+00	0.000000e+00	0.000000e+00	0.000000e+00	0.000000e+00	
979.619752	972.942958	986.296546	308.925535	3.244649e+04	1.882676e-90	0.000000e+00	5.874178e-43	2.055709e-57	0.000000e+00	0.000000e+00	8.446820e-03	1.882676e-90	1.165946e-03	9.207828e-49	2.045521e-85	3.028000e-75	1.882676e-90	1.882676e-90	0.000000e+00	3.561818e-80	1.882676e-90	1.882676e-90	1.882676e-90	3.691699e-36	4.973681e-03	6.476137e-41	0.000000e+00	0.000000e+00	0.000000e+00	1.882676e-90	1.733340e-71	0.000000e+00	1.774270e-41	0.000000e+00	0.000000e+00	0.000000e+00	0.000000e+00	0.000000e+00	0.000000e+00	0.000000e+00	2.182166e-47	1.882676e-90	1.882676e-90	1.299941e-60	9.251757e-39	9.932929e-57	2.836705e-48	1.497812e-82	2.273571e-04	2.469882e-34	0.000000e+00	0.000000e+00	1.148138e-40	7.339329e-73	0.000000e+00	3.514326e-32	8.419233e-01	1.882676e-90	6.451617e-15	0.000000e+00	2.628081e-84	1.882676e-90	1.882676e-90	1.061656e-44	5.305305e-70	0.000000e+00	0.000000e+00	1.882676e-90	0.000000e+00	0.000000e+00	0.000000e+00	0.000000e+00	0.000000e+00	0.000000e+00	0.000000e+00	8.929016e-52	6.160681e-73	0.000000e+00	0.000000e+00	0.000000e+00	0.000000e+00	0.000000e+00	0.000000e+00	0.000000e+00	0.000000e+00	0.000000e+00	0.000000e+00	0.000000e+00	0.000000e+00	0.000000e+00	0.000000e+00	0.000000e+00	0.000000e+00	0.000000e+00	0.000000e+00	0.000000e+00	0.000000e+00	0.000000e+00	0.000000e+00	0.000000e+00	0.000000e+00	0.000000e+00	0.000000e+00	0.000000e+00	0.000000e+00	0.000000e+00	0.000000e+00	0.000000e+00	0.000000e+00	0.000000e+00	0.000000e+00	0.000000e+00	0.000000e+00	0.000000e+00	0.000000e+00	0.000000e+00	0.000000e+00	0.000000e+00	0.000000e+00	
992.823356	986.296546	999.350167	308.052529	2.662722e+04	1.882629e-90	0.000000e+00	6.089700e-44	1.062902e-58	0.000000e+00	0.000000e+00	8.446309e-03	1.882629e-90	1.165946e-03	7.601558e-50	3.255775e-87	6.570902e-77	1.882629e-90	1.882629e-90	0.000000e+00	6.401310e-82	1.882629e-90	1.882629e-90	1.882629e-90	5.562220e-37	4.973517e-03	8.768835e-42	0.000000e+00	0.000000e+00	0.000000e+00	1.882629e-90	3.979095e-73	0.000000e+00	2.320949e-42	0.000000e+00	0.000000e+00	0.000000e+00	0.000000e+00	0.000000e+00	0.000000e+00	0.000000e+00	1.901400e-48	1.882629e-90	1.882629e-90	6.106024e-62	1.740758e-39	6.491623e-58	3.635262e-49	4.135773e-84	2.273367e-04	4.718480e-35	0.000000e+00	0.000000e+00	1.871592e-41	1.724951e-74	0.000000e+00	8.302273e-33	8.419277e-01	1.882629e-90	3.426134e-15	0.000000e+00	3.163386e-86	1.882629e-90	1.882629e-90	1.035208e-45	1.371423e-71	0.000000e+00	0.000000e+00	1.882629e-90	0.000000e+00	0.000000e+00	0.000000e+00	0.000000e+00	0.000000e+00	0.000000e+00	0.000000e+00	7.451261e-53	4.176690e-74	0.000000e+00	0.000000e+00	0.000000e+00	0.000000e+00	0.000000e+00	0.000000e+00	0.000000e+00	0.000000e+00	0.000000e+00	0.000000e+00	0.000000e+00	0.000000e+00	0.000000e+00	0.000000e+00	0.000000e+00	0.000000e+00	0.000000e+00	0.000000e+00	0.000000e+00	0.000000e+00	0.000000e+00	0.000000e+00	0.000000e+00	0.000000e+00	0.000000e+00	0.000000e+00	0.000000e+00	0.000000e+00	0.000000e+00	0.000000e+00	0.000000e+00	0.000000e+00	0.000000e+00	0.000000e+00	0.000000e+00	0.000000e+00	0.000000e+00	0.000000e+00	0.000000e+00	0.000000e+00	0.000000e+00	0.000000e+00	
1005.782518	999.350167	1012.214869	293.338333	2.185163e+04	1.882628e-90	0.000000e+00	1.435770e-44	1.591381e-59	0.000000e+00	0.000000e+00	8.446814e-03	1.882628e-90	1.165988e-03	1.544082e-50	2.513983e-88	5.989556e-78	1.882628e-90	1.882628e-90	0.000000e+00	4.983140e-83	1.882628e-90	1.882628e-90	1.882628e-90	1.860380e-37	4.973911e-03	2.551356e-42	0.000000e+00	0.000000e+00	0.000000e+00	1.882628e-90	3.898127e-74	0.000000e+00	6.604418e-43	0.000000e+00	0.000000e+00	0.000000e+00	0.000000e+00	0.000000e+00	0.000000e+00	0.000000e+00	4.449109e-49	1.882628e-90	1.882628e-90	8.888672e-63	6.274673e-40	1.173229e-58	1.021556e-49	4.273541e-85	2.273383e-04	1.657990e-35	0.000000e+00	0.000000e+00	6.598465e-42	1.714266e-75	0.000000e+00	3.729328e-33	8.419269e-01	1.882628e-90	2.608940e-15	0.000000e+00	1.893273e-87	1.882628e-90	1.882628e-90	2.345399e-46	1.401430e-72	0.000000e+00	0.000000e+00	1.882628e-90	0.000000e+00	0.000000e+00	0.000000e+00	0.000000e+00	0.000000e+00	0.000000e+00	0.000000e+00	1.697323e-53	7.258654e-75	0.000000e+00	0.000000e+00	0.000000e+00	0.000000e+00	0.000000e+00	0.000000e+00	0.000000e+00	0.000000e+00	0.000000e+00	0.000000e+00	0.000000e+00	0.000000e+00	0.000000e+00	0.000000e+00	0.000000e+00	0.000000e+00	0.000000e+00	0.000000e+00	0.000000e+00	0.000000e+00	0.000000e+00	0.000000e+00	0.000000e+00	0.000000e+00	0.000000e+00	0.000000e+00	0.000000e+00	0.000000e+00	0.000000e+00	0.000000e+00	0.000000e+00	0.000000e+00	0.000000e+00	0.000000e+00	0.000000e+00	0.000000e+00	0.000000e+00	0.000000e+00	0.000000e+00	0.000000e+00	0.000000e+00	0.000000e+00	
1018.468264	1012.214869	1024.721659	291.819594	1.793255e+04	1.882632e-90	0.000000e+00	7.484767e-46	3.377604e-61	0.000000e+00	0.000000e+00	8.446365e-03	1.882632e-90	1.165950e-03	5.988013e-52	1.882632e-90	3.942734e-80	1.882632e-90	1.882632e-90	0.000000e+00	2.641647e-85	1.882632e-90	1.882632e-90	1.882632e-90	1.457143e-38	4.973702e-03	1.836097e-43	0.000000e+00	0.000000e+00	0.000000e+00	1.882632e-90	2.692344e-76	0.000000e+00	4.551062e-44	0.000000e+00	0.000000e+00	0.000000e+00	0.000000e+00	0.000000e+00	0.000000e+00	0.000000e+00	1.720244e-50	1.882632e-90	1.882632e-90	1.621551e-64	6.892492e-41	3.287585e-60	6.880553e-51	3.990547e-87	2.273424e-04	1.902738e-36	0.000000e+00	0.000000e+00	5.752076e-43	1.215548e-77	0.000000e+00	5.248482e-34	8.419271e-01	1.882632e-90	1.041669e-15	0.000000e+00	5.952151e-90	1.882632e-90	1.882632e-90	1.129940e-47	1.156381e-74	0.000000e+00	0.000000e+00	1.882632e-90	0.000000e+00	0.000000e+00	0.000000e+00	0.000000e+00	0.000000e+00	0.000000e+00	0.000000e+00	6.239937e-55	2.310570e-76	0.000000e+00	0.000000e+00	0.000000e+00	0.000000e+00	0.000000e+00	0.000000e+00	0.000000e+00	0.000000e+00	0.000000e+00	0.000000e+00	0.000000e+00	0.000000e+00	0.000000e+00	0.000000e+00	0.000000e+00	0.000000e+00	0.000000e+00	0.000000e+00	0.000000e+00	0.000000e+00	0.000000e+00	0.000000e+00	0.000000e+00	0.000000e+00	0.000000e+00	0.000000e+00	0.000000e+00	0.000000e+00	0.000000e+00	0.000000e+00	0.000000e+00	0.000000e+00	0.000000e+00	0.000000e+00	0.000000e+00	0.000000e+00	0.000000e+00	0.000000e+00	0.000000e+00	0.000000e+00	0.000000e+00	0.000000e+00	
1030.908569	1024.721659	1037.095479	269.645343	1.471635e+04	1.882684e-90	0.000000e+00	2.543189e-46	8.112814e-62	0.000000e+00	0.000000e+00	3.454340e-03	1.882684e-90	1.165953e-03	1.814454e-52	1.882684e-90	6.814935e-81	1.882684e-90	1.882684e-90	0.000000e+00	3.951178e-86	1.882684e-90	1.882684e-90	1.882684e-90	6.965803e-39	4.973601e-03	7.517931e-44	0.000000e+00	0.000000e+00	0.000000e+00	1.882684e-90	5.040741e-77	0.000000e+00	1.832662e-44	0.000000e+00	0.000000e+00	0.000000e+00	0.000000e+00	0.000000e+00	0.000000e+00	0.000000e+00	6.262672e-51	1.882684e-90	1.882684e-90	3.904048e-65	3.320748e-41	9.347660e-61	2.748926e-51	7.444824e-88	2.273406e-04	8.766967e-37	0.000000e+00	0.000000e+00	2.868598e-43	2.297140e-78	0.000000e+00	3.149530e-34	8.419224e-01	1.882684e-90	9.341697e-16	0.000000e+00	1.882684e-90	1.882684e-90	1.882684e-90	3.724357e-48	2.180905e-75	0.000000e+00	0.000000e+00	1.882684e-90	0.000000e+00	0.000000e+00	0.000000e+00	0.000000e+00	0.000000e+00	0.000000e+00	0.000000e+00	2.230460e-55	6.141206e-77	0.000000e+00	0.000000e+00	0.000000e+00	0.000000e+00	0.000000e+00	0.000000e+00	0.000000e+00	0.000000e+00	0.000000e+00	0.000000e+00	0.000000e+00	0.000000e+00	0.000000e+00	0.000000e+00	0.000000e+00	0.000000e+00	0.000000e+00	0.000000e+00	0.000000e+00	0.000000e+00	0.000000e+00	0.000000e+00	0.000000e+00	0.000000e+00	0.000000e+00	0.000000e+00	0.000000e+00	0.000000e+00	0.000000e+00	0.000000e+00	0.000000e+00	0.000000e+00	0.000000e+00	0.000000e+00	0.000000e+00	0.000000e+00	0.000000e+00	0.000000e+00	0.000000e+00	0.000000e+00	0.000000e+00	0.000000e+00	
1043.374590	1037.095479	1049.653701	250.981773	1.207697e+04	1.882696e-90	0.000000e+00	1.429075e-45	7.360919e-61	0.000000e+00	0.000000e+00	1.013575e-03	1.882696e-90	1.165981e-03	1.194287e-51	5.654906e-90	1.559906e-79	1.882696e-90	1.882696e-90	0.000000e+00	8.727461e-85	1.882696e-90	1.882696e-90	1.882696e-90	4.950558e-38	4.973683e-03	4.132614e-43	0.000000e+00	0.000000e+00	0.000000e+00	1.882696e-90	1.307374e-75	0.000000e+00	1.030785e-43	0.000000e+00	0.000000e+00	0.000000e+00	0.000000e+00	0.000000e+00	0.000000e+00	0.000000e+00	6.483568e-50	1.882696e-90	1.882696e-90	4.467536e-64	1.458030e-40	8.502750e-60	1.563675e-50	1.212578e-86	2.273560e-04	3.234982e-36	0.000000e+00	0.000000e+00	1.923384e-42	5.881333e-77	0.000000e+00	1.635542e-33	8.419218e-01	1.882696e-90	2.784654e-15	0.000000e+00	2.123953e-89	1.882696e-90	1.882696e-90	2.182557e-47	4.425387e-74	0.000000e+00	0.000000e+00	1.882696e-90	0.000000e+00	0.000000e+00	0.000000e+00	0.000000e+00	0.000000e+00	0.000000e+00	0.000000e+00	2.368888e-54	3.833217e-76	0.000000e+00	0.000000e+00	0.000000e+00	0.000000e+00	0.000000e+00	0.000000e+00	0.000000e+00	0.000000e+00	0.000000e+00	0.000000e+00	0.000000e+00	0.000000e+00	0.000000e+00	0.000000e+00	0.000000e+00	0.000000e+00	0.000000e+00	0.000000e+00	0.000000e+00	0.000000e+00	0.000000e+00	0.000000e+00	0.000000e+00	0.000000e+00	0.000000e+00	0.000000e+00	0.000000e+00	0.000000e+00	0.000000e+00	0.000000e+00	0.000000e+00	0.000000e+00	0.000000e+00	0.000000e+00	0.000000e+00	0.000000e+00	0.000000e+00	0.000000e+00	0.000000e+00	0.000000e+00	0.000000e+00	0.000000e+00	
1056.039905	1049.653701	1062.426108	253.155495	9.910971e+03	1.882677e-90	0.000000e+00	9.842696e-45	8.689945e-60	0.000000e+00	0.000000e+00	4.409868e-04	1.882677e-90	1.165965e-03	9.822564e-51	2.783997e-88	5.097285e-78	1.882677e-90	1.882677e-90	0.000000e+00	2.772552e-83	1.882677e-90	1.882677e-90	1.882677e-90	4.290269e-37	4.973392e-03	2.746823e-42	0.000000e+00	0.000000e+00	0.000000e+00	1.882677e-90	4.860887e-74	0.000000e+00	7.031695e-43	0.000000e+00	0.000000e+00	0.000000e+00	0.000000e+00	0.000000e+00	0.000000e+00	0.000000e+00	8.580625e-49	1.882677e-90	1.882677e-90	6.764624e-63	7.521065e-40	9.951406e-59	1.081295e-49	2.741969e-85	2.273449e-04	1.387981e-35	0.000000e+00	0.000000e+00	1.562968e-41	2.152802e-75	0.000000e+00	9.971784e-33	8.419239e-01	1.882677e-90	9.086211e-15	0.000000e+00	9.232190e-88	1.882677e-90	1.882677e-90	1.575902e-46	1.262757e-72	0.000000e+00	0.000000e+00	1.882677e-90	0.000000e+00	0.000000e+00	0.000000e+00	0.000000e+00	0.000000e+00	0.000000e+00	0.000000e+00	3.230722e-53	3.027190e-75	0.000000e+00	0.000000e+00	0.000000e+00	0.000000e+00	0.000000e+00	0.000000e+00	0.000000e+00	0.000000e+00	0.000000e+00	0.000000e+00	0.000000e+00	0.000000e+00	0.000000e+00	0.000000e+00	0.000000e+00	0.000000e+00	0.000000e+00	0.000000e+00	0.000000e+00	0.000000e+00	0.000000e+00	0.000000e+00	0.000000e+00	0.000000e+00	0.000000e+00	0.000000e+00	0.000000e+00	0.000000e+00	0.000000e+00	0.000000e+00	0.000000e+00	0.000000e+00	0.000000e+00	0.000000e+00	0.000000e+00	0.000000e+00	0.000000e+00	0.000000e+00	0.000000e+00	0.000000e+00	0.000000e+00	0.000000e+00	
1068.698723	1062.426108	1074.971339	237.478856	8.133440e+03	1.882693e-90	0.000000e+00	1.556612e-45	7.757158e-61	0.000000e+00	0.000000e+00	2.544400e-04	1.882693e-90	1.166034e-03	1.286842e-51	1.006264e-89	2.321498e-79	1.882693e-90	1.882693e-90	0.000000e+00	1.061278e-84	1.882693e-90	1.882693e-90	1.882693e-90	9.796348e-38	4.973198e-03	5.530125e-43	0.000000e+00	0.000000e+00	0.000000e+00	1.882693e-90	2.366068e-75	0.000000e+00	1.377083e-43	0.000000e+00	0.000000e+00	0.000000e+00	0.000000e+00	0.000000e+00	0.000000e+00	0.000000e+00	1.250242e-49	1.882693e-90	1.882693e-90	5.684486e-64	1.981725e-40	1.099088e-59	2.087548e-50	1.505493e-86	2.273494e-04	3.627243e-36	0.000000e+00	0.000000e+00	3.821139e-42	1.065450e-76	0.000000e+00	3.307009e-33	8.419227e-01	1.882693e-90	5.851666e-15	0.000000e+00	2.533601e-89	1.882693e-90	1.882693e-90	2.370233e-47	6.639955e-74	0.000000e+00	0.000000e+00	1.882693e-90	0.000000e+00	0.000000e+00	0.000000e+00	0.000000e+00	0.000000e+00	0.000000e+00	0.000000e+00	4.559642e-54	3.377555e-76	0.000000e+00	0.000000e+00	0.000000e+00	0.000000e+00	0.000000e+00	0.000000e+00	0.000000e+00	0.000000e+00	0.000000e+00	0.000000e+00	0.000000e+00	0.000000e+00	0.000000e+00	0.000000e+00	0.000000e+00	0.000000e+00	0.000000e+00	0.000000e+00	0.000000e+00	0.000000e+00	0.000000e+00	0.000000e+00	0.000000e+00	0.000000e+00	0.000000e+00	0.000000e+00	0.000000e+00	0.000000e+00	0.000000e+00	0.000000e+00	0.000000e+00	0.000000e+00	0.000000e+00	0.000000e+00	0.000000e+00	0.000000e+00	0.000000e+00	0.000000e+00	0.000000e+00	0.000000e+00	0.000000e+00	0.000000e+00	
1080.865661	1074.971339	1086.759983	221.991630	6.674710e+03	1.882615e-90	0.000000e+00	1.552519e-48	9.810648e-65	0.000000e+00	0.000000e+00	1.631762e-04	1.882615e-90	1.165905e-03	6.475945e-55	1.882615e-90	1.574868e-84	1.882615e-90	1.882615e-90	0.000000e+00	4.953361e-90	1.882615e-90	1.882615e-90	1.882615e-90	1.741597e-40	4.973272e-03	1.034485e-45	0.000000e+00	0.000000e+00	0.000000e+00	1.882615e-90	1.593951e-80	0.000000e+00	2.338535e-46	0.000000e+00	0.000000e+00	0.000000e+00	0.000000e+00	0.000000e+00	0.000000e+00	0.000000e+00	4.404769e-53	1.882615e-90	1.882615e-90	4.480259e-68	9.734997e-43	2.338085e-63	3.393608e-53	1.882615e-90	2.273349e-04	2.214435e-38	0.000000e+00	0.000000e+00	8.801534e-45	7.541602e-82	0.000000e+00	2.289567e-35	8.419289e-01	1.882615e-90	4.409570e-16	0.000000e+00	1.882615e-90	1.882615e-90	1.882615e-90	1.973634e-50	7.570002e-79	0.000000e+00	0.000000e+00	1.882615e-90	0.000000e+00	0.000000e+00	0.000000e+00	0.000000e+00	0.000000e+00	0.000000e+00	0.000000e+00	1.450329e-57	1.317952e-79	0.000000e+00	0.000000e+00	0.000000e+00	0.000000e+00	0.000000e+00	0.000000e+00	0.000000e+00	0.000000e+00	0.000000e+00	0.000000e+00	0.000000e+00	0.000000e+00	0.000000e+00	0.000000e+00	0.000000e+00	0.000000e+00	0.000000e+00	0.000000e+00	0.000000e+00	0.000000e+00	0.000000e+00	0.000000e+00	0.000000e+00	0.000000e+00	0.000000e+00	0.000000e+00	0.000000e+00	0.000000e+00	0.000000e+00	0.000000e+00	0.000000e+00	0.000000e+00	0.000000e+00	0.000000e+00	0.000000e+00	0.000000e+00	0.000000e+00	0.000000e+00	0.000000e+00	0.000000e+00	0.000000e+00	0.000000e+00	
1092.296179	1086.759983	1097.832376	206.645106	5.477602e+03	1.882636e-90	0.000000e+00	9.477624e-52	6.550173e-69	0.000000e+00	0.000000e+00	1.171247e-04	1.882636e-90	1.165954e-03	1.886914e-58	1.882636e-90	4.675801e-90	1.882636e-90	1.882636e-90	0.000000e+00	1.882636e-90	1.882636e-90	1.882636e-90	1.882636e-90	2.023303e-43	4.973931e-03	1.263696e-48	0.000000e+00	0.000000e+00	0.000000e+00	1.882636e-90	4.748418e-86	0.000000e+00	2.588615e-49	0.000000e+00	0.000000e+00	0.000000e+00	0.000000e+00	0.000000e+00	0.000000e+00	0.000000e+00	9.091003e-57	1.882636e-90	1.882636e-90	1.799888e-72	3.313652e-45	2.751327e-67	3.637860e-56	1.882636e-90	2.273398e-04	9.397014e-41	0.000000e+00	0.000000e+00	1.379478e-47	2.327089e-87	0.000000e+00	1.166001e-37	8.419261e-01	1.882636e-90	2.859062e-17	0.000000e+00	1.882636e-90	1.882636e-90	1.882636e-90	9.943062e-54	3.918343e-84	0.000000e+00	0.000000e+00	1.882636e-90	0.000000e+00	0.000000e+00	0.000000e+00	0.000000e+00	0.000000e+00	0.000000e+00	0.000000e+00	2.743971e-61	3.310880e-83	0.000000e+00	0.000000e+00	0.000000e+00	0.000000e+00	0.000000e+00	0.000000e+00	0.000000e+00	0.000000e+00	0.000000e+00	0.000000e+00	0.000000e+00	0.000000e+00	0.000000e+00	0.000000e+00	0.000000e+00	0.000000e+00	0.000000e+00	0.000000e+00	0.000000e+00	0.000000e+00	0.000000e+00	0.000000e+00	0.000000e+00	0.000000e+00	0.000000e+00	0.000000e+00	0.000000e+00	0.000000e+00	0.000000e+00	0.000000e+00	0.000000e+00	0.000000e+00	0.000000e+00	0.000000e+00	0.000000e+00	0.000000e+00	0.000000e+00	0.000000e+00	0.000000e+00	0.000000e+00	0.000000e+00	0.000000e+00	
1103.030650	1097.832376	1108.228924	192.188450	4.495195e+03	1.882691e-90	0.000000e+00	3.491190e-55	2.264894e-73	0.000000e+00	0.000000e+00	9.352287e-05	1.882691e-90	1.165979e-03	3.128257e-62	1.882691e-90	1.882691e-90	1.882691e-90	1.882691e-90	0.000000e+00	1.882691e-90	1.882691e-90	1.882691e-90	1.882691e-90	1.530198e-46	4.974586e-03	1.000728e-51	0.000000e+00	0.000000e+00	0.000000e+00	1.882691e-90	1.882691e-90	0.000000e+00	1.855603e-52	0.000000e+00	0.000000e+00	0.000000e+00	0.000000e+00	0.000000e+00	0.000000e+00	0.000000e+00	1.092134e-60	1.882691e-90	1.882691e-90	3.615207e-77	7.759622e-48	1.764819e-71	2.562769e-59	1.882691e-90	2.273455e-04	2.742641e-43	0.000000e+00	0.000000e+00	1.473175e-50	1.882691e-90	0.000000e+00	4.384642e-40	8.419213e-01	1.882691e-90	1.605093e-18	0.000000e+00	1.882691e-90	1.882691e-90	1.882691e-90	2.987268e-57	9.047149e-90	0.000000e+00	0.000000e+00	1.882691e-90	0.000000e+00	0.000000e+00	0.000000e+00	0.000000e+00	0.000000e+00	0.000000e+00	0.000000e+00	3.082327e-65	5.393391e-87	0.000000e+00	0.000000e+00	0.000000e+00	0.000000e+00	0.000000e+00	0.000000e+00	0.000000e+00	0.000000e+00	0.000000e+00	0.000000e+00	0.000000e+00	0.000000e+00	0.000000e+00	0.000000e+00	0.000000e+00	0.000000e+00	0.000000e+00	0.000000e+00	0.000000e+00	0.000000e+00	0.000000e+00	0.000000e+00	0.000000e+00	0.000000e+00	0.000000e+00	0.000000e+00	0.000000e+00	0.000000e+00	0.000000e+00	0.000000e+00	0.000000e+00	0.000000e+00	0.000000e+00	0.000000e+00	0.000000e+00	0.000000e+00	0.000000e+00	0.000000e+00	0.000000e+00	0.000000e+00	0.000000e+00	0.000000e+00	
1113.221445	1108.228924	1118.213967	179.504991	3.688983e+03	1.882691e-90	0.000000e+00	1.754654e-57	2.308077e-76	0.000000e+00	0.000000e+00	8.180124e-05	1.882691e-90	1.165926e-03	9.135085e-65	1.882691e-90	1.882691e-90	1.882691e-90	1.882691e-90	0.000000e+00	1.882691e-90	1.882691e-90	1.882691e-90	1.882691e-90	1.418133e-48	4.974167e-03	8.859526e-54	0.000000e+00	0.000000e+00	0.000000e+00	1.882691e-90	1.882691e-90	0.000000e+00	1.540982e-54	0.000000e+00	0.000000e+00	0.000000e+00	0.000000e+00	0.000000e+00	0.000000e+00	0.000000e+00	2.938948e-63	1.882691e-90	1.882691e-90	2.647853e-80	1.418163e-49	2.848860e-74	2.124941e-61	1.882691e-90	2.273512e-04	5.558131e-45	0.000000e+00	0.000000e+00	1.748319e-52	1.882691e-90	0.000000e+00	1.215532e-41	8.419217e-01	1.882691e-90	2.729578e-19	0.000000e+00	1.882691e-90	1.882691e-90	1.882691e-90	1.309515e-59	1.882691e-90	0.000000e+00	0.000000e+00	1.882691e-90	0.000000e+00	0.000000e+00	0.000000e+00	0.000000e+00	0.000000e+00	0.000000e+00	0.000000e+00	8.047775e-68	1.629912e-89	0.000000e+00	0.000000e+00	0.000000e+00	0.000000e+00	0.000000e+00	0.000000e+00	0.000000e+00	0.000000e+00	0.000000e+00	0.000000e+00	0.000000e+00	0.000000e+00	0.000000e+00	0.000000e+00	0.000000e+00	0.000000e+00	0.000000e+00	0.000000e+00	0.000000e+00	0.000000e+00	0.000000e+00	0.000000e+00	0.000000e+00	0.000000e+00	0.000000e+00	0.000000e+00	0.000000e+00	0.000000e+00	0.000000e+00	0.000000e+00	0.000000e+00	0.000000e+00	0.000000e+00	0.000000e+00	0.000000e+00	0.000000e+00	0.000000e+00	0.000000e+00	0.000000e+00	0.000000e+00	0.000000e+00	0.000000e+00	
1123.184732	1118.213967	1128.155497	176.687628	3.027364e+03	1.882677e-90	0.000000e+00	1.067038e-57	1.176483e-76	0.000000e+00	0.000000e+00	7.675826e-05	1.882677e-90	1.165980e-03	5.230426e-65	1.882677e-90	1.882677e-90	1.882677e-90	1.882677e-90	0.000000e+00	1.882677e-90	1.882677e-90	1.882677e-90	1.882677e-90	1.202875e-48	4.973123e-03	6.267579e-54	0.000000e+00	0.000000e+00	0.000000e+00	1.882677e-90	1.882677e-90	0.000000e+00	1.082365e-54	0.000000e+00	0.000000e+00	0.000000e+00	0.000000e+00	0.000000e+00	0.000000e+00	0.000000e+00	2.174529e-63	1.882677e-90	1.882677e-90	1.420965e-80	1.086801e-49	1.669215e-74	1.493742e-61	1.882677e-90	2.273479e-04	3.943404e-45	0.000000e+00	0.000000e+00	1.525148e-52	1.882677e-90	0.000000e+00	1.164784e-41	8.419231e-01	1.882677e-90	3.196046e-19	0.000000e+00	1.882677e-90	1.882677e-90	1.882677e-90	7.842619e-60	1.882677e-90	0.000000e+00	0.000000e+00	1.882677e-90	0.000000e+00	0.000000e+00	0.000000e+00	0.000000e+00	0.000000e+00	0.000000e+00	0.000000e+00	5.939459e-68	8.614190e-90	0.000000e+00	0.000000e+00	0.000000e+00	0.000000e+00	0.000000e+00	0.000000e+00	0.000000e+00	0.000000e+00	0.000000e+00	0.000000e+00	0.000000e+00	0.000000e+00	0.000000e+00	0.000000e+00	0.000000e+00	0.000000e+00	0.000000e+00	0.000000e+00	0.000000e+00	0.000000e+00	0.000000e+00	0.000000e+00	0.000000e+00	0.000000e+00	0.000000e+00	0.000000e+00	0.000000e+00	0.000000e+00	0.000000e+00	0.000000e+00	0.000000e+00	0.000000e+00	0.000000e+00	0.000000e+00	0.000000e+00	0.000000e+00	0.000000e+00	0.000000e+00	0.000000e+00	0.000000e+00	0.000000e+00	0.000000e+00	
1133.215310	1128.155497	1138.275122	181.897195	2.484407e+03	1.882667e-90	0.000000e+00	1.308095e-56	2.941529e-75	0.000000e+00	0.000000e+00	7.536944e-05	1.882667e-90	1.166046e-03	8.177295e-64	1.882667e-90	1.882667e-90	1.882667e-90	1.882667e-90	0.000000e+00	1.882667e-90	1.882667e-90	1.882667e-90	1.882667e-90	1.715648e-47	4.973990e-03	6.866950e-53	0.000000e+00	0.000000e+00	0.000000e+00	1.882667e-90	1.882667e-90	0.000000e+00	1.219913e-53	0.000000e+00	0.000000e+00	0.000000e+00	0.000000e+00	0.000000e+00	0.000000e+00	0.000000e+00	5.385697e-62	1.882667e-90	1.882667e-90	4.747844e-79	8.620256e-49	3.914365e-73	1.681661e-60	1.882667e-90	2.273318e-04	2.593734e-44	0.000000e+00	0.000000e+00	1.943747e-51	1.882667e-90	0.000000e+00	1.016303e-40	8.419237e-01	1.882667e-90	1.241980e-18	0.000000e+00	1.882667e-90	1.882667e-90	1.882667e-90	1.021991e-58	1.882667e-90	0.000000e+00	0.000000e+00	1.882667e-90	0.000000e+00	0.000000e+00	0.000000e+00	0.000000e+00	0.000000e+00	0.000000e+00	0.000000e+00	1.487790e-66	1.136724e-88	0.000000e+00	0.000000e+00	0.000000e+00	0.000000e+00	0.000000e+00	0.000000e+00	0.000000e+00	0.000000e+00	0.000000e+00	0.000000e+00	0.000000e+00	0.000000e+00	0.000000e+00	0.000000e+00	0.000000e+00	0.000000e+00	0.000000e+00	0.000000e+00	0.000000e+00	0.000000e+00	0.000000e+00	0.000000e+00	0.000000e+00	0.000000e+00	0.000000e+00	0.000000e+00	0.000000e+00	0.000000e+00	0.000000e+00	0.000000e+00	0.000000e+00	0.000000e+00	0.000000e+00	0.000000e+00	0.000000e+00	0.000000e+00	0.000000e+00	0.000000e+00	0.000000e+00	0.000000e+00	0.000000e+00	0.000000e+00	
1143.413856	1138.275122	1148.552590	187.031946	2.038829e+03	1.882697e-90	0.000000e+00	1.138022e-55	4.714347e-74	0.000000e+00	0.000000e+00	7.472248e-05	1.882697e-90	1.165942e-03	8.756750e-63	1.882697e-90	1.882697e-90	1.882697e-90	1.882697e-90	0.000000e+00	1.882697e-90	1.882697e-90	1.882697e-90	1.882697e-90	1.779783e-46	4.974027e-03	5.515104e-52	0.000000e+00	0.000000e+00	0.000000e+00	1.882697e-90	1.882697e-90	0.000000e+00	1.004048e-52	0.000000e+00	0.000000e+00	0.000000e+00	0.000000e+00	0.000000e+00	0.000000e+00	0.000000e+00	8.969500e-61	1.882697e-90	1.882697e-90	9.900187e-78	5.245578e-48	6.031624e-72	1.385154e-59	1.882697e-90	2.273357e-04	1.323125e-43	0.000000e+00	0.000000e+00	1.834535e-50	1.882697e-90	0.000000e+00	6.931454e-40	8.419215e-01	1.882697e-90	4.228481e-18	0.000000e+00	1.882697e-90	1.882697e-90	1.882697e-90	9.368880e-58	2.405177e-90	0.000000e+00	0.000000e+00	1.882697e-90	0.000000e+00	0.000000e+00	0.000000e+00	0.000000e+00	0.000000e+00	0.000000e+00	0.000000e+00	2.506976e-65	1.048797e-87	0.000000e+00	0.000000e+00	0.000000e+00	0.000000e+00	0.000000e+00	0.000000e+00	0.000000e+00	0.000000e+00	0.000000e+00	0.000000e+00	0.000000e+00	0.000000e+00	0.000000e+00	0.000000e+00	0.000000e+00	0.000000e+00	0.000000e+00	0.000000e+00	0.000000e+00	0.000000e+00	0.000000e+00	0.000000e+00	0.000000e+00	0.000000e+00	0.000000e+00	0.000000e+00	0.000000e+00	0.000000e+00	0.000000e+00	0.000000e+00	0.000000e+00	0.000000e+00	0.000000e+00	0.000000e+00	0.000000e+00	0.000000e+00	0.000000e+00	0.000000e+00	0.000000e+00	0.000000e+00	0.000000e+00	0.000000e+00	
1153.708480	1148.552590	1158.864370	191.477994	1.673166e+03	1.882635e-90	0.000000e+00	1.953416e-55	9.220409e-74	0.000000e+00	0.000000e+00	7.324879e-05	1.882635e-90	1.165997e-03	1.571343e-62	1.882635e-90	1.882635e-90	1.882635e-90	1.882635e-90	0.000000e+00	1.882635e-90	1.882635e-90	1.882635e-90	1.882635e-90	4.006310e-46	4.974127e-03	1.006010e-51	0.000000e+00	0.000000e+00	0.000000e+00	1.882635e-90	1.882635e-90	0.000000e+00	1.841381e-52	0.000000e+00	0.000000e+00	0.000000e+00	0.000000e+00	0.000000e+00	0.000000e+00	0.000000e+00	2.234553e-60	1.882635e-90	1.882635e-90	2.214241e-77	9.017555e-48	1.264557e-71	2.540656e-59	1.882635e-90	2.273435e-04	2.026197e-43	0.000000e+00	0.000000e+00	4.047946e-50	1.882635e-90	0.000000e+00	1.426651e-39	8.419266e-01	1.882635e-90	7.503008e-18	0.000000e+00	1.882635e-90	1.882635e-90	1.882635e-90	1.626305e-57	6.718556e-90	0.000000e+00	0.000000e+00	1.882635e-90	0.000000e+00	0.000000e+00	0.000000e+00	0.000000e+00	0.000000e+00	0.000000e+00	0.000000e+00	6.262103e-65	1.688086e-87	0.000000e+00	0.000000e+00	0.000000e+00	0.000000e+00	0.000000e+00	0.000000e+00	0.000000e+00	0.000000e+00	0.000000e+00	0.000000e+00	0.000000e+00	0.000000e+00	0.000000e+00	0.000000e+00	0.000000e+00	0.000000e+00	0.000000e+00	0.000000e+00	0.000000e+00	0.000000e+00	0.000000e+00	0.000000e+00	0.000000e+00	0.000000e+00	0.000000e+00	0.000000e+00	0.000000e+00	0.000000e+00	0.000000e+00	0.000000e+00	0.000000e+00	0.000000e+00	0.000000e+00	0.000000e+00	0.000000e+00	0.000000e+00	0.000000e+00	0.000000e+00	0.000000e+00	0.000000e+00	0.000000e+00	0.000000e+00	
1164.056166	1158.864370	1169.247961	193.835463	1.373084e+03	1.882611e-90	0.000000e+00	5.364631e-55	3.316113e-73	0.000000e+00	0.000000e+00	7.324879e-05	1.882611e-90	1.165931e-03	4.728554e-62	1.882611e-90	1.882611e-90	1.882611e-90	1.882611e-90	0.000000e+00	1.882611e-90	1.882611e-90	1.882611e-90	1.882611e-90	1.405187e-45	4.972962e-03	2.820456e-51	0.000000e+00	0.000000e+00	0.000000e+00	1.882611e-90	1.882611e-90	0.000000e+00	5.217716e-52	0.000000e+00	0.000000e+00	0.000000e+00	0.000000e+00	0.000000e+00	0.000000e+00	0.000000e+00	9.659366e-60	1.882611e-90	1.882611e-90	9.452666e-77	2.236266e-47	4.725891e-71	7.209706e-59	1.882611e-90	2.273403e-04	4.396121e-43	0.000000e+00	0.000000e+00	1.362713e-49	1.882611e-90	0.000000e+00	4.161649e-39	8.419290e-01	1.882611e-90	1.610025e-17	0.000000e+00	1.882611e-90	1.882611e-90	1.882611e-90	4.569750e-57	4.087138e-89	0.000000e+00	0.000000e+00	1.882611e-90	0.000000e+00	0.000000e+00	0.000000e+00	0.000000e+00	0.000000e+00	0.000000e+00	0.000000e+00	2.723209e-64	4.519994e-87	0.000000e+00	0.000000e+00	0.000000e+00	0.000000e+00	0.000000e+00	0.000000e+00	0.000000e+00	0.000000e+00	0.000000e+00	0.000000e+00	0.000000e+00	0.000000e+00	0.000000e+00	0.000000e+00	0.000000e+00	0.000000e+00	0.000000e+00	0.000000e+00	0.000000e+00	0.000000e+00	0.000000e+00	0.000000e+00	0.000000e+00	0.000000e+00	0.000000e+00	0.000000e+00	0.000000e+00	0.000000e+00	0.000000e+00	0.000000e+00	0.000000e+00	0.000000e+00	0.000000e+00	0.000000e+00	0.000000e+00	0.000000e+00	0.000000e+00	0.000000e+00	0.000000e+00	0.000000e+00	0.000000e+00	0.000000e+00	
1174.483687	1169.247961	1179.719413	197.458097	1.126821e+03	1.882683e-90	0.000000e+00	1.780996e-54	1.524680e-72	0.000000e+00	0.000000e+00	7.324879e-05	1.882683e-90	1.166009e-03	1.753170e-61	1.882683e-90	1.882683e-90	1.882683e-90	1.882683e-90	0.000000e+00	1.882683e-90	1.882683e-90	1.882683e-90	1.882683e-90	5.902024e-45	4.974104e-03	9.413866e-51	0.000000e+00	0.000000e+00	0.000000e+00	1.882683e-90	5.009415e-90	0.000000e+00	1.765384e-51	0.000000e+00	0.000000e+00	0.000000e+00	0.000000e+00	0.000000e+00	0.000000e+00	0.000000e+00	5.224350e-59	1.882683e-90	1.882683e-90	5.238618e-76	6.432062e-47	2.230424e-70	2.441191e-58	1.882683e-90	2.273324e-04	1.097823e-42	0.000000e+00	0.000000e+00	5.449274e-49	1.882683e-90	0.000000e+00	1.399523e-38	8.419224e-01	1.882683e-90	3.735640e-17	0.000000e+00	1.882683e-90	1.882683e-90	1.882683e-90	1.560516e-56	3.407135e-88	0.000000e+00	0.000000e+00	1.882683e-90	0.000000e+00	0.000000e+00	0.000000e+00	0.000000e+00	0.000000e+00	0.000000e+00	0.000000e+00	1.484062e-63	1.488142e-86	0.000000e+00	0.000000e+00	0.000000e+00	0.000000e+00	0.000000e+00	0.000000e+00	0.000000e+00	0.000000e+00	0.000000e+00	0.000000e+00	0.000000e+00	0.000000e+00	0.000000e+00	0.000000e+00	0.000000e+00	0.000000e+00	0.000000e+00	0.000000e+00	0.000000e+00	0.000000e+00	0.000000e+00	0.000000e+00	0.000000e+00	0.000000e+00	0.000000e+00	0.000000e+00	0.000000e+00	0.000000e+00	0.000000e+00	0.000000e+00	0.000000e+00	0.000000e+00	0.000000e+00	0.000000e+00	0.000000e+00	0.000000e+00	0.000000e+00	0.000000e+00	0.000000e+00	0.000000e+00	0.000000e+00	0.000000e+00	
1184.943680	1179.719413	1190.167946	197.721018	9.247263e+02	1.882648e-90	0.000000e+00	1.479508e-54	1.164410e-72	0.000000e+00	0.000000e+00	7.324879e-05	1.882648e-90	1.165948e-03	1.415414e-61	1.882648e-90	1.882648e-90	1.882648e-90	1.882648e-90	0.000000e+00	1.882648e-90	1.882648e-90	1.882648e-90	1.882648e-90	6.699128e-45	4.973681e-03	8.842407e-51	0.000000e+00	0.000000e+00	0.000000e+00	1.882648e-90	4.534821e-90	0.000000e+00	1.652398e-51	0.000000e+00	0.000000e+00	0.000000e+00	0.000000e+00	0.000000e+00	0.000000e+00	0.000000e+00	5.555098e-59	1.882648e-90	1.882648e-90	4.317671e-76	6.279769e-47	1.916039e-70	2.284589e-58	1.882648e-90	2.273535e-04	9.816342e-43	0.000000e+00	0.000000e+00	6.264387e-49	1.882648e-90	0.000000e+00	1.682245e-38	8.419257e-01	1.882648e-90	4.942085e-17	0.000000e+00	1.882648e-90	1.882648e-90	1.882648e-90	1.286903e-56	2.861259e-88	0.000000e+00	0.000000e+00	1.882648e-90	0.000000e+00	0.000000e+00	0.000000e+00	0.000000e+00	0.000000e+00	0.000000e+00	0.000000e+00	1.574803e-63	1.093710e-86	0.000000e+00	0.000000e+00	0.000000e+00	0.000000e+00	0.000000e+00	0.000000e+00	0.000000e+00	0.000000e+00	0.000000e+00	0.000000e+00	0.000000e+00	0.000000e+00	0.000000e+00	0.000000e+00	0.000000e+00	0.000000e+00	0.000000e+00	0.000000e+00	0.000000e+00	0.000000e+00	0.000000e+00	0.000000e+00	0.000000e+00	0.000000e+00	0.000000e+00	0.000000e+00	0.000000e+00	0.000000e+00	0.000000e+00	0.000000e+00	0.000000e+00	0.000000e+00	0.000000e+00	0.000000e+00	0.000000e+00	0.000000e+00	0.000000e+00	0.000000e+00	0.000000e+00	0.000000e+00	0.000000e+00	0.000000e+00	
1195.267344	1190.167946	1200.366743	189.175463	7.588768e+02	1.882721e-90	0.000000e+00	6.716396e-56	2.056551e-74	0.000000e+00	0.000000e+00	7.324879e-05	1.882721e-90	1.166017e-03	4.663706e-63	1.882721e-90	1.882721e-90	1.882721e-90	1.882721e-90	0.000000e+00	1.882721e-90	1.882721e-90	1.882721e-90	1.882721e-90	4.907003e-46	4.973439e-03	5.826323e-52	0.000000e+00	0.000000e+00	0.000000e+00	1.882721e-90	1.882721e-90	0.000000e+00	1.047757e-52	0.000000e+00	0.000000e+00	0.000000e+00	0.000000e+00	0.000000e+00	0.000000e+00	0.000000e+00	1.956530e-60	1.882721e-90	1.882721e-90	6.526155e-78	6.359312e-48	4.617426e-72	1.445142e-59	1.882721e-90	2.273500e-04	1.017011e-43	0.000000e+00	0.000000e+00	5.299369e-50	1.882721e-90	0.000000e+00	2.351234e-39	8.419202e-01	1.882721e-90	2.023278e-17	0.000000e+00	1.882721e-90	1.882721e-90	1.882721e-90	5.387332e-58	1.952789e-90	0.000000e+00	0.000000e+00	1.882721e-90	0.000000e+00	0.000000e+00	0.000000e+00	0.000000e+00	0.000000e+00	0.000000e+00	0.000000e+00	5.435755e-65	3.489631e-88	0.000000e+00	0.000000e+00	0.000000e+00	0.000000e+00	0.000000e+00	0.000000e+00	0.000000e+00	0.000000e+00	0.000000e+00	0.000000e+00	0.000000e+00	0.000000e+00	0.000000e+00	0.000000e+00	0.000000e+00	0.000000e+00	0.000000e+00	0.000000e+00	0.000000e+00	0.000000e+00	0.000000e+00	0.000000e+00	0.000000e+00	0.000000e+00	0.000000e+00	0.000000e+00	0.000000e+00	0.000000e+00	0.000000e+00	0.000000e+00	0.000000e+00	0.000000e+00	0.000000e+00	0.000000e+00	0.000000e+00	0.000000e+00	0.000000e+00	0.000000e+00	0.000000e+00	0.000000e+00	0.000000e+00	0.000000e+00	
1205.226960	1200.366743	1210.087178	179.168277	6.227724e+02	1.882683e-90	0.000000e+00	1.052123e-58	4.620205e-78	0.000000e+00	0.000000e+00	7.324879e-05	1.882683e-90	1.165919e-03	3.763449e-66	1.882683e-90	1.882683e-90	1.882683e-90	1.882683e-90	0.000000e+00	1.882683e-90	1.882683e-90	1.882683e-90	1.882683e-90	1.544815e-48	4.974489e-03	1.798032e-54	0.000000e+00	0.000000e+00	0.000000e+00	1.882683e-90	1.882683e-90	0.000000e+00	2.998079e-55	0.000000e+00	0.000000e+00	0.000000e+00	0.000000e+00	0.000000e+00	0.000000e+00	0.000000e+00	1.371017e-63	1.882683e-90	1.882683e-90	9.622173e-82	4.721984e-50	1.788288e-75	4.147329e-62	1.882683e-90	2.273482e-04	8.684663e-46	0.000000e+00	0.000000e+00	2.272790e-52	1.882683e-90	0.000000e+00	2.830715e-41	8.419225e-01	1.882683e-90	2.202363e-18	0.000000e+00	1.882683e-90	1.882683e-90	1.882683e-90	7.151661e-61	1.882683e-90	0.000000e+00	0.000000e+00	1.882683e-90	0.000000e+00	0.000000e+00	0.000000e+00	0.000000e+00	0.000000e+00	0.000000e+00	0.000000e+00	3.703037e-68	1.882683e-90	0.000000e+00	0.000000e+00	0.000000e+00	0.000000e+00	0.000000e+00	0.000000e+00	0.000000e+00	0.000000e+00	0.000000e+00	0.000000e+00	0.000000e+00	0.000000e+00	0.000000e+00	0.000000e+00	0.000000e+00	0.000000e+00	0.000000e+00	0.000000e+00	0.000000e+00	0.000000e+00	0.000000e+00	0.000000e+00	0.000000e+00	0.000000e+00	0.000000e+00	0.000000e+00	0.000000e+00	0.000000e+00	0.000000e+00	0.000000e+00	0.000000e+00	0.000000e+00	0.000000e+00	0.000000e+00	0.000000e+00	0.000000e+00	0.000000e+00	0.000000e+00	0.000000e+00	0.000000e+00	0.000000e+00	0.000000e+00	
1214.658577	1210.087178	1219.229976	167.844762	5.110783e+02	1.882618e-90	0.000000e+00	1.732282e-62	5.575818e-83	0.000000e+00	0.000000e+00	7.324879e-05	1.882618e-90	1.165889e-03	2.517279e-70	1.882618e-90	1.882618e-90	1.882618e-90	1.882618e-90	0.000000e+00	1.882618e-90	1.882618e-90	1.882618e-90	1.882618e-90	6.218867e-52	4.974024e-03	7.368655e-58	0.000000e+00	0.000000e+00	0.000000e+00	1.882618e-90	1.882618e-90	0.000000e+00	1.116500e-58	0.000000e+00	0.000000e+00	0.000000e+00	0.000000e+00	0.000000e+00	0.000000e+00	0.000000e+00	7.369294e-68	1.882618e-90	1.882618e-90	6.414212e-87	6.230690e-53	4.431697e-80	1.580930e-65	1.882618e-90	2.273442e-04	1.396320e-48	0.000000e+00	0.000000e+00	1.425624e-55	1.882618e-90	0.000000e+00	7.113260e-44	8.419277e-01	1.882618e-90	1.052607e-19	0.000000e+00	1.882618e-90	1.882618e-90	1.882618e-90	9.437198e-65	1.882618e-90	0.000000e+00	0.000000e+00	1.882618e-90	0.000000e+00	0.000000e+00	0.000000e+00	0.000000e+00	0.000000e+00	0.000000e+00	0.000000e+00	1.971744e-72	1.882618e-90	0.000000e+00	0.000000e+00	0.000000e+00	0.000000e+00	0.000000e+00	0.000000e+00	0.000000e+00	0.000000e+00	0.000000e+00	0.000000e+00	0.000000e+00	0.000000e+00	0.000000e+00	0.000000e+00	0.000000e+00	0.000000e+00	0.000000e+00	0.000000e+00	0.000000e+00	0.000000e+00	0.000000e+00	0.000000e+00	0.000000e+00	0.000000e+00	0.000000e+00	0.000000e+00	0.000000e+00	0.000000e+00	0.000000e+00	0.000000e+00	0.000000e+00	0.000000e+00	0.000000e+00	0.000000e+00	0.000000e+00	0.000000e+00	0.000000e+00	0.000000e+00	0.000000e+00	0.000000e+00	0.000000e+00	0.000000e+00	
1223.514768	1219.229976	1227.799561	155.908778	4.194165e+02	1.882686e-90	0.000000e+00	9.702112e-67	1.653331e-88	0.000000e+00	0.000000e+00	6.832232e-05	1.882686e-90	1.165976e-03	5.062804e-75	1.882686e-90	1.882686e-90	1.882686e-90	1.882686e-90	0.000000e+00	1.882686e-90	1.882686e-90	1.882686e-90	1.882686e-90	9.934614e-56	4.973969e-03	1.191451e-61	0.000000e+00	0.000000e+00	0.000000e+00	1.882686e-90	1.882686e-90	0.000000e+00	1.635388e-62	0.000000e+00	0.000000e+00	0.000000e+00	0.000000e+00	0.000000e+00	0.000000e+00	0.000000e+00	1.237163e-72	1.882686e-90	1.882686e-90	1.882686e-90	3.687882e-56	3.000245e-85	2.438345e-69	1.882686e-90	2.273425e-04	1.009980e-51	0.000000e+00	0.000000e+00	3.894351e-59	1.882686e-90	0.000000e+00	9.238817e-47	8.419223e-01	1.882686e-90	3.661969e-21	0.000000e+00	1.882686e-90	1.882686e-90	1.882686e-90	4.132197e-69	1.882686e-90	0.000000e+00	0.000000e+00	1.882686e-90	0.000000e+00	0.000000e+00	0.000000e+00	0.000000e+00	0.000000e+00	0.000000e+00	0.000000e+00	3.406503e-77	1.882686e-90	0.000000e+00	0.000000e+00	0.000000e+00	0.000000e+00	0.000000e+00	0.000000e+00	0.000000e+00	0.000000e+00	0.000000e+00	0.000000e+00	0.000000e+00	0.000000e+00	0.000000e+00	0.000000e+00	0.000000e+00	0.000000e+00	0.000000e+00	0.000000e+00	0.000000e+00	0.000000e+00	0.000000e+00	0.000000e+00	0.000000e+00	0.000000e+00	0.000000e+00	0.000000e+00	0.000000e+00	0.000000e+00	0.000000e+00	0.000000e+00	0.000000e+00	0.000000e+00	0.000000e+00	0.000000e+00	0.000000e+00	0.000000e+00	0.000000e+00	0.000000e+00	0.000000e+00	0.000000e+00	0.000000e+00	0.000000e+00	
1231.829046	1227.799561	1235.858531	146.324267	3.441943e+02	1.882617e-90	0.000000e+00	5.058004e-71	1.882617e-90	0.000000e+00	0.000000e+00	5.235655e-05	1.882617e-90	1.165954e-03	9.274075e-80	1.882617e-90	1.882617e-90	1.882617e-90	1.882617e-90	0.000000e+00	1.882617e-90	1.882617e-90	1.882617e-90	1.882617e-90	1.620339e-59	4.973473e-03	1.902631e-65	0.000000e+00	0.000000e+00	0.000000e+00	1.882617e-90	1.882617e-90	0.000000e+00	2.386123e-66	0.000000e+00	0.000000e+00	0.000000e+00	0.000000e+00	0.000000e+00	0.000000e+00	0.000000e+00	2.101925e-77	1.882617e-90	1.882617e-90	1.882617e-90	2.142470e-59	1.910100e-90	3.851644e-73	1.882617e-90	2.273401e-04	6.931973e-55	0.000000e+00	0.000000e+00	1.136755e-62	1.882617e-90	0.000000e+00	1.298570e-49	8.419287e-01	1.882617e-90	1.384955e-22	0.000000e+00	1.882617e-90	1.882617e-90	1.882617e-90	1.684978e-73	1.882617e-90	0.000000e+00	0.000000e+00	1.882617e-90	0.000000e+00	0.000000e+00	0.000000e+00	0.000000e+00	0.000000e+00	0.000000e+00	0.000000e+00	6.213713e-82	1.882617e-90	0.000000e+00	0.000000e+00	0.000000e+00	0.000000e+00	0.000000e+00	0.000000e+00	0.000000e+00	0.000000e+00	0.000000e+00	0.000000e+00	0.000000e+00	0.000000e+00	0.000000e+00	0.000000e+00	0.000000e+00	0.000000e+00	0.000000e+00	0.000000e+00	0.000000e+00	0.000000e+00	0.000000e+00	0.000000e+00	0.000000e+00	0.000000e+00	0.000000e+00	0.000000e+00	0.000000e+00	0.000000e+00	0.000000e+00	0.000000e+00	0.000000e+00	0.000000e+00	0.000000e+00	0.000000e+00	0.000000e+00	0.000000e+00	0.000000e+00	0.000000e+00	0.000000e+00	0.000000e+00	0.000000e+00	0.000000e+00	
1239.685083	1235.858531	1243.511635	138.376464	2.824631e+02	1.882737e-90	0.000000e+00	8.113494e-75	1.882737e-90	0.000000e+00	0.000000e+00	3.749120e-05	1.882737e-90	1.166068e-03	5.812587e-84	1.882737e-90	1.882737e-90	1.882737e-90	1.882737e-90	0.000000e+00	1.882737e-90	1.882737e-90	1.882737e-90	1.882737e-90	7.964095e-63	4.974264e-03	8.714755e-69	0.000000e+00	0.000000e+00	0.000000e+00	1.882737e-90	1.882737e-90	0.000000e+00	1.016903e-69	0.000000e+00	0.000000e+00	0.000000e+00	0.000000e+00	0.000000e+00	0.000000e+00	0.000000e+00	1.397948e-81	1.882737e-90	1.882737e-90	1.882737e-90	3.043995e-62	1.882737e-90	1.802317e-76	1.882737e-90	2.273471e-04	1.095201e-57	0.000000e+00	0.000000e+00	9.701006e-66	1.882737e-90	0.000000e+00	4.474758e-52	8.419182e-01	1.882737e-90	8.709807e-24	0.000000e+00	1.882737e-90	1.882737e-90	1.882737e-90	2.178589e-77	1.882737e-90	0.000000e+00	0.000000e+00	1.882737e-90	0.000000e+00	0.000000e+00	0.000000e+00	0.000000e+00	0.000000e+00	0.000000e+00	0.000000e+00	4.562692e-86	1.882737e-90	0.000000e+00	0.000000e+00	0.000000e+00	0.000000e+00	0.000000e+00	0.000000e+00	0.000000e+00	0.000000e+00	0.000000e+00	0.000000e+00	0.000000e+00	0.000000e+00	0.000000e+00	0.000000e+00	0.000000e+00	0.000000e+00	0.000000e+00	0.000000e+00	0.000000e+00	0.000000e+00	0.000000e+00	0.000000e+00	0.000000e+00	0.000000e+00	0.000000e+00	0.000000e+00	0.000000e+00	0.000000e+00	0.000000e+00	0.000000e+00	0.000000e+00	0.000000e+00	0.000000e+00	0.000000e+00	0.000000e+00	0.000000e+00	0.000000e+00	0.000000e+00	0.000000e+00	0.000000e+00	0.000000e+00	0.000000e+00	
1247.256795	1243.511635	1251.001954	131.746409	2.318034e+02	1.882707e-90	0.000000e+00	1.989827e-76	1.882707e-90	0.000000e+00	0.000000e+00	2.595835e-05	1.882707e-90	1.165873e-03	9.474131e-86	1.882707e-90	1.882707e-90	1.882707e-90	1.882707e-90	0.000000e+00	1.882707e-90	1.882707e-90	1.882707e-90	1.882707e-90	3.827082e-64	4.973839e-03	3.599037e-70	0.000000e+00	0.000000e+00	0.000000e+00	1.882707e-90	1.882707e-90	0.000000e+00	4.079843e-71	0.000000e+00	0.000000e+00	0.000000e+00	0.000000e+00	0.000000e+00	0.000000e+00	0.000000e+00	2.842551e-83	1.882707e-90	1.882707e-90	1.882707e-90	2.039791e-63	1.882707e-90	7.582249e-78	1.882707e-90	2.273632e-04	7.197377e-59	0.000000e+00	0.000000e+00	5.974148e-67	1.882707e-90	0.000000e+00	5.029221e-53	8.419204e-01	1.882707e-90	3.403334e-24	0.000000e+00	1.882707e-90	1.882707e-90	1.882707e-90	4.871177e-79	1.882707e-90	0.000000e+00	0.000000e+00	1.882707e-90	0.000000e+00	0.000000e+00	0.000000e+00	0.000000e+00	0.000000e+00	0.000000e+00	0.000000e+00	9.783809e-88	1.882707e-90	0.000000e+00	0.000000e+00	0.000000e+00	0.000000e+00	0.000000e+00	0.000000e+00	0.000000e+00	0.000000e+00	0.000000e+00	0.000000e+00	0.000000e+00	0.000000e+00	0.000000e+00	0.000000e+00	0.000000e+00	0.000000e+00	0.000000e+00	0.000000e+00	0.000000e+00	0.000000e+00	0.000000e+00	0.000000e+00	0.000000e+00	0.000000e+00	0.000000e+00	0.000000e+00	0.000000e+00	0.000000e+00	0.000000e+00	0.000000e+00	0.000000e+00	0.000000e+00	0.000000e+00	0.000000e+00	0.000000e+00	0.000000e+00	0.000000e+00	0.000000e+00	0.000000e+00	0.000000e+00	0.000000e+00	0.000000e+00	
1254.947821	1251.001954	1258.893688	145.112938	1.902295e+02	1.882677e-90	0.000000e+00	1.989631e-72	1.882677e-90	0.000000e+00	0.000000e+00	1.837634e-05	1.882677e-90	1.165850e-03	2.508790e-81	1.882677e-90	1.882677e-90	1.882677e-90	1.882677e-90	0.000000e+00	1.882677e-90	1.882677e-90	1.882677e-90	1.882677e-90	2.137967e-60	4.973885e-03	1.464699e-66	0.000000e+00	0.000000e+00	0.000000e+00	1.882677e-90	1.882677e-90	0.000000e+00	1.782997e-67	0.000000e+00	0.000000e+00	0.000000e+00	0.000000e+00	0.000000e+00	0.000000e+00	0.000000e+00	1.245633e-78	1.882677e-90	1.882677e-90	1.882677e-90	2.596612e-60	1.882677e-90	2.980194e-74	1.882677e-90	2.273375e-04	6.802772e-56	0.000000e+00	0.000000e+00	1.862489e-63	1.882677e-90	0.000000e+00	3.716808e-50	8.419227e-01	1.882677e-90	1.267324e-22	0.000000e+00	1.882677e-90	1.882677e-90	1.882677e-90	6.079422e-75	1.882677e-90	0.000000e+00	0.000000e+00	1.882677e-90	0.000000e+00	0.000000e+00	0.000000e+00	0.000000e+00	0.000000e+00	0.000000e+00	0.000000e+00	3.815826e-83	1.882677e-90	0.000000e+00	0.000000e+00	0.000000e+00	0.000000e+00	0.000000e+00	0.000000e+00	0.000000e+00	0.000000e+00	0.000000e+00	0.000000e+00	0.000000e+00	0.000000e+00	0.000000e+00	0.000000e+00	0.000000e+00	0.000000e+00	0.000000e+00	0.000000e+00	0.000000e+00	0.000000e+00	0.000000e+00	0.000000e+00	0.000000e+00	0.000000e+00	0.000000e+00	0.000000e+00	0.000000e+00	0.000000e+00	0.000000e+00	0.000000e+00	0.000000e+00	0.000000e+00	0.000000e+00	0.000000e+00	0.000000e+00	0.000000e+00	0.000000e+00	0.000000e+00	0.000000e+00	0.000000e+00	0.000000e+00	0.000000e+00	
1263.290291	1258.893688	1267.686894	171.903883	1.561119e+02	1.882635e-90	0.000000e+00	8.751791e-65	4.910599e-86	0.000000e+00	0.000000e+00	1.452339e-05	1.882635e-90	1.165955e-03	6.928378e-73	1.882635e-90	1.882635e-90	1.882635e-90	1.882635e-90	0.000000e+00	1.882635e-90	1.882635e-90	1.882635e-90	1.882635e-90	2.879800e-53	4.973515e-03	1.185612e-59	0.000000e+00	0.000000e+00	0.000000e+00	1.882635e-90	1.882635e-90	0.000000e+00	1.691883e-60	0.000000e+00	0.000000e+00	0.000000e+00	0.000000e+00	0.000000e+00	0.000000e+00	0.000000e+00	8.929341e-70	1.882635e-90	1.882635e-90	6.464858e-90	2.173393e-54	1.083853e-82	2.462842e-67	1.882635e-90	2.273540e-04	3.230052e-50	0.000000e+00	0.000000e+00	9.038279e-57	1.882635e-90	0.000000e+00	1.139546e-44	8.419269e-01	1.882635e-90	1.194453e-19	0.000000e+00	1.882635e-90	1.882635e-90	1.882635e-90	4.116979e-67	1.882635e-90	0.000000e+00	0.000000e+00	1.882635e-90	0.000000e+00	0.000000e+00	0.000000e+00	0.000000e+00	0.000000e+00	0.000000e+00	0.000000e+00	2.418067e-74	1.882635e-90	0.000000e+00	0.000000e+00	0.000000e+00	0.000000e+00	0.000000e+00	0.000000e+00	0.000000e+00	0.000000e+00	0.000000e+00	0.000000e+00	0.000000e+00	0.000000e+00	0.000000e+00	0.000000e+00	0.000000e+00	0.000000e+00	0.000000e+00	0.000000e+00	0.000000e+00	0.000000e+00	0.000000e+00	0.000000e+00	0.000000e+00	0.000000e+00	0.000000e+00	0.000000e+00	0.000000e+00	0.000000e+00	0.000000e+00	0.000000e+00	0.000000e+00	0.000000e+00	0.000000e+00	0.000000e+00	0.000000e+00	0.000000e+00	0.000000e+00	0.000000e+00	0.000000e+00	0.000000e+00	0.000000e+00	0.000000e+00	
1272.572488	1267.686894	1277.458082	188.631791	1.281132e+02	1.882550e-90	0.000000e+00	4.796162e-58	2.611637e-77	0.000000e+00	0.000000e+00	1.452339e-05	1.882550e-90	1.165960e-03	1.846965e-65	1.882550e-90	1.882550e-90	1.882550e-90	1.882550e-90	0.000000e+00	1.882550e-90	1.882550e-90	1.882550e-90	1.882550e-90	7.203791e-47	4.973563e-03	1.692467e-53	0.000000e+00	0.000000e+00	0.000000e+00	1.882550e-90	1.882550e-90	0.000000e+00	2.845060e-54	0.000000e+00	0.000000e+00	0.000000e+00	0.000000e+00	0.000000e+00	0.000000e+00	0.000000e+00	7.550752e-62	1.882550e-90	1.882550e-90	1.270027e-80	4.034347e-49	2.119623e-74	3.932057e-61	1.882550e-90	2.273227e-04	3.280512e-45	0.000000e+00	0.000000e+00	1.023139e-50	1.882550e-90	0.000000e+00	1.136604e-39	8.419342e-01	1.882550e-90	6.935118e-17	0.000000e+00	1.882550e-90	1.882550e-90	1.882550e-90	3.319718e-60	1.882550e-90	0.000000e+00	0.000000e+00	1.882550e-90	0.000000e+00	0.000000e+00	0.000000e+00	0.000000e+00	0.000000e+00	0.000000e+00	0.000000e+00	2.043743e-66	1.882550e-90	0.000000e+00	0.000000e+00	0.000000e+00	0.000000e+00	0.000000e+00	0.000000e+00	0.000000e+00	0.000000e+00	0.000000e+00	0.000000e+00	0.000000e+00	0.000000e+00	0.000000e+00	0.000000e+00	0.000000e+00	0.000000e+00	0.000000e+00	0.000000e+00	0.000000e+00	0.000000e+00	0.000000e+00	0.000000e+00	0.000000e+00	0.000000e+00	0.000000e+00	0.000000e+00	0.000000e+00	0.000000e+00	0.000000e+00	0.000000e+00	0.000000e+00	0.000000e+00	0.000000e+00	0.000000e+00	0.000000e+00	0.000000e+00	0.000000e+00	0.000000e+00	0.000000e+00	0.000000e+00	0.000000e+00	0.000000e+00	
1282.664935	1277.458082	1287.871788	198.688248	1.051362e+02	1.882711e-90	0.000000e+00	2.833470e-54	1.959658e-72	0.000000e+00	0.000000e+00	1.452339e-05	1.882711e-90	1.165989e-03	2.594566e-61	1.882711e-90	1.882711e-90	1.882711e-90	1.882711e-90	0.000000e+00	1.882711e-90	1.882711e-90	1.882711e-90	1.882711e-90	3.430446e-43	4.974667e-03	5.214278e-50	0.000000e+00	0.000000e+00	0.000000e+00	1.882711e-90	1.640022e-88	0.000000e+00	9.693455e-51	0.000000e+00	0.000000e+00	0.000000e+00	0.000000e+00	0.000000e+00	0.000000e+00	0.000000e+00	2.572750e-57	1.882711e-90	1.882711e-90	2.080869e-75	3.927024e-46	9.843403e-70	1.339258e-57	1.882711e-90	2.273545e-04	2.105065e-42	0.000000e+00	0.000000e+00	3.271001e-47	8.175745e-90	0.000000e+00	9.410375e-37	8.419191e-01	1.882711e-90	3.202538e-15	0.000000e+00	1.882711e-90	1.882711e-90	1.882711e-90	2.437874e-56	3.618073e-87	0.000000e+00	0.000000e+00	1.882711e-90	0.000000e+00	0.000000e+00	0.000000e+00	0.000000e+00	0.000000e+00	0.000000e+00	0.000000e+00	7.272183e-62	6.815734e-87	0.000000e+00	0.000000e+00	0.000000e+00	0.000000e+00	0.000000e+00	0.000000e+00	0.000000e+00	0.000000e+00	0.000000e+00	0.000000e+00	0.000000e+00	0.000000e+00	0.000000e+00	0.000000e+00	0.000000e+00	0.000000e+00	0.000000e+00	0.000000e+00	0.000000e+00	0.000000e+00	0.000000e+00	0.000000e+00	0.000000e+00	0.000000e+00	0.000000e+00	0.000000e+00	0.000000e+00	0.000000e+00	0.000000e+00	0.000000e+00	0.000000e+00	0.000000e+00	0.000000e+00	0.000000e+00	0.000000e+00	0.000000e+00	0.000000e+00	0.000000e+00	0.000000e+00	0.000000e+00	0.000000e+00	0.000000e+00	
1293.216326	1287.871788	1298.560864	203.526273	8.628001e+01	1.882677e-90	0.000000e+00	9.117603e-53	1.709138e-70	0.000000e+00	0.000000e+00	1.452339e-05	1.882677e-90	1.166007e-03	1.169889e-59	1.882677e-90	1.882677e-90	1.882677e-90	1.882677e-90	0.000000e+00	1.882677e-90	1.882677e-90	1.882677e-90	1.882677e-90	1.234859e-41	4.973598e-03	1.393393e-48	0.000000e+00	0.000000e+00	0.000000e+00	1.882677e-90	8.633015e-86	0.000000e+00	2.699230e-49	0.000000e+00	0.000000e+00	0.000000e+00	0.000000e+00	0.000000e+00	0.000000e+00	0.000000e+00	2.009411e-55	1.882677e-90	1.882677e-90	2.623893e-73	6.654545e-45	7.598068e-68	3.750501e-56	1.882677e-90	2.273483e-04	2.832136e-41	0.000000e+00	0.000000e+00	1.015185e-45	4.283093e-87	0.000000e+00	1.718350e-35	8.419227e-01	1.882677e-90	1.875435e-14	0.000000e+00	1.882677e-90	1.882677e-90	1.882677e-90	8.545438e-55	1.301282e-84	0.000000e+00	0.000000e+00	1.882677e-90	0.000000e+00	0.000000e+00	0.000000e+00	0.000000e+00	0.000000e+00	0.000000e+00	0.000000e+00	5.825562e-60	2.649088e-85	0.000000e+00	0.000000e+00	0.000000e+00	0.000000e+00	0.000000e+00	0.000000e+00	0.000000e+00	0.000000e+00	0.000000e+00	0.000000e+00	0.000000e+00	0.000000e+00	0.000000e+00	0.000000e+00	0.000000e+00	0.000000e+00	0.000000e+00	0.000000e+00	0.000000e+00	0.000000e+00	0.000000e+00	0.000000e+00	0.000000e+00	0.000000e+00	0.000000e+00	0.000000e+00	0.000000e+00	0.000000e+00	0.000000e+00	0.000000e+00	0.000000e+00	0.000000e+00	0.000000e+00	0.000000e+00	0.000000e+00	0.000000e+00	0.000000e+00	0.000000e+00	0.000000e+00	0.000000e+00	0.000000e+00	0.000000e+00	
1303.985642	1298.560864	1309.410419	206.076421	7.080571e+01	1.882749e-90	0.000000e+00	6.615932e-52	2.163465e-69	0.000000e+00	0.000000e+00	1.452339e-05	1.882749e-90	1.166006e-03	1.024132e-58	1.882749e-90	3.933331e-89	1.882749e-90	1.882749e-90	0.000000e+00	1.882749e-90	1.882749e-90	1.882749e-90	1.882749e-90	1.092318e-40	4.974273e-03	9.548075e-48	0.000000e+00	0.000000e+00	0.000000e+00	1.882749e-90	3.415926e-84	0.000000e+00	1.893960e-48	0.000000e+00	0.000000e+00	0.000000e+00	0.000000e+00	0.000000e+00	0.000000e+00	0.000000e+00	2.740216e-54	1.882749e-90	1.882749e-90	4.264703e-72	3.532632e-44	9.400025e-67	2.642319e-55	1.882749e-90	2.273555e-04	1.262999e-40	0.000000e+00	0.000000e+00	8.283722e-45	1.687114e-85	0.000000e+00	1.042761e-34	8.419170e-01	1.882749e-90	6.023662e-14	0.000000e+00	1.882749e-90	1.882749e-90	1.882749e-90	6.506561e-54	3.977356e-83	0.000000e+00	0.000000e+00	1.882749e-90	0.000000e+00	0.000000e+00	0.000000e+00	0.000000e+00	0.000000e+00	0.000000e+00	0.000000e+00	8.074122e-59	2.065566e-84	0.000000e+00	0.000000e+00	0.000000e+00	0.000000e+00	0.000000e+00	0.000000e+00	0.000000e+00	0.000000e+00	0.000000e+00	0.000000e+00	0.000000e+00	0.000000e+00	0.000000e+00	0.000000e+00	0.000000e+00	0.000000e+00	0.000000e+00	0.000000e+00	0.000000e+00	0.000000e+00	0.000000e+00	0.000000e+00	0.000000e+00	0.000000e+00	0.000000e+00	0.000000e+00	0.000000e+00	0.000000e+00	0.000000e+00	0.000000e+00	0.000000e+00	0.000000e+00	0.000000e+00	0.000000e+00	0.000000e+00	0.000000e+00	0.000000e+00	0.000000e+00	0.000000e+00	0.000000e+00	0.000000e+00	0.000000e+00	
1314.887472	1309.410419	1320.364525	207.905273	5.810672e+01	1.882580e-90	0.000000e+00	2.429947e-51	1.133198e-68	0.000000e+00	0.000000e+00	1.452339e-05	1.882580e-90	1.165866e-03	4.238531e-58	1.882580e-90	4.250460e-88	1.882580e-90	1.882580e-90	0.000000e+00	1.882580e-90	1.882580e-90	1.882580e-90	1.882580e-90	5.072866e-40	4.972984e-03	3.505341e-47	0.000000e+00	0.000000e+00	0.000000e+00	1.882580e-90	4.127501e-83	0.000000e+00	7.059048e-48	0.000000e+00	0.000000e+00	0.000000e+00	0.000000e+00	0.000000e+00	0.000000e+00	0.000000e+00	1.677941e-53	1.882580e-90	1.882580e-90	2.716281e-71	1.101937e-43	5.031012e-66	9.881398e-55	1.882580e-90	2.273402e-04	3.399319e-40	0.000000e+00	0.000000e+00	3.656249e-44	2.031985e-84	0.000000e+00	3.809534e-34	8.419327e-01	1.882580e-90	1.466179e-13	0.000000e+00	1.882580e-90	1.882580e-90	1.882580e-90	2.463541e-53	3.930988e-82	0.000000e+00	0.000000e+00	1.882580e-90	0.000000e+00	0.000000e+00	0.000000e+00	0.000000e+00	0.000000e+00	0.000000e+00	0.000000e+00	4.998461e-58	7.686519e-84	0.000000e+00	0.000000e+00	0.000000e+00	0.000000e+00	0.000000e+00	0.000000e+00	0.000000e+00	0.000000e+00	0.000000e+00	0.000000e+00	0.000000e+00	0.000000e+00	0.000000e+00	0.000000e+00	0.000000e+00	0.000000e+00	0.000000e+00	0.000000e+00	0.000000e+00	0.000000e+00	0.000000e+00	0.000000e+00	0.000000e+00	0.000000e+00	0.000000e+00	0.000000e+00	0.000000e+00	0.000000e+00	0.000000e+00	0.000000e+00	0.000000e+00	0.000000e+00	0.000000e+00	0.000000e+00	0.000000e+00	0.000000e+00	0.000000e+00	0.000000e+00	0.000000e+00	0.000000e+00	0.000000e+00	0.000000e+00	
1325.883120	1320.364525	1331.401715	209.449123	4.768529e+01	1.882601e-90	0.000000e+00	6.851177e-51	4.214625e-68	0.000000e+00	0.000000e+00	1.452339e-05	1.882601e-90	1.165956e-03	1.311751e-57	1.882601e-90	2.907057e-87	1.882601e-90	1.882601e-90	0.000000e+00	1.882601e-90	1.882601e-90	1.882601e-90	1.882601e-90	1.835902e-39	4.973826e-03	1.010773e-46	0.000000e+00	0.000000e+00	0.000000e+00	1.882601e-90	3.150047e-82	0.000000e+00	2.060290e-47	0.000000e+00	0.000000e+00	0.000000e+00	0.000000e+00	0.000000e+00	0.000000e+00	0.000000e+00	7.535165e-53	1.882601e-90	1.882601e-90	1.202556e-70	2.796430e-43	1.945414e-65	2.891098e-54	1.882601e-90	2.273295e-04	7.520610e-40	0.000000e+00	0.000000e+00	1.272291e-43	1.545805e-83	0.000000e+00	1.144002e-33	8.419301e-01	1.882601e-90	3.205885e-13	0.000000e+00	1.882601e-90	1.882601e-90	1.882601e-90	7.115480e-53	2.508239e-81	0.000000e+00	0.000000e+00	1.882601e-90	0.000000e+00	0.000000e+00	0.000000e+00	0.000000e+00	0.000000e+00	0.000000e+00	0.000000e+00	2.265192e-57	2.148055e-83	0.000000e+00	0.000000e+00	0.000000e+00	0.000000e+00	0.000000e+00	0.000000e+00	0.000000e+00	0.000000e+00	0.000000e+00	0.000000e+00	0.000000e+00	0.000000e+00	0.000000e+00	0.000000e+00	0.000000e+00	0.000000e+00	0.000000e+00	0.000000e+00	0.000000e+00	0.000000e+00	0.000000e+00	0.000000e+00	0.000000e+00	0.000000e+00	0.000000e+00	0.000000e+00	0.000000e+00	0.000000e+00	0.000000e+00	0.000000e+00	0.000000e+00	0.000000e+00	0.000000e+00	0.000000e+00	0.000000e+00	0.000000e+00	0.000000e+00	0.000000e+00	0.000000e+00	0.000000e+00	0.000000e+00	0.000000e+00	
1336.956825	1331.401715	1342.511936	210.799044	3.913295e+01	1.882648e-90	0.000000e+00	1.706517e-50	1.335162e-67	0.000000e+00	0.000000e+00	1.452339e-05	1.882648e-90	1.165962e-03	3.541981e-57	1.882648e-90	1.604453e-86	1.882648e-90	1.882648e-90	0.000000e+00	1.882648e-90	1.882648e-90	1.882648e-90	1.882648e-90	5.909367e-39	4.973466e-03	2.601731e-46	0.000000e+00	0.000000e+00	0.000000e+00	1.882648e-90	1.936699e-81	0.000000e+00	5.357650e-47	0.000000e+00	0.000000e+00	0.000000e+00	0.000000e+00	0.000000e+00	0.000000e+00	0.000000e+00	2.924518e-52	1.882648e-90	1.882648e-90	4.489982e-70	6.443894e-43	6.460635e-65	7.541726e-54	1.882648e-90	2.273444e-04	1.517950e-39	0.000000e+00	0.000000e+00	3.959670e-43	9.478262e-83	0.000000e+00	3.133141e-33	8.419255e-01	1.882648e-90	6.664687e-13	0.000000e+00	1.882648e-90	1.882648e-90	1.882648e-90	1.809477e-52	1.303199e-80	0.000000e+00	0.000000e+00	1.882648e-90	0.000000e+00	0.000000e+00	0.000000e+00	0.000000e+00	0.000000e+00	0.000000e+00	0.000000e+00	8.865129e-57	5.251545e-83	0.000000e+00	0.000000e+00	0.000000e+00	0.000000e+00	0.000000e+00	0.000000e+00	0.000000e+00	0.000000e+00	0.000000e+00	0.000000e+00	0.000000e+00	0.000000e+00	0.000000e+00	0.000000e+00	0.000000e+00	0.000000e+00	0.000000e+00	0.000000e+00	0.000000e+00	0.000000e+00	0.000000e+00	0.000000e+00	0.000000e+00	0.000000e+00	0.000000e+00	0.000000e+00	0.000000e+00	0.000000e+00	0.000000e+00	0.000000e+00	0.000000e+00	0.000000e+00	0.000000e+00	0.000000e+00	0.000000e+00	0.000000e+00	0.000000e+00	0.000000e+00	0.000000e+00	0.000000e+00	0.000000e+00	0.000000e+00	
1348.100848	1342.511936	1353.689760	212.079347	3.211446e+01	1.882600e-90	0.000000e+00	3.966682e-50	3.866164e-67	0.000000e+00	0.000000e+00	1.452339e-05	1.882600e-90	1.165962e-03	8.863219e-57	1.882600e-90	7.854423e-86	1.882600e-90	1.882600e-90	0.000000e+00	1.882600e-90	1.882600e-90	1.882600e-90	1.882600e-90	1.781530e-38	4.973333e-03	6.285010e-46	0.000000e+00	0.000000e+00	0.000000e+00	1.882600e-90	1.055866e-80	0.000000e+00	1.306845e-46	0.000000e+00	0.000000e+00	0.000000e+00	0.000000e+00	0.000000e+00	0.000000e+00	0.000000e+00	1.046631e-51	1.882600e-90	1.882600e-90	1.524193e-69	1.406731e-42	1.969990e-64	1.843989e-53	1.882600e-90	2.273447e-04	2.910489e-39	0.000000e+00	0.000000e+00	1.157732e-42	5.153218e-82	0.000000e+00	8.147985e-33	8.419302e-01	1.882600e-90	1.347253e-12	0.000000e+00	1.882600e-90	1.882600e-90	1.882600e-90	4.286721e-52	6.036932e-80	0.000000e+00	0.000000e+00	1.882600e-90	0.000000e+00	0.000000e+00	0.000000e+00	0.000000e+00	0.000000e+00	0.000000e+00	0.000000e+00	3.196899e-56	1.190085e-82	0.000000e+00	0.000000e+00	0.000000e+00	0.000000e+00	0.000000e+00	0.000000e+00	0.000000e+00	0.000000e+00	0.000000e+00	0.000000e+00	0.000000e+00	0.000000e+00	0.000000e+00	0.000000e+00	0.000000e+00	0.000000e+00	0.000000e+00	0.000000e+00	0.000000e+00	0.000000e+00	0.000000e+00	0.000000e+00	0.000000e+00	0.000000e+00	0.000000e+00	0.000000e+00	0.000000e+00	0.000000e+00	0.000000e+00	0.000000e+00	0.000000e+00	0.000000e+00	0.000000e+00	0.000000e+00	0.000000e+00	0.000000e+00	0.000000e+00	0.000000e+00	0.000000e+00	0.000000e+00	0.000000e+00	0.000000e+00	
1359.311665	1353.689760	1364.933570	213.305908	2.635474e+01	1.882597e-90	0.000000e+00	8.969993e-50	1.080493e-66	0.000000e+00	0.000000e+00	1.452339e-05	1.882597e-90	1.165908e-03	2.151547e-56	1.882597e-90	3.667402e-85	1.882597e-90	1.882597e-90	0.000000e+00	1.882597e-90	1.882597e-90	1.882597e-90	1.882597e-90	5.236331e-38	4.973910e-03	1.481272e-45	0.000000e+00	0.000000e+00	0.000000e+00	1.882597e-90	5.490410e-80	0.000000e+00	3.108856e-46	0.000000e+00	0.000000e+00	0.000000e+00	0.000000e+00	0.000000e+00	0.000000e+00	0.000000e+00	3.628048e-51	1.882597e-90	1.882597e-90	4.981546e-69	3.005562e-42	5.808218e-64	4.397519e-53	1.882597e-90	2.273250e-04	5.467356e-39	0.000000e+00	0.000000e+00	3.304364e-42	2.671454e-81	0.000000e+00	2.078063e-32	8.419297e-01	1.882597e-90	2.693892e-12	0.000000e+00	1.882597e-90	1.882597e-90	1.882597e-90	9.874357e-52	2.673305e-79	0.000000e+00	0.000000e+00	1.882597e-90	0.000000e+00	0.000000e+00	0.000000e+00	0.000000e+00	0.000000e+00	0.000000e+00	0.000000e+00	1.116793e-55	2.621264e-82	0.000000e+00	0.000000e+00	0.000000e+00	0.000000e+00	0.000000e+00	0.000000e+00	0.000000e+00	0.000000e+00	0.000000e+00	0.000000e+00	0.000000e+00	0.000000e+00	0.000000e+00	0.000000e+00	0.000000e+00	0.000000e+00	0.000000e+00	0.000000e+00	0.000000e+00	0.000000e+00	0.000000e+00	0.000000e+00	0.000000e+00	0.000000e+00	0.000000e+00	0.000000e+00	0.000000e+00	0.000000e+00	0.000000e+00	0.000000e+00	0.000000e+00	0.000000e+00	0.000000e+00	0.000000e+00	0.000000e+00	0.000000e+00	0.000000e+00	0.000000e+00	0.000000e+00	0.000000e+00	0.000000e+00	0.000000e+00	
1370.589178	1364.933570	1376.244786	214.539995	2.162802e+01	1.882678e-90	0.000000e+00	2.039353e-49	3.040474e-66	0.000000e+00	0.000000e+00	1.452339e-05	1.882678e-90	1.165969e-03	5.254009e-56	1.882678e-90	1.728948e-84	1.882678e-90	1.882678e-90	0.000000e+00	1.882678e-90	1.882678e-90	1.882678e-90	1.882678e-90	1.547405e-37	4.974126e-03	3.508811e-45	0.000000e+00	0.000000e+00	0.000000e+00	1.882678e-90	2.882788e-79	0.000000e+00	7.434145e-46	0.000000e+00	0.000000e+00	0.000000e+00	0.000000e+00	0.000000e+00	0.000000e+00	0.000000e+00	1.266287e-50	1.882678e-90	1.882678e-90	1.640533e-68	6.452082e-42	1.724239e-63	1.054492e-52	1.882678e-90	2.273437e-04	1.031328e-38	0.000000e+00	0.000000e+00	9.483844e-42	1.398462e-80	0.000000e+00	5.323626e-32	8.419227e-01	1.882678e-90	5.402633e-12	0.000000e+00	1.882678e-90	1.882678e-90	1.882678e-90	2.286988e-51	1.194577e-78	0.000000e+00	0.000000e+00	1.882678e-90	0.000000e+00	0.000000e+00	0.000000e+00	0.000000e+00	0.000000e+00	0.000000e+00	0.000000e+00	3.928973e-55	5.813086e-82	0.000000e+00	0.000000e+00	0.000000e+00	0.000000e+00	0.000000e+00	0.000000e+00	0.000000e+00	0.000000e+00	0.000000e+00	0.000000e+00	0.000000e+00	0.000000e+00	0.000000e+00	0.000000e+00	0.000000e+00	0.000000e+00	0.000000e+00	0.000000e+00	0.000000e+00	0.000000e+00	0.000000e+00	0.000000e+00	0.000000e+00	0.000000e+00	0.000000e+00	0.000000e+00	0.000000e+00	0.000000e+00	0.000000e+00	0.000000e+00	0.000000e+00	0.000000e+00	0.000000e+00	0.000000e+00	0.000000e+00	0.000000e+00	0.000000e+00	0.000000e+00	0.000000e+00	0.000000e+00	0.000000e+00	0.000000e+00	
1381.936206	1376.244786	1387.627626	215.862949	1.774904e+01	1.882662e-90	0.000000e+00	4.810200e-49	8.972803e-66	0.000000e+00	0.000000e+00	1.452339e-05	1.882662e-90	1.166006e-03	1.335768e-55	1.882662e-90	8.690336e-84	1.882662e-90	1.882662e-90	0.000000e+00	1.882662e-90	1.882662e-90	1.882662e-90	1.882662e-90	4.737546e-37	4.973815e-03	8.599097e-45	0.000000e+00	0.000000e+00	0.000000e+00	1.882662e-90	1.614515e-78	0.000000e+00	1.839963e-45	0.000000e+00	0.000000e+00	0.000000e+00	0.000000e+00	0.000000e+00	0.000000e+00	0.000000e+00	4.617905e-50	1.882662e-90	1.882662e-90	5.682823e-68	1.425709e-41	5.356389e-63	2.618369e-52	1.882662e-90	2.273527e-04	1.999115e-38	0.000000e+00	0.000000e+00	2.816328e-41	7.806483e-80	0.000000e+00	1.403060e-31	8.419242e-01	1.882662e-90	1.100823e-11	0.000000e+00	1.882662e-90	1.882662e-90	1.882662e-90	5.499867e-51	5.675345e-78	0.000000e+00	0.000000e+00	1.882662e-90	0.000000e+00	0.000000e+00	0.000000e+00	0.000000e+00	0.000000e+00	0.000000e+00	0.000000e+00	1.445157e-54	1.343912e-81	0.000000e+00	0.000000e+00	0.000000e+00	0.000000e+00	0.000000e+00	0.000000e+00	0.000000e+00	0.000000e+00	0.000000e+00	0.000000e+00	0.000000e+00	0.000000e+00	0.000000e+00	0.000000e+00	0.000000e+00	0.000000e+00	0.000000e+00	0.000000e+00	0.000000e+00	0.000000e+00	0.000000e+00	0.000000e+00	0.000000e+00	0.000000e+00	0.000000e+00	0.000000e+00	0.000000e+00	0.000000e+00	0.000000e+00	0.000000e+00	0.000000e+00	0.000000e+00	0.000000e+00	0.000000e+00	0.000000e+00	0.000000e+00	0.000000e+00	0.000000e+00	0.000000e+00	0.000000e+00	0.000000e+00	0.000000e+00	
1393.358892	1387.627626	1399.090158	217.299251	1.456575e+01	1.882738e-90	0.000000e+00	1.224922e-48	2.924307e-65	0.000000e+00	0.000000e+00	1.452339e-05	1.882738e-90	1.165966e-03	3.693729e-55	1.882738e-90	4.991341e-83	1.882738e-90	1.882738e-90	0.000000e+00	6.426036e-90	1.882738e-90	1.882738e-90	1.882738e-90	1.561451e-36	4.973846e-03	2.262461e-44	0.000000e+00	0.000000e+00	0.000000e+00	1.882738e-90	1.034597e-77	0.000000e+00	4.894259e-45	0.000000e+00	0.000000e+00	0.000000e+00	0.000000e+00	0.000000e+00	0.000000e+00	0.000000e+00	1.845074e-49	1.882738e-90	1.882738e-90	2.187355e-67	3.345854e-41	1.829130e-62	6.990463e-52	1.882738e-90	2.273497e-04	4.101405e-38	0.000000e+00	0.000000e+00	8.977765e-41	4.982698e-79	0.000000e+00	3.922442e-31	8.419181e-01	1.882738e-90	2.317162e-11	0.000000e+00	1.882738e-90	1.882738e-90	1.882738e-90	1.430891e-50	3.064019e-77	0.000000e+00	0.000000e+00	1.882738e-90	0.000000e+00	0.000000e+00	0.000000e+00	0.000000e+00	0.000000e+00	0.000000e+00	0.000000e+00	5.830854e-54	3.386441e-81	0.000000e+00	0.000000e+00	0.000000e+00	0.000000e+00	0.000000e+00	0.000000e+00	0.000000e+00	0.000000e+00	0.000000e+00	0.000000e+00	0.000000e+00	0.000000e+00	0.000000e+00	0.000000e+00	0.000000e+00	0.000000e+00	0.000000e+00	0.000000e+00	0.000000e+00	0.000000e+00	0.000000e+00	0.000000e+00	0.000000e+00	0.000000e+00	0.000000e+00	0.000000e+00	0.000000e+00	0.000000e+00	0.000000e+00	0.000000e+00	0.000000e+00	0.000000e+00	0.000000e+00	0.000000e+00	0.000000e+00	0.000000e+00	0.000000e+00	0.000000e+00	0.000000e+00	0.000000e+00	0.000000e+00	0.000000e+00	
1404.863378	1399.090158	1410.636597	218.988236	1.195339e+01	1.882621e-90	0.000000e+00	3.217141e-48	9.916855e-65	0.000000e+00	0.000000e+00	1.452339e-05	1.882621e-90	1.165986e-03	1.056587e-54	1.882621e-90	3.025249e-82	1.882621e-90	1.882621e-90	0.000000e+00	3.653481e-89	1.882621e-90	1.882621e-90	1.882621e-90	5.301146e-36	4.973009e-03	6.124014e-44	0.000000e+00	0.000000e+00	0.000000e+00	1.882621e-90	6.999208e-77	0.000000e+00	1.340017e-44	0.000000e+00	0.000000e+00	0.000000e+00	0.000000e+00	0.000000e+00	0.000000e+00	0.000000e+00	7.650222e-49	1.882621e-90	1.882621e-90	8.784568e-67	8.045941e-41	6.488062e-62	1.921439e-51	3.140335e-90	2.273426e-04	8.609159e-38	0.000000e+00	0.000000e+00	2.945088e-40	3.356774e-78	0.000000e+00	1.122790e-30	8.419295e-01	1.882621e-90	4.944851e-11	0.000000e+00	1.882621e-90	1.882621e-90	1.882621e-90	3.841861e-50	1.741261e-76	0.000000e+00	0.000000e+00	1.882621e-90	0.000000e+00	0.000000e+00	0.000000e+00	0.000000e+00	0.000000e+00	0.000000e+00	0.000000e+00	2.442478e-53	8.834558e-81	0.000000e+00	0.000000e+00	0.000000e+00	0.000000e+00	0.000000e+00	0.000000e+00	0.000000e+00	0.000000e+00	0.000000e+00	0.000000e+00	0.000000e+00	0.000000e+00	0.000000e+00	0.000000e+00	0.000000e+00	0.000000e+00	0.000000e+00	0.000000e+00	0.000000e+00	0.000000e+00	0.000000e+00	0.000000e+00	0.000000e+00	0.000000e+00	0.000000e+00	0.000000e+00	0.000000e+00	0.000000e+00	0.000000e+00	0.000000e+00	0.000000e+00	0.000000e+00	0.000000e+00	0.000000e+00	0.000000e+00	0.000000e+00	0.000000e+00	0.000000e+00	0.000000e+00	0.000000e+00	0.000000e+00	0.000000e+00	
1416.445424	1410.636597	1422.254252	220.517419	9.809551e+00	1.882675e-90	0.000000e+00	7.347857e-48	2.807014e-64	0.000000e+00	0.000000e+00	1.452339e-05	1.882675e-90	1.165966e-03	2.592130e-54	1.882675e-90	1.439345e-81	1.882675e-90	1.882675e-90	0.000000e+00	1.621236e-88	1.882675e-90	1.882675e-90	1.882675e-90	1.576726e-35	4.973447e-03	1.458687e-43	0.000000e+00	0.000000e+00	0.000000e+00	1.882675e-90	3.712154e-76	0.000000e+00	3.222850e-44	0.000000e+00	0.000000e+00	0.000000e+00	0.000000e+00	0.000000e+00	0.000000e+00	0.000000e+00	2.690332e-48	1.882675e-90	1.882675e-90	2.911284e-66	1.734667e-40	1.938165e-61	4.637130e-51	1.209815e-89	2.273474e-04	1.629424e-37	0.000000e+00	0.000000e+00	8.513498e-40	1.773419e-77	0.000000e+00	2.895531e-30	8.419238e-01	1.882675e-90	9.959517e-11	0.000000e+00	1.882675e-90	1.882675e-90	1.882675e-90	8.940766e-50	7.850901e-76	0.000000e+00	0.000000e+00	1.882675e-90	0.000000e+00	0.000000e+00	0.000000e+00	0.000000e+00	0.000000e+00	0.000000e+00	0.000000e+00	8.667274e-53	1.978841e-80	0.000000e+00	0.000000e+00	0.000000e+00	0.000000e+00	0.000000e+00	0.000000e+00	0.000000e+00	0.000000e+00	0.000000e+00	0.000000e+00	0.000000e+00	0.000000e+00	0.000000e+00	0.000000e+00	0.000000e+00	0.000000e+00	0.000000e+00	0.000000e+00	0.000000e+00	0.000000e+00	0.000000e+00	0.000000e+00	0.000000e+00	0.000000e+00	0.000000e+00	0.000000e+00	0.000000e+00	0.000000e+00	0.000000e+00	0.000000e+00	0.000000e+00	0.000000e+00	0.000000e+00	0.000000e+00	0.000000e+00	0.000000e+00	0.000000e+00	0.000000e+00	0.000000e+00	0.000000e+00	0.000000e+00	0.000000e+00	
1428.085366	1422.254252	1433.916480	221.237071	8.050210e+00	1.882667e-90	0.000000e+00	1.272342e-47	5.550292e-64	0.000000e+00	0.000000e+00	1.452339e-05	1.882667e-90	1.165994e-03	4.691684e-54	1.882667e-90	4.233003e-81	1.882667e-90	1.882667e-90	0.000000e+00	4.397747e-88	1.882667e-90	1.882667e-90	1.882667e-90	3.599721e-35	4.973594e-03	2.691678e-43	0.000000e+00	0.000000e+00	0.000000e+00	1.882667e-90	1.212611e-75	0.000000e+00	5.983601e-44	0.000000e+00	0.000000e+00	0.000000e+00	0.000000e+00	0.000000e+00	0.000000e+00	0.000000e+00	6.814656e-48	1.882667e-90	1.882667e-90	6.591282e-66	3.009601e-40	4.114548e-61	8.626208e-51	3.006384e-89	2.273458e-04	2.511482e-37	0.000000e+00	0.000000e+00	1.909823e-39	5.778651e-77	0.000000e+00	6.051534e-30	8.419248e-01	1.882667e-90	1.786682e-10	0.000000e+00	1.882667e-90	1.882667e-90	1.882667e-90	1.566205e-49	2.233167e-75	0.000000e+00	0.000000e+00	1.882667e-90	0.000000e+00	0.000000e+00	0.000000e+00	0.000000e+00	0.000000e+00	0.000000e+00	0.000000e+00	2.207670e-52	3.260206e-80	0.000000e+00	0.000000e+00	0.000000e+00	0.000000e+00	0.000000e+00	0.000000e+00	0.000000e+00	0.000000e+00	0.000000e+00	0.000000e+00	0.000000e+00	0.000000e+00	0.000000e+00	0.000000e+00	0.000000e+00	0.000000e+00	0.000000e+00	0.000000e+00	0.000000e+00	0.000000e+00	0.000000e+00	0.000000e+00	0.000000e+00	0.000000e+00	0.000000e+00	0.000000e+00	0.000000e+00	0.000000e+00	0.000000e+00	0.000000e+00	0.000000e+00	0.000000e+00	0.000000e+00	0.000000e+00	0.000000e+00	0.000000e+00	0.000000e+00	0.000000e+00	0.000000e+00	0.000000e+00	0.000000e+00	0.000000e+00	
1439.757210	1433.916480	1445.597941	221.403812	6.606406e+00	1.882697e-90	0.000000e+00	1.698657e-47	7.838454e-64	0.000000e+00	0.000000e+00	1.452339e-05	1.882697e-90	1.165972e-03	6.381717e-54	3.140818e-90	7.924599e-81	1.882697e-90	1.882697e-90	0.000000e+00	7.515114e-88	1.882697e-90	1.882697e-90	1.882697e-90	6.411747e-35	4.973772e-03	3.909168e-43	0.000000e+00	0.000000e+00	0.000000e+00	1.882697e-90	2.512340e-75	0.000000e+00	8.711396e-44	0.000000e+00	0.000000e+00	0.000000e+00	0.000000e+00	0.000000e+00	0.000000e+00	0.000000e+00	1.268023e-47	1.882697e-90	1.882697e-90	1.043389e-65	4.257661e-40	6.339758e-61	1.257287e-50	4.952883e-89	2.273434e-04	3.192136e-37	0.000000e+00	0.000000e+00	3.376669e-39	1.195928e-76	0.000000e+00	1.038606e-29	8.419213e-01	1.882697e-90	2.873625e-10	0.000000e+00	1.882697e-90	1.882697e-90	1.882697e-90	2.101298e-49	4.122458e-75	0.000000e+00	0.000000e+00	1.882697e-90	0.000000e+00	0.000000e+00	0.000000e+00	0.000000e+00	0.000000e+00	0.000000e+00	0.000000e+00	4.118342e-52	4.028800e-80	0.000000e+00	0.000000e+00	0.000000e+00	0.000000e+00	0.000000e+00	0.000000e+00	0.000000e+00	0.000000e+00	0.000000e+00	0.000000e+00	0.000000e+00	0.000000e+00	0.000000e+00	0.000000e+00	0.000000e+00	0.000000e+00	0.000000e+00	0.000000e+00	0.000000e+00	0.000000e+00	0.000000e+00	0.000000e+00	0.000000e+00	0.000000e+00	0.000000e+00	0.000000e+00	0.000000e+00	0.000000e+00	0.000000e+00	0.000000e+00	0.000000e+00	0.000000e+00	0.000000e+00	0.000000e+00	0.000000e+00	0.000000e+00	0.000000e+00	0.000000e+00	0.000000e+00	0.000000e+00	0.000000e+00	0.000000e+00	
1451.441877	1445.597941	1457.285814	221.462580	5.421549e+00	1.882707e-90	0.000000e+00	2.002966e-47	9.424133e-64	0.000000e+00	0.000000e+00	1.452339e-05	1.882707e-90	1.166026e-03	7.574259e-54	5.287314e-90	1.195465e-80	1.882707e-90	1.882707e-90	0.000000e+00	1.029723e-87	1.882707e-90	1.882707e-90	1.882707e-90	1.013968e-34	4.973650e-03	5.062003e-43	0.000000e+00	0.000000e+00	0.000000e+00	1.882707e-90	4.187086e-75	0.000000e+00	1.129029e-43	0.000000e+00	0.000000e+00	0.000000e+00	0.000000e+00	0.000000e+00	0.000000e+00	0.000000e+00	2.036140e-47	1.882707e-90	1.882707e-90	1.392307e-65	5.464555e-40	8.380458e-61	1.630167e-50	6.700190e-89	2.273581e-04	3.700594e-37	0.000000e+00	0.000000e+00	5.326632e-39	1.992585e-76	0.000000e+00	1.621365e-29	8.419209e-01	1.882707e-90	4.387221e-10	0.000000e+00	1.882707e-90	1.882707e-90	1.882707e-90	2.481880e-49	6.188174e-75	0.000000e+00	0.000000e+00	1.882707e-90	0.000000e+00	0.000000e+00	0.000000e+00	0.000000e+00	0.000000e+00	0.000000e+00	0.000000e+00	6.618527e-52	4.335120e-80	0.000000e+00	0.000000e+00	0.000000e+00	0.000000e+00	0.000000e+00	0.000000e+00	0.000000e+00	0.000000e+00	0.000000e+00	0.000000e+00	0.000000e+00	0.000000e+00	0.000000e+00	0.000000e+00	0.000000e+00	0.000000e+00	0.000000e+00	0.000000e+00	0.000000e+00	0.000000e+00	0.000000e+00	0.000000e+00	0.000000e+00	0.000000e+00	0.000000e+00	0.000000e+00	0.000000e+00	0.000000e+00	0.000000e+00	0.000000e+00	0.000000e+00	0.000000e+00	0.000000e+00	0.000000e+00	0.000000e+00	0.000000e+00	0.000000e+00	0.000000e+00	0.000000e+00	0.000000e+00	0.000000e+00	0.000000e+00	
1463.131231	1457.285814	1468.976647	221.412661	4.449195e+00	1.882649e-90	0.000000e+00	2.276601e-47	1.080352e-63	0.000000e+00	0.000000e+00	1.452339e-05	1.882649e-90	1.165929e-03	8.632980e-54	8.297495e-90	1.691556e-80	1.882649e-90	1.882649e-90	0.000000e+00	1.321463e-87	1.882649e-90	1.882649e-90	1.882649e-90	1.547877e-34	4.972785e-03	6.335189e-43	0.000000e+00	0.000000e+00	0.000000e+00	1.882649e-90	6.541392e-75	0.000000e+00	1.413400e-43	0.000000e+00	0.000000e+00	0.000000e+00	0.000000e+00	0.000000e+00	0.000000e+00	0.000000e+00	3.129233e-47	1.882649e-90	1.882649e-90	1.766168e-65	6.813075e-40	1.058579e-60	2.041457e-50	8.549286e-89	2.273545e-04	4.174409e-37	0.000000e+00	0.000000e+00	8.122000e-39	3.112954e-76	0.000000e+00	2.460800e-29	8.419264e-01	1.882649e-90	6.593821e-10	0.000000e+00	1.882649e-90	1.882649e-90	1.882649e-90	2.822548e-49	8.736406e-75	0.000000e+00	0.000000e+00	1.882649e-90	0.000000e+00	0.000000e+00	0.000000e+00	0.000000e+00	0.000000e+00	0.000000e+00	0.000000e+00	1.017471e-51	4.476754e-80	0.000000e+00	0.000000e+00	0.000000e+00	0.000000e+00	0.000000e+00	0.000000e+00	0.000000e+00	0.000000e+00	0.000000e+00	0.000000e+00	0.000000e+00	0.000000e+00	0.000000e+00	0.000000e+00	0.000000e+00	0.000000e+00	0.000000e+00	0.000000e+00	0.000000e+00	0.000000e+00	0.000000e+00	0.000000e+00	0.000000e+00	0.000000e+00	0.000000e+00	0.000000e+00	0.000000e+00	0.000000e+00	0.000000e+00	0.000000e+00	0.000000e+00	0.000000e+00	0.000000e+00	0.000000e+00	0.000000e+00	0.000000e+00	0.000000e+00	0.000000e+00	0.000000e+00	0.000000e+00	0.000000e+00	0.000000e+00	
1474.821928	1468.976647	1480.667208	221.310218	3.651233e+00	1.882658e-90	0.000000e+00	2.505841e-47	1.188137e-63	0.000000e+00	0.000000e+00	1.452339e-05	1.882658e-90	1.166005e-03	9.500209e-54	1.225476e-89	2.264128e-80	1.882658e-90	1.882658e-90	0.000000e+00	1.602138e-87	1.882658e-90	1.882658e-90	1.882658e-90	2.292270e-34	4.973294e-03	7.700030e-43	0.000000e+00	0.000000e+00	0.000000e+00	1.882658e-90	9.665942e-75	0.000000e+00	1.717996e-43	0.000000e+00	0.000000e+00	0.000000e+00	0.000000e+00	0.000000e+00	0.000000e+00	0.000000e+00	4.631302e-47	1.882658e-90	1.882658e-90	2.143513e-65	8.282405e-40	1.285288e-60	2.480779e-50	1.036993e-88	2.273433e-04	4.597951e-37	0.000000e+00	0.000000e+00	1.202873e-38	4.599258e-76	0.000000e+00	3.646322e-29	8.419253e-01	1.882658e-90	9.780158e-10	0.000000e+00	1.882658e-90	1.882658e-90	1.882658e-90	3.106854e-49	1.169651e-74	0.000000e+00	0.000000e+00	1.882658e-90	0.000000e+00	0.000000e+00	0.000000e+00	0.000000e+00	0.000000e+00	0.000000e+00	0.000000e+00	1.505828e-51	4.462386e-80	0.000000e+00	0.000000e+00	0.000000e+00	0.000000e+00	0.000000e+00	0.000000e+00	0.000000e+00	0.000000e+00	0.000000e+00	0.000000e+00	0.000000e+00	0.000000e+00	0.000000e+00	0.000000e+00	0.000000e+00	0.000000e+00	0.000000e+00	0.000000e+00	0.000000e+00	0.000000e+00	0.000000e+00	0.000000e+00	0.000000e+00	0.000000e+00	0.000000e+00	0.000000e+00	0.000000e+00	0.000000e+00	0.000000e+00	0.000000e+00	0.000000e+00	0.000000e+00	0.000000e+00	0.000000e+00	0.000000e+00	0.000000e+00	0.000000e+00	0.000000e+00	0.000000e+00	0.000000e+00	0.000000e+00	0.000000e+00	
1486.508339	1480.667208	1492.349469	221.046021	2.996385e+00	1.882636e-90	0.000000e+00	2.547986e-47	1.179160e-63	0.000000e+00	0.000000e+00	1.452339e-05	1.882636e-90	1.165917e-03	9.581622e-54	1.556165e-89	2.640039e-80	1.882636e-90	1.882636e-90	0.000000e+00	1.686802e-87	1.882636e-90	1.882636e-90	1.882636e-90	3.147116e-34	4.974336e-03	8.699818e-43	0.000000e+00	0.000000e+00	0.000000e+00	1.882636e-90	1.243418e-74	0.000000e+00	1.939404e-43	0.000000e+00	0.000000e+00	0.000000e+00	0.000000e+00	0.000000e+00	0.000000e+00	0.000000e+00	6.238875e-47	1.882636e-90	1.882636e-90	2.332719e-65	9.461675e-40	1.415177e-60	2.797899e-50	1.109286e-88	2.273377e-04	4.775509e-37	0.000000e+00	0.000000e+00	1.656686e-38	5.917782e-76	0.000000e+00	5.087150e-29	8.419265e-01	1.882636e-90	1.402691e-09	0.000000e+00	1.882636e-90	1.882636e-90	1.882636e-90	3.153108e-49	1.372562e-74	0.000000e+00	0.000000e+00	1.882636e-90	0.000000e+00	0.000000e+00	0.000000e+00	0.000000e+00	0.000000e+00	0.000000e+00	0.000000e+00	2.026322e-51	4.072532e-80	0.000000e+00	0.000000e+00	0.000000e+00	0.000000e+00	0.000000e+00	0.000000e+00	0.000000e+00	0.000000e+00	0.000000e+00	0.000000e+00	0.000000e+00	0.000000e+00	0.000000e+00	0.000000e+00	0.000000e+00	0.000000e+00	0.000000e+00	0.000000e+00	0.000000e+00	0.000000e+00	0.000000e+00	0.000000e+00	0.000000e+00	0.000000e+00	0.000000e+00	0.000000e+00	0.000000e+00	0.000000e+00	0.000000e+00	0.000000e+00	0.000000e+00	0.000000e+00	0.000000e+00	0.000000e+00	0.000000e+00	0.000000e+00	0.000000e+00	0.000000e+00	0.000000e+00	0.000000e+00	0.000000e+00	0.000000e+00	
1498.183879	1492.349469	1504.018288	220.624213	2.458984e+00	1.882660e-90	0.000000e+00	2.458385e-47	1.093442e-63	0.000000e+00	0.000000e+00	1.452339e-05	1.882660e-90	1.165946e-03	9.123456e-54	1.788933e-89	2.810550e-80	1.882660e-90	1.882660e-90	0.000000e+00	1.618036e-87	1.882660e-90	1.882660e-90	1.882660e-90	4.108664e-34	4.974132e-03	9.363507e-43	0.000000e+00	0.000000e+00	0.000000e+00	1.882660e-90	1.458363e-74	0.000000e+00	2.083455e-43	0.000000e+00	0.000000e+00	0.000000e+00	0.000000e+00	0.000000e+00	0.000000e+00	0.000000e+00	7.896079e-47	1.882660e-90	1.882660e-90	2.361930e-65	1.037405e-39	1.460735e-60	3.004240e-50	1.092281e-88	2.273463e-04	4.770941e-37	0.000000e+00	0.000000e+00	2.174286e-38	6.946510e-76	0.000000e+00	6.819158e-29	8.419247e-01	1.882660e-90	1.968320e-09	0.000000e+00	1.882660e-90	1.882660e-90	1.882660e-90	3.031613e-49	1.475761e-74	0.000000e+00	0.000000e+00	1.882660e-90	0.000000e+00	0.000000e+00	0.000000e+00	0.000000e+00	0.000000e+00	0.000000e+00	0.000000e+00	2.560265e-51	3.507551e-80	0.000000e+00	0.000000e+00	0.000000e+00	0.000000e+00	0.000000e+00	0.000000e+00	0.000000e+00	0.000000e+00	0.000000e+00	0.000000e+00	0.000000e+00	0.000000e+00	0.000000e+00	0.000000e+00	0.000000e+00	0.000000e+00	0.000000e+00	0.000000e+00	0.000000e+00	0.000000e+00	0.000000e+00	0.000000e+00	0.000000e+00	0.000000e+00	0.000000e+00	0.000000e+00	0.000000e+00	0.000000e+00	0.000000e+00	0.000000e+00	0.000000e+00	0.000000e+00	0.000000e+00	0.000000e+00	0.000000e+00	0.000000e+00	0.000000e+00	0.000000e+00	0.000000e+00	0.000000e+00	0.000000e+00	0.000000e+00	
1509.848410	1504.018288	1515.678533	219.816770	2.017966e+00	1.882674e-90	0.000000e+00	2.488776e-47	1.079049e-63	0.000000e+00	0.000000e+00	1.452339e-05	1.882674e-90	1.165903e-03	9.157700e-54	2.253092e-89	3.252533e-80	1.882674e-90	1.882674e-90	0.000000e+00	1.690414e-87	1.882674e-90	1.882674e-90	1.882674e-90	5.616365e-34	4.974087e-03	1.053467e-42	0.000000e+00	0.000000e+00	0.000000e+00	1.882674e-90	1.860900e-74	0.000000e+00	2.341346e-43	0.000000e+00	0.000000e+00	0.000000e+00	0.000000e+00	0.000000e+00	0.000000e+00	0.000000e+00	1.058010e-46	1.882674e-90	1.882674e-90	2.554886e-65	1.181002e-39	1.599687e-60	3.374477e-50	1.160419e-88	2.273357e-04	4.938971e-37	0.000000e+00	0.000000e+00	2.982039e-38	8.867792e-76	0.000000e+00	9.480818e-29	8.419239e-01	1.882674e-90	2.818142e-09	0.000000e+00	1.882674e-90	1.882674e-90	1.882674e-90	3.062254e-49	1.718869e-74	0.000000e+00	0.000000e+00	1.882674e-90	0.000000e+00	0.000000e+00	0.000000e+00	0.000000e+00	0.000000e+00	0.000000e+00	0.000000e+00	3.426751e-51	3.185877e-80	0.000000e+00	0.000000e+00	0.000000e+00	0.000000e+00	0.000000e+00	0.000000e+00	0.000000e+00	0.000000e+00	0.000000e+00	0.000000e+00	0.000000e+00	0.000000e+00	0.000000e+00	0.000000e+00	0.000000e+00	0.000000e+00	0.000000e+00	0.000000e+00	0.000000e+00	0.000000e+00	0.000000e+00	0.000000e+00	0.000000e+00	0.000000e+00	0.000000e+00	0.000000e+00	0.000000e+00	0.000000e+00	0.000000e+00	0.000000e+00	0.000000e+00	0.000000e+00	0.000000e+00	0.000000e+00	0.000000e+00	0.000000e+00	0.000000e+00	0.000000e+00	0.000000e+00	0.000000e+00	0.000000e+00	0.000000e+00	
1521.502726	1515.678533	1527.326919	219.423226	1.656044e+00	1.882602e-90	0.000000e+00	2.437505e-47	1.020183e-63	0.000000e+00	0.000000e+00	1.452339e-05	1.882602e-90	1.165883e-03	8.863991e-54	2.664626e-89	3.553650e-80	1.882602e-90	1.882602e-90	0.000000e+00	1.665142e-87	1.882602e-90	1.882602e-90	1.882602e-90	7.436959e-34	4.973316e-03	1.149437e-42	0.000000e+00	0.000000e+00	0.000000e+00	1.882602e-90	2.240052e-74	0.000000e+00	2.550138e-43	0.000000e+00	0.000000e+00	0.000000e+00	0.000000e+00	0.000000e+00	0.000000e+00	0.000000e+00	1.362818e-46	1.882602e-90	1.882602e-90	2.640684e-65	1.310142e-39	1.681892e-60	3.674517e-50	1.169977e-88	2.273411e-04	4.989255e-37	0.000000e+00	0.000000e+00	3.967197e-38	1.068350e-75	0.000000e+00	1.285205e-28	8.419295e-01	1.882602e-90	3.979114e-09	0.000000e+00	1.882602e-90	1.882602e-90	1.882602e-90	2.989489e-49	1.894459e-74	0.000000e+00	0.000000e+00	1.882602e-90	0.000000e+00	0.000000e+00	0.000000e+00	0.000000e+00	0.000000e+00	0.000000e+00	0.000000e+00	4.407350e-51	2.789745e-80	0.000000e+00	0.000000e+00	0.000000e+00	0.000000e+00	0.000000e+00	0.000000e+00	0.000000e+00	0.000000e+00	0.000000e+00	0.000000e+00	0.000000e+00	0.000000e+00	0.000000e+00	0.000000e+00	0.000000e+00	0.000000e+00	0.000000e+00	0.000000e+00	0.000000e+00	0.000000e+00	0.000000e+00	0.000000e+00	0.000000e+00	0.000000e+00	0.000000e+00	0.000000e+00	0.000000e+00	0.000000e+00	0.000000e+00	0.000000e+00	0.000000e+00	0.000000e+00	0.000000e+00	0.000000e+00	0.000000e+00	0.000000e+00	0.000000e+00	0.000000e+00	0.000000e+00	0.000000e+00	0.000000e+00	0.000000e+00	
1533.135836	1527.326919	1538.944752	217.271608	1.359033e+00	1.882698e-90	0.000000e+00	1.974930e-47	7.546183e-64	0.000000e+00	0.000000e+00	1.452339e-05	1.882698e-90	1.165919e-03	6.967066e-54	2.198265e-89	2.793407e-80	1.882698e-90	1.882698e-90	0.000000e+00	1.171149e-87	1.882698e-90	1.882698e-90	1.882698e-90	8.219910e-34	4.974080e-03	1.053525e-42	0.000000e+00	0.000000e+00	0.000000e+00	1.882698e-90	1.935978e-74	0.000000e+00	2.327793e-43	0.000000e+00	0.000000e+00	0.000000e+00	0.000000e+00	0.000000e+00	0.000000e+00	0.000000e+00	1.402506e-46	1.882698e-90	1.882698e-90	2.102551e-65	1.252455e-39	1.399796e-60	3.348947e-50	8.740434e-89	2.273421e-04	4.378947e-37	0.000000e+00	0.000000e+00	4.438165e-38	9.247396e-76	0.000000e+00	1.509529e-28	8.419203e-01	1.882698e-90	5.189494e-09	0.000000e+00	1.882698e-90	1.882698e-90	1.882698e-90	2.403408e-49	1.523871e-74	0.000000e+00	0.000000e+00	1.882698e-90	0.000000e+00	0.000000e+00	0.000000e+00	0.000000e+00	0.000000e+00	0.000000e+00	0.000000e+00	4.518787e-51	1.980410e-80	0.000000e+00	0.000000e+00	0.000000e+00	0.000000e+00	0.000000e+00	0.000000e+00	0.000000e+00	0.000000e+00	0.000000e+00	0.000000e+00	0.000000e+00	0.000000e+00	0.000000e+00	0.000000e+00	0.000000e+00	0.000000e+00	0.000000e+00	0.000000e+00	0.000000e+00	0.000000e+00	0.000000e+00	0.000000e+00	0.000000e+00	0.000000e+00	0.000000e+00	0.000000e+00	0.000000e+00	0.000000e+00	0.000000e+00	0.000000e+00	0.000000e+00	0.000000e+00	0.000000e+00	0.000000e+00	0.000000e+00	0.000000e+00	0.000000e+00	0.000000e+00	0.000000e+00	0.000000e+00	0.000000e+00	0.000000e+00	
1544.728291	1538.944752	1550.511830	216.324514	1.115291e+00	1.882598e-90	0.000000e+00	1.300665e-47	4.266683e-64	0.000000e+00	0.000000e+00	1.452339e-05	1.882598e-90	1.165897e-03	4.360999e-54	1.222698e-89	1.531362e-80	1.882598e-90	1.882598e-90	0.000000e+00	5.697017e-88	1.882598e-90	1.882598e-90	1.882598e-90	7.449588e-34	4.973533e-03	7.972949e-43	0.000000e+00	0.000000e+00	0.000000e+00	1.882598e-90	1.163500e-74	0.000000e+00	1.749714e-43	0.000000e+00	0.000000e+00	0.000000e+00	0.000000e+00	0.000000e+00	0.000000e+00	0.000000e+00	1.128592e-46	1.882598e-90	1.882598e-90	1.258654e-65	1.017512e-39	9.019609e-61	2.510574e-50	4.699363e-89	2.273314e-04	3.295672e-37	0.000000e+00	0.000000e+00	4.104251e-38	5.573127e-76	0.000000e+00	1.513727e-28	8.419305e-01	1.882598e-90	6.204419e-09	0.000000e+00	1.882598e-90	1.882598e-90	1.882598e-90	1.561827e-49	8.679010e-75	0.000000e+00	0.000000e+00	1.882598e-90	0.000000e+00	0.000000e+00	0.000000e+00	0.000000e+00	0.000000e+00	0.000000e+00	0.000000e+00	3.612425e-51	1.116000e-80	0.000000e+00	0.000000e+00	0.000000e+00	0.000000e+00	0.000000e+00	0.000000e+00	0.000000e+00	0.000000e+00	0.000000e+00	0.000000e+00	0.000000e+00	0.000000e+00	0.000000e+00	0.000000e+00	0.000000e+00	0.000000e+00	0.000000e+00	0.000000e+00	0.000000e+00	0.000000e+00	0.000000e+00	0.000000e+00	0.000000e+00	0.000000e+00	0.000000e+00	0.000000e+00	0.000000e+00	0.000000e+00	0.000000e+00	0.000000e+00	0.000000e+00	0.000000e+00	0.000000e+00	0.000000e+00	0.000000e+00	0.000000e+00	0.000000e+00	0.000000e+00	0.000000e+00	0.000000e+00	0.000000e+00	0.000000e+00	
1556.267023	1550.511830	1562.022216	216.195276	9.152635e-01	1.882674e-90	0.000000e+00	8.019190e-48	2.215478e-64	0.000000e+00	0.000000e+00	1.452339e-05	1.882674e-90	1.165928e-03	2.539008e-54	6.004311e-90	7.489911e-81	1.882674e-90	1.882674e-90	0.000000e+00	2.465845e-88	1.882674e-90	1.882674e-90	1.882674e-90	6.343232e-34	4.973279e-03	5.680898e-43	0.000000e+00	0.000000e+00	0.000000e+00	1.882674e-90	6.232668e-75	0.000000e+00	1.236968e-43	0.000000e+00	0.000000e+00	0.000000e+00	0.000000e+00	0.000000e+00	0.000000e+00	0.000000e+00	8.402284e-47	1.882674e-90	1.882674e-90	6.881547e-66	7.851482e-40	5.360120e-61	1.770569e-50	2.279147e-89	2.273332e-04	2.362147e-37	0.000000e+00	0.000000e+00	3.575929e-38	2.994499e-76	0.000000e+00	1.445333e-28	8.419247e-01	1.882674e-90	7.218937e-09	0.000000e+00	1.882674e-90	1.882674e-90	1.882674e-90	9.486173e-50	4.431759e-75	0.000000e+00	0.000000e+00	1.882674e-90	0.000000e+00	0.000000e+00	0.000000e+00	0.000000e+00	0.000000e+00	0.000000e+00	0.000000e+00	2.670717e-51	5.855911e-81	0.000000e+00	0.000000e+00	0.000000e+00	0.000000e+00	0.000000e+00	0.000000e+00	0.000000e+00	0.000000e+00	0.000000e+00	0.000000e+00	0.000000e+00	0.000000e+00	0.000000e+00	0.000000e+00	0.000000e+00	0.000000e+00	0.000000e+00	0.000000e+00	0.000000e+00	0.000000e+00	0.000000e+00	0.000000e+00	0.000000e+00	0.000000e+00	0.000000e+00	0.000000e+00	0.000000e+00	0.000000e+00	0.000000e+00	0.000000e+00	0.000000e+00	0.000000e+00	0.000000e+00	0.000000e+00	0.000000e+00	0.000000e+00	0.000000e+00	0.000000e+00	0.000000e+00	0.000000e+00	0.000000e+00	0.000000e+00	
1567.750023	1562.022216	1573.477830	214.828022	7.511111e-01	1.882653e-90	0.000000e+00	5.017523e-48	1.172433e-64	0.000000e+00	0.000000e+00	1.452339e-05	1.882653e-90	1.165927e-03	1.502204e-54	3.032871e-90	3.758415e-81	1.882653e-90	1.882653e-90	0.000000e+00	1.095599e-88	1.882653e-90	1.882653e-90	1.882653e-90	5.478717e-34	4.973095e-03	4.103455e-43	0.000000e+00	0.000000e+00	0.000000e+00	1.882653e-90	3.426780e-75	0.000000e+00	8.867723e-44	0.000000e+00	0.000000e+00	0.000000e+00	0.000000e+00	0.000000e+00	0.000000e+00	0.000000e+00	6.367121e-47	1.882653e-90	1.882653e-90	3.839492e-66	6.129787e-40	3.243840e-61	1.266287e-50	1.131682e-89	2.273418e-04	1.711673e-37	0.000000e+00	0.000000e+00	3.158995e-38	1.651133e-76	0.000000e+00	1.395901e-28	8.419263e-01	1.882653e-90	8.453470e-09	0.000000e+00	1.882653e-90	1.882653e-90	1.882653e-90	5.849406e-50	2.319301e-75	0.000000e+00	0.000000e+00	1.882653e-90	0.000000e+00	0.000000e+00	0.000000e+00	0.000000e+00	0.000000e+00	0.000000e+00	0.000000e+00	2.010252e-51	3.124600e-81	0.000000e+00	0.000000e+00	0.000000e+00	0.000000e+00	0.000000e+00	0.000000e+00	0.000000e+00	0.000000e+00	0.000000e+00	0.000000e+00	0.000000e+00	0.000000e+00	0.000000e+00	0.000000e+00	0.000000e+00	0.000000e+00	0.000000e+00	0.000000e+00	0.000000e+00	0.000000e+00	0.000000e+00	0.000000e+00	0.000000e+00	0.000000e+00	0.000000e+00	0.000000e+00	0.000000e+00	0.000000e+00	0.000000e+00	0.000000e+00	0.000000e+00	0.000000e+00	0.000000e+00	0.000000e+00	0.000000e+00	0.000000e+00	0.000000e+00	0.000000e+00	0.000000e+00	0.000000e+00	0.000000e+00	0.000000e+00	
1579.175087	1573.477830	1584.872344	214.666495	6.163995e-01	1.882654e-90	0.000000e+00	2.920716e-48	5.650267e-65	0.000000e+00	0.000000e+00	1.452339e-05	1.882654e-90	1.165922e-03	8.209579e-55	1.882654e-90	1.663937e-81	1.882654e-90	1.882654e-90	0.000000e+00	4.282070e-89	1.882654e-90	1.882654e-90	1.882654e-90	4.419166e-34	4.973983e-03	2.774350e-43	0.000000e+00	0.000000e+00	0.000000e+00	1.882654e-90	1.661726e-75	0.000000e+00	5.946460e-44	0.000000e+00	0.000000e+00	0.000000e+00	0.000000e+00	0.000000e+00	0.000000e+00	0.000000e+00	4.431865e-47	1.882654e-90	1.882654e-90	1.939549e-66	4.522415e-40	1.795939e-61	8.464610e-51	5.014481e-90	2.273409e-04	1.175618e-37	0.000000e+00	0.000000e+00	2.613950e-38	8.029508e-77	0.000000e+00	1.277196e-28	8.419257e-01	1.882654e-90	9.608687e-09	0.000000e+00	1.882654e-90	1.882654e-90	1.882654e-90	3.350174e-50	1.076866e-75	0.000000e+00	0.000000e+00	1.882654e-90	0.000000e+00	0.000000e+00	0.000000e+00	0.000000e+00	0.000000e+00	0.000000e+00	0.000000e+00	1.388830e-51	1.540066e-81	0.000000e+00	0.000000e+00	0.000000e+00	0.000000e+00	0.000000e+00	0.000000e+00	0.000000e+00	0.000000e+00	0.000000e+00	0.000000e+00	0.000000e+00	0.000000e+00	0.000000e+00	0.000000e+00	0.000000e+00	0.000000e+00	0.000000e+00	0.000000e+00	0.000000e+00	0.000000e+00	0.000000e+00	0.000000e+00	0.000000e+00	0.000000e+00	0.000000e+00	0.000000e+00	0.000000e+00	0.000000e+00	0.000000e+00	0.000000e+00	0.000000e+00	0.000000e+00	0.000000e+00	0.000000e+00	0.000000e+00	0.000000e+00	0.000000e+00	0.000000e+00	0.000000e+00	0.000000e+00	0.000000e+00	0.000000e+00	
1590.535623	1584.872344	1596.198901	213.475863	5.058484e-01	1.882568e-90	0.000000e+00	1.570768e-48	2.457510e-65	0.000000e+00	0.000000e+00	1.452339e-05	1.882568e-90	1.165953e-03	4.112668e-55	1.882568e-90	6.421928e-82	1.882568e-90	1.882568e-90	0.000000e+00	1.454234e-89	1.882568e-90	1.882568e-90	1.882568e-90	3.305673e-34	4.973687e-03	1.743810e-43	0.000000e+00	0.000000e+00	0.000000e+00	1.882568e-90	7.015419e-76	0.000000e+00	3.702630e-44	0.000000e+00	0.000000e+00	0.000000e+00	0.000000e+00	0.000000e+00	0.000000e+00	0.000000e+00	2.809384e-47	1.882568e-90	1.882568e-90	8.786538e-67	3.136121e-40	9.019190e-62	5.254874e-51	1.961480e-90	2.273365e-04	7.613978e-38	0.000000e+00	0.000000e+00	2.012570e-38	3.400997e-77	0.000000e+00	1.100937e-28	8.419332e-01	1.882568e-90	1.057260e-08	0.000000e+00	1.882568e-90	1.882568e-90	1.882568e-90	1.768727e-50	4.383237e-76	0.000000e+00	0.000000e+00	1.882568e-90	0.000000e+00	0.000000e+00	0.000000e+00	0.000000e+00	0.000000e+00	0.000000e+00	0.000000e+00	8.731658e-52	6.960208e-82	0.000000e+00	0.000000e+00	0.000000e+00	0.000000e+00	0.000000e+00	0.000000e+00	0.000000e+00	0.000000e+00	0.000000e+00	0.000000e+00	0.000000e+00	0.000000e+00	0.000000e+00	0.000000e+00	0.000000e+00	0.000000e+00	0.000000e+00	0.000000e+00	0.000000e+00	0.000000e+00	0.000000e+00	0.000000e+00	0.000000e+00	0.000000e+00	0.000000e+00	0.000000e+00	0.000000e+00	0.000000e+00	0.000000e+00	0.000000e+00	0.000000e+00	0.000000e+00	0.000000e+00	0.000000e+00	0.000000e+00	0.000000e+00	0.000000e+00	0.000000e+00	0.000000e+00	0.000000e+00	0.000000e+00	0.000000e+00	
1601.810887	1596.198901	1607.422873	212.395382	4.151246e-01	1.882649e-90	0.000000e+00	5.757444e-49	6.506671e-66	0.000000e+00	0.000000e+00	1.452339e-05	1.882649e-90	1.165897e-03	1.351760e-55	1.882649e-90	1.274768e-82	1.882649e-90	1.882649e-90	0.000000e+00	2.500619e-90	1.882649e-90	1.882649e-90	1.882649e-90	1.718009e-34	4.974169e-03	7.708936e-44	0.000000e+00	0.000000e+00	0.000000e+00	1.882649e-90	1.516752e-76	0.000000e+00	1.613426e-44	0.000000e+00	0.000000e+00	0.000000e+00	0.000000e+00	0.000000e+00	0.000000e+00	0.000000e+00	1.132484e-47	1.882649e-90	1.882649e-90	2.348861e-67	1.610919e-40	2.825206e-62	2.280375e-51	1.882649e-90	2.273311e-04	3.711116e-38	0.000000e+00	0.000000e+00	1.093767e-38	7.386315e-78	0.000000e+00	7.116327e-29	8.419250e-01	1.882649e-90	9.925001e-09	0.000000e+00	1.882649e-90	1.882649e-90	1.882649e-90	6.303309e-51	9.442936e-77	0.000000e+00	0.000000e+00	1.882649e-90	0.000000e+00	0.000000e+00	0.000000e+00	0.000000e+00	0.000000e+00	0.000000e+00	0.000000e+00	3.478056e-52	2.066258e-82	0.000000e+00	0.000000e+00	0.000000e+00	0.000000e+00	0.000000e+00	0.000000e+00	0.000000e+00	0.000000e+00	0.000000e+00	0.000000e+00	0.000000e+00	0.000000e+00	0.000000e+00	0.000000e+00	0.000000e+00	0.000000e+00	0.000000e+00	0.000000e+00	0.000000e+00	0.000000e+00	0.000000e+00	0.000000e+00	0.000000e+00	0.000000e+00	0.000000e+00	0.000000e+00	0.000000e+00	0.000000e+00	0.000000e+00	0.000000e+00	0.000000e+00	0.000000e+00	0.000000e+00	0.000000e+00	0.000000e+00	0.000000e+00	0.000000e+00	0.000000e+00	0.000000e+00	0.000000e+00	0.000000e+00	0.000000e+00	
1612.982023	1607.422873	1618.541173	210.693938	3.406721e-01	1.882752e-90	0.000000e+00	1.997198e-49	1.603704e-66	0.000000e+00	0.000000e+00	1.452339e-05	1.882752e-90	1.166083e-03	4.182081e-56	1.882752e-90	2.301295e-83	1.882752e-90	1.882752e-90	0.000000e+00	1.882752e-90	1.882752e-90	1.882752e-90	1.882752e-90	8.478432e-35	4.973663e-03	3.240446e-44	0.000000e+00	0.000000e+00	0.000000e+00	1.882752e-90	2.980268e-77	0.000000e+00	6.680849e-45	0.000000e+00	0.000000e+00	0.000000e+00	0.000000e+00	0.000000e+00	0.000000e+00	0.000000e+00	4.282273e-48	1.882752e-90	1.882752e-90	5.821588e-68	7.930615e-41	8.271168e-63	9.406502e-52	1.882752e-90	2.273520e-04	1.736635e-38	0.000000e+00	0.000000e+00	5.660772e-39	1.458076e-78	0.000000e+00	4.417436e-29	8.419170e-01	1.882752e-90	9.122519e-09	0.000000e+00	1.882752e-90	1.882752e-90	1.882752e-90	2.122569e-51	1.856932e-77	0.000000e+00	0.000000e+00	1.882752e-90	0.000000e+00	0.000000e+00	0.000000e+00	0.000000e+00	0.000000e+00	0.000000e+00	0.000000e+00	1.299255e-52	5.784564e-83	0.000000e+00	0.000000e+00	0.000000e+00	0.000000e+00	0.000000e+00	0.000000e+00	0.000000e+00	0.000000e+00	0.000000e+00	0.000000e+00	0.000000e+00	0.000000e+00	0.000000e+00	0.000000e+00	0.000000e+00	0.000000e+00	0.000000e+00	0.000000e+00	0.000000e+00	0.000000e+00	0.000000e+00	0.000000e+00	0.000000e+00	0.000000e+00	0.000000e+00	0.000000e+00	0.000000e+00	0.000000e+00	0.000000e+00	0.000000e+00	0.000000e+00	0.000000e+00	0.000000e+00	0.000000e+00	0.000000e+00	0.000000e+00	0.000000e+00	0.000000e+00	0.000000e+00	0.000000e+00	0.000000e+00	0.000000e+00	
1624.066337	1618.541173	1629.591500	209.461294	2.795726e-01	1.882699e-90	0.000000e+00	1.038176e-49	6.674357e-67	0.000000e+00	0.000000e+00	1.452339e-05	1.882699e-90	1.165948e-03	2.017269e-56	1.882699e-90	8.382074e-84	1.882699e-90	1.882699e-90	0.000000e+00	1.882699e-90	1.882699e-90	1.882699e-90	1.882699e-90	6.152708e-35	4.973680e-03	1.976635e-44	0.000000e+00	0.000000e+00	0.000000e+00	1.882699e-90	1.187968e-77	0.000000e+00	4.035895e-45	0.000000e+00	0.000000e+00	0.000000e+00	0.000000e+00	0.000000e+00	0.000000e+00	0.000000e+00	2.612689e-48	1.882699e-90	1.882699e-90	2.516781e-68	5.358752e-41	3.985847e-63	5.668538e-52	1.882699e-90	2.273374e-04	1.096698e-38	0.000000e+00	0.000000e+00	4.237773e-39	5.827097e-79	0.000000e+00	3.722966e-29	8.419212e-01	1.882699e-90	9.917799e-09	0.000000e+00	1.882699e-90	1.882699e-90	1.882699e-90	1.082309e-51	7.152718e-78	0.000000e+00	0.000000e+00	1.882699e-90	0.000000e+00	0.000000e+00	0.000000e+00	0.000000e+00	0.000000e+00	0.000000e+00	0.000000e+00	7.867179e-53	2.530470e-83	0.000000e+00	0.000000e+00	0.000000e+00	0.000000e+00	0.000000e+00	0.000000e+00	0.000000e+00	0.000000e+00	0.000000e+00	0.000000e+00	0.000000e+00	0.000000e+00	0.000000e+00	0.000000e+00	0.000000e+00	0.000000e+00	0.000000e+00	0.000000e+00	0.000000e+00	0.000000e+00	0.000000e+00	0.000000e+00	0.000000e+00	0.000000e+00	0.000000e+00	0.000000e+00	0.000000e+00	0.000000e+00	0.000000e+00	0.000000e+00	0.000000e+00	0.000000e+00	0.000000e+00	0.000000e+00	0.000000e+00	0.000000e+00	0.000000e+00	0.000000e+00	0.000000e+00	0.000000e+00	0.000000e+00	0.000000e+00	
1635.104182	1629.591500	1640.616863	209.171762	2.294313e-01	1.882688e-90	0.000000e+00	8.651227e-50	5.118306e-67	0.000000e+00	0.000000e+00	1.452339e-05	1.882688e-90	1.165914e-03	1.634715e-56	1.882688e-90	6.922768e-84	1.882688e-90	1.882688e-90	0.000000e+00	1.882688e-90	1.882688e-90	1.882688e-90	1.882688e-90	6.993413e-35	4.973869e-03	1.860282e-44	0.000000e+00	0.000000e+00	0.000000e+00	1.882688e-90	1.079771e-77	0.000000e+00	3.785078e-45	0.000000e+00	0.000000e+00	0.000000e+00	0.000000e+00	0.000000e+00	0.000000e+00	0.000000e+00	2.783737e-48	1.882688e-90	1.882688e-90	2.082995e-68	5.240393e-41	3.435161e-63	5.310684e-52	1.882688e-90	2.273449e-04	9.828287e-39	0.000000e+00	0.000000e+00	4.873667e-39	5.301352e-79	0.000000e+00	4.474667e-29	8.419225e-01	1.882688e-90	1.311065e-08	0.000000e+00	1.882688e-90	1.882688e-90	1.882688e-90	8.954762e-52	6.032267e-78	0.000000e+00	0.000000e+00	1.882688e-90	0.000000e+00	0.000000e+00	0.000000e+00	0.000000e+00	0.000000e+00	0.000000e+00	0.000000e+00	8.358414e-53	1.858488e-83	0.000000e+00	0.000000e+00	0.000000e+00	0.000000e+00	0.000000e+00	0.000000e+00	0.000000e+00	0.000000e+00	0.000000e+00	0.000000e+00	0.000000e+00	0.000000e+00	0.000000e+00	0.000000e+00	0.000000e+00	0.000000e+00	0.000000e+00	0.000000e+00	0.000000e+00	0.000000e+00	0.000000e+00	0.000000e+00	0.000000e+00	0.000000e+00	0.000000e+00	0.000000e+00	0.000000e+00	0.000000e+00	0.000000e+00	0.000000e+00	0.000000e+00	0.000000e+00	0.000000e+00	0.000000e+00	0.000000e+00	0.000000e+00	0.000000e+00	0.000000e+00	0.000000e+00	0.000000e+00	0.000000e+00	0.000000e+00	
1646.111117	1640.616863	1651.605370	208.246213	1.882829e-01	1.882614e-90	0.000000e+00	6.307669e-50	3.301519e-67	0.000000e+00	0.000000e+00	1.452339e-05	1.882614e-90	1.165894e-03	1.143779e-56	1.882614e-90	4.535767e-84	1.882614e-90	1.882614e-90	0.000000e+00	1.882614e-90	1.882614e-90	1.882614e-90	1.882614e-90	7.002760e-35	4.974082e-03	1.548810e-44	0.000000e+00	0.000000e+00	0.000000e+00	1.882614e-90	7.773840e-78	0.000000e+00	3.134843e-45	0.000000e+00	0.000000e+00	0.000000e+00	0.000000e+00	0.000000e+00	0.000000e+00	0.000000e+00	2.533719e-48	1.882614e-90	1.882614e-90	1.434392e-68	4.615272e-41	2.511409e-63	4.392138e-52	1.882614e-90	2.273300e-04	7.976428e-39	0.000000e+00	0.000000e+00	4.965080e-39	3.821437e-79	0.000000e+00	4.866045e-29	8.419279e-01	1.882614e-90	1.640423e-08	0.000000e+00	1.882614e-90	1.882614e-90	1.882614e-90	6.460409e-52	4.075973e-78	0.000000e+00	0.000000e+00	1.882614e-90	0.000000e+00	0.000000e+00	0.000000e+00	0.000000e+00	0.000000e+00	0.000000e+00	0.000000e+00	7.576968e-53	1.179393e-83	0.000000e+00	0.000000e+00	0.000000e+00	0.000000e+00	0.000000e+00	0.000000e+00	0.000000e+00	0.000000e+00	0.000000e+00	0.000000e+00	0.000000e+00	0.000000e+00	0.000000e+00	0.000000e+00	0.000000e+00	0.000000e+00	0.000000e+00	0.000000e+00	0.000000e+00	0.000000e+00	0.000000e+00	0.000000e+00	0.000000e+00	0.000000e+00	0.000000e+00	0.000000e+00	0.000000e+00	0.000000e+00	0.000000e+00	0.000000e+00	0.000000e+00	0.000000e+00	0.000000e+00	0.000000e+00	0.000000e+00	0.000000e+00	0.000000e+00	0.000000e+00	0.000000e+00	0.000000e+00	0.000000e+00	0.000000e+00	
1657.062367	1651.605370	1662.519365	207.231690	1.545144e-01	1.882625e-90	0.000000e+00	2.983633e-50	1.215797e-67	0.000000e+00	0.000000e+00	1.452339e-05	1.882625e-90	1.165897e-03	4.973394e-57	1.882625e-90	1.403656e-84	1.882625e-90	1.882625e-90	0.000000e+00	1.882625e-90	1.882625e-90	1.882625e-90	1.882625e-90	4.650326e-35	4.973947e-03	8.667731e-45	0.000000e+00	0.000000e+00	0.000000e+00	1.882625e-90	2.630744e-78	0.000000e+00	1.735625e-45	0.000000e+00	0.000000e+00	0.000000e+00	0.000000e+00	0.000000e+00	0.000000e+00	0.000000e+00	1.384631e-48	1.882625e-90	1.882625e-90	5.446998e-69	2.898408e-41	1.077834e-63	2.425852e-52	1.882625e-90	2.273365e-04	4.697327e-39	0.000000e+00	0.000000e+00	3.416775e-39	1.296612e-79	0.000000e+00	3.825566e-29	8.419276e-01	1.882625e-90	1.717922e-08	0.000000e+00	1.882625e-90	1.882625e-90	1.882625e-90	2.990395e-52	1.343117e-78	0.000000e+00	0.000000e+00	1.882625e-90	0.000000e+00	0.000000e+00	0.000000e+00	0.000000e+00	0.000000e+00	0.000000e+00	0.000000e+00	4.107360e-53	4.662565e-84	0.000000e+00	0.000000e+00	0.000000e+00	0.000000e+00	0.000000e+00	0.000000e+00	0.000000e+00	0.000000e+00	0.000000e+00	0.000000e+00	0.000000e+00	0.000000e+00	0.000000e+00	0.000000e+00	0.000000e+00	0.000000e+00	0.000000e+00	0.000000e+00	0.000000e+00	0.000000e+00	0.000000e+00	0.000000e+00	0.000000e+00	0.000000e+00	0.000000e+00	0.000000e+00	0.000000e+00	0.000000e+00	0.000000e+00	0.000000e+00	0.000000e+00	0.000000e+00	0.000000e+00	0.000000e+00	0.000000e+00	0.000000e+00	0.000000e+00	0.000000e+00	0.000000e+00	0.000000e+00	0.000000e+00	0.000000e+00	
1667.944820	1662.519365	1673.370276	206.145965	1.268022e-01	1.882609e-90	0.000000e+00	1.591113e-50	5.229959e-68	0.000000e+00	0.000000e+00	1.452339e-05	1.882609e-90	1.165893e-03	2.467049e-57	1.882609e-90	5.349818e-85	1.882609e-90	1.882609e-90	0.000000e+00	1.882609e-90	1.882609e-90	1.882609e-90	1.882609e-90	3.462349e-35	4.973433e-03	5.417094e-45	0.000000e+00	0.000000e+00	0.000000e+00	1.882609e-90	1.097851e-78	0.000000e+00	1.074623e-45	0.000000e+00	0.000000e+00	0.000000e+00	0.000000e+00	0.000000e+00	0.000000e+00	0.000000e+00	8.720314e-49	1.882609e-90	1.882609e-90	2.439507e-69	1.999596e-41	5.363145e-64	1.499613e-52	1.882609e-90	2.273409e-04	3.023464e-39	0.000000e+00	0.000000e+00	2.623548e-39	5.422564e-80	0.000000e+00	3.293545e-29	8.419285e-01	1.882609e-90	1.891372e-08	0.000000e+00	1.882609e-90	1.882609e-90	1.882609e-90	1.565226e-52	5.402262e-79	0.000000e+00	0.000000e+00	1.882609e-90	0.000000e+00	0.000000e+00	0.000000e+00	0.000000e+00	0.000000e+00	0.000000e+00	0.000000e+00	2.569766e-53	2.105155e-84	0.000000e+00	0.000000e+00	0.000000e+00	0.000000e+00	0.000000e+00	0.000000e+00	0.000000e+00	0.000000e+00	0.000000e+00	0.000000e+00	0.000000e+00	0.000000e+00	0.000000e+00	0.000000e+00	0.000000e+00	0.000000e+00	0.000000e+00	0.000000e+00	0.000000e+00	0.000000e+00	0.000000e+00	0.000000e+00	0.000000e+00	0.000000e+00	0.000000e+00	0.000000e+00	0.000000e+00	0.000000e+00	0.000000e+00	0.000000e+00	0.000000e+00	0.000000e+00	0.000000e+00	0.000000e+00	0.000000e+00	0.000000e+00	0.000000e+00	0.000000e+00	0.000000e+00	0.000000e+00	0.000000e+00	0.000000e+00	
1678.773031	1673.370276	1684.175786	204.982008	1.040603e-01	1.882739e-90	0.000000e+00	1.034015e-50	2.906471e-68	0.000000e+00	0.000000e+00	1.452339e-05	1.882739e-90	1.165908e-03	1.520924e-57	1.882739e-90	2.873178e-85	1.882739e-90	1.882739e-90	0.000000e+00	1.882739e-90	1.882739e-90	1.882739e-90	1.882739e-90	3.111164e-35	4.973623e-03	4.060433e-45	0.000000e+00	0.000000e+00	0.000000e+00	1.882739e-90	6.472232e-79	0.000000e+00	8.001406e-46	0.000000e+00	0.000000e+00	0.000000e+00	0.000000e+00	0.000000e+00	0.000000e+00	0.000000e+00	6.936937e-49	1.882739e-90	1.882739e-90	1.434167e-69	1.610402e-41	3.404491e-64	1.115166e-52	1.882739e-90	2.273446e-04	2.253369e-39	0.000000e+00	0.000000e+00	2.411319e-39	3.201081e-80	0.000000e+00	3.290182e-29	8.419181e-01	1.882739e-90	2.259646e-08	0.000000e+00	1.882739e-90	1.882739e-90	1.882739e-90	1.003591e-52	3.017663e-79	0.000000e+00	0.000000e+00	1.882739e-90	0.000000e+00	0.000000e+00	0.000000e+00	0.000000e+00	0.000000e+00	0.000000e+00	0.000000e+00	2.034734e-53	1.180647e-84	0.000000e+00	0.000000e+00	0.000000e+00	0.000000e+00	0.000000e+00	0.000000e+00	0.000000e+00	0.000000e+00	0.000000e+00	0.000000e+00	0.000000e+00	0.000000e+00	0.000000e+00	0.000000e+00	0.000000e+00	0.000000e+00	0.000000e+00	0.000000e+00	0.000000e+00	0.000000e+00	0.000000e+00	0.000000e+00	0.000000e+00	0.000000e+00	0.000000e+00	0.000000e+00	0.000000e+00	0.000000e+00	0.000000e+00	0.000000e+00	0.000000e+00	0.000000e+00	0.000000e+00	0.000000e+00	0.000000e+00	0.000000e+00	0.000000e+00	0.000000e+00	0.000000e+00	0.000000e+00	0.000000e+00	0.000000e+00	
1689.554689	1684.175786	1694.933592	203.670758	8.539710e-02	1.882643e-90	0.000000e+00	6.541920e-51	1.559708e-68	0.000000e+00	0.000000e+00	1.452339e-05	1.882643e-90	1.165920e-03	9.103300e-58	1.882643e-90	1.472838e-85	1.882643e-90	1.882643e-90	0.000000e+00	1.882643e-90	1.882643e-90	1.882643e-90	1.882643e-90	2.725153e-35	4.973305e-03	2.969022e-45	0.000000e+00	0.000000e+00	0.000000e+00	1.882643e-90	3.641203e-79	0.000000e+00	5.810506e-46	0.000000e+00	0.000000e+00	0.000000e+00	0.000000e+00	0.000000e+00	0.000000e+00	0.000000e+00	5.347227e-49	1.882643e-90	1.882643e-90	8.125152e-70	1.269953e-41	2.090477e-64	8.085938e-53	1.882643e-90	2.273327e-04	1.646214e-39	0.000000e+00	0.000000e+00	2.162951e-39	1.803309e-80	0.000000e+00	3.220967e-29	8.419270e-01	1.882643e-90	2.670796e-08	0.000000e+00	1.882643e-90	1.882643e-90	1.882643e-90	6.259506e-53	1.611971e-79	0.000000e+00	0.000000e+00	1.882643e-90	0.000000e+00	0.000000e+00	0.000000e+00	0.000000e+00	0.000000e+00	0.000000e+00	0.000000e+00	1.560653e-53	6.428335e-85	0.000000e+00	0.000000e+00	0.000000e+00	0.000000e+00	0.000000e+00	0.000000e+00	0.000000e+00	0.000000e+00	0.000000e+00	0.000000e+00	0.000000e+00	0.000000e+00	0.000000e+00	0.000000e+00	0.000000e+00	0.000000e+00	0.000000e+00	0.000000e+00	0.000000e+00	0.000000e+00	0.000000e+00	0.000000e+00	0.000000e+00	0.000000e+00	0.000000e+00	0.000000e+00	0.000000e+00	0.000000e+00	0.000000e+00	0.000000e+00	0.000000e+00	0.000000e+00	0.000000e+00	0.000000e+00	0.000000e+00	0.000000e+00	0.000000e+00	0.000000e+00	0.000000e+00	0.000000e+00	0.000000e+00	0.000000e+00	
1700.277893	1694.933592	1705.622194	202.174600	7.008115e-02	1.882711e-90	0.000000e+00	3.171847e-51	5.930735e-69	0.000000e+00	0.000000e+00	1.452339e-05	1.882711e-90	1.165904e-03	4.066000e-58	1.882711e-90	4.763630e-86	1.882711e-90	1.882711e-90	0.000000e+00	1.882711e-90	1.882711e-90	1.882711e-90	1.882711e-90	1.856646e-35	4.973678e-03	1.702091e-45	0.000000e+00	0.000000e+00	0.000000e+00	1.882711e-90	1.289194e-79	0.000000e+00	3.296934e-46	0.000000e+00	0.000000e+00	0.000000e+00	0.000000e+00	0.000000e+00	0.000000e+00	0.000000e+00	3.014994e-49	1.882711e-90	1.882711e-90	3.192509e-70	8.137958e-42	9.256156e-65	4.580719e-53	1.882711e-90	2.273457e-04	9.874273e-40	0.000000e+00	0.000000e+00	1.526913e-39	6.396009e-81	0.000000e+00	2.588041e-29	8.419203e-01	1.882711e-90	2.832272e-08	0.000000e+00	1.882711e-90	1.882711e-90	1.882711e-90	2.972208e-53	5.542119e-80	0.000000e+00	0.000000e+00	1.882711e-90	0.000000e+00	0.000000e+00	0.000000e+00	0.000000e+00	0.000000e+00	0.000000e+00	0.000000e+00	8.740289e-54	2.624458e-85	0.000000e+00	0.000000e+00	0.000000e+00	0.000000e+00	0.000000e+00	0.000000e+00	0.000000e+00	0.000000e+00	0.000000e+00	0.000000e+00	0.000000e+00	0.000000e+00	0.000000e+00	0.000000e+00	0.000000e+00	0.000000e+00	0.000000e+00	0.000000e+00	0.000000e+00	0.000000e+00	0.000000e+00	0.000000e+00	0.000000e+00	0.000000e+00	0.000000e+00	0.000000e+00	0.000000e+00	0.000000e+00	0.000000e+00	0.000000e+00	0.000000e+00	0.000000e+00	0.000000e+00	0.000000e+00	0.000000e+00	0.000000e+00	0.000000e+00	0.000000e+00	0.000000e+00	0.000000e+00	0.000000e+00	0.000000e+00	
1710.929265	1705.622194	1716.236335	200.730328	5.751211e-02	1.882698e-90	0.000000e+00	1.433902e-51	2.059199e-69	0.000000e+00	0.000000e+00	1.452339e-05	1.882698e-90	1.165954e-03	1.681422e-58	1.882698e-90	1.365122e-86	1.882698e-90	1.882698e-90	0.000000e+00	1.882698e-90	1.882698e-90	1.882698e-90	1.882698e-90	1.184403e-35	4.974319e-03	9.153788e-46	0.000000e+00	0.000000e+00	0.000000e+00	1.882698e-90	4.043233e-80	0.000000e+00	1.753868e-46	0.000000e+00	0.000000e+00	0.000000e+00	0.000000e+00	0.000000e+00	0.000000e+00	0.000000e+00	1.566769e-49	1.882698e-90	1.882698e-90	1.139163e-70	4.937928e-42	3.759964e-65	2.431867e-53	1.882698e-90	2.273439e-04	5.622818e-40	0.000000e+00	0.000000e+00	1.012580e-39	2.009046e-81	0.000000e+00	1.974926e-29	8.419211e-01	1.882698e-90	2.921385e-08	0.000000e+00	1.882698e-90	1.882698e-90	1.882698e-90	1.313621e-53	1.697076e-80	0.000000e+00	0.000000e+00	1.882698e-90	0.000000e+00	0.000000e+00	0.000000e+00	0.000000e+00	0.000000e+00	0.000000e+00	0.000000e+00	4.509395e-54	9.936133e-86	0.000000e+00	0.000000e+00	0.000000e+00	0.000000e+00	0.000000e+00	0.000000e+00	0.000000e+00	0.000000e+00	0.000000e+00	0.000000e+00	0.000000e+00	0.000000e+00	0.000000e+00	0.000000e+00	0.000000e+00	0.000000e+00	0.000000e+00	0.000000e+00	0.000000e+00	0.000000e+00	0.000000e+00	0.000000e+00	0.000000e+00	0.000000e+00	0.000000e+00	0.000000e+00	0.000000e+00	0.000000e+00	0.000000e+00	0.000000e+00	0.000000e+00	0.000000e+00	0.000000e+00	0.000000e+00	0.000000e+00	0.000000e+00	0.000000e+00	0.000000e+00	0.000000e+00	0.000000e+00	0.000000e+00	0.000000e+00	
1721.505455	1716.236335	1726.774576	199.215267	4.719732e-02	1.882621e-90	0.000000e+00	6.271217e-52	6.848983e-70	0.000000e+00	0.000000e+00	1.452339e-05	1.882621e-90	1.165867e-03	6.703000e-59	1.882621e-90	3.695022e-87	1.882621e-90	1.882621e-90	0.000000e+00	1.882621e-90	1.882621e-90	1.882621e-90	1.882621e-90	7.324612e-36	4.973161e-03	4.775873e-46	0.000000e+00	0.000000e+00	0.000000e+00	1.882621e-90	1.196946e-80	0.000000e+00	9.045411e-47	0.000000e+00	0.000000e+00	0.000000e+00	0.000000e+00	0.000000e+00	0.000000e+00	0.000000e+00	7.832924e-50	1.882621e-90	1.882621e-90	3.883710e-71	2.920280e-42	1.466553e-65	1.252642e-53	1.882621e-90	2.273312e-04	3.124079e-40	0.000000e+00	0.000000e+00	6.520928e-40	5.957293e-82	0.000000e+00	1.471195e-29	8.419283e-01	1.882621e-90	2.974725e-08	0.000000e+00	1.882621e-90	1.882621e-90	1.882621e-90	5.610054e-54	4.919283e-81	0.000000e+00	0.000000e+00	1.882621e-90	0.000000e+00	0.000000e+00	0.000000e+00	0.000000e+00	0.000000e+00	0.000000e+00	0.000000e+00	2.238369e-54	3.634240e-86	0.000000e+00	0.000000e+00	0.000000e+00	0.000000e+00	0.000000e+00	0.000000e+00	0.000000e+00	0.000000e+00	0.000000e+00	0.000000e+00	0.000000e+00	0.000000e+00	0.000000e+00	0.000000e+00	0.000000e+00	0.000000e+00	0.000000e+00	0.000000e+00	0.000000e+00	0.000000e+00	0.000000e+00	0.000000e+00	0.000000e+00	0.000000e+00	0.000000e+00	0.000000e+00	0.000000e+00	0.000000e+00	0.000000e+00	0.000000e+00	0.000000e+00	0.000000e+00	0.000000e+00	0.000000e+00	0.000000e+00	0.000000e+00	0.000000e+00	0.000000e+00	0.000000e+00	0.000000e+00	0.000000e+00	0.000000e+00	
1732.004741	1726.774576	1737.234905	197.608303	3.873249e-02	1.882672e-90	0.000000e+00	2.643798e-52	2.172213e-70	0.000000e+00	0.000000e+00	1.452339e-05	1.882672e-90	1.165915e-03	2.566319e-59	1.882672e-90	9.391980e-88	1.882672e-90	1.882672e-90	0.000000e+00	1.882672e-90	1.882672e-90	1.882672e-90	1.882672e-90	4.381114e-36	4.974191e-03	2.411826e-46	0.000000e+00	0.000000e+00	0.000000e+00	1.882672e-90	3.329594e-81	0.000000e+00	4.515355e-47	0.000000e+00	0.000000e+00	0.000000e+00	0.000000e+00	0.000000e+00	0.000000e+00	0.000000e+00	3.756057e-50	1.882672e-90	1.882672e-90	1.259003e-71	1.679177e-42	5.470005e-66	6.242726e-54	1.882672e-90	2.273411e-04	1.689319e-40	0.000000e+00	0.000000e+00	4.070202e-40	1.658926e-82	0.000000e+00	1.068386e-29	8.419234e-01	1.882672e-90	2.987959e-08	0.000000e+00	1.882672e-90	1.882672e-90	1.882672e-90	2.308380e-54	1.343149e-81	0.000000e+00	0.000000e+00	1.882672e-90	0.000000e+00	0.000000e+00	0.000000e+00	0.000000e+00	0.000000e+00	0.000000e+00	0.000000e+00	1.065914e-54	1.280285e-86	0.000000e+00	0.000000e+00	0.000000e+00	0.000000e+00	0.000000e+00	0.000000e+00	0.000000e+00	0.000000e+00	0.000000e+00	0.000000e+00	0.000000e+00	0.000000e+00	0.000000e+00	0.000000e+00	0.000000e+00	0.000000e+00	0.000000e+00	0.000000e+00	0.000000e+00	0.000000e+00	0.000000e+00	0.000000e+00	0.000000e+00	0.000000e+00	0.000000e+00	0.000000e+00	0.000000e+00	0.000000e+00	0.000000e+00	0.000000e+00	0.000000e+00	0.000000e+00	0.000000e+00	0.000000e+00	0.000000e+00	0.000000e+00	0.000000e+00	0.000000e+00	0.000000e+00	0.000000e+00	0.000000e+00	0.000000e+00	
1742.426112	1737.234905	1747.617319	195.785927	3.178583e-02	1.882703e-90	0.000000e+00	1.099088e-52	6.765207e-71	0.000000e+00	0.000000e+00	1.452339e-05	1.882703e-90	1.165939e-03	9.673930e-60	1.882703e-90	2.331196e-88	1.882703e-90	1.882703e-90	0.000000e+00	1.882703e-90	1.882703e-90	1.882703e-90	1.882703e-90	2.587380e-36	4.973839e-03	1.202711e-46	0.000000e+00	0.000000e+00	0.000000e+00	1.882703e-90	9.041445e-82	0.000000e+00	2.224973e-47	0.000000e+00	0.000000e+00	0.000000e+00	0.000000e+00	0.000000e+00	0.000000e+00	0.000000e+00	1.772751e-50	1.882703e-90	1.882703e-90	4.003579e-72	9.553090e-43	2.005819e-66	3.073348e-54	1.882703e-90	2.273438e-04	9.040360e-41	0.000000e+00	0.000000e+00	2.510853e-40	4.509353e-83	0.000000e+00	7.685207e-30	8.419206e-01	1.882703e-90	2.987106e-08	0.000000e+00	1.882703e-90	1.882703e-90	1.882703e-90	9.360686e-55	3.584019e-82	0.000000e+00	0.000000e+00	1.882703e-90	0.000000e+00	0.000000e+00	0.000000e+00	0.000000e+00	0.000000e+00	0.000000e+00	0.000000e+00	4.997376e-55	4.450587e-87	0.000000e+00	0.000000e+00	0.000000e+00	0.000000e+00	0.000000e+00	0.000000e+00	0.000000e+00	0.000000e+00	0.000000e+00	0.000000e+00	0.000000e+00	0.000000e+00	0.000000e+00	0.000000e+00	0.000000e+00	0.000000e+00	0.000000e+00	0.000000e+00	0.000000e+00	0.000000e+00	0.000000e+00	0.000000e+00	0.000000e+00	0.000000e+00	0.000000e+00	0.000000e+00	0.000000e+00	0.000000e+00	0.000000e+00	0.000000e+00	0.000000e+00	0.000000e+00	0.000000e+00	0.000000e+00	0.000000e+00	0.000000e+00	0.000000e+00	0.000000e+00	0.000000e+00	0.000000e+00	0.000000e+00	0.000000e+00	
1752.771059	1747.617319	1757.924799	194.292500	2.608505e-02	1.882654e-90	0.000000e+00	4.680864e-53	2.173652e-71	0.000000e+00	0.000000e+00	1.452339e-05	1.882654e-90	1.165869e-03	3.744033e-60	1.882654e-90	6.035101e-89	1.882654e-90	1.882654e-90	0.000000e+00	1.882654e-90	1.882654e-90	1.882654e-90	1.882654e-90	1.564797e-36	4.974804e-03	6.135572e-47	0.000000e+00	0.000000e+00	0.000000e+00	1.882654e-90	2.563852e-82	0.000000e+00	1.122396e-47	0.000000e+00	0.000000e+00	0.000000e+00	0.000000e+00	0.000000e+00	0.000000e+00	0.000000e+00	8.616250e-51	1.882654e-90	1.882654e-90	1.316088e-72	5.539429e-43	7.577668e-67	1.548238e-54	1.882654e-90	2.273347e-04	4.925085e-41	0.000000e+00	0.000000e+00	1.584961e-40	1.279178e-83	0.000000e+00	5.635375e-30	8.419256e-01	1.882654e-90	3.018135e-08	0.000000e+00	1.882654e-90	1.882654e-90	1.882654e-90	3.892089e-55	9.960379e-83	0.000000e+00	0.000000e+00	1.882654e-90	0.000000e+00	0.000000e+00	0.000000e+00	0.000000e+00	0.000000e+00	0.000000e+00	0.000000e+00	2.413898e-55	1.590434e-87	0.000000e+00	0.000000e+00	0.000000e+00	0.000000e+00	0.000000e+00	0.000000e+00	0.000000e+00	0.000000e+00	0.000000e+00	0.000000e+00	0.000000e+00	0.000000e+00	0.000000e+00	0.000000e+00	0.000000e+00	0.000000e+00	0.000000e+00	0.000000e+00	0.000000e+00	0.000000e+00	0.000000e+00	0.000000e+00	0.000000e+00	0.000000e+00	0.000000e+00	0.000000e+00	0.000000e+00	0.000000e+00	0.000000e+00	0.000000e+00	0.000000e+00	0.000000e+00	0.000000e+00	0.000000e+00	0.000000e+00	0.000000e+00	0.000000e+00	0.000000e+00	0.000000e+00	0.000000e+00	0.000000e+00	0.000000e+00	
1763.043490	1757.924799	1768.162182	192.988576	2.140670e-02	1.882633e-90	0.000000e+00	2.089100e-53	7.421496e-72	0.000000e+00	0.000000e+00	1.452339e-05	1.882633e-90	1.165907e-03	1.525630e-60	1.882633e-90	1.695382e-89	1.882633e-90	1.882633e-90	0.000000e+00	1.882633e-90	1.882633e-90	1.882633e-90	1.882633e-90	9.895175e-37	4.973707e-03	3.267462e-47	0.000000e+00	0.000000e+00	0.000000e+00	1.882633e-90	7.886158e-83	0.000000e+00	5.911163e-48	0.000000e+00	0.000000e+00	0.000000e+00	0.000000e+00	0.000000e+00	0.000000e+00	0.000000e+00	4.426277e-51	1.882633e-90	1.882633e-90	4.614618e-73	3.332885e-43	3.033621e-67	8.154178e-55	1.882633e-90	2.273372e-04	2.778097e-41	0.000000e+00	0.000000e+00	1.044343e-40	3.936718e-84	0.000000e+00	4.282073e-30	8.419260e-01	1.882633e-90	3.111127e-08	0.000000e+00	1.882633e-90	1.882633e-90	1.882633e-90	1.697243e-55	2.991795e-83	0.000000e+00	0.000000e+00	1.882633e-90	0.000000e+00	0.000000e+00	0.000000e+00	0.000000e+00	0.000000e+00	0.000000e+00	0.000000e+00	1.233349e-55	5.992115e-88	0.000000e+00	0.000000e+00	0.000000e+00	0.000000e+00	0.000000e+00	0.000000e+00	0.000000e+00	0.000000e+00	0.000000e+00	0.000000e+00	0.000000e+00	0.000000e+00	0.000000e+00	0.000000e+00	0.000000e+00	0.000000e+00	0.000000e+00	0.000000e+00	0.000000e+00	0.000000e+00	0.000000e+00	0.000000e+00	0.000000e+00	0.000000e+00	0.000000e+00	0.000000e+00	0.000000e+00	0.000000e+00	0.000000e+00	0.000000e+00	0.000000e+00	0.000000e+00	0.000000e+00	0.000000e+00	0.000000e+00	0.000000e+00	0.000000e+00	0.000000e+00	0.000000e+00	0.000000e+00	0.000000e+00	0.000000e+00	
1773.247603	1768.162182	1778.333024	191.814305	1.756741e-02	1.882686e-90	0.000000e+00	9.657346e-54	2.651566e-72	0.000000e+00	0.000000e+00	1.452339e-05	1.882686e-90	1.165900e-03	6.460940e-61	1.882686e-90	5.062550e-90	1.882686e-90	1.882686e-90	0.000000e+00	1.882686e-90	1.882686e-90	1.882686e-90	1.882686e-90	6.473496e-37	4.973893e-03	1.797865e-47	0.000000e+00	0.000000e+00	0.000000e+00	1.882686e-90	2.581633e-83	0.000000e+00	3.219359e-48	0.000000e+00	0.000000e+00	0.000000e+00	0.000000e+00	0.000000e+00	0.000000e+00	0.000000e+00	2.371765e-51	1.882686e-90	1.882686e-90	1.698283e-73	2.061672e-43	1.268242e-67	4.438876e-55	1.882686e-90	2.273444e-04	1.608468e-41	0.000000e+00	0.000000e+00	7.110077e-41	1.288770e-84	0.000000e+00	3.342976e-30	8.419223e-01	1.882686e-90	3.255373e-08	0.000000e+00	1.882686e-90	1.882686e-90	1.882686e-90	7.675005e-56	9.530276e-84	0.000000e+00	0.000000e+00	1.882686e-90	0.000000e+00	0.000000e+00	0.000000e+00	0.000000e+00	0.000000e+00	0.000000e+00	0.000000e+00	6.575775e-56	2.347399e-88	0.000000e+00	0.000000e+00	0.000000e+00	0.000000e+00	0.000000e+00	0.000000e+00	0.000000e+00	0.000000e+00	0.000000e+00	0.000000e+00	0.000000e+00	0.000000e+00	0.000000e+00	0.000000e+00	0.000000e+00	0.000000e+00	0.000000e+00	0.000000e+00	0.000000e+00	0.000000e+00	0.000000e+00	0.000000e+00	0.000000e+00	0.000000e+00	0.000000e+00	0.000000e+00	0.000000e+00	0.000000e+00	0.000000e+00	0.000000e+00	0.000000e+00	0.000000e+00	0.000000e+00	0.000000e+00	0.000000e+00	0.000000e+00	0.000000e+00	0.000000e+00	0.000000e+00	0.000000e+00	0.000000e+00	0.000000e+00	
1783.385246	1778.333024	1788.437468	190.537286	1.441670e-02	1.882665e-90	0.000000e+00	4.434616e-54	9.391477e-73	0.000000e+00	0.000000e+00	1.452339e-05	1.882665e-90	1.165946e-03	2.715936e-61	1.882665e-90	1.882665e-90	1.882665e-90	1.882665e-90	0.000000e+00	1.882665e-90	1.882665e-90	1.882665e-90	1.882665e-90	4.211121e-37	4.974132e-03	9.836108e-48	0.000000e+00	0.000000e+00	0.000000e+00	1.882665e-90	8.359169e-84	0.000000e+00	1.743350e-48	0.000000e+00	0.000000e+00	0.000000e+00	0.000000e+00	0.000000e+00	0.000000e+00	0.000000e+00	1.261903e-51	1.882665e-90	1.882665e-90	6.192579e-74	1.268861e-43	5.259324e-68	2.402909e-55	1.882665e-90	2.273369e-04	9.266122e-42	0.000000e+00	0.000000e+00	4.816022e-41	4.171705e-85	0.000000e+00	2.599479e-30	8.419241e-01	1.882665e-90	3.400186e-08	0.000000e+00	1.882665e-90	1.882665e-90	1.882665e-90	3.447057e-56	3.003657e-84	0.000000e+00	0.000000e+00	1.882665e-90	0.000000e+00	0.000000e+00	0.000000e+00	0.000000e+00	0.000000e+00	0.000000e+00	0.000000e+00	3.482175e-56	9.143603e-89	0.000000e+00	0.000000e+00	0.000000e+00	0.000000e+00	0.000000e+00	0.000000e+00	0.000000e+00	0.000000e+00	0.000000e+00	0.000000e+00	0.000000e+00	0.000000e+00	0.000000e+00	0.000000e+00	0.000000e+00	0.000000e+00	0.000000e+00	0.000000e+00	0.000000e+00	0.000000e+00	0.000000e+00	0.000000e+00	0.000000e+00	0.000000e+00	0.000000e+00	0.000000e+00	0.000000e+00	0.000000e+00	0.000000e+00	0.000000e+00	0.000000e+00	0.000000e+00	0.000000e+00	0.000000e+00	0.000000e+00	0.000000e+00	0.000000e+00	0.000000e+00	0.000000e+00	0.000000e+00	0.000000e+00	0.000000e+00	
1793.454160	1788.437468	1798.470852	189.133104	1.183107e-02	1.882614e-90	0.000000e+00	1.884995e-54	3.009249e-73	0.000000e+00	0.000000e+00	1.452339e-05	1.882614e-90	1.165877e-03	1.048381e-61	1.882614e-90	1.882614e-90	1.882614e-90	1.882614e-90	0.000000e+00	1.882614e-90	1.882614e-90	1.882614e-90	1.882614e-90	2.548538e-37	4.973070e-03	5.015717e-48	0.000000e+00	0.000000e+00	0.000000e+00	1.882614e-90	2.367417e-84	0.000000e+00	8.789777e-49	0.000000e+00	0.000000e+00	0.000000e+00	0.000000e+00	0.000000e+00	0.000000e+00	0.000000e+00	6.136455e-52	1.882614e-90	1.882614e-90	2.030657e-74	7.356830e-44	1.984074e-68	1.212050e-55	1.882614e-90	2.273478e-04	5.041377e-42	0.000000e+00	0.000000e+00	3.047012e-41	1.181163e-85	0.000000e+00	1.910960e-30	8.419302e-01	1.882614e-90	3.445657e-08	0.000000e+00	1.882614e-90	1.882614e-90	1.882614e-90	1.429936e-56	8.332416e-85	0.000000e+00	0.000000e+00	1.882614e-90	0.000000e+00	0.000000e+00	0.000000e+00	0.000000e+00	0.000000e+00	0.000000e+00	0.000000e+00	1.685233e-56	3.283659e-89	0.000000e+00	0.000000e+00	0.000000e+00	0.000000e+00	0.000000e+00	0.000000e+00	0.000000e+00	0.000000e+00	0.000000e+00	0.000000e+00	0.000000e+00	0.000000e+00	0.000000e+00	0.000000e+00	0.000000e+00	0.000000e+00	0.000000e+00	0.000000e+00	0.000000e+00	0.000000e+00	0.000000e+00	0.000000e+00	0.000000e+00	0.000000e+00	0.000000e+00	0.000000e+00	0.000000e+00	0.000000e+00	0.000000e+00	0.000000e+00	0.000000e+00	0.000000e+00	0.000000e+00	0.000000e+00	0.000000e+00	0.000000e+00	0.000000e+00	0.000000e+00	0.000000e+00	0.000000e+00	0.000000e+00	0.000000e+00	
1803.446546	1798.470852	1808.422241	187.291323	9.709169e-03	1.882708e-90	0.000000e+00	6.815807e-55	7.819966e-74	0.000000e+00	0.000000e+00	1.452339e-05	1.882708e-90	1.165923e-03	3.386588e-62	1.882708e-90	1.882708e-90	1.882708e-90	1.882708e-90	0.000000e+00	1.882708e-90	1.882708e-90	1.882708e-90	1.882708e-90	1.327101e-37	4.974453e-03	2.209646e-48	0.000000e+00	0.000000e+00	0.000000e+00	1.882708e-90	5.074020e-85	0.000000e+00	3.822979e-49	0.000000e+00	0.000000e+00	0.000000e+00	0.000000e+00	0.000000e+00	0.000000e+00	0.000000e+00	2.474122e-52	1.882708e-90	1.882708e-90	5.330762e-75	3.762314e-44	6.139080e-69	5.272469e-56	1.882708e-90	2.273489e-04	2.432821e-42	0.000000e+00	0.000000e+00	1.672027e-41	2.528339e-86	0.000000e+00	1.250167e-30	8.419196e-01	1.882708e-90	3.277894e-08	0.000000e+00	1.882708e-90	1.882708e-90	1.882708e-90	5.027969e-57	1.771340e-85	0.000000e+00	0.000000e+00	1.882708e-90	0.000000e+00	0.000000e+00	0.000000e+00	0.000000e+00	0.000000e+00	0.000000e+00	0.000000e+00	6.761430e-57	9.945384e-90	0.000000e+00	0.000000e+00	0.000000e+00	0.000000e+00	0.000000e+00	0.000000e+00	0.000000e+00	0.000000e+00	0.000000e+00	0.000000e+00	0.000000e+00	0.000000e+00	0.000000e+00	0.000000e+00	0.000000e+00	0.000000e+00	0.000000e+00	0.000000e+00	0.000000e+00	0.000000e+00	0.000000e+00	0.000000e+00	0.000000e+00	0.000000e+00	0.000000e+00	0.000000e+00	0.000000e+00	0.000000e+00	0.000000e+00	0.000000e+00	0.000000e+00	0.000000e+00	0.000000e+00	0.000000e+00	0.000000e+00	0.000000e+00	0.000000e+00	0.000000e+00	0.000000e+00	0.000000e+00	0.000000e+00	0.000000e+00	
1813.349403	1808.422241	1818.276565	185.414963	7.967831e-03	1.882608e-90	0.000000e+00	1.958963e-55	1.508551e-74	0.000000e+00	0.000000e+00	1.452339e-05	1.882608e-90	1.165847e-03	8.493209e-63	1.882608e-90	1.882608e-90	1.882608e-90	1.882608e-90	0.000000e+00	1.882608e-90	1.882608e-90	1.882608e-90	1.882608e-90	5.573010e-38	4.972943e-03	7.895296e-49	0.000000e+00	0.000000e+00	0.000000e+00	1.882608e-90	7.303771e-86	0.000000e+00	1.344787e-49	0.000000e+00	0.000000e+00	0.000000e+00	0.000000e+00	0.000000e+00	0.000000e+00	0.000000e+00	7.634395e-53	1.882608e-90	1.882608e-90	1.020455e-75	1.610071e-44	1.432880e-69	1.856986e-56	1.882608e-90	2.273377e-04	9.902077e-43	0.000000e+00	0.000000e+00	7.483900e-42	3.633964e-87	0.000000e+00	6.915308e-31	8.419307e-01	1.882608e-90	2.849709e-08	0.000000e+00	1.882608e-90	1.882608e-90	1.882608e-90	1.396370e-57	2.576147e-86	0.000000e+00	0.000000e+00	1.882608e-90	0.000000e+00	0.000000e+00	0.000000e+00	0.000000e+00	0.000000e+00	0.000000e+00	0.000000e+00	2.074871e-57	2.360815e-90	0.000000e+00	0.000000e+00	0.000000e+00	0.000000e+00	0.000000e+00	0.000000e+00	0.000000e+00	0.000000e+00	0.000000e+00	0.000000e+00	0.000000e+00	0.000000e+00	0.000000e+00	0.000000e+00	0.000000e+00	0.000000e+00	0.000000e+00	0.000000e+00	0.000000e+00	0.000000e+00	0.000000e+00	0.000000e+00	0.000000e+00	0.000000e+00	0.000000e+00	0.000000e+00	0.000000e+00	0.000000e+00	0.000000e+00	0.000000e+00	0.000000e+00	0.000000e+00	0.000000e+00	0.000000e+00	0.000000e+00	0.000000e+00	0.000000e+00	0.000000e+00	0.000000e+00	0.000000e+00	0.000000e+00	0.000000e+00	
1823.147481	1818.276565	1828.018396	182.839408	6.538802e-03	1.882618e-90	0.000000e+00	4.416457e-56	2.124342e-75	0.000000e+00	0.000000e+00	1.452339e-05	1.882618e-90	1.165923e-03	1.629908e-63	1.882618e-90	1.882618e-90	1.882618e-90	1.882618e-90	0.000000e+00	1.882618e-90	1.882618e-90	1.882618e-90	1.882618e-90	1.868545e-38	4.973896e-03	2.265272e-49	0.000000e+00	0.000000e+00	0.000000e+00	1.882618e-90	6.921992e-87	0.000000e+00	3.790079e-50	0.000000e+00	0.000000e+00	0.000000e+00	0.000000e+00	0.000000e+00	0.000000e+00	0.000000e+00	1.779403e-53	1.882618e-90	1.882618e-90	1.399013e-76	5.710589e-45	2.484192e-70	5.241116e-57	1.882618e-90	2.273426e-04	3.366645e-43	0.000000e+00	0.000000e+00	2.708327e-42	3.433669e-88	0.000000e+00	3.213564e-31	8.419279e-01	1.882618e-90	2.255870e-08	0.000000e+00	1.882618e-90	1.882618e-90	1.882618e-90	3.025015e-58	2.512912e-87	0.000000e+00	0.000000e+00	1.882618e-90	0.000000e+00	0.000000e+00	0.000000e+00	0.000000e+00	0.000000e+00	0.000000e+00	0.000000e+00	4.810145e-58	1.882618e-90	0.000000e+00	0.000000e+00	0.000000e+00	0.000000e+00	0.000000e+00	0.000000e+00	0.000000e+00	0.000000e+00	0.000000e+00	0.000000e+00	0.000000e+00	0.000000e+00	0.000000e+00	0.000000e+00	0.000000e+00	0.000000e+00	0.000000e+00	0.000000e+00	0.000000e+00	0.000000e+00	0.000000e+00	0.000000e+00	0.000000e+00	0.000000e+00	0.000000e+00	0.000000e+00	0.000000e+00	0.000000e+00	0.000000e+00	0.000000e+00	0.000000e+00	0.000000e+00	0.000000e+00	0.000000e+00	0.000000e+00	0.000000e+00	0.000000e+00	0.000000e+00	0.000000e+00	0.000000e+00	0.000000e+00	0.000000e+00	
1832.828608	1828.018396	1837.638820	180.603404	5.366069e-03	1.882621e-90	0.000000e+00	8.391164e-57	2.396205e-76	0.000000e+00	0.000000e+00	1.452339e-05	1.882621e-90	1.165949e-03	2.589490e-64	1.882621e-90	1.882621e-90	1.882621e-90	1.882621e-90	0.000000e+00	1.882621e-90	1.882621e-90	1.882621e-90	1.882621e-90	5.349298e-39	4.973387e-03	5.568974e-50	0.000000e+00	0.000000e+00	0.000000e+00	1.882621e-90	4.886888e-88	0.000000e+00	9.134103e-51	0.000000e+00	0.000000e+00	0.000000e+00	0.000000e+00	0.000000e+00	0.000000e+00	0.000000e+00	3.405608e-54	1.882621e-90	1.882621e-90	1.516041e-77	1.775291e-45	3.493963e-71	1.267104e-57	1.882621e-90	2.273538e-04	1.008328e-43	0.000000e+00	0.000000e+00	8.448228e-43	2.414554e-89	0.000000e+00	1.322464e-31	8.419276e-01	1.882621e-90	1.674012e-08	0.000000e+00	1.882621e-90	1.882621e-90	1.882621e-90	5.497678e-59	1.850206e-88	0.000000e+00	0.000000e+00	1.882621e-90	0.000000e+00	0.000000e+00	0.000000e+00	0.000000e+00	0.000000e+00	0.000000e+00	0.000000e+00	9.163377e-59	1.882621e-90	0.000000e+00	0.000000e+00	0.000000e+00	0.000000e+00	0.000000e+00	0.000000e+00	0.000000e+00	0.000000e+00	0.000000e+00	0.000000e+00	0.000000e+00	0.000000e+00	0.000000e+00	0.000000e+00	0.000000e+00	0.000000e+00	0.000000e+00	0.000000e+00	0.000000e+00	0.000000e+00	0.000000e+00	0.000000e+00	0.000000e+00	0.000000e+00	0.000000e+00	0.000000e+00	0.000000e+00	0.000000e+00	0.000000e+00	0.000000e+00	0.000000e+00	0.000000e+00	0.000000e+00	0.000000e+00	0.000000e+00	0.000000e+00	0.000000e+00	0.000000e+00	0.000000e+00	0.000000e+00	0.000000e+00	0.000000e+00	
1842.389468	1837.638820	1847.140116	178.134810	4.403666e-03	1.882762e-90	0.000000e+00	1.581375e-57	2.673996e-77	0.000000e+00	0.000000e+00	1.452339e-05	1.882762e-90	1.165970e-03	4.075493e-65	1.882762e-90	1.882762e-90	1.882762e-90	1.882762e-90	0.000000e+00	1.882762e-90	1.882762e-90	1.882762e-90	1.882762e-90	1.524589e-39	4.974837e-03	1.361774e-50	0.000000e+00	0.000000e+00	0.000000e+00	1.882762e-90	3.413933e-89	0.000000e+00	2.190875e-51	0.000000e+00	0.000000e+00	0.000000e+00	0.000000e+00	0.000000e+00	0.000000e+00	0.000000e+00	6.478436e-55	1.882762e-90	1.882762e-90	1.624714e-78	5.490222e-46	4.869286e-72	3.048962e-58	1.882762e-90	2.273561e-04	3.001806e-44	0.000000e+00	0.000000e+00	2.627948e-43	1.882762e-90	0.000000e+00	5.434486e-32	8.419161e-01	1.882762e-90	1.242587e-08	0.000000e+00	1.882762e-90	1.882762e-90	1.882762e-90	9.913183e-60	1.346928e-89	0.000000e+00	0.000000e+00	1.882762e-90	0.000000e+00	0.000000e+00	0.000000e+00	0.000000e+00	0.000000e+00	0.000000e+00	0.000000e+00	1.737285e-59	1.882762e-90	0.000000e+00	0.000000e+00	0.000000e+00	0.000000e+00	0.000000e+00	0.000000e+00	0.000000e+00	0.000000e+00	0.000000e+00	0.000000e+00	0.000000e+00	0.000000e+00	0.000000e+00	0.000000e+00	0.000000e+00	0.000000e+00	0.000000e+00	0.000000e+00	0.000000e+00	0.000000e+00	0.000000e+00	0.000000e+00	0.000000e+00	0.000000e+00	0.000000e+00	0.000000e+00	0.000000e+00	0.000000e+00	0.000000e+00	0.000000e+00	0.000000e+00	0.000000e+00	0.000000e+00	0.000000e+00	0.000000e+00	0.000000e+00	0.000000e+00	0.000000e+00	0.000000e+00	0.000000e+00	0.000000e+00	0.000000e+00	
1851.839715	1847.140116	1856.539314	175.711429	3.613869e-03	1.882656e-90	0.000000e+00	3.701037e-58	3.950467e-78	0.000000e+00	0.000000e+00	1.452339e-05	1.882656e-90	1.165829e-03	8.139198e-66	1.882656e-90	1.882656e-90	1.882656e-90	1.882656e-90	0.000000e+00	1.882656e-90	1.882656e-90	1.882656e-90	1.882656e-90	5.327919e-40	4.973991e-03	4.057382e-51	0.000000e+00	0.000000e+00	0.000000e+00	1.882656e-90	3.472958e-90	0.000000e+00	6.417406e-52	0.000000e+00	0.000000e+00	0.000000e+00	0.000000e+00	0.000000e+00	0.000000e+00	0.000000e+00	1.588067e-55	1.882656e-90	1.882656e-90	2.345315e-79	2.009992e-46	8.855315e-73	8.967549e-59	1.882656e-90	2.273392e-04	1.049224e-44	0.000000e+00	0.000000e+00	9.926128e-44	1.882656e-90	0.000000e+00	2.620875e-32	8.419252e-01	1.882656e-90	1.006628e-08	0.000000e+00	1.882656e-90	1.882656e-90	1.882656e-90	2.231018e-60	1.882656e-90	0.000000e+00	0.000000e+00	1.882656e-90	0.000000e+00	0.000000e+00	0.000000e+00	0.000000e+00	0.000000e+00	0.000000e+00	0.000000e+00	4.250257e-60	1.882656e-90	0.000000e+00	0.000000e+00	0.000000e+00	0.000000e+00	0.000000e+00	0.000000e+00	0.000000e+00	0.000000e+00	0.000000e+00	0.000000e+00	0.000000e+00	0.000000e+00	0.000000e+00	0.000000e+00	0.000000e+00	0.000000e+00	0.000000e+00	0.000000e+00	0.000000e+00	0.000000e+00	0.000000e+00	0.000000e+00	0.000000e+00	0.000000e+00	0.000000e+00	0.000000e+00	0.000000e+00	0.000000e+00	0.000000e+00	0.000000e+00	0.000000e+00	0.000000e+00	0.000000e+00	0.000000e+00	0.000000e+00	0.000000e+00	0.000000e+00	0.000000e+00	0.000000e+00	0.000000e+00	0.000000e+00	0.000000e+00	
1861.202680	1856.539314	1865.866046	174.431446	2.965723e-03	1.882689e-90	0.000000e+00	1.333576e-58	1.021117e-78	0.000000e+00	0.000000e+00	1.452339e-05	1.882689e-90	1.165986e-03	2.615543e-66	1.882689e-90	1.882689e-90	1.882689e-90	1.882689e-90	0.000000e+00	1.882689e-90	1.882689e-90	1.882689e-90	1.882689e-90	2.788523e-40	4.974108e-03	1.790438e-51	0.000000e+00	0.000000e+00	0.000000e+00	1.882689e-90	1.882689e-90	0.000000e+00	2.798168e-52	0.000000e+00	0.000000e+00	0.000000e+00	0.000000e+00	0.000000e+00	0.000000e+00	0.000000e+00	6.437057e-56	1.882689e-90	1.882689e-90	6.129224e-80	1.028901e-46	2.734959e-73	3.922046e-59	1.882689e-90	2.273373e-04	5.050393e-45	0.000000e+00	0.000000e+00	5.498679e-44	1.882689e-90	0.000000e+00	1.731796e-32	8.419220e-01	1.882689e-90	9.672523e-09	0.000000e+00	1.882689e-90	1.882689e-90	1.882689e-90	7.816476e-61	1.882689e-90	0.000000e+00	0.000000e+00	1.882689e-90	0.000000e+00	0.000000e+00	0.000000e+00	0.000000e+00	0.000000e+00	0.000000e+00	0.000000e+00	1.721386e-60	1.882689e-90	0.000000e+00	0.000000e+00	0.000000e+00	0.000000e+00	0.000000e+00	0.000000e+00	0.000000e+00	0.000000e+00	0.000000e+00	0.000000e+00	0.000000e+00	0.000000e+00	0.000000e+00	0.000000e+00	0.000000e+00	0.000000e+00	0.000000e+00	0.000000e+00	0.000000e+00	0.000000e+00	0.000000e+00	0.000000e+00	0.000000e+00	0.000000e+00	0.000000e+00	0.000000e+00	0.000000e+00	0.000000e+00	0.000000e+00	0.000000e+00	0.000000e+00	0.000000e+00	0.000000e+00	0.000000e+00	0.000000e+00	0.000000e+00	0.000000e+00	0.000000e+00	0.000000e+00	0.000000e+00	0.000000e+00	0.000000e+00	
1870.512684	1865.866046	1875.159322	174.083650	2.433821e-03	1.882684e-90	0.000000e+00	8.716698e-59	5.714187e-79	0.000000e+00	0.000000e+00	1.452339e-05	1.882684e-90	1.165934e-03	1.620140e-66	1.882684e-90	1.882684e-90	1.882684e-90	1.882684e-90	0.000000e+00	1.882684e-90	1.882684e-90	1.882684e-90	1.882684e-90	2.542734e-40	4.973767e-03	1.356659e-51	0.000000e+00	0.000000e+00	0.000000e+00	1.882684e-90	1.882684e-90	0.000000e+00	2.107904e-52	0.000000e+00	0.000000e+00	0.000000e+00	0.000000e+00	0.000000e+00	0.000000e+00	0.000000e+00	5.206462e-56	1.882684e-90	1.882684e-90	3.632998e-80	8.354839e-47	1.753443e-73	2.960573e-59	1.882684e-90	2.273253e-04	3.780112e-45	0.000000e+00	0.000000e+00	5.149731e-44	1.882684e-90	0.000000e+00	1.761863e-32	8.419218e-01	1.882684e-90	1.171847e-08	0.000000e+00	1.882684e-90	1.882684e-90	1.882684e-90	5.042086e-61	1.882684e-90	0.000000e+00	0.000000e+00	1.882684e-90	0.000000e+00	0.000000e+00	0.000000e+00	0.000000e+00	0.000000e+00	0.000000e+00	0.000000e+00	1.392288e-60	1.882684e-90	0.000000e+00	0.000000e+00	0.000000e+00	0.000000e+00	0.000000e+00	0.000000e+00	0.000000e+00	0.000000e+00	0.000000e+00	0.000000e+00	0.000000e+00	0.000000e+00	0.000000e+00	0.000000e+00	0.000000e+00	0.000000e+00	0.000000e+00	0.000000e+00	0.000000e+00	0.000000e+00	0.000000e+00	0.000000e+00	0.000000e+00	0.000000e+00	0.000000e+00	0.000000e+00	0.000000e+00	0.000000e+00	0.000000e+00	0.000000e+00	0.000000e+00	0.000000e+00	0.000000e+00	0.000000e+00	0.000000e+00	0.000000e+00	0.000000e+00	0.000000e+00	0.000000e+00	0.000000e+00	0.000000e+00	0.000000e+00	
1879.806088	1875.159322	1884.452853	175.359952	1.997316e-03	1.882703e-90	0.000000e+00	9.696143e-59	6.370657e-79	0.000000e+00	0.000000e+00	1.452339e-05	1.882703e-90	1.165903e-03	1.803557e-66	1.882703e-90	1.882703e-90	1.882703e-90	1.882703e-90	0.000000e+00	1.882703e-90	1.882703e-90	1.882703e-90	1.882703e-90	3.803215e-40	4.974598e-03	1.664939e-51	0.000000e+00	0.000000e+00	0.000000e+00	1.882703e-90	1.882703e-90	0.000000e+00	2.587565e-52	0.000000e+00	0.000000e+00	0.000000e+00	0.000000e+00	0.000000e+00	0.000000e+00	0.000000e+00	7.800921e-56	1.882703e-90	1.882703e-90	4.474389e-80	1.024378e-46	2.157043e-73	3.633313e-59	1.882703e-90	2.273522e-04	4.197044e-45	0.000000e+00	0.000000e+00	7.700457e-44	1.882703e-90	0.000000e+00	2.631017e-32	8.419202e-01	1.882703e-90	1.745121e-08	0.000000e+00	1.882703e-90	1.882703e-90	1.882703e-90	5.610660e-61	1.882703e-90	0.000000e+00	0.000000e+00	1.882703e-90	0.000000e+00	0.000000e+00	0.000000e+00	0.000000e+00	0.000000e+00	0.000000e+00	0.000000e+00	2.086070e-60	1.882703e-90	0.000000e+00	0.000000e+00	0.000000e+00	0.000000e+00	0.000000e+00	0.000000e+00	0.000000e+00	0.000000e+00	0.000000e+00	0.000000e+00	0.000000e+00	0.000000e+00	0.000000e+00	0.000000e+00	0.000000e+00	0.000000e+00	0.000000e+00	0.000000e+00	0.000000e+00	0.000000e+00	0.000000e+00	0.000000e+00	0.000000e+00	0.000000e+00	0.000000e+00	0.000000e+00	0.000000e+00	0.000000e+00	0.000000e+00	0.000000e+00	0.000000e+00	0.000000e+00	0.000000e+00	0.000000e+00	0.000000e+00	0.000000e+00	0.000000e+00	0.000000e+00	0.000000e+00	0.000000e+00	0.000000e+00	0.000000e+00	
1889.129127	1884.452853	1893.805402	176.243253	1.639098e-03	1.882646e-90	0.000000e+00	2.675782e-58	2.307186e-78	0.000000e+00	0.000000e+00	1.452339e-05	1.882646e-90	1.165837e-03	5.466693e-66	1.882646e-90	1.882646e-90	1.882646e-90	1.882646e-90	0.000000e+00	1.882646e-90	1.882646e-90	1.882646e-90	1.882646e-90	1.324740e-39	4.973660e-03	4.656064e-51	0.000000e+00	0.000000e+00	0.000000e+00	1.882646e-90	4.870446e-90	0.000000e+00	7.306454e-52	0.000000e+00	0.000000e+00	0.000000e+00	0.000000e+00	0.000000e+00	0.000000e+00	0.000000e+00	3.349715e-55	1.882646e-90	1.882646e-90	1.922087e-79	2.537781e-46	8.080435e-73	1.023369e-58	1.882646e-90	2.273495e-04	9.138163e-45	0.000000e+00	0.000000e+00	2.559770e-43	1.882646e-90	0.000000e+00	7.570234e-32	8.419255e-01	1.882646e-90	3.697963e-08	0.000000e+00	1.882646e-90	1.882646e-90	1.882646e-90	1.584012e-60	1.882646e-90	0.000000e+00	0.000000e+00	1.882646e-90	0.000000e+00	0.000000e+00	0.000000e+00	0.000000e+00	0.000000e+00	0.000000e+00	0.000000e+00	8.960675e-60	1.882646e-90	0.000000e+00	0.000000e+00	0.000000e+00	0.000000e+00	0.000000e+00	0.000000e+00	0.000000e+00	0.000000e+00	0.000000e+00	0.000000e+00	0.000000e+00	0.000000e+00	0.000000e+00	0.000000e+00	0.000000e+00	0.000000e+00	0.000000e+00	0.000000e+00	0.000000e+00	0.000000e+00	0.000000e+00	0.000000e+00	0.000000e+00	0.000000e+00	0.000000e+00	0.000000e+00	0.000000e+00	0.000000e+00	0.000000e+00	0.000000e+00	0.000000e+00	0.000000e+00	0.000000e+00	0.000000e+00	0.000000e+00	0.000000e+00	0.000000e+00	0.000000e+00	0.000000e+00	0.000000e+00	0.000000e+00	0.000000e+00	
1898.483134	1893.805402	1903.160867	178.278545	1.345126e-03	1.882720e-90	0.000000e+00	3.098915e-58	2.710325e-78	0.000000e+00	0.000000e+00	1.452339e-05	1.882720e-90	1.165923e-03	6.362862e-66	1.882720e-90	1.882720e-90	1.882720e-90	1.882720e-90	0.000000e+00	1.882720e-90	1.882720e-90	1.882720e-90	1.882720e-90	2.057161e-39	4.974272e-03	5.926731e-51	0.000000e+00	0.000000e+00	0.000000e+00	1.882720e-90	7.858630e-90	0.000000e+00	9.306511e-52	0.000000e+00	0.000000e+00	0.000000e+00	0.000000e+00	0.000000e+00	0.000000e+00	0.000000e+00	5.259508e-55	1.882720e-90	1.882720e-90	2.502029e-79	3.209805e-46	1.044334e-72	1.303028e-58	1.882720e-90	2.273594e-04	1.045319e-44	0.000000e+00	0.000000e+00	3.965536e-43	1.882720e-90	0.000000e+00	1.163862e-31	8.419198e-01	1.882720e-90	5.595149e-08	0.000000e+00	1.882720e-90	1.882720e-90	1.882720e-90	1.836947e-60	2.041534e-90	0.000000e+00	0.000000e+00	1.882720e-90	0.000000e+00	0.000000e+00	0.000000e+00	0.000000e+00	0.000000e+00	0.000000e+00	0.000000e+00	1.406979e-59	1.882720e-90	0.000000e+00	0.000000e+00	0.000000e+00	0.000000e+00	0.000000e+00	0.000000e+00	0.000000e+00	0.000000e+00	0.000000e+00	0.000000e+00	0.000000e+00	0.000000e+00	0.000000e+00	0.000000e+00	0.000000e+00	0.000000e+00	0.000000e+00	0.000000e+00	0.000000e+00	0.000000e+00	0.000000e+00	0.000000e+00	0.000000e+00	0.000000e+00	0.000000e+00	0.000000e+00	0.000000e+00	0.000000e+00	0.000000e+00	0.000000e+00	0.000000e+00	0.000000e+00	0.000000e+00	0.000000e+00	0.000000e+00	0.000000e+00	0.000000e+00	0.000000e+00	0.000000e+00	0.000000e+00	0.000000e+00	0.000000e+00	
1907.815665	1903.160867	1912.470463	179.014838	1.103878e-03	1.882699e-90	0.000000e+00	1.674801e-58	1.185013e-78	0.000000e+00	0.000000e+00	1.452339e-05	1.882699e-90	1.165866e-03	3.196036e-66	1.882699e-90	1.882699e-90	1.882699e-90	1.882699e-90	0.000000e+00	1.882699e-90	1.882699e-90	1.882699e-90	1.882699e-90	1.571014e-39	4.974343e-03	3.778509e-51	0.000000e+00	0.000000e+00	0.000000e+00	1.882699e-90	3.400493e-90	0.000000e+00	5.888433e-52	0.000000e+00	0.000000e+00	0.000000e+00	0.000000e+00	0.000000e+00	0.000000e+00	0.000000e+00	3.412034e-55	1.882699e-90	1.882699e-90	1.141765e-79	2.249221e-46	5.301759e-73	8.260312e-59	1.882699e-90	2.273415e-04	6.795089e-45	0.000000e+00	0.000000e+00	3.140311e-43	1.882699e-90	0.000000e+00	1.031435e-31	8.419214e-01	1.882699e-90	6.294606e-08	0.000000e+00	1.882699e-90	1.882699e-90	1.882699e-90	9.751635e-61	1.882699e-90	0.000000e+00	0.000000e+00	1.882699e-90	0.000000e+00	0.000000e+00	0.000000e+00	0.000000e+00	0.000000e+00	0.000000e+00	0.000000e+00	9.123832e-60	1.882699e-90	0.000000e+00	0.000000e+00	0.000000e+00	0.000000e+00	0.000000e+00	0.000000e+00	0.000000e+00	0.000000e+00	0.000000e+00	0.000000e+00	0.000000e+00	0.000000e+00	0.000000e+00	0.000000e+00	0.000000e+00	0.000000e+00	0.000000e+00	0.000000e+00	0.000000e+00	0.000000e+00	0.000000e+00	0.000000e+00	0.000000e+00	0.000000e+00	0.000000e+00	0.000000e+00	0.000000e+00	0.000000e+00	0.000000e+00	0.000000e+00	0.000000e+00	0.000000e+00	0.000000e+00	0.000000e+00	0.000000e+00	0.000000e+00	0.000000e+00	0.000000e+00	0.000000e+00	0.000000e+00	0.000000e+00	0.000000e+00	
