z		z0		z1		T		P		1		2		3		4		5		6		7		8		9		10		11		12		13		14		15		16		17		18		19		20		21		22		23		24		25		26		27		28		29		30		31		32		33		34		35		36		37		38		39		40		41		42		43		44		45		46		47		48		49		50		51		52		53		54		55		56		57		58		59		60		61		62		63		64		65		66		67		68		69		70		71		72		73		74		75		76		77		78		79		80		81		82		83		84		85		86		87		88		89		90		91		92		93		94		95		96		97		98		99		100		101		102		103		104		105		106		107		108		109		110		111		112		113		114		115		
km		km		km		K		Pa		
26.403714	0.000000	52.807428	1003.210716	1.811795e+07	9.079649e-25	0.000000e+00	1.661757e-10	3.981488e-15	0.000000e+00	0.000000e+00	8.444352e-03	2.968927e-25	9.064430e-04	2.078389e-13	8.392789e-25	7.221187e-20	7.656290e-33	1.687900e-51	0.000000e+00	2.483269e-22	6.532865e-29	1.419177e-42	1.620987e-35	6.313427e-08	4.972428e-03	1.258037e-11	0.000000e+00	0.000000e+00	0.000000e+00	3.306693e-43	2.331285e-16	0.000000e+00	1.393439e-11	0.000000e+00	0.000000e+00	0.000000e+00	0.000000e+00	0.000000e+00	0.000000e+00	0.000000e+00	2.406740e-11	1.738594e-24	5.635282e-26	8.386525e-17	2.207477e-14	2.444154e-17	1.066420e-17	1.736396e-29	2.272842e-04	1.193179e-10	0.000000e+00	0.000000e+00	5.397122e-13	1.588316e-18	0.000000e+00	9.034454e-10	8.420955e-01	5.052478e-27	1.296203e-04	0.000000e+00	2.886577e-21	2.602547e-30	1.986698e-21	2.091988e-11	5.024912e-17	0.000000e+00	0.000000e+00	1.267588e-26	0.000000e+00	0.000000e+00	0.000000e+00	0.000000e+00	0.000000e+00	0.000000e+00	0.000000e+00	1.427451e-14	1.027413e-31	0.000000e+00	0.000000e+00	0.000000e+00	0.000000e+00	0.000000e+00	0.000000e+00	0.000000e+00	0.000000e+00	0.000000e+00	0.000000e+00	0.000000e+00	0.000000e+00	0.000000e+00	0.000000e+00	0.000000e+00	0.000000e+00	0.000000e+00	0.000000e+00	0.000000e+00	0.000000e+00	0.000000e+00	0.000000e+00	0.000000e+00	0.000000e+00	0.000000e+00	0.000000e+00	0.000000e+00	0.000000e+00	0.000000e+00	0.000000e+00	0.000000e+00	0.000000e+00	0.000000e+00	0.000000e+00	0.000000e+00	0.000000e+00	0.000000e+00	0.000000e+00	0.000000e+00	0.000000e+00	0.000000e+00	0.000000e+00	
78.274416	52.807428	103.741405	967.659186	1.486850e+07	1.211415e-25	0.000000e+00	6.861498e-11	1.242408e-15	0.000000e+00	0.000000e+00	8.444532e-03	3.878247e-26	9.223640e-04	8.095218e-14	1.815794e-25	1.730823e-20	7.916292e-34	4.838276e-53	0.000000e+00	5.247220e-23	1.002075e-29	9.251293e-44	6.784381e-37	3.448340e-08	4.972478e-03	5.963504e-12	0.000000e+00	0.000000e+00	0.000000e+00	6.684767e-45	5.830330e-17	0.000000e+00	6.471951e-12	0.000000e+00	0.000000e+00	0.000000e+00	0.000000e+00	0.000000e+00	0.000000e+00	0.000000e+00	1.060725e-11	2.255332e-25	8.091918e-27	2.649402e-17	1.214071e-14	8.697844e-18	4.789908e-18	3.990027e-30	2.272881e-04	6.378532e-11	0.000000e+00	0.000000e+00	2.941545e-13	4.127193e-19	0.000000e+00	5.720087e-10	8.420848e-01	6.872614e-28	1.216590e-04	0.000000e+00	5.328623e-22	1.726122e-31	3.024430e-22	8.478940e-12	1.275528e-17	0.000000e+00	0.000000e+00	1.161726e-27	0.000000e+00	0.000000e+00	0.000000e+00	0.000000e+00	0.000000e+00	0.000000e+00	0.000000e+00	5.989501e-15	2.845502e-32	0.000000e+00	0.000000e+00	0.000000e+00	0.000000e+00	0.000000e+00	0.000000e+00	0.000000e+00	0.000000e+00	0.000000e+00	0.000000e+00	0.000000e+00	0.000000e+00	0.000000e+00	0.000000e+00	0.000000e+00	0.000000e+00	0.000000e+00	0.000000e+00	0.000000e+00	0.000000e+00	0.000000e+00	0.000000e+00	0.000000e+00	0.000000e+00	0.000000e+00	0.000000e+00	0.000000e+00	0.000000e+00	0.000000e+00	0.000000e+00	0.000000e+00	0.000000e+00	0.000000e+00	0.000000e+00	0.000000e+00	0.000000e+00	0.000000e+00	0.000000e+00	0.000000e+00	0.000000e+00	0.000000e+00	0.000000e+00	
128.270121	103.741405	152.798836	932.056744	1.220184e+07	1.361765e-26	0.000000e+00	2.625901e-11	3.514877e-16	0.000000e+00	0.000000e+00	8.444765e-03	4.243969e-27	9.435154e-04	2.918304e-14	3.412877e-26	3.643929e-21	6.738035e-35	1.034496e-54	0.000000e+00	9.717718e-24	1.315364e-30	4.833198e-45	2.151328e-38	1.743097e-08	4.972563e-03	2.628045e-12	0.000000e+00	0.000000e+00	0.000000e+00	9.525891e-47	1.270357e-17	0.000000e+00	2.790252e-12	0.000000e+00	0.000000e+00	0.000000e+00	0.000000e+00	0.000000e+00	0.000000e+00	0.000000e+00	4.272092e-12	2.411133e-26	9.663592e-28	7.537851e-18	6.278179e-15	2.814413e-18	1.993307e-18	8.071275e-31	2.272975e-04	3.223049e-11	0.000000e+00	0.000000e+00	1.484737e-13	9.364707e-20	0.000000e+00	3.393922e-10	8.420712e-01	7.889501e-29	1.110833e-04	0.000000e+00	8.526834e-23	9.058996e-33	3.915706e-23	3.178558e-12	2.844869e-18	0.000000e+00	0.000000e+00	8.508721e-29	0.000000e+00	0.000000e+00	0.000000e+00	0.000000e+00	0.000000e+00	0.000000e+00	0.000000e+00	2.289023e-15	7.161846e-33	0.000000e+00	0.000000e+00	0.000000e+00	0.000000e+00	0.000000e+00	0.000000e+00	0.000000e+00	0.000000e+00	0.000000e+00	0.000000e+00	0.000000e+00	0.000000e+00	0.000000e+00	0.000000e+00	0.000000e+00	0.000000e+00	0.000000e+00	0.000000e+00	0.000000e+00	0.000000e+00	0.000000e+00	0.000000e+00	0.000000e+00	0.000000e+00	0.000000e+00	0.000000e+00	0.000000e+00	0.000000e+00	0.000000e+00	0.000000e+00	0.000000e+00	0.000000e+00	0.000000e+00	0.000000e+00	0.000000e+00	0.000000e+00	0.000000e+00	0.000000e+00	0.000000e+00	0.000000e+00	0.000000e+00	0.000000e+00	
176.490557	152.798836	200.182278	900.293858	1.001344e+07	1.689705e-27	0.000000e+00	1.050248e-11	1.051964e-16	0.000000e+00	0.000000e+00	8.444925e-03	5.130975e-28	9.603600e-04	1.096980e-14	6.937059e-27	8.251624e-22	6.406314e-36	2.618265e-56	0.000000e+00	1.937989e-24	1.887560e-31	2.869692e-46	7.993480e-40	9.214427e-09	4.972695e-03	1.208273e-12	0.000000e+00	0.000000e+00	0.000000e+00	1.657091e-48	2.997743e-18	0.000000e+00	1.256259e-12	0.000000e+00	0.000000e+00	0.000000e+00	0.000000e+00	0.000000e+00	0.000000e+00	0.000000e+00	1.809140e-12	2.872864e-27	1.281791e-28	2.277506e-18	3.363606e-15	9.622680e-19	8.680090e-19	1.761598e-31	2.272939e-04	1.681836e-11	0.000000e+00	0.000000e+00	7.843118e-14	2.295764e-20	0.000000e+00	2.093955e-10	8.420604e-01	9.989987e-30	1.026822e-04	0.000000e+00	1.477474e-23	5.433968e-34	5.559222e-24	1.245667e-12	6.834730e-19	0.000000e+00	0.000000e+00	7.084288e-30	0.000000e+00	0.000000e+00	0.000000e+00	0.000000e+00	0.000000e+00	0.000000e+00	0.000000e+00	9.222544e-16	1.915130e-33	0.000000e+00	0.000000e+00	0.000000e+00	0.000000e+00	0.000000e+00	0.000000e+00	0.000000e+00	0.000000e+00	0.000000e+00	0.000000e+00	0.000000e+00	0.000000e+00	0.000000e+00	0.000000e+00	0.000000e+00	0.000000e+00	0.000000e+00	0.000000e+00	0.000000e+00	0.000000e+00	0.000000e+00	0.000000e+00	0.000000e+00	0.000000e+00	0.000000e+00	0.000000e+00	0.000000e+00	0.000000e+00	0.000000e+00	0.000000e+00	0.000000e+00	0.000000e+00	0.000000e+00	0.000000e+00	0.000000e+00	0.000000e+00	0.000000e+00	0.000000e+00	0.000000e+00	0.000000e+00	0.000000e+00	0.000000e+00	
223.137312	200.182278	246.092347	872.333002	8.217531e+06	2.403301e-28	0.000000e+00	4.464006e-12	3.403395e-17	0.000000e+00	0.000000e+00	8.444979e-03	7.130829e-29	9.721435e-04	4.376339e-15	1.574972e-27	2.069472e-22	7.106403e-37	8.372963e-58	0.000000e+00	4.287376e-25	3.066598e-32	2.034558e-47	3.699496e-41	5.181740e-09	4.972759e-03	5.889516e-13	0.000000e+00	0.000000e+00	0.000000e+00	3.800686e-50	7.897537e-19	0.000000e+00	6.004311e-13	0.000000e+00	0.000000e+00	0.000000e+00	0.000000e+00	0.000000e+00	0.000000e+00	0.000000e+00	8.222686e-13	3.983664e-28	1.967984e-29	7.479107e-19	1.893044e-15	3.550497e-19	4.022947e-19	4.267097e-32	2.273014e-04	9.177209e-12	0.000000e+00	0.000000e+00	4.410697e-14	6.265910e-21	0.000000e+00	1.362798e-10	8.420513e-01	1.448440e-30	9.680647e-05	0.000000e+00	2.862604e-24	3.922533e-35	8.969010e-25	5.191794e-13	1.819917e-19	0.000000e+00	0.000000e+00	7.044474e-31	0.000000e+00	0.000000e+00	0.000000e+00	0.000000e+00	0.000000e+00	0.000000e+00	0.000000e+00	4.001575e-16	5.557762e-34	0.000000e+00	0.000000e+00	0.000000e+00	0.000000e+00	0.000000e+00	0.000000e+00	0.000000e+00	0.000000e+00	0.000000e+00	0.000000e+00	0.000000e+00	0.000000e+00	0.000000e+00	0.000000e+00	0.000000e+00	0.000000e+00	0.000000e+00	0.000000e+00	0.000000e+00	0.000000e+00	0.000000e+00	0.000000e+00	0.000000e+00	0.000000e+00	0.000000e+00	0.000000e+00	0.000000e+00	0.000000e+00	0.000000e+00	0.000000e+00	0.000000e+00	0.000000e+00	0.000000e+00	0.000000e+00	0.000000e+00	0.000000e+00	0.000000e+00	0.000000e+00	0.000000e+00	0.000000e+00	0.000000e+00	0.000000e+00	
268.384096	246.092347	290.675846	847.148017	6.743719e+06	3.749654e-29	0.000000e+00	1.977304e-12	1.160761e-17	0.000000e+00	0.000000e+00	8.445002e-03	1.089424e-29	9.806568e-04	1.818129e-15	3.856687e-28	5.563750e-23	8.754395e-38	3.138929e-59	0.000000e+00	1.017865e-25	5.421475e-33	1.627508e-48	1.986839e-42	3.038964e-09	4.972889e-03	2.986978e-13	0.000000e+00	0.000000e+00	0.000000e+00	1.051317e-51	2.242107e-19	0.000000e+00	2.988693e-13	0.000000e+00	0.000000e+00	0.000000e+00	0.000000e+00	0.000000e+00	0.000000e+00	0.000000e+00	3.922099e-13	6.123472e-29	3.337781e-30	2.598553e-19	1.101457e-15	1.379423e-19	1.945136e-19	1.109472e-32	2.273031e-04	5.161331e-12	0.000000e+00	0.000000e+00	2.588211e-14	1.839166e-21	0.000000e+00	9.198298e-11	8.420463e-01	2.302068e-31	9.254928e-05	0.000000e+00	5.983695e-25	3.209867e-36	1.577934e-25	2.256086e-13	5.196135e-20	0.000000e+00	0.000000e+00	7.900884e-32	0.000000e+00	0.000000e+00	0.000000e+00	0.000000e+00	0.000000e+00	0.000000e+00	0.000000e+00	1.826432e-16	1.705539e-34	0.000000e+00	0.000000e+00	0.000000e+00	0.000000e+00	0.000000e+00	0.000000e+00	0.000000e+00	0.000000e+00	0.000000e+00	0.000000e+00	0.000000e+00	0.000000e+00	0.000000e+00	0.000000e+00	0.000000e+00	0.000000e+00	0.000000e+00	0.000000e+00	0.000000e+00	0.000000e+00	0.000000e+00	0.000000e+00	0.000000e+00	0.000000e+00	0.000000e+00	0.000000e+00	0.000000e+00	0.000000e+00	0.000000e+00	0.000000e+00	0.000000e+00	0.000000e+00	0.000000e+00	0.000000e+00	0.000000e+00	0.000000e+00	0.000000e+00	0.000000e+00	0.000000e+00	0.000000e+00	0.000000e+00	0.000000e+00	
312.355125	290.675846	334.034404	823.892102	5.534234e+06	6.128662e-30	0.000000e+00	8.942110e-13	4.065163e-18	0.000000e+00	0.000000e+00	8.445207e-03	1.745338e-30	9.875085e-04	7.707534e-16	9.812548e-29	1.549083e-23	1.136981e-38	1.275073e-60	0.000000e+00	2.503858e-26	1.000348e-33	1.383969e-49	1.149506e-43	1.820449e-09	4.972806e-03	1.545530e-13	0.000000e+00	0.000000e+00	0.000000e+00	3.193735e-53	6.609143e-20	0.000000e+00	1.518340e-13	0.000000e+00	0.000000e+00	0.000000e+00	0.000000e+00	0.000000e+00	0.000000e+00	0.000000e+00	1.916837e-13	9.910829e-30	5.952508e-31	9.287708e-20	6.517152e-16	5.500615e-20	9.610521e-20	2.990932e-33	2.273035e-04	2.947079e-12	0.000000e+00	0.000000e+00	1.552062e-14	5.598622e-22	0.000000e+00	6.325465e-11	8.420425e-01	3.831863e-32	8.911524e-05	0.000000e+00	1.299200e-25	2.796702e-37	2.898837e-26	1.001011e-13	1.536484e-20	0.000000e+00	0.000000e+00	9.411763e-33	0.000000e+00	0.000000e+00	0.000000e+00	0.000000e+00	0.000000e+00	0.000000e+00	0.000000e+00	8.553273e-17	5.388829e-35	0.000000e+00	0.000000e+00	0.000000e+00	0.000000e+00	0.000000e+00	0.000000e+00	0.000000e+00	0.000000e+00	0.000000e+00	0.000000e+00	0.000000e+00	0.000000e+00	0.000000e+00	0.000000e+00	0.000000e+00	0.000000e+00	0.000000e+00	0.000000e+00	0.000000e+00	0.000000e+00	0.000000e+00	0.000000e+00	0.000000e+00	0.000000e+00	0.000000e+00	0.000000e+00	0.000000e+00	0.000000e+00	0.000000e+00	0.000000e+00	0.000000e+00	0.000000e+00	0.000000e+00	0.000000e+00	0.000000e+00	0.000000e+00	0.000000e+00	0.000000e+00	0.000000e+00	0.000000e+00	0.000000e+00	0.000000e+00	
355.147878	334.034404	376.261352	802.399850	4.541670e+06	1.052396e-30	0.000000e+00	4.134116e-13	1.464283e-18	0.000000e+00	0.000000e+00	8.445102e-03	2.941683e-31	9.927615e-04	3.339294e-16	2.601077e-29	4.477204e-24	1.562096e-39	5.640353e-62	0.000000e+00	6.397233e-27	1.931668e-34	1.255743e-50	7.199658e-45	1.115389e-09	4.972901e-03	8.168968e-14	0.000000e+00	0.000000e+00	0.000000e+00	1.072184e-54	2.027945e-20	0.000000e+00	7.884029e-14	0.000000e+00	0.000000e+00	0.000000e+00	0.000000e+00	0.000000e+00	0.000000e+00	0.000000e+00	9.616281e-14	1.695119e-30	1.119984e-31	3.421103e-20	3.925549e-16	2.254824e-20	4.857786e-20	8.376147e-34	2.273044e-04	1.710126e-12	0.000000e+00	0.000000e+00	9.523751e-15	1.771865e-22	0.000000e+00	4.436456e-11	8.420394e-01	6.698595e-33	8.650007e-05	0.000000e+00	2.937930e-26	2.605200e-38	5.577116e-27	4.541429e-14	4.716024e-21	0.000000e+00	0.000000e+00	1.195625e-33	0.000000e+00	0.000000e+00	0.000000e+00	0.000000e+00	0.000000e+00	0.000000e+00	0.000000e+00	4.117187e-17	1.755216e-35	0.000000e+00	0.000000e+00	0.000000e+00	0.000000e+00	0.000000e+00	0.000000e+00	0.000000e+00	0.000000e+00	0.000000e+00	0.000000e+00	0.000000e+00	0.000000e+00	0.000000e+00	0.000000e+00	0.000000e+00	0.000000e+00	0.000000e+00	0.000000e+00	0.000000e+00	0.000000e+00	0.000000e+00	0.000000e+00	0.000000e+00	0.000000e+00	0.000000e+00	0.000000e+00	0.000000e+00	0.000000e+00	0.000000e+00	0.000000e+00	0.000000e+00	0.000000e+00	0.000000e+00	0.000000e+00	0.000000e+00	0.000000e+00	0.000000e+00	0.000000e+00	0.000000e+00	0.000000e+00	0.000000e+00	0.000000e+00	
396.845359	376.261352	417.429366	782.281583	3.727123e+06	1.859020e-31	0.000000e+00	1.935612e-13	5.360099e-19	0.000000e+00	0.000000e+00	8.445286e-03	5.103889e-32	9.970743e-04	1.464701e-16	7.060456e-30	1.322124e-24	2.216877e-40	2.620914e-63	0.000000e+00	1.670442e-27	3.829632e-35	1.183097e-51	4.717960e-46	6.923950e-10	4.973062e-03	4.371306e-14	0.000000e+00	0.000000e+00	0.000000e+00	3.810616e-56	6.367816e-21	0.000000e+00	4.145758e-14	0.000000e+00	0.000000e+00	0.000000e+00	0.000000e+00	0.000000e+00	0.000000e+00	0.000000e+00	4.897498e-14	2.992087e-31	2.173471e-32	1.282083e-20	2.389036e-16	9.391599e-21	2.488641e-20	2.398929e-34	2.273113e-04	1.001554e-12	0.000000e+00	0.000000e+00	5.923559e-15	5.733924e-23	0.000000e+00	3.148222e-11	8.420335e-01	1.204497e-33	8.435878e-05	0.000000e+00	6.799326e-27	2.521031e-39	1.101569e-27	2.086670e-14	1.478893e-21	0.000000e+00	0.000000e+00	1.575708e-34	0.000000e+00	0.000000e+00	0.000000e+00	0.000000e+00	0.000000e+00	0.000000e+00	0.000000e+00	2.013852e-17	5.823395e-36	0.000000e+00	0.000000e+00	0.000000e+00	0.000000e+00	0.000000e+00	0.000000e+00	0.000000e+00	0.000000e+00	0.000000e+00	0.000000e+00	0.000000e+00	0.000000e+00	0.000000e+00	0.000000e+00	0.000000e+00	0.000000e+00	0.000000e+00	0.000000e+00	0.000000e+00	0.000000e+00	0.000000e+00	0.000000e+00	0.000000e+00	0.000000e+00	0.000000e+00	0.000000e+00	0.000000e+00	0.000000e+00	0.000000e+00	0.000000e+00	0.000000e+00	0.000000e+00	0.000000e+00	0.000000e+00	0.000000e+00	0.000000e+00	0.000000e+00	0.000000e+00	0.000000e+00	0.000000e+00	0.000000e+00	0.000000e+00	
437.508188	417.429366	457.587011	763.085716	3.058664e+06	3.264728e-32	0.000000e+00	9.039986e-14	1.955410e-19	0.000000e+00	0.000000e+00	8.445397e-03	8.799997e-33	1.001415e-03	6.404988e-17	1.907834e-30	3.886979e-25	3.125730e-41	1.206361e-64	0.000000e+00	4.341944e-28	7.555054e-36	1.107036e-52	3.061275e-47	4.287845e-10	4.973156e-03	2.333795e-14	0.000000e+00	0.000000e+00	0.000000e+00	1.337592e-57	1.990695e-21	0.000000e+00	2.175016e-14	0.000000e+00	0.000000e+00	0.000000e+00	0.000000e+00	0.000000e+00	0.000000e+00	0.000000e+00	2.486897e-14	5.244765e-32	4.192907e-33	4.787220e-21	1.450895e-16	3.899437e-21	1.272296e-20	6.847081e-35	2.273084e-04	5.853840e-13	0.000000e+00	0.000000e+00	3.676913e-15	1.846808e-23	0.000000e+00	2.230742e-11	8.420321e-01	2.153551e-34	8.219612e-05	0.000000e+00	1.565337e-27	2.419178e-40	2.163078e-28	9.560789e-15	4.617549e-22	0.000000e+00	0.000000e+00	2.060452e-35	0.000000e+00	0.000000e+00	0.000000e+00	0.000000e+00	0.000000e+00	0.000000e+00	0.000000e+00	9.823105e-18	1.929357e-36	0.000000e+00	0.000000e+00	0.000000e+00	0.000000e+00	0.000000e+00	0.000000e+00	0.000000e+00	0.000000e+00	0.000000e+00	0.000000e+00	0.000000e+00	0.000000e+00	0.000000e+00	0.000000e+00	0.000000e+00	0.000000e+00	0.000000e+00	0.000000e+00	0.000000e+00	0.000000e+00	0.000000e+00	0.000000e+00	0.000000e+00	0.000000e+00	0.000000e+00	0.000000e+00	0.000000e+00	0.000000e+00	0.000000e+00	0.000000e+00	0.000000e+00	0.000000e+00	0.000000e+00	0.000000e+00	0.000000e+00	0.000000e+00	0.000000e+00	0.000000e+00	0.000000e+00	0.000000e+00	0.000000e+00	0.000000e+00	
477.173035	457.587011	496.759060	744.359512	2.510093e+06	5.462750e-33	0.000000e+00	4.132745e-14	6.938498e-20	0.000000e+00	0.000000e+00	8.445186e-03	1.442855e-33	1.006891e-03	2.738947e-17	4.953822e-31	1.101503e-25	4.171491e-42	5.112877e-66	0.000000e+00	1.087114e-28	1.426480e-36	9.734299e-54	1.836187e-48	2.598515e-10	4.972739e-03	1.220746e-14	0.000000e+00	0.000000e+00	0.000000e+00	4.252638e-59	5.986968e-22	0.000000e+00	1.117471e-14	0.000000e+00	0.000000e+00	0.000000e+00	0.000000e+00	0.000000e+00	0.000000e+00	0.000000e+00	1.231010e-14	8.701349e-33	7.679604e-34	1.735529e-21	8.660939e-17	1.576398e-21	6.368841e-21	1.886669e-35	2.273071e-04	3.367417e-13	0.000000e+00	0.000000e+00	2.234618e-15	5.725206e-24	0.000000e+00	1.552765e-11	8.420300e-01	3.670615e-35	7.944496e-05	0.000000e+00	3.459728e-28	2.172371e-41	4.056724e-29	4.284544e-15	1.390140e-22	0.000000e+00	0.000000e+00	2.528839e-36	0.000000e+00	0.000000e+00	0.000000e+00	0.000000e+00	0.000000e+00	0.000000e+00	0.000000e+00	4.667451e-18	6.230443e-37	0.000000e+00	0.000000e+00	0.000000e+00	0.000000e+00	0.000000e+00	0.000000e+00	0.000000e+00	0.000000e+00	0.000000e+00	0.000000e+00	0.000000e+00	0.000000e+00	0.000000e+00	0.000000e+00	0.000000e+00	0.000000e+00	0.000000e+00	0.000000e+00	0.000000e+00	0.000000e+00	0.000000e+00	0.000000e+00	0.000000e+00	0.000000e+00	0.000000e+00	0.000000e+00	0.000000e+00	0.000000e+00	0.000000e+00	0.000000e+00	0.000000e+00	0.000000e+00	0.000000e+00	0.000000e+00	0.000000e+00	0.000000e+00	0.000000e+00	0.000000e+00	0.000000e+00	0.000000e+00	0.000000e+00	0.000000e+00	
515.852330	496.759060	534.945600	725.636472	2.059909e+06	8.258875e-34	0.000000e+00	1.806242e-14	2.323229e-20	0.000000e+00	0.000000e+00	8.445436e-03	2.128826e-34	1.014827e-03	1.117897e-17	1.182576e-31	2.889569e-26	4.960089e-43	1.821618e-67	0.000000e+00	2.516205e-29	2.455629e-37	7.508164e-55	9.344822e-50	1.505127e-10	4.973081e-03	6.118356e-15	0.000000e+00	0.000000e+00	0.000000e+00	1.099545e-60	1.660651e-22	0.000000e+00	5.497007e-15	0.000000e+00	0.000000e+00	0.000000e+00	0.000000e+00	0.000000e+00	0.000000e+00	0.000000e+00	5.776304e-15	1.286865e-33	1.261334e-34	5.913765e-22	4.985733e-17	6.024939e-22	3.048958e-21	4.824744e-36	2.273090e-04	1.873541e-13	0.000000e+00	0.000000e+00	1.298847e-15	1.638592e-24	0.000000e+00	1.041044e-11	8.420234e-01	5.659323e-36	7.547683e-05	0.000000e+00	7.021049e-29	1.698206e-42	6.912855e-30	1.833625e-15	3.878257e-23	0.000000e+00	0.000000e+00	2.719191e-37	0.000000e+00	0.000000e+00	0.000000e+00	0.000000e+00	0.000000e+00	0.000000e+00	0.000000e+00	2.098778e-18	1.903709e-37	0.000000e+00	0.000000e+00	0.000000e+00	0.000000e+00	0.000000e+00	0.000000e+00	0.000000e+00	0.000000e+00	0.000000e+00	0.000000e+00	0.000000e+00	0.000000e+00	0.000000e+00	0.000000e+00	0.000000e+00	0.000000e+00	0.000000e+00	0.000000e+00	0.000000e+00	0.000000e+00	0.000000e+00	0.000000e+00	0.000000e+00	0.000000e+00	0.000000e+00	0.000000e+00	0.000000e+00	0.000000e+00	0.000000e+00	0.000000e+00	0.000000e+00	0.000000e+00	0.000000e+00	0.000000e+00	0.000000e+00	0.000000e+00	0.000000e+00	0.000000e+00	0.000000e+00	0.000000e+00	0.000000e+00	0.000000e+00	
553.533099	534.945600	572.120599	706.420364	1.690464e+06	1.054132e-34	0.000000e+00	7.323449e-15	7.060662e-21	0.000000e+00	0.000000e+00	8.445450e-03	2.633222e-35	1.026569e-03	4.220395e-18	2.450846e-32	6.660580e-27	4.860900e-44	4.853046e-69	0.000000e+00	5.105947e-30	3.620196e-38	4.648511e-56	3.615365e-51	8.079937e-11	4.973141e-03	2.853996e-15	0.000000e+00	0.000000e+00	0.000000e+00	2.013000e-62	4.021649e-23	0.000000e+00	2.512935e-15	0.000000e+00	0.000000e+00	0.000000e+00	0.000000e+00	0.000000e+00	0.000000e+00	0.000000e+00	2.477153e-15	1.570247e-34	1.725444e-35	1.817145e-22	2.701088e-17	2.096380e-22	1.354102e-21	1.088383e-36	2.273081e-04	9.859599e-14	0.000000e+00	0.000000e+00	7.002346e-16	4.103359e-25	0.000000e+00	6.549817e-12	8.420168e-01	7.379073e-37	6.961615e-05	0.000000e+00	1.235437e-29	1.053345e-43	1.003810e-30	7.265150e-16	9.524487e-24	0.000000e+00	0.000000e+00	2.343697e-38	0.000000e+00	0.000000e+00	0.000000e+00	0.000000e+00	0.000000e+00	0.000000e+00	0.000000e+00	8.598624e-19	5.295848e-38	0.000000e+00	0.000000e+00	0.000000e+00	0.000000e+00	0.000000e+00	0.000000e+00	0.000000e+00	0.000000e+00	0.000000e+00	0.000000e+00	0.000000e+00	0.000000e+00	0.000000e+00	0.000000e+00	0.000000e+00	0.000000e+00	0.000000e+00	0.000000e+00	0.000000e+00	0.000000e+00	0.000000e+00	0.000000e+00	0.000000e+00	0.000000e+00	0.000000e+00	0.000000e+00	0.000000e+00	0.000000e+00	0.000000e+00	0.000000e+00	0.000000e+00	0.000000e+00	0.000000e+00	0.000000e+00	0.000000e+00	0.000000e+00	0.000000e+00	0.000000e+00	0.000000e+00	0.000000e+00	0.000000e+00	0.000000e+00	
590.178393	572.120599	608.236186	686.298042	1.387280e+06	1.057347e-35	0.000000e+00	2.668349e-15	1.869562e-21	0.000000e+00	0.000000e+00	8.445642e-03	2.531906e-36	1.042899e-03	1.424671e-18	4.145694e-33	1.276027e-27	3.614546e-45	8.541182e-71	0.000000e+00	8.584092e-31	4.276449e-39	2.103043e-57	9.468684e-53	3.893063e-11	4.973023e-03	1.202017e-15	0.000000e+00	0.000000e+00	0.000000e+00	2.255025e-64	8.028831e-24	0.000000e+00	1.035019e-15	0.000000e+00	0.000000e+00	0.000000e+00	0.000000e+00	0.000000e+00	0.000000e+00	0.000000e+00	9.337505e-16	1.456038e-35	1.817797e-36	4.819694e-23	1.342404e-17	6.382582e-23	5.405069e-22	2.053964e-37	2.273162e-04	4.793797e-14	0.000000e+00	0.000000e+00	3.392059e-16	8.497524e-26	0.000000e+00	3.764689e-12	8.420059e-01	7.580074e-38	6.144725e-05	0.000000e+00	1.772906e-30	4.700862e-45	1.160855e-31	2.579676e-16	1.951080e-24	0.000000e+00	0.000000e+00	1.474662e-39	0.000000e+00	0.000000e+00	0.000000e+00	0.000000e+00	0.000000e+00	0.000000e+00	0.000000e+00	3.082974e-19	1.289042e-38	0.000000e+00	0.000000e+00	0.000000e+00	0.000000e+00	0.000000e+00	0.000000e+00	0.000000e+00	0.000000e+00	0.000000e+00	0.000000e+00	0.000000e+00	0.000000e+00	0.000000e+00	0.000000e+00	0.000000e+00	0.000000e+00	0.000000e+00	0.000000e+00	0.000000e+00	0.000000e+00	0.000000e+00	0.000000e+00	0.000000e+00	0.000000e+00	0.000000e+00	0.000000e+00	0.000000e+00	0.000000e+00	0.000000e+00	0.000000e+00	0.000000e+00	0.000000e+00	0.000000e+00	0.000000e+00	0.000000e+00	0.000000e+00	0.000000e+00	0.000000e+00	0.000000e+00	0.000000e+00	0.000000e+00	0.000000e+00	
625.735155	608.236186	643.234124	665.065179	1.138472e+06	7.852008e-37	0.000000e+00	8.508906e-16	4.168218e-22	0.000000e+00	0.000000e+00	8.445873e-03	1.775327e-37	1.063488e-03	4.176109e-19	5.426789e-34	1.937930e-28	1.901830e-46	8.948680e-73	0.000000e+00	1.139487e-31	3.826078e-40	6.423528e-59	1.524379e-54	1.639444e-11	4.973262e-03	4.457586e-16	0.000000e+00	0.000000e+00	0.000000e+00	1.369166e-66	1.260137e-24	0.000000e+00	3.744177e-16	0.000000e+00	0.000000e+00	0.000000e+00	0.000000e+00	0.000000e+00	0.000000e+00	0.000000e+00	2.992566e-16	9.572674e-37	1.380799e-37	1.063956e-23	5.990585e-18	1.645003e-23	1.888613e-22	3.102815e-38	2.273241e-04	2.111528e-14	0.000000e+00	0.000000e+00	1.438181e-16	1.388574e-26	0.000000e+00	1.933581e-12	8.419906e-01	5.782836e-39	5.118760e-05	0.000000e+00	1.969700e-31	1.391437e-46	1.010682e-32	7.989889e-17	3.187979e-25	0.000000e+00	0.000000e+00	6.267831e-41	0.000000e+00	0.000000e+00	0.000000e+00	0.000000e+00	0.000000e+00	0.000000e+00	0.000000e+00	9.347458e-20	2.656440e-39	0.000000e+00	0.000000e+00	0.000000e+00	0.000000e+00	0.000000e+00	0.000000e+00	0.000000e+00	0.000000e+00	0.000000e+00	0.000000e+00	0.000000e+00	0.000000e+00	0.000000e+00	0.000000e+00	0.000000e+00	0.000000e+00	0.000000e+00	0.000000e+00	0.000000e+00	0.000000e+00	0.000000e+00	0.000000e+00	0.000000e+00	0.000000e+00	0.000000e+00	0.000000e+00	0.000000e+00	0.000000e+00	0.000000e+00	0.000000e+00	0.000000e+00	0.000000e+00	0.000000e+00	0.000000e+00	0.000000e+00	0.000000e+00	0.000000e+00	0.000000e+00	0.000000e+00	0.000000e+00	0.000000e+00	0.000000e+00	
660.145132	643.234124	677.056140	642.722503	9.342870e+05	4.131411e-38	0.000000e+00	2.328953e-16	7.630417e-23	0.000000e+00	0.000000e+00	8.445959e-03	8.647337e-39	1.086494e-03	1.038645e-19	5.270885e-35	2.250018e-29	6.716125e-48	5.162636e-75	0.000000e+00	1.151044e-32	2.483930e-41	1.248044e-60	1.404798e-56	5.917394e-12	4.973574e-03	1.428789e-16	0.000000e+00	0.000000e+00	0.000000e+00	4.119240e-69	1.501316e-25	0.000000e+00	1.167307e-16	0.000000e+00	0.000000e+00	0.000000e+00	0.000000e+00	0.000000e+00	0.000000e+00	0.000000e+00	7.945031e-17	4.232989e-38	7.193536e-39	1.903078e-24	2.363214e-18	3.502955e-24	5.666722e-23	3.633369e-39	2.273324e-04	8.305004e-15	0.000000e+00	0.000000e+00	5.235488e-17	1.729620e-27	0.000000e+00	8.731804e-13	8.419735e-01	3.137119e-40	3.971908e-05	0.000000e+00	1.627935e-32	2.572141e-48	6.354618e-34	2.115752e-17	4.020039e-26	0.000000e+00	0.000000e+00	1.699229e-42	0.000000e+00	0.000000e+00	0.000000e+00	0.000000e+00	0.000000e+00	0.000000e+00	0.000000e+00	2.333509e-20	4.526485e-40	0.000000e+00	0.000000e+00	0.000000e+00	0.000000e+00	0.000000e+00	0.000000e+00	0.000000e+00	0.000000e+00	0.000000e+00	0.000000e+00	0.000000e+00	0.000000e+00	0.000000e+00	0.000000e+00	0.000000e+00	0.000000e+00	0.000000e+00	0.000000e+00	0.000000e+00	0.000000e+00	0.000000e+00	0.000000e+00	0.000000e+00	0.000000e+00	0.000000e+00	0.000000e+00	0.000000e+00	0.000000e+00	0.000000e+00	0.000000e+00	0.000000e+00	0.000000e+00	0.000000e+00	0.000000e+00	0.000000e+00	0.000000e+00	0.000000e+00	0.000000e+00	0.000000e+00	0.000000e+00	0.000000e+00	0.000000e+00	
693.356980	677.056140	709.657819	619.536252	7.667228e+05	1.521649e-39	0.000000e+00	5.442305e-17	1.139002e-23	0.000000e+00	0.000000e+00	8.446349e-03	2.880340e-40	1.108927e-03	2.172600e-20	3.739616e-36	1.973164e-30	1.565777e-49	1.602446e-77	0.000000e+00	8.739765e-34	1.154318e-42	1.514925e-62	7.264166e-59	1.821231e-12	4.973414e-03	3.938795e-17	0.000000e+00	0.000000e+00	0.000000e+00	5.988944e-72	1.344823e-26	0.000000e+00	3.120226e-17	0.000000e+00	0.000000e+00	0.000000e+00	0.000000e+00	0.000000e+00	0.000000e+00	0.000000e+00	1.731325e-17	1.237859e-39	2.530427e-40	2.737676e-25	8.205863e-19	6.122679e-25	1.453024e-23	3.271370e-40	2.273315e-04	2.905029e-15	0.000000e+00	0.000000e+00	1.628508e-17	1.626608e-28	0.000000e+00	3.453586e-13	8.419609e-01	1.195936e-41	2.848530e-05	0.000000e+00	9.876066e-34	2.919591e-50	2.851776e-35	4.762948e-18	3.877195e-27	0.000000e+00	0.000000e+00	2.891730e-44	0.000000e+00	0.000000e+00	0.000000e+00	0.000000e+00	0.000000e+00	0.000000e+00	0.000000e+00	4.752698e-21	6.344218e-41	0.000000e+00	0.000000e+00	0.000000e+00	0.000000e+00	0.000000e+00	0.000000e+00	0.000000e+00	0.000000e+00	0.000000e+00	0.000000e+00	0.000000e+00	0.000000e+00	0.000000e+00	0.000000e+00	0.000000e+00	0.000000e+00	0.000000e+00	0.000000e+00	0.000000e+00	0.000000e+00	0.000000e+00	0.000000e+00	0.000000e+00	0.000000e+00	0.000000e+00	0.000000e+00	0.000000e+00	0.000000e+00	0.000000e+00	0.000000e+00	0.000000e+00	0.000000e+00	0.000000e+00	0.000000e+00	0.000000e+00	0.000000e+00	0.000000e+00	0.000000e+00	0.000000e+00	0.000000e+00	0.000000e+00	0.000000e+00	
725.337781	709.657819	741.017744	595.937092	6.292112e+05	3.988811e-41	0.000000e+00	1.093895e-17	1.399501e-24	0.000000e+00	0.000000e+00	8.446264e-03	6.663681e-42	1.128170e-03	3.843773e-21	1.959244e-37	1.321551e-31	2.452382e-51	2.750061e-80	0.000000e+00	5.044323e-35	3.893336e-44	1.172499e-64	2.165423e-61	4.818493e-13	4.973683e-03	9.409034e-18	0.000000e+00	0.000000e+00	0.000000e+00	4.354851e-75	9.187449e-28	0.000000e+00	7.208174e-18	0.000000e+00	0.000000e+00	0.000000e+00	0.000000e+00	0.000000e+00	0.000000e+00	0.000000e+00	3.120596e-18	2.435844e-41	6.113509e-42	3.200140e-26	2.523981e-19	8.867183e-26	3.209334e-24	2.294767e-41	2.273373e-04	9.087364e-16	0.000000e+00	0.000000e+00	4.364891e-18	1.170847e-29	0.000000e+00	1.204953e-13	8.419489e-01	3.257105e-43	1.887650e-05	0.000000e+00	4.451334e-35	2.081719e-52	9.280234e-37	9.186236e-19	2.897380e-28	0.000000e+00	0.000000e+00	3.158911e-46	0.000000e+00	0.000000e+00	0.000000e+00	0.000000e+00	0.000000e+00	0.000000e+00	0.000000e+00	7.962662e-22	7.392479e-42	0.000000e+00	0.000000e+00	0.000000e+00	0.000000e+00	0.000000e+00	0.000000e+00	0.000000e+00	0.000000e+00	0.000000e+00	0.000000e+00	0.000000e+00	0.000000e+00	0.000000e+00	0.000000e+00	0.000000e+00	0.000000e+00	0.000000e+00	0.000000e+00	0.000000e+00	0.000000e+00	0.000000e+00	0.000000e+00	0.000000e+00	0.000000e+00	0.000000e+00	0.000000e+00	0.000000e+00	0.000000e+00	0.000000e+00	0.000000e+00	0.000000e+00	0.000000e+00	0.000000e+00	0.000000e+00	0.000000e+00	0.000000e+00	0.000000e+00	0.000000e+00	0.000000e+00	0.000000e+00	0.000000e+00	0.000000e+00	
756.078324	741.017744	771.138904	572.400490	5.163623e+05	7.723871e-43	0.000000e+00	1.922683e-18	1.445885e-25	0.000000e+00	0.000000e+00	8.446422e-03	1.112542e-43	1.142628e-03	5.847463e-22	7.818998e-39	6.954302e-33	2.692706e-53	2.782756e-83	0.000000e+00	2.277584e-36	9.863861e-46	6.076008e-67	3.950134e-64	1.114789e-13	4.973513e-03	1.979043e-18	0.000000e+00	0.000000e+00	0.000000e+00	1.707505e-78	4.932458e-29	0.000000e+00	1.462506e-18	0.000000e+00	0.000000e+00	0.000000e+00	0.000000e+00	0.000000e+00	0.000000e+00	0.000000e+00	4.744892e-19	3.362630e-43	1.056297e-43	3.109139e-27	6.969491e-20	1.086412e-26	6.212011e-25	1.290613e-42	2.273348e-04	2.573146e-16	0.000000e+00	0.000000e+00	1.025608e-18	6.642331e-31	0.000000e+00	3.763997e-14	8.419433e-01	6.576301e-45	1.163162e-05	0.000000e+00	1.537125e-36	9.804372e-55	2.267271e-38	1.543447e-19	1.725523e-29	0.000000e+00	0.000000e+00	2.324680e-48	0.000000e+00	0.000000e+00	0.000000e+00	0.000000e+00	0.000000e+00	0.000000e+00	0.000000e+00	1.120427e-22	7.324825e-43	0.000000e+00	0.000000e+00	0.000000e+00	0.000000e+00	0.000000e+00	0.000000e+00	0.000000e+00	0.000000e+00	0.000000e+00	0.000000e+00	0.000000e+00	0.000000e+00	0.000000e+00	0.000000e+00	0.000000e+00	0.000000e+00	0.000000e+00	0.000000e+00	0.000000e+00	0.000000e+00	0.000000e+00	0.000000e+00	0.000000e+00	0.000000e+00	0.000000e+00	0.000000e+00	0.000000e+00	0.000000e+00	0.000000e+00	0.000000e+00	0.000000e+00	0.000000e+00	0.000000e+00	0.000000e+00	0.000000e+00	0.000000e+00	0.000000e+00	0.000000e+00	0.000000e+00	0.000000e+00	0.000000e+00	0.000000e+00	
785.592568	771.138904	800.046232	549.333904	4.237528e+05	1.154164e-44	0.000000e+00	3.013111e-19	1.287775e-26	0.000000e+00	0.000000e+00	8.446392e-03	1.404813e-45	1.152476e-03	7.813611e-23	2.473518e-40	2.977562e-34	2.182468e-55	1.793177e-86	0.000000e+00	8.335134e-38	1.957383e-47	2.235796e-69	4.733274e-67	2.301527e-14	4.973768e-03	3.735521e-19	0.000000e+00	0.000000e+00	0.000000e+00	3.948266e-82	2.157163e-30	0.000000e+00	2.657949e-19	0.000000e+00	0.000000e+00	0.000000e+00	0.000000e+00	0.000000e+00	0.000000e+00	0.000000e+00	6.241882e-20	3.427971e-45	1.371431e-45	2.578910e-28	1.755617e-20	1.153965e-27	1.074997e-25	6.016776e-44	2.273373e-04	6.691118e-17	0.000000e+00	0.000000e+00	2.156279e-19	3.075766e-32	0.000000e+00	1.071160e-14	8.419340e-01	1.027971e-46	6.737290e-06	0.000000e+00	4.224467e-38	3.237807e-57	4.334353e-40	2.304888e-20	8.467609e-31	0.000000e+00	0.000000e+00	1.220936e-50	0.000000e+00	0.000000e+00	0.000000e+00	0.000000e+00	0.000000e+00	0.000000e+00	0.000000e+00	1.359388e-23	6.332533e-44	0.000000e+00	0.000000e+00	0.000000e+00	0.000000e+00	0.000000e+00	0.000000e+00	0.000000e+00	0.000000e+00	0.000000e+00	0.000000e+00	0.000000e+00	0.000000e+00	0.000000e+00	0.000000e+00	0.000000e+00	0.000000e+00	0.000000e+00	0.000000e+00	0.000000e+00	0.000000e+00	0.000000e+00	0.000000e+00	0.000000e+00	0.000000e+00	0.000000e+00	0.000000e+00	0.000000e+00	0.000000e+00	0.000000e+00	0.000000e+00	0.000000e+00	0.000000e+00	0.000000e+00	0.000000e+00	0.000000e+00	0.000000e+00	0.000000e+00	0.000000e+00	0.000000e+00	0.000000e+00	0.000000e+00	0.000000e+00	
813.913651	800.046232	827.781070	527.054262	3.477529e+05	1.394058e-46	0.000000e+00	4.297668e-20	1.015349e-27	0.000000e+00	0.000000e+00	8.446690e-03	1.410518e-47	1.158504e-03	9.384449e-24	6.475248e-42	1.076959e-35	1.379862e-57	7.988032e-90	0.000000e+00	2.568270e-39	3.181808e-49	6.220329e-72	4.014782e-70	4.330954e-15	4.973927e-03	6.454502e-20	0.000000e+00	0.000000e+00	0.000000e+00	5.916060e-86	7.977781e-32	0.000000e+00	4.414949e-20	0.000000e+00	0.000000e+00	0.000000e+00	0.000000e+00	0.000000e+00	0.000000e+00	0.000000e+00	7.296953e-21	2.725010e-47	1.410096e-47	1.878708e-29	4.102744e-21	1.090513e-28	1.698776e-26	2.408590e-45	2.273480e-04	1.622399e-17	0.000000e+00	0.000000e+00	4.143541e-20	1.205956e-33	0.000000e+00	2.827842e-15	8.419285e-01	1.302668e-48	3.713475e-06	0.000000e+00	9.624695e-40	7.984957e-60	6.772394e-42	3.124032e-21	3.546231e-32	0.000000e+00	0.000000e+00	4.861696e-53	0.000000e+00	0.000000e+00	0.000000e+00	0.000000e+00	0.000000e+00	0.000000e+00	0.000000e+00	1.462416e-24	4.908467e-45	0.000000e+00	0.000000e+00	0.000000e+00	0.000000e+00	0.000000e+00	0.000000e+00	0.000000e+00	0.000000e+00	0.000000e+00	0.000000e+00	0.000000e+00	0.000000e+00	0.000000e+00	0.000000e+00	0.000000e+00	0.000000e+00	0.000000e+00	0.000000e+00	0.000000e+00	0.000000e+00	0.000000e+00	0.000000e+00	0.000000e+00	0.000000e+00	0.000000e+00	0.000000e+00	0.000000e+00	0.000000e+00	0.000000e+00	0.000000e+00	0.000000e+00	0.000000e+00	0.000000e+00	0.000000e+00	0.000000e+00	0.000000e+00	0.000000e+00	0.000000e+00	0.000000e+00	0.000000e+00	0.000000e+00	0.000000e+00	
841.087115	827.781070	854.393160	505.716636	2.853835e+05	1.402059e-48	0.000000e+00	5.653304e-21	7.207953e-29	0.000000e+00	0.000000e+00	8.446601e-03	1.163818e-49	1.162016e-03	1.028853e-24	1.444019e-43	3.372961e-37	7.054811e-60	1.882630e-90	0.000000e+00	6.831880e-41	4.362965e-51	1.362917e-74	2.529284e-73	7.530363e-16	4.973760e-03	1.034006e-20	0.000000e+00	0.000000e+00	0.000000e+00	6.103757e-90	2.556004e-33	0.000000e+00	6.790705e-21	0.000000e+00	0.000000e+00	0.000000e+00	0.000000e+00	0.000000e+00	0.000000e+00	0.000000e+00	7.718584e-22	1.750661e-49	1.188456e-49	1.223964e-30	8.989717e-22	9.320749e-30	2.484365e-27	8.466276e-47	2.273415e-04	3.703784e-18	0.000000e+00	0.000000e+00	7.377069e-21	4.099124e-35	0.000000e+00	7.006143e-16	8.419290e-01	1.378171e-50	1.966020e-06	0.000000e+00	1.867381e-41	1.531350e-62	8.894743e-44	3.895433e-22	1.296367e-33	0.000000e+00	0.000000e+00	1.526098e-55	0.000000e+00	0.000000e+00	0.000000e+00	0.000000e+00	0.000000e+00	0.000000e+00	0.000000e+00	1.421299e-25	3.469934e-46	0.000000e+00	0.000000e+00	0.000000e+00	0.000000e+00	0.000000e+00	0.000000e+00	0.000000e+00	0.000000e+00	0.000000e+00	0.000000e+00	0.000000e+00	0.000000e+00	0.000000e+00	0.000000e+00	0.000000e+00	0.000000e+00	0.000000e+00	0.000000e+00	0.000000e+00	0.000000e+00	0.000000e+00	0.000000e+00	0.000000e+00	0.000000e+00	0.000000e+00	0.000000e+00	0.000000e+00	0.000000e+00	0.000000e+00	0.000000e+00	0.000000e+00	0.000000e+00	0.000000e+00	0.000000e+00	0.000000e+00	0.000000e+00	0.000000e+00	0.000000e+00	0.000000e+00	0.000000e+00	0.000000e+00	0.000000e+00	
867.159346	854.393160	879.925532	485.201190	2.342000e+05	1.143287e-50	0.000000e+00	6.777630e-22	4.537568e-30	0.000000e+00	0.000000e+00	8.446844e-03	7.677496e-52	1.163972e-03	1.017261e-25	2.686347e-45	8.968794e-39	2.831611e-62	1.882668e-90	0.000000e+00	1.537648e-42	4.929371e-53	2.274347e-77	1.133479e-76	1.196246e-16	4.973834e-03	1.519287e-21	0.000000e+00	0.000000e+00	0.000000e+00	1.882668e-90	6.949486e-35	0.000000e+00	9.566577e-22	0.000000e+00	0.000000e+00	0.000000e+00	0.000000e+00	0.000000e+00	0.000000e+00	0.000000e+00	7.290366e-23	8.823729e-52	7.987278e-52	7.016798e-32	1.830097e-22	7.101943e-31	3.325451e-28	2.564758e-48	2.273406e-04	7.892223e-19	0.000000e+00	0.000000e+00	1.203783e-21	1.183386e-36	0.000000e+00	1.614462e-16	8.419249e-01	1.185849e-52	9.963036e-07	0.000000e+00	3.017580e-43	2.201935e-65	9.575848e-46	4.415259e-23	4.056450e-35	0.000000e+00	0.000000e+00	3.648873e-58	0.000000e+00	0.000000e+00	0.000000e+00	0.000000e+00	0.000000e+00	0.000000e+00	0.000000e+00	1.231304e-26	2.207864e-47	0.000000e+00	0.000000e+00	0.000000e+00	0.000000e+00	0.000000e+00	0.000000e+00	0.000000e+00	0.000000e+00	0.000000e+00	0.000000e+00	0.000000e+00	0.000000e+00	0.000000e+00	0.000000e+00	0.000000e+00	0.000000e+00	0.000000e+00	0.000000e+00	0.000000e+00	0.000000e+00	0.000000e+00	0.000000e+00	0.000000e+00	0.000000e+00	0.000000e+00	0.000000e+00	0.000000e+00	0.000000e+00	0.000000e+00	0.000000e+00	0.000000e+00	0.000000e+00	0.000000e+00	0.000000e+00	0.000000e+00	0.000000e+00	0.000000e+00	0.000000e+00	0.000000e+00	0.000000e+00	0.000000e+00	0.000000e+00	
892.168167	879.925532	904.410802	465.302745	1.921963e+05	7.132928e-53	0.000000e+00	7.218173e-23	2.450307e-31	0.000000e+00	0.000000e+00	8.446655e-03	3.810315e-54	1.164996e-03	8.825186e-27	3.970040e-47	1.936463e-40	8.349073e-65	1.882628e-90	0.000000e+00	2.798009e-44	4.351054e-55	2.681001e-80	3.289641e-80	1.692571e-17	4.973781e-03	1.998332e-22	0.000000e+00	0.000000e+00	0.000000e+00	1.882628e-90	1.531636e-36	0.000000e+00	1.204281e-22	0.000000e+00	0.000000e+00	0.000000e+00	0.000000e+00	0.000000e+00	0.000000e+00	0.000000e+00	5.962179e-24	3.265771e-54	4.021889e-54	3.416963e-33	3.391351e-23	4.672268e-32	3.973017e-29	6.419800e-50	2.273442e-04	1.540156e-19	0.000000e+00	0.000000e+00	1.756150e-22	2.773148e-38	0.000000e+00	3.388429e-17	8.419276e-01	7.836356e-55	4.781388e-07	0.000000e+00	3.865352e-45	2.192885e-68	7.999804e-48	4.430656e-24	1.040454e-36	0.000000e+00	0.000000e+00	6.163059e-61	0.000000e+00	0.000000e+00	0.000000e+00	0.000000e+00	0.000000e+00	0.000000e+00	0.000000e+00	9.212563e-28	1.225991e-48	0.000000e+00	0.000000e+00	0.000000e+00	0.000000e+00	0.000000e+00	0.000000e+00	0.000000e+00	0.000000e+00	0.000000e+00	0.000000e+00	0.000000e+00	0.000000e+00	0.000000e+00	0.000000e+00	0.000000e+00	0.000000e+00	0.000000e+00	0.000000e+00	0.000000e+00	0.000000e+00	0.000000e+00	0.000000e+00	0.000000e+00	0.000000e+00	0.000000e+00	0.000000e+00	0.000000e+00	0.000000e+00	0.000000e+00	0.000000e+00	0.000000e+00	0.000000e+00	0.000000e+00	0.000000e+00	0.000000e+00	0.000000e+00	0.000000e+00	0.000000e+00	0.000000e+00	0.000000e+00	0.000000e+00	0.000000e+00	
916.144207	904.410802	927.877613	445.947732	1.577259e+05	3.284893e-55	0.000000e+00	6.721055e-24	1.111964e-32	0.000000e+00	0.000000e+00	8.446543e-03	1.370116e-56	1.165521e-03	6.604132e-28	4.525236e-49	3.303739e-42	1.736508e-67	1.882639e-90	0.000000e+00	4.003278e-46	2.905078e-57	2.132704e-83	5.832959e-84	2.100803e-18	4.973579e-03	2.318698e-23	0.000000e+00	0.000000e+00	0.000000e+00	1.882639e-90	2.660951e-38	0.000000e+00	1.334567e-23	0.000000e+00	0.000000e+00	0.000000e+00	0.000000e+00	0.000000e+00	0.000000e+00	0.000000e+00	4.144143e-25	8.520993e-57	1.460984e-56	1.382759e-34	5.648924e-24	2.602441e-33	4.173736e-30	1.294733e-51	2.273409e-04	2.720193e-20	0.000000e+00	0.000000e+00	2.257050e-23	5.130213e-40	0.000000e+00	6.399391e-18	8.419267e-01	3.839263e-57	2.160001e-07	0.000000e+00	3.806329e-47	1.439765e-71	5.012668e-50	3.872644e-25	2.130467e-38	0.000000e+00	0.000000e+00	7.019696e-64	0.000000e+00	0.000000e+00	0.000000e+00	0.000000e+00	0.000000e+00	0.000000e+00	0.000000e+00	5.842276e-29	5.836865e-50	0.000000e+00	0.000000e+00	0.000000e+00	0.000000e+00	0.000000e+00	0.000000e+00	0.000000e+00	0.000000e+00	0.000000e+00	0.000000e+00	0.000000e+00	0.000000e+00	0.000000e+00	0.000000e+00	0.000000e+00	0.000000e+00	0.000000e+00	0.000000e+00	0.000000e+00	0.000000e+00	0.000000e+00	0.000000e+00	0.000000e+00	0.000000e+00	0.000000e+00	0.000000e+00	0.000000e+00	0.000000e+00	0.000000e+00	0.000000e+00	0.000000e+00	0.000000e+00	0.000000e+00	0.000000e+00	0.000000e+00	0.000000e+00	0.000000e+00	0.000000e+00	0.000000e+00	0.000000e+00	0.000000e+00	0.000000e+00	
939.124764	927.877613	950.371916	427.464747	1.294378e+05	1.219076e-57	0.000000e+00	5.688528e-25	4.459078e-34	0.000000e+00	0.000000e+00	8.447108e-03	3.919275e-59	1.165753e-03	4.447573e-29	4.301134e-51	4.773695e-44	2.823226e-70	1.882725e-90	0.000000e+00	4.832376e-48	1.593996e-59	1.286505e-86	7.283276e-88	2.380535e-19	4.973822e-03	2.464324e-24	0.000000e+00	0.000000e+00	0.000000e+00	1.882725e-90	3.911894e-40	0.000000e+00	1.352975e-24	0.000000e+00	0.000000e+00	0.000000e+00	0.000000e+00	0.000000e+00	0.000000e+00	0.000000e+00	2.571658e-26	1.735582e-59	4.221042e-59	4.906487e-36	8.730859e-25	1.288780e-34	4.010701e-31	2.247115e-53	2.273519e-04	4.475755e-21	0.000000e+00	0.000000e+00	2.659343e-24	8.032469e-42	0.000000e+00	1.124870e-18	8.419194e-01	1.521332e-59	9.370560e-08	0.000000e+00	3.108805e-49	7.025333e-75	2.559539e-52	3.068720e-26	3.721864e-40	0.000000e+00	0.000000e+00	6.048569e-67	0.000000e+00	0.000000e+00	0.000000e+00	0.000000e+00	0.000000e+00	0.000000e+00	0.000000e+00	3.304828e-30	2.504535e-51	0.000000e+00	0.000000e+00	0.000000e+00	0.000000e+00	0.000000e+00	0.000000e+00	0.000000e+00	0.000000e+00	0.000000e+00	0.000000e+00	0.000000e+00	0.000000e+00	0.000000e+00	0.000000e+00	0.000000e+00	0.000000e+00	0.000000e+00	0.000000e+00	0.000000e+00	0.000000e+00	0.000000e+00	0.000000e+00	0.000000e+00	0.000000e+00	0.000000e+00	0.000000e+00	0.000000e+00	0.000000e+00	0.000000e+00	0.000000e+00	0.000000e+00	0.000000e+00	0.000000e+00	0.000000e+00	0.000000e+00	0.000000e+00	0.000000e+00	0.000000e+00	0.000000e+00	0.000000e+00	0.000000e+00	0.000000e+00	
961.164959	950.371916	971.958001	410.207648	1.062232e+05	4.164892e-60	0.000000e+00	4.642839e-26	1.704999e-35	0.000000e+00	0.000000e+00	8.446827e-03	1.027759e-61	1.165872e-03	2.875000e-30	3.831654e-53	6.485611e-46	4.188147e-73	1.882688e-90	0.000000e+00	5.473443e-50	8.140400e-62	7.011789e-90	1.882688e-90	2.613123e-20	4.973894e-03	2.537299e-25	0.000000e+00	0.000000e+00	0.000000e+00	1.882688e-90	5.412353e-42	0.000000e+00	1.328723e-25	0.000000e+00	0.000000e+00	0.000000e+00	0.000000e+00	0.000000e+00	0.000000e+00	0.000000e+00	1.533437e-27	3.219561e-62	1.122817e-61	1.655760e-37	1.312892e-25	6.107095e-36	3.737114e-32	3.700715e-55	2.273466e-04	7.166863e-22	0.000000e+00	0.000000e+00	3.045302e-25	1.181939e-43	0.000000e+00	1.933045e-19	8.419223e-01	5.560975e-62	4.019150e-08	0.000000e+00	2.363390e-51	3.056289e-78	1.207821e-54	2.342052e-27	6.130006e-42	0.000000e+00	0.000000e+00	4.690630e-70	0.000000e+00	0.000000e+00	0.000000e+00	0.000000e+00	0.000000e+00	0.000000e+00	0.000000e+00	1.798591e-31	1.041359e-52	0.000000e+00	0.000000e+00	0.000000e+00	0.000000e+00	0.000000e+00	0.000000e+00	0.000000e+00	0.000000e+00	0.000000e+00	0.000000e+00	0.000000e+00	0.000000e+00	0.000000e+00	0.000000e+00	0.000000e+00	0.000000e+00	0.000000e+00	0.000000e+00	0.000000e+00	0.000000e+00	0.000000e+00	0.000000e+00	0.000000e+00	0.000000e+00	0.000000e+00	0.000000e+00	0.000000e+00	0.000000e+00	0.000000e+00	0.000000e+00	0.000000e+00	0.000000e+00	0.000000e+00	0.000000e+00	0.000000e+00	0.000000e+00	0.000000e+00	0.000000e+00	0.000000e+00	0.000000e+00	0.000000e+00	0.000000e+00	
982.323876	971.958001	992.689751	393.973882	8.717206e+04	1.265931e-62	0.000000e+00	3.599111e-27	6.096151e-37	0.000000e+00	0.000000e+00	8.446427e-03	2.382770e-64	1.165910e-03	1.754631e-31	3.107328e-55	8.069109e-48	5.451275e-76	1.882648e-90	0.000000e+00	5.662480e-52	3.749835e-64	1.882648e-90	1.882648e-90	2.738135e-21	4.973771e-03	2.495437e-26	0.000000e+00	0.000000e+00	0.000000e+00	1.882648e-90	6.860652e-44	0.000000e+00	1.245978e-26	0.000000e+00	0.000000e+00	0.000000e+00	0.000000e+00	0.000000e+00	0.000000e+00	0.000000e+00	8.626778e-29	5.230003e-65	2.650660e-64	5.204915e-39	1.898226e-26	2.718113e-37	3.328387e-33	5.644580e-57	2.273468e-04	1.104474e-22	0.000000e+00	0.000000e+00	3.341410e-26	1.591709e-45	0.000000e+00	3.209208e-20	8.419258e-01	1.813183e-64	1.692959e-08	0.000000e+00	1.623741e-53	1.131159e-81	5.099724e-57	1.695042e-28	9.280797e-44	0.000000e+00	0.000000e+00	3.131819e-73	0.000000e+00	0.000000e+00	0.000000e+00	0.000000e+00	0.000000e+00	0.000000e+00	0.000000e+00	9.243969e-33	4.123156e-54	0.000000e+00	0.000000e+00	0.000000e+00	0.000000e+00	0.000000e+00	0.000000e+00	0.000000e+00	0.000000e+00	0.000000e+00	0.000000e+00	0.000000e+00	0.000000e+00	0.000000e+00	0.000000e+00	0.000000e+00	0.000000e+00	0.000000e+00	0.000000e+00	0.000000e+00	0.000000e+00	0.000000e+00	0.000000e+00	0.000000e+00	0.000000e+00	0.000000e+00	0.000000e+00	0.000000e+00	0.000000e+00	0.000000e+00	0.000000e+00	0.000000e+00	0.000000e+00	0.000000e+00	0.000000e+00	0.000000e+00	0.000000e+00	0.000000e+00	0.000000e+00	0.000000e+00	0.000000e+00	0.000000e+00	0.000000e+00	
1002.629006	992.689751	1012.568261	377.757053	7.153777e+04	2.327244e-65	0.000000e+00	2.233349e-28	1.634293e-38	0.000000e+00	0.000000e+00	8.446529e-03	3.242780e-67	1.165956e-03	8.390130e-33	1.642647e-57	6.804889e-50	3.985688e-79	1.882679e-90	0.000000e+00	3.938014e-54	1.089167e-66	1.882679e-90	1.882679e-90	2.311556e-22	4.974151e-03	1.995136e-27	0.000000e+00	0.000000e+00	0.000000e+00	1.882679e-90	5.869932e-46	0.000000e+00	9.466839e-28	0.000000e+00	0.000000e+00	0.000000e+00	0.000000e+00	0.000000e+00	0.000000e+00	0.000000e+00	3.713190e-30	4.768706e-68	3.650174e-67	1.204327e-40	2.301212e-27	9.184780e-39	2.396767e-34	6.023602e-59	2.273487e-04	1.443043e-23	0.000000e+00	0.000000e+00	2.975046e-27	1.450218e-47	0.000000e+00	4.477347e-21	8.419230e-01	3.602298e-67	6.465915e-09	0.000000e+00	7.223479e-56	2.100473e-85	1.337776e-59	9.762998e-30	9.682722e-46	0.000000e+00	0.000000e+00	1.089870e-76	0.000000e+00	0.000000e+00	0.000000e+00	0.000000e+00	0.000000e+00	0.000000e+00	0.000000e+00	3.619226e-34	1.265906e-55	0.000000e+00	0.000000e+00	0.000000e+00	0.000000e+00	0.000000e+00	0.000000e+00	0.000000e+00	0.000000e+00	0.000000e+00	0.000000e+00	0.000000e+00	0.000000e+00	0.000000e+00	0.000000e+00	0.000000e+00	0.000000e+00	0.000000e+00	0.000000e+00	0.000000e+00	0.000000e+00	0.000000e+00	0.000000e+00	0.000000e+00	0.000000e+00	0.000000e+00	0.000000e+00	0.000000e+00	0.000000e+00	0.000000e+00	0.000000e+00	0.000000e+00	0.000000e+00	0.000000e+00	0.000000e+00	0.000000e+00	0.000000e+00	0.000000e+00	0.000000e+00	0.000000e+00	0.000000e+00	0.000000e+00	0.000000e+00	
1022.049331	1012.568261	1031.530402	360.342643	5.870748e+04	1.390371e-68	0.000000e+00	8.425643e-30	2.302025e-40	0.000000e+00	0.000000e+00	8.446488e-03	1.340514e-70	1.165928e-03	2.327251e-34	3.313560e-60	2.398847e-52	7.994407e-83	1.882626e-90	0.000000e+00	1.124706e-56	1.122577e-69	1.882626e-90	1.882626e-90	1.197999e-23	4.974018e-03	1.000730e-28	0.000000e+00	0.000000e+00	0.000000e+00	1.882626e-90	2.075206e-48	0.000000e+00	4.476413e-29	0.000000e+00	0.000000e+00	0.000000e+00	0.000000e+00	0.000000e+00	0.000000e+00	0.000000e+00	8.738664e-32	1.193261e-71	1.495350e-70	1.404334e-42	1.877904e-28	1.673799e-40	1.067495e-35	2.869966e-61	2.273411e-04	1.303462e-24	0.000000e+00	0.000000e+00	1.648216e-28	5.500515e-50	0.000000e+00	4.202093e-22	8.419272e-01	2.361764e-70	1.972644e-09	0.000000e+00	1.216597e-58	8.358734e-90	1.211562e-62	3.373984e-31	4.380623e-48	0.000000e+00	0.000000e+00	8.815090e-81	0.000000e+00	0.000000e+00	0.000000e+00	0.000000e+00	0.000000e+00	0.000000e+00	0.000000e+00	7.653672e-36	2.173236e-57	0.000000e+00	0.000000e+00	0.000000e+00	0.000000e+00	0.000000e+00	0.000000e+00	0.000000e+00	0.000000e+00	0.000000e+00	0.000000e+00	0.000000e+00	0.000000e+00	0.000000e+00	0.000000e+00	0.000000e+00	0.000000e+00	0.000000e+00	0.000000e+00	0.000000e+00	0.000000e+00	0.000000e+00	0.000000e+00	0.000000e+00	0.000000e+00	0.000000e+00	0.000000e+00	0.000000e+00	0.000000e+00	0.000000e+00	0.000000e+00	0.000000e+00	0.000000e+00	0.000000e+00	0.000000e+00	0.000000e+00	0.000000e+00	0.000000e+00	0.000000e+00	0.000000e+00	0.000000e+00	0.000000e+00	0.000000e+00	
1040.518052	1031.530402	1049.505701	341.590645	4.817831e+04	1.959304e-72	0.000000e+00	1.677062e-31	1.418011e-42	0.000000e+00	0.000000e+00	8.446472e-03	1.199235e-74	1.165965e-03	3.205300e-36	1.946162e-63	2.761848e-55	3.050017e-87	1.882670e-90	0.000000e+00	1.024997e-59	3.064741e-73	1.882670e-90	1.882670e-90	3.326137e-25	4.973791e-03	2.762120e-30	0.000000e+00	0.000000e+00	0.000000e+00	1.882670e-90	2.363310e-51	0.000000e+00	1.153229e-30	0.000000e+00	0.000000e+00	0.000000e+00	0.000000e+00	0.000000e+00	0.000000e+00	0.000000e+00	9.496953e-34	5.676574e-76	1.295653e-74	6.790000e-45	9.227627e-30	1.380920e-42	2.572017e-37	4.872520e-64	2.273437e-04	7.327898e-26	0.000000e+00	0.000000e+00	4.984356e-30	6.778059e-53	0.000000e+00	2.379554e-23	8.419241e-01	3.727552e-74	4.525689e-10	0.000000e+00	5.881863e-62	1.882670e-90	2.797077e-66	6.049384e-33	6.785290e-51	0.000000e+00	0.000000e+00	1.095010e-85	0.000000e+00	0.000000e+00	0.000000e+00	0.000000e+00	0.000000e+00	0.000000e+00	0.000000e+00	7.367833e-38	1.779605e-59	0.000000e+00	0.000000e+00	0.000000e+00	0.000000e+00	0.000000e+00	0.000000e+00	0.000000e+00	0.000000e+00	0.000000e+00	0.000000e+00	0.000000e+00	0.000000e+00	0.000000e+00	0.000000e+00	0.000000e+00	0.000000e+00	0.000000e+00	0.000000e+00	0.000000e+00	0.000000e+00	0.000000e+00	0.000000e+00	0.000000e+00	0.000000e+00	0.000000e+00	0.000000e+00	0.000000e+00	0.000000e+00	0.000000e+00	0.000000e+00	0.000000e+00	0.000000e+00	0.000000e+00	0.000000e+00	0.000000e+00	0.000000e+00	0.000000e+00	0.000000e+00	0.000000e+00	0.000000e+00	0.000000e+00	0.000000e+00	
1057.986964	1049.505701	1066.468227	322.344204	3.953754e+04	7.355036e-77	0.000000e+00	1.859053e-33	4.094547e-45	0.000000e+00	0.000000e+00	8.446983e-03	2.644710e-79	1.166031e-03	2.322680e-38	3.729201e-67	1.146209e-58	1.882716e-90	1.882716e-90	0.000000e+00	3.292370e-63	2.496520e-77	1.882716e-90	1.882716e-90	5.250787e-27	4.973992e-03	4.431009e-32	0.000000e+00	0.000000e+00	0.000000e+00	1.882716e-90	9.606638e-55	0.000000e+00	1.712419e-32	0.000000e+00	0.000000e+00	0.000000e+00	0.000000e+00	0.000000e+00	0.000000e+00	0.000000e+00	5.125062e-36	5.923910e-81	2.735703e-79	1.466698e-47	2.857691e-31	5.526665e-45	3.556327e-39	3.250328e-67	2.273512e-04	2.668816e-27	0.000000e+00	0.000000e+00	8.748256e-32	2.996069e-56	0.000000e+00	8.574090e-25	8.419198e-01	1.599303e-78	8.066156e-11	0.000000e+00	9.067280e-66	1.882716e-90	1.845975e-70	5.949044e-35	3.956187e-54	0.000000e+00	0.000000e+00	1.882716e-90	0.000000e+00	0.000000e+00	0.000000e+00	0.000000e+00	0.000000e+00	0.000000e+00	0.000000e+00	3.487930e-40	7.525517e-62	0.000000e+00	0.000000e+00	0.000000e+00	0.000000e+00	0.000000e+00	0.000000e+00	0.000000e+00	0.000000e+00	0.000000e+00	0.000000e+00	0.000000e+00	0.000000e+00	0.000000e+00	0.000000e+00	0.000000e+00	0.000000e+00	0.000000e+00	0.000000e+00	0.000000e+00	0.000000e+00	0.000000e+00	0.000000e+00	0.000000e+00	0.000000e+00	0.000000e+00	0.000000e+00	0.000000e+00	0.000000e+00	0.000000e+00	0.000000e+00	0.000000e+00	0.000000e+00	0.000000e+00	0.000000e+00	0.000000e+00	0.000000e+00	0.000000e+00	0.000000e+00	0.000000e+00	0.000000e+00	0.000000e+00	0.000000e+00	
1074.457227	1066.468227	1082.446227	303.636213	3.244649e+04	1.061554e-81	0.000000e+00	1.350634e-35	6.836191e-48	0.000000e+00	0.000000e+00	8.446876e-03	2.124569e-84	1.165972e-03	1.056679e-40	3.224355e-71	2.289548e-62	1.882637e-90	1.882637e-90	0.000000e+00	4.999622e-67	8.569538e-82	1.882637e-90	1.882637e-90	5.563607e-29	4.973250e-03	4.829582e-34	0.000000e+00	0.000000e+00	0.000000e+00	1.882637e-90	1.872504e-58	0.000000e+00	1.718747e-34	0.000000e+00	0.000000e+00	0.000000e+00	0.000000e+00	0.000000e+00	0.000000e+00	0.000000e+00	1.684769e-38	2.074797e-86	2.113186e-84	1.771147e-50	6.364775e-33	1.315455e-47	3.324369e-41	1.120072e-70	2.273377e-04	7.103781e-29	0.000000e+00	0.000000e+00	1.050787e-33	6.350020e-60	0.000000e+00	2.259953e-26	8.419268e-01	2.682690e-83	1.212071e-11	0.000000e+00	6.120066e-70	1.882637e-90	4.924768e-75	3.791455e-37	1.145370e-57	0.000000e+00	0.000000e+00	1.882637e-90	0.000000e+00	0.000000e+00	0.000000e+00	0.000000e+00	0.000000e+00	0.000000e+00	0.000000e+00	1.003354e-42	2.019847e-64	0.000000e+00	0.000000e+00	0.000000e+00	0.000000e+00	0.000000e+00	0.000000e+00	0.000000e+00	0.000000e+00	0.000000e+00	0.000000e+00	0.000000e+00	0.000000e+00	0.000000e+00	0.000000e+00	0.000000e+00	0.000000e+00	0.000000e+00	0.000000e+00	0.000000e+00	0.000000e+00	0.000000e+00	0.000000e+00	0.000000e+00	0.000000e+00	0.000000e+00	0.000000e+00	0.000000e+00	0.000000e+00	0.000000e+00	0.000000e+00	0.000000e+00	0.000000e+00	0.000000e+00	0.000000e+00	0.000000e+00	0.000000e+00	0.000000e+00	0.000000e+00	0.000000e+00	0.000000e+00	0.000000e+00	0.000000e+00	
1089.968413	1082.446227	1097.490598	285.893605	2.662722e+04	7.107343e-87	0.000000e+00	6.989425e-38	7.347415e-51	0.000000e+00	0.000000e+00	8.446640e-03	7.595458e-90	1.165972e-03	3.303604e-43	1.489221e-75	2.555579e-66	1.882679e-90	1.882679e-90	0.000000e+00	4.175674e-71	1.482003e-86	1.882679e-90	1.882679e-90	4.317323e-31	4.973633e-03	3.880470e-36	0.000000e+00	0.000000e+00	0.000000e+00	1.882679e-90	2.041099e-62	0.000000e+00	1.267972e-36	0.000000e+00	0.000000e+00	0.000000e+00	0.000000e+00	0.000000e+00	0.000000e+00	0.000000e+00	3.755188e-41	1.882679e-90	7.376500e-90	1.341473e-53	1.092147e-34	2.068609e-50	2.289564e-43	2.300568e-74	2.273536e-04	1.470346e-30	0.000000e+00	0.000000e+00	9.429023e-36	7.500381e-64	0.000000e+00	4.694800e-28	8.419233e-01	2.119872e-88	1.605292e-12	0.000000e+00	2.127653e-74	1.882679e-90	6.343726e-80	1.706573e-39	1.900494e-61	0.000000e+00	0.000000e+00	1.882679e-90	0.000000e+00	0.000000e+00	0.000000e+00	0.000000e+00	0.000000e+00	0.000000e+00	0.000000e+00	1.961221e-45	3.840845e-67	0.000000e+00	0.000000e+00	0.000000e+00	0.000000e+00	0.000000e+00	0.000000e+00	0.000000e+00	0.000000e+00	0.000000e+00	0.000000e+00	0.000000e+00	0.000000e+00	0.000000e+00	0.000000e+00	0.000000e+00	0.000000e+00	0.000000e+00	0.000000e+00	0.000000e+00	0.000000e+00	0.000000e+00	0.000000e+00	0.000000e+00	0.000000e+00	0.000000e+00	0.000000e+00	0.000000e+00	0.000000e+00	0.000000e+00	0.000000e+00	0.000000e+00	0.000000e+00	0.000000e+00	0.000000e+00	0.000000e+00	0.000000e+00	0.000000e+00	0.000000e+00	0.000000e+00	0.000000e+00	0.000000e+00	0.000000e+00	
1104.598113	1097.490598	1111.705627	270.134511	2.185163e+04	1.882645e-90	0.000000e+00	3.682547e-40	8.067096e-54	0.000000e+00	0.000000e+00	8.446216e-03	1.882645e-90	1.165964e-03	1.048780e-45	7.356652e-80	2.984644e-70	1.882645e-90	1.882645e-90	0.000000e+00	3.636212e-75	1.882645e-90	1.882645e-90	1.882645e-90	3.488800e-33	4.974201e-03	3.215075e-38	0.000000e+00	0.000000e+00	0.000000e+00	1.882645e-90	2.350132e-66	0.000000e+00	9.673062e-39	0.000000e+00	0.000000e+00	0.000000e+00	0.000000e+00	0.000000e+00	0.000000e+00	0.000000e+00	8.770070e-44	1.882645e-90	1.882645e-90	1.041969e-56	1.918759e-36	3.348902e-53	1.643248e-45	5.038548e-78	2.273418e-04	3.083591e-32	0.000000e+00	0.000000e+00	8.907952e-38	9.267719e-68	0.000000e+00	1.024630e-29	8.419258e-01	1.882645e-90	2.207169e-13	0.000000e+00	7.649160e-79	1.882645e-90	8.460524e-85	7.826127e-42	3.295662e-65	0.000000e+00	0.000000e+00	1.882645e-90	0.000000e+00	0.000000e+00	0.000000e+00	0.000000e+00	0.000000e+00	0.000000e+00	0.000000e+00	4.064992e-48	7.891197e-70	0.000000e+00	0.000000e+00	0.000000e+00	0.000000e+00	0.000000e+00	0.000000e+00	0.000000e+00	0.000000e+00	0.000000e+00	0.000000e+00	0.000000e+00	0.000000e+00	0.000000e+00	0.000000e+00	0.000000e+00	0.000000e+00	0.000000e+00	0.000000e+00	0.000000e+00	0.000000e+00	0.000000e+00	0.000000e+00	0.000000e+00	0.000000e+00	0.000000e+00	0.000000e+00	0.000000e+00	0.000000e+00	0.000000e+00	0.000000e+00	0.000000e+00	0.000000e+00	0.000000e+00	0.000000e+00	0.000000e+00	0.000000e+00	0.000000e+00	0.000000e+00	0.000000e+00	0.000000e+00	0.000000e+00	0.000000e+00	
1118.449728	1111.705627	1125.193829	256.320651	1.793255e+04	1.882734e-90	0.000000e+00	2.205223e-42	1.043532e-56	0.000000e+00	0.000000e+00	8.446907e-03	1.882734e-90	1.165986e-03	3.814903e-48	4.802744e-84	4.421050e-74	1.882734e-90	1.882734e-90	0.000000e+00	4.018531e-79	1.882734e-90	1.882734e-90	1.882734e-90	3.266570e-35	4.974192e-03	3.042942e-40	0.000000e+00	0.000000e+00	0.000000e+00	1.882734e-90	3.470163e-70	0.000000e+00	8.464652e-41	0.000000e+00	0.000000e+00	0.000000e+00	0.000000e+00	0.000000e+00	0.000000e+00	0.000000e+00	2.449223e-46	1.882734e-90	1.882734e-90	9.660819e-60	3.767387e-38	6.398674e-56	1.365788e-47	1.404668e-81	2.273621e-04	7.111868e-34	0.000000e+00	0.000000e+00	9.824782e-40	1.453440e-71	0.000000e+00	2.560149e-31	8.419184e-01	1.882734e-90	3.306027e-14	0.000000e+00	3.525976e-83	1.882734e-90	1.478290e-89	4.093388e-44	7.180160e-69	0.000000e+00	0.000000e+00	1.882734e-90	0.000000e+00	0.000000e+00	0.000000e+00	0.000000e+00	0.000000e+00	0.000000e+00	0.000000e+00	1.021847e-50	1.987265e-72	0.000000e+00	0.000000e+00	0.000000e+00	0.000000e+00	0.000000e+00	0.000000e+00	0.000000e+00	0.000000e+00	0.000000e+00	0.000000e+00	0.000000e+00	0.000000e+00	0.000000e+00	0.000000e+00	0.000000e+00	0.000000e+00	0.000000e+00	0.000000e+00	0.000000e+00	0.000000e+00	0.000000e+00	0.000000e+00	0.000000e+00	0.000000e+00	0.000000e+00	0.000000e+00	0.000000e+00	0.000000e+00	0.000000e+00	0.000000e+00	0.000000e+00	0.000000e+00	0.000000e+00	0.000000e+00	0.000000e+00	0.000000e+00	0.000000e+00	0.000000e+00	0.000000e+00	0.000000e+00	0.000000e+00	0.000000e+00	
1131.602027	1125.193829	1138.010225	243.554733	1.471635e+04	1.882657e-90	0.000000e+00	1.169656e-44	1.151596e-59	0.000000e+00	0.000000e+00	8.446953e-03	1.882657e-90	1.165911e-03	1.209778e-50	2.564311e-88	5.371176e-78	1.882657e-90	1.882657e-90	0.000000e+00	3.611004e-83	1.882657e-90	1.882657e-90	1.882657e-90	2.781201e-37	4.973541e-03	2.607730e-42	0.000000e+00	0.000000e+00	0.000000e+00	1.882657e-90	4.230077e-74	0.000000e+00	6.710887e-43	0.000000e+00	0.000000e+00	0.000000e+00	0.000000e+00	0.000000e+00	0.000000e+00	0.000000e+00	6.059178e-49	1.882657e-90	1.882657e-90	7.583165e-63	6.782277e-40	1.059110e-58	1.034964e-49	3.335721e-85	2.273425e-04	1.498868e-35	0.000000e+00	0.000000e+00	1.000272e-41	1.867190e-75	0.000000e+00	6.022013e-33	8.419250e-01	1.882657e-90	4.833985e-15	0.000000e+00	1.280826e-87	1.882657e-90	1.882657e-90	1.890775e-46	1.294745e-72	0.000000e+00	0.000000e+00	1.882657e-90	0.000000e+00	0.000000e+00	0.000000e+00	0.000000e+00	0.000000e+00	0.000000e+00	0.000000e+00	2.295795e-53	4.602376e-75	0.000000e+00	0.000000e+00	0.000000e+00	0.000000e+00	0.000000e+00	0.000000e+00	0.000000e+00	0.000000e+00	0.000000e+00	0.000000e+00	0.000000e+00	0.000000e+00	0.000000e+00	0.000000e+00	0.000000e+00	0.000000e+00	0.000000e+00	0.000000e+00	0.000000e+00	0.000000e+00	0.000000e+00	0.000000e+00	0.000000e+00	0.000000e+00	0.000000e+00	0.000000e+00	0.000000e+00	0.000000e+00	0.000000e+00	0.000000e+00	0.000000e+00	0.000000e+00	0.000000e+00	0.000000e+00	0.000000e+00	0.000000e+00	0.000000e+00	0.000000e+00	0.000000e+00	0.000000e+00	0.000000e+00	0.000000e+00	
1144.091635	1138.010225	1150.173045	231.134787	1.207697e+04	1.882700e-90	0.000000e+00	4.112959e-47	7.451330e-63	0.000000e+00	0.000000e+00	8.447070e-03	1.882700e-90	1.166028e-03	2.433783e-53	1.882700e-90	3.237778e-82	1.882700e-90	1.882700e-90	0.000000e+00	1.577530e-87	1.882700e-90	1.882700e-90	1.882700e-90	1.634265e-39	4.973935e-03	1.550496e-44	0.000000e+00	0.000000e+00	0.000000e+00	1.882700e-90	2.566568e-78	0.000000e+00	3.680461e-45	0.000000e+00	0.000000e+00	0.000000e+00	0.000000e+00	0.000000e+00	0.000000e+00	0.000000e+00	9.429129e-52	1.882700e-90	1.882700e-90	3.383986e-66	8.926873e-42	1.063118e-61	5.451664e-52	4.271258e-89	2.273578e-04	2.329560e-37	0.000000e+00	0.000000e+00	7.219980e-44	1.186383e-79	0.000000e+00	1.071569e-34	8.419209e-01	1.882700e-90	6.117039e-16	0.000000e+00	1.882700e-90	1.882700e-90	1.882700e-90	5.732758e-49	1.194490e-76	0.000000e+00	0.000000e+00	1.882700e-90	0.000000e+00	0.000000e+00	0.000000e+00	0.000000e+00	0.000000e+00	0.000000e+00	0.000000e+00	3.262752e-56	7.120167e-78	0.000000e+00	0.000000e+00	0.000000e+00	0.000000e+00	0.000000e+00	0.000000e+00	0.000000e+00	0.000000e+00	0.000000e+00	0.000000e+00	0.000000e+00	0.000000e+00	0.000000e+00	0.000000e+00	0.000000e+00	0.000000e+00	0.000000e+00	0.000000e+00	0.000000e+00	0.000000e+00	0.000000e+00	0.000000e+00	0.000000e+00	0.000000e+00	0.000000e+00	0.000000e+00	0.000000e+00	0.000000e+00	0.000000e+00	0.000000e+00	0.000000e+00	0.000000e+00	0.000000e+00	0.000000e+00	0.000000e+00	0.000000e+00	0.000000e+00	0.000000e+00	0.000000e+00	0.000000e+00	0.000000e+00	0.000000e+00	
1155.970195	1150.173045	1161.767345	220.329409	9.910971e+03	1.882641e-90	0.000000e+00	1.820486e-49	6.481029e-66	0.000000e+00	0.000000e+00	8.446271e-03	1.882641e-90	1.165952e-03	6.272989e-56	1.882641e-90	2.959263e-86	1.882641e-90	1.882641e-90	0.000000e+00	1.882641e-90	1.882641e-90	1.882641e-90	1.882641e-90	1.229411e-41	4.973619e-03	1.158417e-46	0.000000e+00	0.000000e+00	0.000000e+00	1.882641e-90	2.393784e-82	0.000000e+00	2.551540e-47	0.000000e+00	0.000000e+00	0.000000e+00	0.000000e+00	0.000000e+00	0.000000e+00	0.000000e+00	1.985425e-54	1.882641e-90	1.882641e-90	2.074241e-69	1.423389e-43	1.428752e-64	3.666264e-54	1.882641e-90	2.273437e-04	4.294080e-39	0.000000e+00	0.000000e+00	6.700393e-46	1.144989e-83	0.000000e+00	2.365906e-36	8.419267e-01	1.882641e-90	8.826080e-17	0.000000e+00	1.882641e-90	1.882641e-90	1.882641e-90	2.201673e-51	1.643023e-80	0.000000e+00	0.000000e+00	1.882641e-90	0.000000e+00	0.000000e+00	0.000000e+00	0.000000e+00	0.000000e+00	0.000000e+00	0.000000e+00	6.376994e-59	1.517856e-80	0.000000e+00	0.000000e+00	0.000000e+00	0.000000e+00	0.000000e+00	0.000000e+00	0.000000e+00	0.000000e+00	0.000000e+00	0.000000e+00	0.000000e+00	0.000000e+00	0.000000e+00	0.000000e+00	0.000000e+00	0.000000e+00	0.000000e+00	0.000000e+00	0.000000e+00	0.000000e+00	0.000000e+00	0.000000e+00	0.000000e+00	0.000000e+00	0.000000e+00	0.000000e+00	0.000000e+00	0.000000e+00	0.000000e+00	0.000000e+00	0.000000e+00	0.000000e+00	0.000000e+00	0.000000e+00	0.000000e+00	0.000000e+00	0.000000e+00	0.000000e+00	0.000000e+00	0.000000e+00	0.000000e+00	0.000000e+00	
1167.377952	1161.767345	1172.988559	213.239144	8.133440e+03	1.882676e-90	0.000000e+00	3.989383e-51	4.467863e-68	0.000000e+00	0.000000e+00	8.446646e-03	1.882676e-90	1.165926e-03	9.338431e-58	1.882676e-90	4.408045e-89	1.882676e-90	1.882676e-90	0.000000e+00	1.882676e-90	1.882676e-90	1.882676e-90	1.882676e-90	4.346789e-43	4.973993e-03	3.825255e-48	0.000000e+00	0.000000e+00	0.000000e+00	1.882676e-90	3.745397e-85	0.000000e+00	8.002844e-49	0.000000e+00	0.000000e+00	0.000000e+00	0.000000e+00	0.000000e+00	0.000000e+00	0.000000e+00	2.845418e-56	1.882676e-90	1.882676e-90	1.149562e-71	8.028851e-45	1.388731e-66	1.131062e-55	1.882676e-90	2.273499e-04	2.592087e-40	0.000000e+00	0.000000e+00	2.771061e-47	1.824382e-86	0.000000e+00	1.811386e-37	8.419231e-01	1.882676e-90	2.553015e-17	0.000000e+00	1.882676e-90	1.882676e-90	1.882676e-90	4.364058e-53	3.272501e-83	0.000000e+00	0.000000e+00	1.882676e-90	0.000000e+00	0.000000e+00	0.000000e+00	0.000000e+00	0.000000e+00	0.000000e+00	0.000000e+00	8.735588e-61	1.997744e-82	0.000000e+00	0.000000e+00	0.000000e+00	0.000000e+00	0.000000e+00	0.000000e+00	0.000000e+00	0.000000e+00	0.000000e+00	0.000000e+00	0.000000e+00	0.000000e+00	0.000000e+00	0.000000e+00	0.000000e+00	0.000000e+00	0.000000e+00	0.000000e+00	0.000000e+00	0.000000e+00	0.000000e+00	0.000000e+00	0.000000e+00	0.000000e+00	0.000000e+00	0.000000e+00	0.000000e+00	0.000000e+00	0.000000e+00	0.000000e+00	0.000000e+00	0.000000e+00	0.000000e+00	0.000000e+00	0.000000e+00	0.000000e+00	0.000000e+00	0.000000e+00	0.000000e+00	0.000000e+00	0.000000e+00	0.000000e+00	
1178.501544	1172.988559	1184.014530	209.530977	6.674710e+03	1.882633e-90	0.000000e+00	5.112340e-52	3.031534e-69	0.000000e+00	0.000000e+00	8.446335e-03	1.882633e-90	1.166023e-03	9.668563e-59	1.882633e-90	1.882633e-90	1.882633e-90	1.882633e-90	0.000000e+00	1.882633e-90	1.882633e-90	1.882633e-90	1.882633e-90	8.323922e-44	4.973375e-03	6.440033e-49	0.000000e+00	0.000000e+00	0.000000e+00	1.882633e-90	1.293216e-86	0.000000e+00	1.310390e-49	0.000000e+00	0.000000e+00	0.000000e+00	0.000000e+00	0.000000e+00	0.000000e+00	0.000000e+00	3.319802e-57	1.882633e-90	1.882633e-90	7.238317e-73	1.812537e-45	1.192294e-67	1.838863e-56	1.882633e-90	2.273505e-04	5.796173e-41	0.000000e+00	0.000000e+00	5.799090e-48	6.349919e-88	0.000000e+00	5.317400e-38	8.419274e-01	1.882633e-90	1.554392e-17	0.000000e+00	1.882633e-90	1.882633e-90	1.882633e-90	5.292221e-54	1.231525e-84	0.000000e+00	0.000000e+00	1.882633e-90	0.000000e+00	0.000000e+00	0.000000e+00	0.000000e+00	0.000000e+00	0.000000e+00	0.000000e+00	9.968346e-62	1.874376e-83	0.000000e+00	0.000000e+00	0.000000e+00	0.000000e+00	0.000000e+00	0.000000e+00	0.000000e+00	0.000000e+00	0.000000e+00	0.000000e+00	0.000000e+00	0.000000e+00	0.000000e+00	0.000000e+00	0.000000e+00	0.000000e+00	0.000000e+00	0.000000e+00	0.000000e+00	0.000000e+00	0.000000e+00	0.000000e+00	0.000000e+00	0.000000e+00	0.000000e+00	0.000000e+00	0.000000e+00	0.000000e+00	0.000000e+00	0.000000e+00	0.000000e+00	0.000000e+00	0.000000e+00	0.000000e+00	0.000000e+00	0.000000e+00	0.000000e+00	0.000000e+00	0.000000e+00	0.000000e+00	0.000000e+00	0.000000e+00	
1189.480420	1184.014530	1194.946309	207.740714	5.477602e+03	1.882700e-90	0.000000e+00	1.942321e-52	8.405567e-70	0.000000e+00	0.000000e+00	8.446671e-03	1.882700e-90	1.166027e-03	3.304197e-59	1.882700e-90	1.882700e-90	1.882700e-90	1.882700e-90	0.000000e+00	1.882700e-90	1.882700e-90	1.882700e-90	1.882700e-90	4.489440e-44	4.974213e-03	2.947602e-49	0.000000e+00	0.000000e+00	0.000000e+00	1.882700e-90	2.986094e-87	0.000000e+00	5.917580e-50	0.000000e+00	0.000000e+00	0.000000e+00	0.000000e+00	0.000000e+00	0.000000e+00	0.000000e+00	1.400882e-57	1.882700e-90	1.882700e-90	2.033124e-73	9.587706e-46	3.906666e-68	8.275779e-57	1.882700e-90	2.273460e-04	2.901326e-41	0.000000e+00	0.000000e+00	3.270554e-48	1.470859e-88	0.000000e+00	3.546542e-38	8.419211e-01	1.882700e-90	1.486822e-17	0.000000e+00	1.882700e-90	1.882700e-90	1.882700e-90	1.956981e-54	2.821094e-85	0.000000e+00	0.000000e+00	1.882700e-90	0.000000e+00	0.000000e+00	0.000000e+00	0.000000e+00	0.000000e+00	0.000000e+00	0.000000e+00	4.163690e-62	5.827024e-84	0.000000e+00	0.000000e+00	0.000000e+00	0.000000e+00	0.000000e+00	0.000000e+00	0.000000e+00	0.000000e+00	0.000000e+00	0.000000e+00	0.000000e+00	0.000000e+00	0.000000e+00	0.000000e+00	0.000000e+00	0.000000e+00	0.000000e+00	0.000000e+00	0.000000e+00	0.000000e+00	0.000000e+00	0.000000e+00	0.000000e+00	0.000000e+00	0.000000e+00	0.000000e+00	0.000000e+00	0.000000e+00	0.000000e+00	0.000000e+00	0.000000e+00	0.000000e+00	0.000000e+00	0.000000e+00	0.000000e+00	0.000000e+00	0.000000e+00	0.000000e+00	0.000000e+00	0.000000e+00	0.000000e+00	0.000000e+00	
1200.376898	1194.946309	1205.807486	206.400159	4.495195e+03	1.882757e-90	0.000000e+00	9.532913e-53	3.247290e-70	0.000000e+00	0.000000e+00	8.447425e-03	1.882757e-90	1.166056e-03	1.496159e-59	1.882757e-90	1.882757e-90	1.882757e-90	1.882757e-90	0.000000e+00	1.882757e-90	1.882757e-90	1.882757e-90	1.882757e-90	3.089415e-44	4.974049e-03	1.707122e-49	0.000000e+00	0.000000e+00	0.000000e+00	1.882757e-90	1.078222e-87	0.000000e+00	3.391862e-50	0.000000e+00	0.000000e+00	0.000000e+00	0.000000e+00	0.000000e+00	0.000000e+00	0.000000e+00	8.000255e-58	1.882757e-90	1.882757e-90	8.122913e-74	6.198560e-46	1.755059e-68	4.734452e-57	1.882757e-90	2.273500e-04	1.755988e-41	0.000000e+00	0.000000e+00	2.329141e-48	5.323448e-89	0.000000e+00	2.869149e-38	8.419162e-01	1.882757e-90	1.581901e-17	0.000000e+00	1.882757e-90	1.882757e-90	1.882757e-90	9.407988e-55	9.887361e-86	0.000000e+00	0.000000e+00	1.882757e-90	0.000000e+00	0.000000e+00	0.000000e+00	0.000000e+00	0.000000e+00	0.000000e+00	0.000000e+00	2.360334e-62	2.402331e-84	0.000000e+00	0.000000e+00	0.000000e+00	0.000000e+00	0.000000e+00	0.000000e+00	0.000000e+00	0.000000e+00	0.000000e+00	0.000000e+00	0.000000e+00	0.000000e+00	0.000000e+00	0.000000e+00	0.000000e+00	0.000000e+00	0.000000e+00	0.000000e+00	0.000000e+00	0.000000e+00	0.000000e+00	0.000000e+00	0.000000e+00	0.000000e+00	0.000000e+00	0.000000e+00	0.000000e+00	0.000000e+00	0.000000e+00	0.000000e+00	0.000000e+00	0.000000e+00	0.000000e+00	0.000000e+00	0.000000e+00	0.000000e+00	0.000000e+00	0.000000e+00	0.000000e+00	0.000000e+00	0.000000e+00	0.000000e+00	
1211.207558	1205.807486	1216.607630	205.238112	3.688983e+03	1.882606e-90	0.000000e+00	5.168467e-53	1.426764e-70	0.000000e+00	0.000000e+00	8.446203e-03	1.882606e-90	1.165932e-03	7.556493e-60	1.882606e-90	1.882606e-90	1.882606e-90	1.882606e-90	0.000000e+00	1.882606e-90	1.882606e-90	1.882606e-90	1.882606e-90	2.336888e-44	4.973842e-03	1.083245e-49	0.000000e+00	0.000000e+00	0.000000e+00	1.882606e-90	4.633151e-88	0.000000e+00	2.133361e-50	0.000000e+00	0.000000e+00	0.000000e+00	0.000000e+00	0.000000e+00	0.000000e+00	0.000000e+00	5.139103e-58	1.882606e-90	1.882606e-90	3.721261e-74	4.331700e-46	8.910446e-69	2.971669e-57	1.882606e-90	2.273342e-04	1.144078e-41	0.000000e+00	0.000000e+00	1.815808e-48	2.291633e-89	0.000000e+00	2.501176e-38	8.419294e-01	1.882606e-90	1.753818e-17	0.000000e+00	1.882606e-90	1.882606e-90	1.882606e-90	5.008792e-55	4.087569e-86	0.000000e+00	0.000000e+00	1.882606e-90	0.000000e+00	0.000000e+00	0.000000e+00	0.000000e+00	0.000000e+00	0.000000e+00	0.000000e+00	1.506382e-62	1.104307e-84	0.000000e+00	0.000000e+00	0.000000e+00	0.000000e+00	0.000000e+00	0.000000e+00	0.000000e+00	0.000000e+00	0.000000e+00	0.000000e+00	0.000000e+00	0.000000e+00	0.000000e+00	0.000000e+00	0.000000e+00	0.000000e+00	0.000000e+00	0.000000e+00	0.000000e+00	0.000000e+00	0.000000e+00	0.000000e+00	0.000000e+00	0.000000e+00	0.000000e+00	0.000000e+00	0.000000e+00	0.000000e+00	0.000000e+00	0.000000e+00	0.000000e+00	0.000000e+00	0.000000e+00	0.000000e+00	0.000000e+00	0.000000e+00	0.000000e+00	0.000000e+00	0.000000e+00	0.000000e+00	0.000000e+00	0.000000e+00	
1221.980403	1216.607630	1227.353175	204.203474	3.027364e+03	1.882725e-90	0.000000e+00	3.009221e-53	6.876719e-71	0.000000e+00	0.000000e+00	8.446806e-03	1.882725e-90	1.166035e-03	4.128295e-60	1.882725e-90	1.882725e-90	1.882725e-90	1.882725e-90	0.000000e+00	1.882725e-90	1.882725e-90	1.882725e-90	1.882725e-90	1.892756e-44	4.974039e-03	7.342545e-50	0.000000e+00	0.000000e+00	0.000000e+00	1.882725e-90	2.255840e-88	0.000000e+00	1.434483e-50	0.000000e+00	0.000000e+00	0.000000e+00	0.000000e+00	0.000000e+00	0.000000e+00	0.000000e+00	3.593254e-58	1.882725e-90	1.882725e-90	1.880819e-74	3.202200e-46	4.941427e-69	1.995513e-57	1.882725e-90	2.273505e-04	7.859884e-42	0.000000e+00	0.000000e+00	1.511718e-48	1.117495e-89	0.000000e+00	2.302663e-38	8.419192e-01	1.882725e-90	2.004100e-17	0.000000e+00	1.882725e-90	1.882725e-90	1.882725e-90	2.869233e-55	1.903172e-86	0.000000e+00	0.000000e+00	1.882725e-90	0.000000e+00	0.000000e+00	0.000000e+00	0.000000e+00	0.000000e+00	0.000000e+00	0.000000e+00	1.047547e-62	5.498222e-85	0.000000e+00	0.000000e+00	0.000000e+00	0.000000e+00	0.000000e+00	0.000000e+00	0.000000e+00	0.000000e+00	0.000000e+00	0.000000e+00	0.000000e+00	0.000000e+00	0.000000e+00	0.000000e+00	0.000000e+00	0.000000e+00	0.000000e+00	0.000000e+00	0.000000e+00	0.000000e+00	0.000000e+00	0.000000e+00	0.000000e+00	0.000000e+00	0.000000e+00	0.000000e+00	0.000000e+00	0.000000e+00	0.000000e+00	0.000000e+00	0.000000e+00	0.000000e+00	0.000000e+00	0.000000e+00	0.000000e+00	0.000000e+00	0.000000e+00	0.000000e+00	0.000000e+00	0.000000e+00	0.000000e+00	0.000000e+00	
1232.701758	1227.353175	1238.050340	203.283739	2.484407e+03	1.882601e-90	0.000000e+00	1.871034e-53	3.608244e-71	0.000000e+00	0.000000e+00	8.446238e-03	1.882601e-90	1.165887e-03	2.423669e-60	1.882601e-90	1.882601e-90	1.882601e-90	1.882601e-90	0.000000e+00	1.882601e-90	1.882601e-90	1.882601e-90	1.882601e-90	1.631532e-44	4.973853e-03	5.285594e-50	0.000000e+00	0.000000e+00	0.000000e+00	1.882601e-90	1.231701e-88	0.000000e+00	1.025300e-50	0.000000e+00	0.000000e+00	0.000000e+00	0.000000e+00	0.000000e+00	0.000000e+00	0.000000e+00	2.714366e-58	1.882601e-90	1.882601e-90	1.040356e-74	2.491354e-46	2.970386e-69	1.424326e-57	1.882601e-90	2.273318e-04	5.668378e-42	0.000000e+00	0.000000e+00	1.335606e-48	6.108873e-90	0.000000e+00	2.226620e-38	8.419296e-01	1.882601e-90	2.352307e-17	0.000000e+00	1.882601e-90	1.882601e-90	1.882601e-90	1.758004e-55	9.880358e-87	0.000000e+00	0.000000e+00	1.882601e-90	0.000000e+00	0.000000e+00	0.000000e+00	0.000000e+00	0.000000e+00	0.000000e+00	0.000000e+00	7.874630e-63	2.940546e-85	0.000000e+00	0.000000e+00	0.000000e+00	0.000000e+00	0.000000e+00	0.000000e+00	0.000000e+00	0.000000e+00	0.000000e+00	0.000000e+00	0.000000e+00	0.000000e+00	0.000000e+00	0.000000e+00	0.000000e+00	0.000000e+00	0.000000e+00	0.000000e+00	0.000000e+00	0.000000e+00	0.000000e+00	0.000000e+00	0.000000e+00	0.000000e+00	0.000000e+00	0.000000e+00	0.000000e+00	0.000000e+00	0.000000e+00	0.000000e+00	0.000000e+00	0.000000e+00	0.000000e+00	0.000000e+00	0.000000e+00	0.000000e+00	0.000000e+00	0.000000e+00	0.000000e+00	0.000000e+00	0.000000e+00	0.000000e+00	
1243.378805	1238.050340	1248.707270	202.516301	2.038829e+03	1.882737e-90	0.000000e+00	1.274333e-53	2.130721e-71	0.000000e+00	0.000000e+00	8.446434e-03	1.882737e-90	1.165998e-03	1.573221e-60	1.882737e-90	1.882737e-90	1.882737e-90	1.882737e-90	0.000000e+00	1.882737e-90	1.882737e-90	1.882737e-90	1.882737e-90	1.533757e-44	4.973864e-03	4.137671e-50	0.000000e+00	0.000000e+00	0.000000e+00	1.882737e-90	7.885494e-89	0.000000e+00	7.978156e-51	0.000000e+00	0.000000e+00	0.000000e+00	0.000000e+00	0.000000e+00	0.000000e+00	0.000000e+00	2.283871e-58	1.882737e-90	1.882737e-90	6.524674e-75	2.082383e-46	1.998247e-69	1.107411e-57	1.882737e-90	2.273545e-04	4.374534e-42	0.000000e+00	0.000000e+00	1.282255e-48	3.915101e-90	0.000000e+00	2.306154e-38	8.419189e-01	1.882737e-90	2.868091e-17	0.000000e+00	1.882737e-90	1.882737e-90	1.882737e-90	1.182734e-55	5.968144e-87	0.000000e+00	0.000000e+00	1.882737e-90	0.000000e+00	0.000000e+00	0.000000e+00	0.000000e+00	0.000000e+00	0.000000e+00	0.000000e+00	6.599901e-63	1.738864e-85	0.000000e+00	0.000000e+00	0.000000e+00	0.000000e+00	0.000000e+00	0.000000e+00	0.000000e+00	0.000000e+00	0.000000e+00	0.000000e+00	0.000000e+00	0.000000e+00	0.000000e+00	0.000000e+00	0.000000e+00	0.000000e+00	0.000000e+00	0.000000e+00	0.000000e+00	0.000000e+00	0.000000e+00	0.000000e+00	0.000000e+00	0.000000e+00	0.000000e+00	0.000000e+00	0.000000e+00	0.000000e+00	0.000000e+00	0.000000e+00	0.000000e+00	0.000000e+00	0.000000e+00	0.000000e+00	0.000000e+00	0.000000e+00	0.000000e+00	0.000000e+00	0.000000e+00	0.000000e+00	0.000000e+00	0.000000e+00	
1254.022512	1248.707270	1259.337754	202.017794	1.673166e+03	1.882625e-90	0.000000e+00	1.025997e-53	1.562666e-71	0.000000e+00	0.000000e+00	8.446357e-03	1.882625e-90	1.165915e-03	1.227239e-60	1.882625e-90	1.882625e-90	1.882625e-90	1.882625e-90	0.000000e+00	1.882625e-90	1.882625e-90	1.882625e-90	1.882625e-90	1.689255e-44	4.973661e-03	3.775582e-50	0.000000e+00	0.000000e+00	0.000000e+00	1.882625e-90	6.756499e-89	0.000000e+00	7.251394e-51	0.000000e+00	0.000000e+00	0.000000e+00	0.000000e+00	0.000000e+00	0.000000e+00	0.000000e+00	2.339338e-58	1.882625e-90	1.882625e-90	5.150093e-75	1.982906e-46	1.651224e-69	1.005925e-57	1.882625e-90	2.273408e-04	3.821220e-42	0.000000e+00	0.000000e+00	1.431672e-48	3.356458e-90	0.000000e+00	2.706040e-38	8.419278e-01	1.882625e-90	3.743423e-17	0.000000e+00	1.882625e-90	1.882625e-90	1.882625e-90	9.445790e-56	4.757163e-87	0.000000e+00	0.000000e+00	1.882625e-90	0.000000e+00	0.000000e+00	0.000000e+00	0.000000e+00	0.000000e+00	0.000000e+00	0.000000e+00	6.743020e-63	1.233472e-85	0.000000e+00	0.000000e+00	0.000000e+00	0.000000e+00	0.000000e+00	0.000000e+00	0.000000e+00	0.000000e+00	0.000000e+00	0.000000e+00	0.000000e+00	0.000000e+00	0.000000e+00	0.000000e+00	0.000000e+00	0.000000e+00	0.000000e+00	0.000000e+00	0.000000e+00	0.000000e+00	0.000000e+00	0.000000e+00	0.000000e+00	0.000000e+00	0.000000e+00	0.000000e+00	0.000000e+00	0.000000e+00	0.000000e+00	0.000000e+00	0.000000e+00	0.000000e+00	0.000000e+00	0.000000e+00	0.000000e+00	0.000000e+00	0.000000e+00	0.000000e+00	0.000000e+00	0.000000e+00	0.000000e+00	0.000000e+00	
1264.652198	1259.337754	1269.966641	201.984119	1.373084e+03	1.882637e-90	0.000000e+00	1.108626e-53	1.677891e-71	0.000000e+00	0.000000e+00	8.446400e-03	1.882637e-90	1.165971e-03	1.323311e-60	1.882637e-90	1.882637e-90	1.882637e-90	1.882637e-90	0.000000e+00	1.882637e-90	1.882637e-90	1.882637e-90	1.882637e-90	2.458165e-44	4.973757e-03	4.511641e-50	0.000000e+00	0.000000e+00	0.000000e+00	1.882637e-90	9.666276e-89	0.000000e+00	8.662907e-51	0.000000e+00	0.000000e+00	0.000000e+00	0.000000e+00	0.000000e+00	0.000000e+00	0.000000e+00	3.387620e-58	1.882637e-90	1.882637e-90	6.093996e-75	2.376426e-46	1.959948e-69	1.201689e-57	1.882637e-90	2.273477e-04	4.151975e-42	0.000000e+00	0.000000e+00	2.085342e-48	4.802200e-90	0.000000e+00	3.954730e-38	8.419268e-01	1.882637e-90	5.510774e-17	0.000000e+00	1.882637e-90	1.882637e-90	1.882637e-90	1.020116e-55	6.176423e-87	0.000000e+00	0.000000e+00	1.882637e-90	0.000000e+00	0.000000e+00	0.000000e+00	0.000000e+00	0.000000e+00	0.000000e+00	0.000000e+00	9.763044e-63	1.205203e-85	0.000000e+00	0.000000e+00	0.000000e+00	0.000000e+00	0.000000e+00	0.000000e+00	0.000000e+00	0.000000e+00	0.000000e+00	0.000000e+00	0.000000e+00	0.000000e+00	0.000000e+00	0.000000e+00	0.000000e+00	0.000000e+00	0.000000e+00	0.000000e+00	0.000000e+00	0.000000e+00	0.000000e+00	0.000000e+00	0.000000e+00	0.000000e+00	0.000000e+00	0.000000e+00	0.000000e+00	0.000000e+00	0.000000e+00	0.000000e+00	0.000000e+00	0.000000e+00	0.000000e+00	0.000000e+00	0.000000e+00	0.000000e+00	0.000000e+00	0.000000e+00	0.000000e+00	0.000000e+00	0.000000e+00	0.000000e+00	
1275.293646	1269.966641	1280.620651	202.464252	1.126821e+03	1.882759e-90	0.000000e+00	1.658689e-53	2.746799e-71	0.000000e+00	0.000000e+00	8.447173e-03	1.882759e-90	1.166037e-03	2.041087e-60	1.882759e-90	1.882759e-90	1.882759e-90	1.882759e-90	0.000000e+00	1.882759e-90	1.882759e-90	1.882759e-90	1.882759e-90	4.867617e-44	4.973703e-03	7.264762e-50	0.000000e+00	0.000000e+00	0.000000e+00	1.882759e-90	2.437684e-88	0.000000e+00	1.400036e-50	0.000000e+00	0.000000e+00	0.000000e+00	0.000000e+00	0.000000e+00	0.000000e+00	0.000000e+00	7.193281e-58	1.882759e-90	1.882759e-90	1.128352e-74	3.672352e-46	3.472544e-69	1.943695e-57	1.882759e-90	2.273571e-04	5.742643e-42	0.000000e+00	0.000000e+00	4.075310e-48	1.210424e-89	0.000000e+00	7.368059e-38	8.419166e-01	1.882759e-90	9.264961e-17	0.000000e+00	1.882759e-90	1.882759e-90	1.882759e-90	1.538128e-55	1.375556e-86	0.000000e+00	0.000000e+00	1.882759e-90	0.000000e+00	0.000000e+00	0.000000e+00	0.000000e+00	0.000000e+00	0.000000e+00	0.000000e+00	2.078342e-62	1.678386e-85	0.000000e+00	0.000000e+00	0.000000e+00	0.000000e+00	0.000000e+00	0.000000e+00	0.000000e+00	0.000000e+00	0.000000e+00	0.000000e+00	0.000000e+00	0.000000e+00	0.000000e+00	0.000000e+00	0.000000e+00	0.000000e+00	0.000000e+00	0.000000e+00	0.000000e+00	0.000000e+00	0.000000e+00	0.000000e+00	0.000000e+00	0.000000e+00	0.000000e+00	0.000000e+00	0.000000e+00	0.000000e+00	0.000000e+00	0.000000e+00	0.000000e+00	0.000000e+00	0.000000e+00	0.000000e+00	0.000000e+00	0.000000e+00	0.000000e+00	0.000000e+00	0.000000e+00	0.000000e+00	0.000000e+00	0.000000e+00	
1285.966519	1280.620651	1291.312386	203.178268	9.247263e+02	1.882688e-90	0.000000e+00	2.870471e-53	5.428727e-71	0.000000e+00	0.000000e+00	8.446592e-03	1.882688e-90	1.165888e-03	3.693878e-60	1.882688e-90	1.882688e-90	1.882688e-90	1.882688e-90	0.000000e+00	1.882688e-90	1.882688e-90	1.882688e-90	1.882688e-90	1.106214e-43	4.973925e-03	1.336592e-49	0.000000e+00	0.000000e+00	0.000000e+00	1.882688e-90	7.922873e-88	0.000000e+00	2.590521e-50	0.000000e+00	0.000000e+00	0.000000e+00	0.000000e+00	0.000000e+00	0.000000e+00	0.000000e+00	1.812560e-57	1.882688e-90	1.882688e-90	2.552161e-74	6.357512e-46	7.357501e-69	3.598775e-57	1.882688e-90	2.273531e-04	8.847141e-42	0.000000e+00	0.000000e+00	9.082566e-48	3.930355e-89	0.000000e+00	1.529931e-37	8.419224e-01	1.882688e-90	1.652628e-16	0.000000e+00	1.882688e-90	1.882688e-90	1.882688e-90	2.692587e-55	3.899219e-86	0.000000e+00	0.000000e+00	1.882688e-90	0.000000e+00	0.000000e+00	0.000000e+00	0.000000e+00	0.000000e+00	0.000000e+00	0.000000e+00	5.255804e-62	2.736989e-85	0.000000e+00	0.000000e+00	0.000000e+00	0.000000e+00	0.000000e+00	0.000000e+00	0.000000e+00	0.000000e+00	0.000000e+00	0.000000e+00	0.000000e+00	0.000000e+00	0.000000e+00	0.000000e+00	0.000000e+00	0.000000e+00	0.000000e+00	0.000000e+00	0.000000e+00	0.000000e+00	0.000000e+00	0.000000e+00	0.000000e+00	0.000000e+00	0.000000e+00	0.000000e+00	0.000000e+00	0.000000e+00	0.000000e+00	0.000000e+00	0.000000e+00	0.000000e+00	0.000000e+00	0.000000e+00	0.000000e+00	0.000000e+00	0.000000e+00	0.000000e+00	0.000000e+00	0.000000e+00	0.000000e+00	0.000000e+00	
1296.673824	1291.312386	1302.035262	203.770542	7.588768e+02	1.882684e-90	0.000000e+00	4.590157e-53	9.686279e-71	0.000000e+00	0.000000e+00	8.446867e-03	1.882684e-90	1.165947e-03	6.129650e-60	1.882684e-90	1.882684e-90	1.882684e-90	1.882684e-90	0.000000e+00	1.882684e-90	1.882684e-90	1.882684e-90	1.882684e-90	2.333155e-43	4.973706e-03	2.287568e-49	0.000000e+00	0.000000e+00	0.000000e+00	1.882684e-90	2.243846e-87	0.000000e+00	4.453802e-50	0.000000e+00	0.000000e+00	0.000000e+00	0.000000e+00	0.000000e+00	0.000000e+00	0.000000e+00	4.162877e-57	1.882684e-90	1.882684e-90	5.178056e-74	1.034777e-45	1.414656e-68	6.192844e-57	1.882684e-90	2.273467e-04	1.285435e-41	0.000000e+00	0.000000e+00	1.885171e-47	1.112271e-88	0.000000e+00	2.995919e-37	8.419225e-01	1.882684e-90	2.855735e-16	0.000000e+00	1.882684e-90	1.882684e-90	1.882684e-90	4.346356e-55	9.696876e-86	0.000000e+00	0.000000e+00	1.882684e-90	0.000000e+00	0.000000e+00	0.000000e+00	0.000000e+00	0.000000e+00	0.000000e+00	0.000000e+00	1.210855e-61	4.098533e-85	0.000000e+00	0.000000e+00	0.000000e+00	0.000000e+00	0.000000e+00	0.000000e+00	0.000000e+00	0.000000e+00	0.000000e+00	0.000000e+00	0.000000e+00	0.000000e+00	0.000000e+00	0.000000e+00	0.000000e+00	0.000000e+00	0.000000e+00	0.000000e+00	0.000000e+00	0.000000e+00	0.000000e+00	0.000000e+00	0.000000e+00	0.000000e+00	0.000000e+00	0.000000e+00	0.000000e+00	0.000000e+00	0.000000e+00	0.000000e+00	0.000000e+00	0.000000e+00	0.000000e+00	0.000000e+00	0.000000e+00	0.000000e+00	0.000000e+00	0.000000e+00	0.000000e+00	0.000000e+00	0.000000e+00	0.000000e+00	
1307.405450	1302.035262	1312.775638	204.105560	6.227724e+02	1.882714e-90	0.000000e+00	6.242925e-53	1.401194e-70	0.000000e+00	0.000000e+00	8.446723e-03	1.882714e-90	1.166031e-03	8.512695e-60	1.882714e-90	1.882714e-90	1.882714e-90	1.882714e-90	0.000000e+00	1.882714e-90	1.882714e-90	1.882714e-90	1.882714e-90	4.222102e-43	4.974121e-03	3.375587e-49	0.000000e+00	0.000000e+00	0.000000e+00	1.882714e-90	4.794291e-87	0.000000e+00	6.589911e-50	0.000000e+00	0.000000e+00	0.000000e+00	0.000000e+00	0.000000e+00	0.000000e+00	0.000000e+00	7.904031e-57	1.882714e-90	1.882714e-90	8.409007e-74	1.484520e-45	2.228838e-68	9.166119e-57	1.882714e-90	2.273653e-04	1.656582e-41	0.000000e+00	0.000000e+00	3.381191e-47	2.375429e-88	0.000000e+00	5.199404e-37	8.419199e-01	1.882714e-90	4.619232e-16	0.000000e+00	1.882714e-90	1.882714e-90	1.882714e-90	5.943372e-55	1.843936e-85	0.000000e+00	0.000000e+00	1.882714e-90	0.000000e+00	0.000000e+00	0.000000e+00	0.000000e+00	0.000000e+00	0.000000e+00	0.000000e+00	2.303060e-61	5.145360e-85	0.000000e+00	0.000000e+00	0.000000e+00	0.000000e+00	0.000000e+00	0.000000e+00	0.000000e+00	0.000000e+00	0.000000e+00	0.000000e+00	0.000000e+00	0.000000e+00	0.000000e+00	0.000000e+00	0.000000e+00	0.000000e+00	0.000000e+00	0.000000e+00	0.000000e+00	0.000000e+00	0.000000e+00	0.000000e+00	0.000000e+00	0.000000e+00	0.000000e+00	0.000000e+00	0.000000e+00	0.000000e+00	0.000000e+00	0.000000e+00	0.000000e+00	0.000000e+00	0.000000e+00	0.000000e+00	0.000000e+00	0.000000e+00	0.000000e+00	0.000000e+00	0.000000e+00	0.000000e+00	0.000000e+00	0.000000e+00	
1318.150978	1312.775638	1323.526318	204.296470	5.110783e+02	1.882653e-90	0.000000e+00	7.759419e-53	1.803695e-70	0.000000e+00	0.000000e+00	8.446743e-03	1.882653e-90	1.165979e-03	1.070588e-59	1.882653e-90	1.882653e-90	1.882653e-90	1.882653e-90	0.000000e+00	1.882653e-90	1.882653e-90	1.882653e-90	1.882653e-90	7.014201e-43	4.973746e-03	4.585530e-49	0.000000e+00	0.000000e+00	0.000000e+00	1.882653e-90	8.752346e-87	0.000000e+00	8.964561e-50	0.000000e+00	0.000000e+00	0.000000e+00	0.000000e+00	0.000000e+00	0.000000e+00	0.000000e+00	1.349334e-56	1.882653e-90	1.882653e-90	1.206172e-73	1.984159e-45	3.142475e-68	1.247278e-56	1.882653e-90	2.273388e-04	1.996549e-41	0.000000e+00	0.000000e+00	5.587928e-47	4.335191e-88	0.000000e+00	8.435001e-37	8.419253e-01	1.882653e-90	7.199368e-16	0.000000e+00	1.882653e-90	1.882653e-90	1.882653e-90	7.408862e-55	3.019330e-85	0.000000e+00	0.000000e+00	1.882653e-90	0.000000e+00	0.000000e+00	0.000000e+00	0.000000e+00	0.000000e+00	0.000000e+00	0.000000e+00	3.935611e-61	5.854922e-85	0.000000e+00	0.000000e+00	0.000000e+00	0.000000e+00	0.000000e+00	0.000000e+00	0.000000e+00	0.000000e+00	0.000000e+00	0.000000e+00	0.000000e+00	0.000000e+00	0.000000e+00	0.000000e+00	0.000000e+00	0.000000e+00	0.000000e+00	0.000000e+00	0.000000e+00	0.000000e+00	0.000000e+00	0.000000e+00	0.000000e+00	0.000000e+00	0.000000e+00	0.000000e+00	0.000000e+00	0.000000e+00	0.000000e+00	0.000000e+00	0.000000e+00	0.000000e+00	0.000000e+00	0.000000e+00	0.000000e+00	0.000000e+00	0.000000e+00	0.000000e+00	0.000000e+00	0.000000e+00	0.000000e+00	0.000000e+00	
1328.905579	1323.526318	1334.284839	204.448492	4.194165e+02	1.882570e-90	0.000000e+00	9.412624e-53	2.249515e-70	0.000000e+00	0.000000e+00	8.445661e-03	1.882570e-90	1.165986e-03	1.310948e-59	1.882570e-90	1.882570e-90	1.882570e-90	1.882570e-90	0.000000e+00	1.882570e-90	1.882570e-90	1.882570e-90	1.882570e-90	1.138668e-42	4.973647e-03	6.091400e-49	0.000000e+00	0.000000e+00	0.000000e+00	1.882570e-90	1.531695e-86	0.000000e+00	1.192381e-49	0.000000e+00	0.000000e+00	0.000000e+00	0.000000e+00	0.000000e+00	0.000000e+00	0.000000e+00	2.238778e-56	1.882570e-90	1.882570e-90	1.673341e-73	2.602516e-45	4.299818e-68	1.658942e-56	1.882570e-90	2.273322e-04	2.363500e-41	0.000000e+00	0.000000e+00	9.034297e-47	7.585054e-88	0.000000e+00	1.343524e-36	8.419328e-01	1.882570e-90	1.111090e-15	0.000000e+00	1.882570e-90	1.882570e-90	1.882570e-90	9.008746e-55	4.748226e-85	0.000000e+00	0.000000e+00	1.882570e-90	0.000000e+00	0.000000e+00	0.000000e+00	0.000000e+00	0.000000e+00	0.000000e+00	0.000000e+00	6.534228e-61	6.485271e-85	0.000000e+00	0.000000e+00	0.000000e+00	0.000000e+00	0.000000e+00	0.000000e+00	0.000000e+00	0.000000e+00	0.000000e+00	0.000000e+00	0.000000e+00	0.000000e+00	0.000000e+00	0.000000e+00	0.000000e+00	0.000000e+00	0.000000e+00	0.000000e+00	0.000000e+00	0.000000e+00	0.000000e+00	0.000000e+00	0.000000e+00	0.000000e+00	0.000000e+00	0.000000e+00	0.000000e+00	0.000000e+00	0.000000e+00	0.000000e+00	0.000000e+00	0.000000e+00	0.000000e+00	0.000000e+00	0.000000e+00	0.000000e+00	0.000000e+00	0.000000e+00	0.000000e+00	0.000000e+00	0.000000e+00	0.000000e+00	
1339.667613	1334.284839	1345.050387	204.581022	3.441943e+02	1.882612e-90	0.000000e+00	1.127945e-52	2.762264e-70	0.000000e+00	0.000000e+00	8.446818e-03	1.882612e-90	1.165904e-03	1.583757e-59	1.882612e-90	1.882612e-90	1.882612e-90	1.882612e-90	0.000000e+00	1.882612e-90	1.882612e-90	1.882612e-90	1.882612e-90	1.827852e-42	4.973726e-03	8.004362e-49	0.000000e+00	0.000000e+00	0.000000e+00	1.882612e-90	2.624395e-86	0.000000e+00	1.568258e-49	0.000000e+00	0.000000e+00	0.000000e+00	0.000000e+00	0.000000e+00	0.000000e+00	0.000000e+00	3.661517e-56	1.882612e-90	1.882612e-90	2.282932e-73	3.381601e-45	5.797653e-68	2.182887e-56	1.882612e-90	2.273369e-04	2.772839e-41	0.000000e+00	0.000000e+00	1.445170e-46	1.299377e-87	0.000000e+00	2.121845e-36	8.419284e-01	1.882612e-90	1.706017e-15	0.000000e+00	1.882612e-90	1.882612e-90	1.882612e-90	1.081831e-54	7.319908e-85	0.000000e+00	0.000000e+00	1.882612e-90	0.000000e+00	0.000000e+00	0.000000e+00	0.000000e+00	0.000000e+00	0.000000e+00	0.000000e+00	1.069577e-60	7.096911e-85	0.000000e+00	0.000000e+00	0.000000e+00	0.000000e+00	0.000000e+00	0.000000e+00	0.000000e+00	0.000000e+00	0.000000e+00	0.000000e+00	0.000000e+00	0.000000e+00	0.000000e+00	0.000000e+00	0.000000e+00	0.000000e+00	0.000000e+00	0.000000e+00	0.000000e+00	0.000000e+00	0.000000e+00	0.000000e+00	0.000000e+00	0.000000e+00	0.000000e+00	0.000000e+00	0.000000e+00	0.000000e+00	0.000000e+00	0.000000e+00	0.000000e+00	0.000000e+00	0.000000e+00	0.000000e+00	0.000000e+00	0.000000e+00	0.000000e+00	0.000000e+00	0.000000e+00	0.000000e+00	0.000000e+00	0.000000e+00	
1350.437347	1345.050387	1355.824307	204.739759	2.824631e+02	1.882624e-90	0.000000e+00	1.373588e-52	3.462671e-70	0.000000e+00	0.000000e+00	8.446307e-03	1.882624e-90	1.165949e-03	1.947710e-59	1.882624e-90	1.882624e-90	1.882624e-90	1.882624e-90	0.000000e+00	1.882624e-90	1.882624e-90	1.882624e-90	1.882624e-90	2.978514e-42	4.973596e-03	1.067185e-48	0.000000e+00	0.000000e+00	0.000000e+00	1.882624e-90	4.624134e-86	0.000000e+00	2.093529e-49	0.000000e+00	0.000000e+00	0.000000e+00	0.000000e+00	0.000000e+00	0.000000e+00	0.000000e+00	6.103321e-56	1.882624e-90	1.882624e-90	3.184457e-73	4.449876e-45	7.972379e-68	2.914664e-56	1.882624e-90	2.273514e-04	3.292262e-41	0.000000e+00	0.000000e+00	2.345185e-46	2.289155e-87	0.000000e+00	3.390092e-36	8.419278e-01	1.882624e-90	2.637365e-15	0.000000e+00	1.882624e-90	1.882624e-90	1.882624e-90	1.320700e-54	1.158688e-84	0.000000e+00	0.000000e+00	1.882624e-90	0.000000e+00	0.000000e+00	0.000000e+00	0.000000e+00	0.000000e+00	0.000000e+00	0.000000e+00	1.784262e-60	7.897875e-85	0.000000e+00	0.000000e+00	0.000000e+00	0.000000e+00	0.000000e+00	0.000000e+00	0.000000e+00	0.000000e+00	0.000000e+00	0.000000e+00	0.000000e+00	0.000000e+00	0.000000e+00	0.000000e+00	0.000000e+00	0.000000e+00	0.000000e+00	0.000000e+00	0.000000e+00	0.000000e+00	0.000000e+00	0.000000e+00	0.000000e+00	0.000000e+00	0.000000e+00	0.000000e+00	0.000000e+00	0.000000e+00	0.000000e+00	0.000000e+00	0.000000e+00	0.000000e+00	0.000000e+00	0.000000e+00	0.000000e+00	0.000000e+00	0.000000e+00	0.000000e+00	0.000000e+00	0.000000e+00	0.000000e+00	0.000000e+00	
1361.218644	1355.824307	1366.612981	205.019323	2.318034e+02	1.882637e-90	0.000000e+00	1.801911e-52	4.780342e-70	0.000000e+00	0.000000e+00	8.446708e-03	1.882637e-90	1.165968e-03	2.599425e-59	1.882637e-90	1.947620e-90	1.882637e-90	1.882637e-90	0.000000e+00	1.882637e-90	1.882637e-90	1.882637e-90	1.882637e-90	5.209201e-42	4.973841e-03	1.523592e-48	0.000000e+00	0.000000e+00	0.000000e+00	1.882637e-90	9.277478e-86	0.000000e+00	2.995345e-49	0.000000e+00	0.000000e+00	0.000000e+00	0.000000e+00	0.000000e+00	0.000000e+00	0.000000e+00	1.110592e-55	1.882637e-90	1.882637e-90	4.920050e-73	6.204580e-45	1.201388e-67	4.171572e-56	1.882637e-90	2.273352e-04	4.130109e-41	0.000000e+00	0.000000e+00	4.071072e-46	4.590324e-87	0.000000e+00	5.728078e-36	8.419262e-01	1.882637e-90	4.203344e-15	0.000000e+00	1.882637e-90	1.882637e-90	1.882637e-90	1.740260e-54	2.075406e-84	0.000000e+00	0.000000e+00	1.882637e-90	0.000000e+00	0.000000e+00	0.000000e+00	0.000000e+00	0.000000e+00	0.000000e+00	0.000000e+00	3.251761e-60	9.535418e-85	0.000000e+00	0.000000e+00	0.000000e+00	0.000000e+00	0.000000e+00	0.000000e+00	0.000000e+00	0.000000e+00	0.000000e+00	0.000000e+00	0.000000e+00	0.000000e+00	0.000000e+00	0.000000e+00	0.000000e+00	0.000000e+00	0.000000e+00	0.000000e+00	0.000000e+00	0.000000e+00	0.000000e+00	0.000000e+00	0.000000e+00	0.000000e+00	0.000000e+00	0.000000e+00	0.000000e+00	0.000000e+00	0.000000e+00	0.000000e+00	0.000000e+00	0.000000e+00	0.000000e+00	0.000000e+00	0.000000e+00	0.000000e+00	0.000000e+00	0.000000e+00	0.000000e+00	0.000000e+00	0.000000e+00	0.000000e+00	
1372.022495	1366.612981	1377.432009	205.596571	1.902295e+02	1.882555e-90	0.000000e+00	2.836580e-52	8.356456e-70	0.000000e+00	0.000000e+00	8.445930e-03	1.882555e-90	1.165873e-03	4.238887e-59	1.882555e-90	4.845099e-90	1.882555e-90	1.882555e-90	0.000000e+00	1.882555e-90	1.882555e-90	1.882555e-90	1.882555e-90	1.082725e-41	4.973709e-03	2.570601e-48	0.000000e+00	0.000000e+00	0.000000e+00	1.882555e-90	2.557537e-85	0.000000e+00	5.076615e-49	0.000000e+00	0.000000e+00	0.000000e+00	0.000000e+00	0.000000e+00	0.000000e+00	0.000000e+00	2.504620e-55	1.882555e-90	1.882555e-90	9.768631e-73	9.976110e-45	2.265585e-67	7.074618e-56	1.882555e-90	2.273173e-04	5.931073e-41	0.000000e+00	0.000000e+00	8.333632e-46	1.264245e-86	0.000000e+00	1.108902e-35	8.419335e-01	1.882555e-90	7.218082e-15	0.000000e+00	1.882555e-90	1.882555e-90	1.882555e-90	2.764334e-54	5.029163e-84	0.000000e+00	0.000000e+00	1.882555e-90	0.000000e+00	0.000000e+00	0.000000e+00	0.000000e+00	0.000000e+00	0.000000e+00	0.000000e+00	7.355565e-60	1.404014e-84	0.000000e+00	0.000000e+00	0.000000e+00	0.000000e+00	0.000000e+00	0.000000e+00	0.000000e+00	0.000000e+00	0.000000e+00	0.000000e+00	0.000000e+00	0.000000e+00	0.000000e+00	0.000000e+00	0.000000e+00	0.000000e+00	0.000000e+00	0.000000e+00	0.000000e+00	0.000000e+00	0.000000e+00	0.000000e+00	0.000000e+00	0.000000e+00	0.000000e+00	0.000000e+00	0.000000e+00	0.000000e+00	0.000000e+00	0.000000e+00	0.000000e+00	0.000000e+00	0.000000e+00	0.000000e+00	0.000000e+00	0.000000e+00	0.000000e+00	0.000000e+00	0.000000e+00	0.000000e+00	0.000000e+00	0.000000e+00	
1382.872105	1377.432009	1388.312200	206.762178	1.561119e+02	1.882738e-90	0.000000e+00	6.373577e-52	2.316740e-69	0.000000e+00	0.000000e+00	8.447125e-03	1.882738e-90	1.165974e-03	1.022363e-58	1.882738e-90	2.234539e-89	1.882738e-90	1.882738e-90	0.000000e+00	1.882738e-90	1.882738e-90	1.882738e-90	1.882738e-90	3.155351e-41	4.973749e-03	6.014035e-48	0.000000e+00	0.000000e+00	0.000000e+00	1.882738e-90	1.311720e-84	0.000000e+00	1.198211e-48	0.000000e+00	0.000000e+00	0.000000e+00	0.000000e+00	0.000000e+00	0.000000e+00	0.000000e+00	8.594512e-55	1.882738e-90	1.882738e-90	3.165410e-72	2.119872e-44	6.624888e-67	1.673608e-55	1.882738e-90	2.273597e-04	1.109188e-40	0.000000e+00	0.000000e+00	2.356871e-45	6.473063e-86	0.000000e+00	2.804428e-35	8.419185e-01	1.882738e-90	1.435435e-14	0.000000e+00	1.882738e-90	1.882738e-90	1.882738e-90	6.325044e-54	2.200190e-83	0.000000e+00	0.000000e+00	1.882738e-90	0.000000e+00	0.000000e+00	0.000000e+00	0.000000e+00	0.000000e+00	0.000000e+00	0.000000e+00	2.540644e-59	3.054755e-84	0.000000e+00	0.000000e+00	0.000000e+00	0.000000e+00	0.000000e+00	0.000000e+00	0.000000e+00	0.000000e+00	0.000000e+00	0.000000e+00	0.000000e+00	0.000000e+00	0.000000e+00	0.000000e+00	0.000000e+00	0.000000e+00	0.000000e+00	0.000000e+00	0.000000e+00	0.000000e+00	0.000000e+00	0.000000e+00	0.000000e+00	0.000000e+00	0.000000e+00	0.000000e+00	0.000000e+00	0.000000e+00	0.000000e+00	0.000000e+00	0.000000e+00	0.000000e+00	0.000000e+00	0.000000e+00	0.000000e+00	0.000000e+00	0.000000e+00	0.000000e+00	0.000000e+00	0.000000e+00	0.000000e+00	0.000000e+00	
1393.802904	1388.312200	1399.293609	208.683342	1.281132e+02	1.882740e-90	0.000000e+00	2.231962e-51	1.140993e-68	0.000000e+00	0.000000e+00	8.447057e-03	1.882740e-90	1.165960e-03	4.015458e-58	1.882740e-90	2.224375e-88	1.882740e-90	1.882740e-90	0.000000e+00	1.882740e-90	1.882740e-90	1.882740e-90	1.882740e-90	1.401771e-40	4.973884e-03	2.114858e-47	0.000000e+00	0.000000e+00	0.000000e+00	1.882740e-90	1.459931e-83	0.000000e+00	4.275802e-48	0.000000e+00	0.000000e+00	0.000000e+00	0.000000e+00	0.000000e+00	0.000000e+00	0.000000e+00	4.979288e-54	1.882740e-90	1.882740e-90	1.888250e-71	6.371938e-44	3.344698e-66	5.990865e-55	1.882740e-90	2.273475e-04	2.881763e-40	0.000000e+00	0.000000e+00	9.973060e-45	7.179331e-85	0.000000e+00	9.897703e-35	8.419183e-01	1.882740e-90	3.428484e-14	0.000000e+00	1.882740e-90	1.882740e-90	1.882740e-90	2.281272e-53	2.010599e-82	0.000000e+00	0.000000e+00	1.882740e-90	0.000000e+00	0.000000e+00	0.000000e+00	0.000000e+00	0.000000e+00	0.000000e+00	0.000000e+00	1.487972e-58	1.080637e-83	0.000000e+00	0.000000e+00	0.000000e+00	0.000000e+00	0.000000e+00	0.000000e+00	0.000000e+00	0.000000e+00	0.000000e+00	0.000000e+00	0.000000e+00	0.000000e+00	0.000000e+00	0.000000e+00	0.000000e+00	0.000000e+00	0.000000e+00	0.000000e+00	0.000000e+00	0.000000e+00	0.000000e+00	0.000000e+00	0.000000e+00	0.000000e+00	0.000000e+00	0.000000e+00	0.000000e+00	0.000000e+00	0.000000e+00	0.000000e+00	0.000000e+00	0.000000e+00	0.000000e+00	0.000000e+00	0.000000e+00	0.000000e+00	0.000000e+00	0.000000e+00	0.000000e+00	0.000000e+00	0.000000e+00	0.000000e+00	
1404.844903	1399.293609	1410.396198	210.986435	1.051362e+02	1.882613e-90	0.000000e+00	9.569118e-51	7.301838e-68	0.000000e+00	0.000000e+00	8.446082e-03	1.882613e-90	1.165955e-03	1.969574e-57	1.882613e-90	3.147104e-87	1.882613e-90	1.882613e-90	0.000000e+00	1.882613e-90	1.882613e-90	1.882613e-90	1.882613e-90	7.555143e-40	4.973497e-03	8.960711e-47	0.000000e+00	0.000000e+00	0.000000e+00	1.882613e-90	2.315615e-82	0.000000e+00	1.843443e-47	0.000000e+00	0.000000e+00	0.000000e+00	0.000000e+00	0.000000e+00	0.000000e+00	0.000000e+00	3.667459e-53	1.882613e-90	1.882613e-90	1.487986e-70	2.244895e-43	2.167013e-65	2.593461e-54	1.882613e-90	2.273287e-04	8.698782e-40	0.000000e+00	0.000000e+00	5.079745e-44	1.133527e-83	0.000000e+00	4.072939e-34	8.419291e-01	1.882613e-90	8.916457e-14	0.000000e+00	1.882613e-90	1.882613e-90	1.882613e-90	1.012461e-52	2.572265e-81	0.000000e+00	0.000000e+00	1.882613e-90	0.000000e+00	0.000000e+00	0.000000e+00	0.000000e+00	0.000000e+00	0.000000e+00	0.000000e+00	1.110649e-57	4.784468e-83	0.000000e+00	0.000000e+00	0.000000e+00	0.000000e+00	0.000000e+00	0.000000e+00	0.000000e+00	0.000000e+00	0.000000e+00	0.000000e+00	0.000000e+00	0.000000e+00	0.000000e+00	0.000000e+00	0.000000e+00	0.000000e+00	0.000000e+00	0.000000e+00	0.000000e+00	0.000000e+00	0.000000e+00	0.000000e+00	0.000000e+00	0.000000e+00	0.000000e+00	0.000000e+00	0.000000e+00	0.000000e+00	0.000000e+00	0.000000e+00	0.000000e+00	0.000000e+00	0.000000e+00	0.000000e+00	0.000000e+00	0.000000e+00	0.000000e+00	0.000000e+00	0.000000e+00	0.000000e+00	0.000000e+00	0.000000e+00	
1416.000215	1410.396198	1421.604232	212.987888	8.628001e+01	1.882659e-90	0.000000e+00	3.355268e-50	3.601742e-67	0.000000e+00	0.000000e+00	8.446661e-03	1.882659e-90	1.165941e-03	7.743380e-57	1.882659e-90	3.144663e-86	1.882659e-90	1.882659e-90	0.000000e+00	1.882659e-90	1.882659e-90	1.882659e-90	1.882659e-90	3.368763e-39	4.973365e-03	3.159503e-46	0.000000e+00	0.000000e+00	0.000000e+00	1.882659e-90	2.589039e-81	0.000000e+00	6.596889e-47	0.000000e+00	0.000000e+00	0.000000e+00	0.000000e+00	0.000000e+00	0.000000e+00	0.000000e+00	2.133517e-52	1.882659e-90	1.882659e-90	8.893783e-70	6.763275e-43	1.096827e-64	9.320919e-54	1.882659e-90	2.273476e-04	2.262492e-39	0.000000e+00	0.000000e+00	2.160169e-43	1.261989e-82	0.000000e+00	1.444303e-33	8.419251e-01	1.882659e-90	2.137435e-13	0.000000e+00	1.882659e-90	1.882659e-90	1.882659e-90	3.656459e-52	2.359224e-80	0.000000e+00	0.000000e+00	1.882659e-90	0.000000e+00	0.000000e+00	0.000000e+00	0.000000e+00	0.000000e+00	0.000000e+00	0.000000e+00	6.539953e-57	1.705641e-82	0.000000e+00	0.000000e+00	0.000000e+00	0.000000e+00	0.000000e+00	0.000000e+00	0.000000e+00	0.000000e+00	0.000000e+00	0.000000e+00	0.000000e+00	0.000000e+00	0.000000e+00	0.000000e+00	0.000000e+00	0.000000e+00	0.000000e+00	0.000000e+00	0.000000e+00	0.000000e+00	0.000000e+00	0.000000e+00	0.000000e+00	0.000000e+00	0.000000e+00	0.000000e+00	0.000000e+00	0.000000e+00	0.000000e+00	0.000000e+00	0.000000e+00	0.000000e+00	0.000000e+00	0.000000e+00	0.000000e+00	0.000000e+00	0.000000e+00	0.000000e+00	0.000000e+00	0.000000e+00	0.000000e+00	0.000000e+00	
1427.242458	1421.604232	1432.880683	214.291599	7.080571e+01	1.882713e-90	0.000000e+00	7.774241e-50	1.038739e-66	0.000000e+00	0.000000e+00	8.446828e-03	1.882713e-90	1.166066e-03	1.930877e-56	1.882713e-90	1.531996e-85	1.882713e-90	1.882713e-90	0.000000e+00	1.882713e-90	1.882713e-90	1.882713e-90	1.882713e-90	1.013579e-38	4.974169e-03	7.615839e-46	0.000000e+00	0.000000e+00	0.000000e+00	1.882713e-90	1.405208e-80	0.000000e+00	1.605761e-46	0.000000e+00	0.000000e+00	0.000000e+00	0.000000e+00	0.000000e+00	0.000000e+00	0.000000e+00	7.614903e-52	1.882713e-90	1.882713e-90	3.005932e-69	1.473123e-42	3.332456e-64	2.274413e-53	1.882713e-90	2.273397e-04	4.327711e-39	0.000000e+00	0.000000e+00	6.306071e-43	6.827411e-82	0.000000e+00	3.752736e-33	8.419202e-01	1.882713e-90	4.319895e-13	0.000000e+00	1.882713e-90	1.882713e-90	1.882713e-90	8.635843e-52	1.087957e-79	0.000000e+00	0.000000e+00	1.882713e-90	0.000000e+00	0.000000e+00	0.000000e+00	0.000000e+00	0.000000e+00	0.000000e+00	0.000000e+00	2.353091e-56	3.859999e-82	0.000000e+00	0.000000e+00	0.000000e+00	0.000000e+00	0.000000e+00	0.000000e+00	0.000000e+00	0.000000e+00	0.000000e+00	0.000000e+00	0.000000e+00	0.000000e+00	0.000000e+00	0.000000e+00	0.000000e+00	0.000000e+00	0.000000e+00	0.000000e+00	0.000000e+00	0.000000e+00	0.000000e+00	0.000000e+00	0.000000e+00	0.000000e+00	0.000000e+00	0.000000e+00	0.000000e+00	0.000000e+00	0.000000e+00	0.000000e+00	0.000000e+00	0.000000e+00	0.000000e+00	0.000000e+00	0.000000e+00	0.000000e+00	0.000000e+00	0.000000e+00	0.000000e+00	0.000000e+00	0.000000e+00	0.000000e+00	
1438.539095	1432.880683	1444.197507	215.055765	5.810672e+01	1.882644e-90	0.000000e+00	1.319905e-49	2.002406e-66	0.000000e+00	0.000000e+00	8.446473e-03	1.882644e-90	1.165904e-03	3.420184e-56	1.882644e-90	4.349739e-85	1.882644e-90	1.882644e-90	0.000000e+00	1.882644e-90	1.882644e-90	1.882644e-90	1.882644e-90	2.267553e-38	4.973475e-03	1.378753e-45	0.000000e+00	0.000000e+00	0.000000e+00	1.882644e-90	4.427169e-80	0.000000e+00	2.923107e-46	0.000000e+00	0.000000e+00	0.000000e+00	0.000000e+00	0.000000e+00	0.000000e+00	0.000000e+00	1.880958e-51	1.882644e-90	1.882644e-90	6.623443e-69	2.515438e-42	6.902440e-64	4.148228e-53	1.882644e-90	2.273496e-04	6.573922e-39	0.000000e+00	0.000000e+00	1.386473e-42	2.147439e-81	0.000000e+00	7.710501e-33	8.419265e-01	1.882644e-90	7.670312e-13	0.000000e+00	1.882644e-90	1.882644e-90	1.882644e-90	1.482219e-51	2.991999e-79	0.000000e+00	0.000000e+00	1.882644e-90	0.000000e+00	0.000000e+00	0.000000e+00	0.000000e+00	0.000000e+00	0.000000e+00	0.000000e+00	5.839836e-56	6.203965e-82	0.000000e+00	0.000000e+00	0.000000e+00	0.000000e+00	0.000000e+00	0.000000e+00	0.000000e+00	0.000000e+00	0.000000e+00	0.000000e+00	0.000000e+00	0.000000e+00	0.000000e+00	0.000000e+00	0.000000e+00	0.000000e+00	0.000000e+00	0.000000e+00	0.000000e+00	0.000000e+00	0.000000e+00	0.000000e+00	0.000000e+00	0.000000e+00	0.000000e+00	0.000000e+00	0.000000e+00	0.000000e+00	0.000000e+00	0.000000e+00	0.000000e+00	0.000000e+00	0.000000e+00	0.000000e+00	0.000000e+00	0.000000e+00	0.000000e+00	0.000000e+00	0.000000e+00	0.000000e+00	0.000000e+00	0.000000e+00	
1449.871084	1444.197507	1455.544661	215.632270	4.768529e+01	1.882690e-90	0.000000e+00	2.012115e-49	3.357767e-66	0.000000e+00	0.000000e+00	8.446714e-03	1.882690e-90	1.166081e-03	5.383589e-56	1.882690e-90	1.024900e-84	1.882690e-90	1.882690e-90	0.000000e+00	1.882690e-90	1.882690e-90	1.882690e-90	1.882690e-90	4.580415e-38	4.974005e-03	2.261519e-45	0.000000e+00	0.000000e+00	0.000000e+00	1.882690e-90	1.156183e-79	0.000000e+00	4.815316e-46	0.000000e+00	0.000000e+00	0.000000e+00	0.000000e+00	0.000000e+00	0.000000e+00	0.000000e+00	4.093256e-51	1.882690e-90	1.882690e-90	1.258388e-68	3.947444e-42	1.252077e-63	6.841170e-53	1.882690e-90	2.273455e-04	9.219064e-39	0.000000e+00	0.000000e+00	2.764417e-42	5.599508e-81	0.000000e+00	1.461389e-32	8.419220e-01	1.882690e-90	1.303241e-12	0.000000e+00	1.882690e-90	1.882690e-90	1.882690e-90	2.278563e-51	6.882902e-79	0.000000e+00	0.000000e+00	1.882690e-90	0.000000e+00	0.000000e+00	0.000000e+00	0.000000e+00	0.000000e+00	0.000000e+00	0.000000e+00	1.275493e-55	8.859348e-82	0.000000e+00	0.000000e+00	0.000000e+00	0.000000e+00	0.000000e+00	0.000000e+00	0.000000e+00	0.000000e+00	0.000000e+00	0.000000e+00	0.000000e+00	0.000000e+00	0.000000e+00	0.000000e+00	0.000000e+00	0.000000e+00	0.000000e+00	0.000000e+00	0.000000e+00	0.000000e+00	0.000000e+00	0.000000e+00	0.000000e+00	0.000000e+00	0.000000e+00	0.000000e+00	0.000000e+00	0.000000e+00	0.000000e+00	0.000000e+00	0.000000e+00	0.000000e+00	0.000000e+00	0.000000e+00	0.000000e+00	0.000000e+00	0.000000e+00	0.000000e+00	0.000000e+00	0.000000e+00	0.000000e+00	0.000000e+00	
1461.232388	1455.544661	1466.920115	216.169996	3.913295e+01	1.882621e-90	0.000000e+00	2.996932e-49	5.463406e-66	0.000000e+00	0.000000e+00	8.446685e-03	1.882621e-90	1.165942e-03	8.258161e-56	1.882621e-90	2.318810e-84	1.882621e-90	1.882621e-90	0.000000e+00	1.882621e-90	1.882621e-90	1.882621e-90	1.882621e-90	9.048071e-38	4.973466e-03	3.630239e-45	0.000000e+00	0.000000e+00	0.000000e+00	1.882621e-90	2.898173e-79	0.000000e+00	7.759228e-46	0.000000e+00	0.000000e+00	0.000000e+00	0.000000e+00	0.000000e+00	0.000000e+00	0.000000e+00	8.662386e-51	1.882621e-90	1.882621e-90	2.315613e-68	6.083137e-42	2.207080e-63	1.103927e-52	1.882621e-90	2.273438e-04	1.270784e-38	0.000000e+00	0.000000e+00	5.395381e-42	1.401862e-80	0.000000e+00	2.721092e-32	8.419279e-01	1.882621e-90	2.191973e-12	0.000000e+00	1.882621e-90	1.882621e-90	1.882621e-90	3.419539e-51	1.523067e-78	0.000000e+00	0.000000e+00	1.882621e-90	0.000000e+00	0.000000e+00	0.000000e+00	0.000000e+00	0.000000e+00	0.000000e+00	0.000000e+00	2.708435e-55	1.233132e-81	0.000000e+00	0.000000e+00	0.000000e+00	0.000000e+00	0.000000e+00	0.000000e+00	0.000000e+00	0.000000e+00	0.000000e+00	0.000000e+00	0.000000e+00	0.000000e+00	0.000000e+00	0.000000e+00	0.000000e+00	0.000000e+00	0.000000e+00	0.000000e+00	0.000000e+00	0.000000e+00	0.000000e+00	0.000000e+00	0.000000e+00	0.000000e+00	0.000000e+00	0.000000e+00	0.000000e+00	0.000000e+00	0.000000e+00	0.000000e+00	0.000000e+00	0.000000e+00	0.000000e+00	0.000000e+00	0.000000e+00	0.000000e+00	0.000000e+00	0.000000e+00	0.000000e+00	0.000000e+00	0.000000e+00	0.000000e+00	
1472.622242	1466.920115	1478.324370	216.719810	3.211446e+01	1.882726e-90	0.000000e+00	4.487077e-49	8.949532e-66	0.000000e+00	0.000000e+00	8.446393e-03	1.882726e-90	1.166028e-03	1.274286e-55	1.882726e-90	5.295272e-84	1.882726e-90	1.882726e-90	0.000000e+00	1.882726e-90	1.882726e-90	1.882726e-90	1.882726e-90	1.796898e-37	4.974355e-03	5.857316e-45	0.000000e+00	0.000000e+00	0.000000e+00	1.882726e-90	7.336382e-79	0.000000e+00	1.257222e-45	0.000000e+00	0.000000e+00	0.000000e+00	0.000000e+00	0.000000e+00	0.000000e+00	0.000000e+00	1.845634e-50	1.882726e-90	1.882726e-90	4.291862e-68	9.413424e-42	3.915714e-63	1.790216e-52	1.882726e-90	2.273440e-04	1.758504e-38	0.000000e+00	0.000000e+00	1.058506e-41	3.543045e-80	0.000000e+00	5.088617e-32	8.419193e-01	1.882726e-90	3.696664e-12	0.000000e+00	1.882726e-90	1.882726e-90	1.882726e-90	5.160926e-51	3.400784e-78	0.000000e+00	0.000000e+00	1.882726e-90	0.000000e+00	0.000000e+00	0.000000e+00	0.000000e+00	0.000000e+00	0.000000e+00	0.000000e+00	5.790745e-55	1.726566e-81	0.000000e+00	0.000000e+00	0.000000e+00	0.000000e+00	0.000000e+00	0.000000e+00	0.000000e+00	0.000000e+00	0.000000e+00	0.000000e+00	0.000000e+00	0.000000e+00	0.000000e+00	0.000000e+00	0.000000e+00	0.000000e+00	0.000000e+00	0.000000e+00	0.000000e+00	0.000000e+00	0.000000e+00	0.000000e+00	0.000000e+00	0.000000e+00	0.000000e+00	0.000000e+00	0.000000e+00	0.000000e+00	0.000000e+00	0.000000e+00	0.000000e+00	0.000000e+00	0.000000e+00	0.000000e+00	0.000000e+00	0.000000e+00	0.000000e+00	0.000000e+00	0.000000e+00	0.000000e+00	0.000000e+00	0.000000e+00	
1484.042484	1478.324370	1489.760598	217.323273	2.635474e+01	1.882599e-90	0.000000e+00	6.909034e-49	1.520159e-65	0.000000e+00	0.000000e+00	8.446288e-03	1.882599e-90	1.165952e-03	2.027403e-55	1.882599e-90	1.269341e-83	1.882599e-90	1.882599e-90	0.000000e+00	2.173890e-90	1.882599e-90	1.882599e-90	1.882599e-90	3.663905e-37	4.973332e-03	9.694058e-45	0.000000e+00	0.000000e+00	0.000000e+00	1.882599e-90	1.948900e-78	0.000000e+00	2.089471e-45	0.000000e+00	0.000000e+00	0.000000e+00	0.000000e+00	0.000000e+00	0.000000e+00	0.000000e+00	4.062951e-50	1.882599e-90	1.882599e-90	8.266590e-68	1.488840e-41	7.190699e-63	2.980443e-52	1.882599e-90	2.273306e-04	2.484292e-38	0.000000e+00	0.000000e+00	2.129676e-41	9.398699e-80	0.000000e+00	9.716979e-32	8.419304e-01	1.882599e-90	6.306138e-12	0.000000e+00	1.882599e-90	1.882599e-90	1.882599e-90	8.012906e-51	7.952412e-78	0.000000e+00	0.000000e+00	1.882599e-90	0.000000e+00	0.000000e+00	0.000000e+00	0.000000e+00	0.000000e+00	0.000000e+00	0.000000e+00	1.279665e-54	2.493750e-81	0.000000e+00	0.000000e+00	0.000000e+00	0.000000e+00	0.000000e+00	0.000000e+00	0.000000e+00	0.000000e+00	0.000000e+00	0.000000e+00	0.000000e+00	0.000000e+00	0.000000e+00	0.000000e+00	0.000000e+00	0.000000e+00	0.000000e+00	0.000000e+00	0.000000e+00	0.000000e+00	0.000000e+00	0.000000e+00	0.000000e+00	0.000000e+00	0.000000e+00	0.000000e+00	0.000000e+00	0.000000e+00	0.000000e+00	0.000000e+00	0.000000e+00	0.000000e+00	0.000000e+00	0.000000e+00	0.000000e+00	0.000000e+00	0.000000e+00	0.000000e+00	0.000000e+00	0.000000e+00	0.000000e+00	0.000000e+00	
1495.497070	1489.760598	1501.233543	218.024917	2.162802e+01	1.882767e-90	0.000000e+00	1.120447e-48	2.761989e-65	0.000000e+00	0.000000e+00	8.447483e-03	1.882767e-90	1.166062e-03	3.415304e-55	1.882767e-90	3.331087e-83	1.882767e-90	1.882767e-90	0.000000e+00	5.248693e-90	1.882767e-90	1.882767e-90	1.882767e-90	7.855165e-37	4.974014e-03	1.683937e-44	0.000000e+00	0.000000e+00	0.000000e+00	1.882767e-90	5.674003e-78	0.000000e+00	3.648023e-45	0.000000e+00	0.000000e+00	0.000000e+00	0.000000e+00	0.000000e+00	0.000000e+00	0.000000e+00	9.517543e-50	1.882767e-90	1.882767e-90	1.710462e-67	2.453855e-41	1.408328e-62	5.213269e-52	1.882767e-90	2.273670e-04	3.648103e-38	0.000000e+00	0.000000e+00	4.497362e-41	2.731314e-79	0.000000e+00	1.931612e-31	8.419155e-01	1.882767e-90	1.099926e-11	0.000000e+00	1.882767e-90	1.882767e-90	1.882767e-90	1.312542e-50	2.028369e-77	0.000000e+00	0.000000e+00	1.882767e-90	0.000000e+00	0.000000e+00	0.000000e+00	0.000000e+00	0.000000e+00	0.000000e+00	0.000000e+00	3.011702e-54	3.819073e-81	0.000000e+00	0.000000e+00	0.000000e+00	0.000000e+00	0.000000e+00	0.000000e+00	0.000000e+00	0.000000e+00	0.000000e+00	0.000000e+00	0.000000e+00	0.000000e+00	0.000000e+00	0.000000e+00	0.000000e+00	0.000000e+00	0.000000e+00	0.000000e+00	0.000000e+00	0.000000e+00	0.000000e+00	0.000000e+00	0.000000e+00	0.000000e+00	0.000000e+00	0.000000e+00	0.000000e+00	0.000000e+00	0.000000e+00	0.000000e+00	0.000000e+00	0.000000e+00	0.000000e+00	0.000000e+00	0.000000e+00	0.000000e+00	0.000000e+00	0.000000e+00	0.000000e+00	0.000000e+00	0.000000e+00	0.000000e+00	
1506.992627	1501.233543	1512.751711	218.884973	1.774904e+01	1.882721e-90	0.000000e+00	1.975405e-48	5.590608e-65	0.000000e+00	0.000000e+00	8.447186e-03	1.882721e-90	1.165966e-03	6.305020e-55	1.882721e-90	1.010365e-82	1.882721e-90	1.882721e-90	0.000000e+00	1.469608e-89	1.882721e-90	1.882721e-90	1.882721e-90	1.823322e-36	4.973615e-03	3.158032e-44	0.000000e+00	0.000000e+00	0.000000e+00	1.882721e-90	1.911313e-77	0.000000e+00	6.883636e-45	0.000000e+00	0.000000e+00	0.000000e+00	0.000000e+00	0.000000e+00	0.000000e+00	0.000000e+00	2.460772e-49	1.882721e-90	1.882721e-90	3.969315e-67	4.316202e-41	3.056242e-62	9.857730e-52	1.882721e-90	2.273469e-04	5.698033e-38	0.000000e+00	0.000000e+00	1.024645e-40	9.179119e-79	0.000000e+00	4.088948e-31	8.419201e-01	1.882721e-90	1.986292e-11	0.000000e+00	1.882721e-90	1.882721e-90	1.882721e-90	2.341826e-50	5.942576e-77	0.000000e+00	0.000000e+00	1.882721e-90	0.000000e+00	0.000000e+00	0.000000e+00	0.000000e+00	0.000000e+00	0.000000e+00	0.000000e+00	7.830077e-54	6.410774e-81	0.000000e+00	0.000000e+00	0.000000e+00	0.000000e+00	0.000000e+00	0.000000e+00	0.000000e+00	0.000000e+00	0.000000e+00	0.000000e+00	0.000000e+00	0.000000e+00	0.000000e+00	0.000000e+00	0.000000e+00	0.000000e+00	0.000000e+00	0.000000e+00	0.000000e+00	0.000000e+00	0.000000e+00	0.000000e+00	0.000000e+00	0.000000e+00	0.000000e+00	0.000000e+00	0.000000e+00	0.000000e+00	0.000000e+00	0.000000e+00	0.000000e+00	0.000000e+00	0.000000e+00	0.000000e+00	0.000000e+00	0.000000e+00	0.000000e+00	0.000000e+00	0.000000e+00	0.000000e+00	0.000000e+00	0.000000e+00	
1518.539967	1512.751711	1524.328222	219.992530	1.456575e+01	1.882669e-90	0.000000e+00	3.964034e-48	1.338060e-64	0.000000e+00	0.000000e+00	8.446615e-03	1.882669e-90	1.165961e-03	1.341876e-54	1.882669e-90	3.837970e-82	1.882669e-90	1.882669e-90	0.000000e+00	5.179938e-89	1.882669e-90	1.882669e-90	1.882669e-90	4.790401e-36	4.973783e-03	6.674099e-44	0.000000e+00	0.000000e+00	0.000000e+00	1.882669e-90	8.079014e-77	0.000000e+00	1.466504e-44	0.000000e+00	0.000000e+00	0.000000e+00	0.000000e+00	0.000000e+00	0.000000e+00	0.000000e+00	7.420479e-49	1.882669e-90	1.882669e-90	1.100831e-66	8.405957e-41	7.781202e-62	2.105507e-51	4.194093e-90	2.273511e-04	9.797452e-38	0.000000e+00	0.000000e+00	2.629461e-40	3.868010e-78	0.000000e+00	9.551912e-31	8.419243e-01	1.882669e-90	3.788352e-11	0.000000e+00	1.882669e-90	1.882669e-90	1.882669e-90	4.772061e-50	2.159654e-76	0.000000e+00	0.000000e+00	1.882669e-90	0.000000e+00	0.000000e+00	0.000000e+00	0.000000e+00	0.000000e+00	0.000000e+00	0.000000e+00	2.378198e-53	1.242669e-80	0.000000e+00	0.000000e+00	0.000000e+00	0.000000e+00	0.000000e+00	0.000000e+00	0.000000e+00	0.000000e+00	0.000000e+00	0.000000e+00	0.000000e+00	0.000000e+00	0.000000e+00	0.000000e+00	0.000000e+00	0.000000e+00	0.000000e+00	0.000000e+00	0.000000e+00	0.000000e+00	0.000000e+00	0.000000e+00	0.000000e+00	0.000000e+00	0.000000e+00	0.000000e+00	0.000000e+00	0.000000e+00	0.000000e+00	0.000000e+00	0.000000e+00	0.000000e+00	0.000000e+00	0.000000e+00	0.000000e+00	0.000000e+00	0.000000e+00	0.000000e+00	0.000000e+00	0.000000e+00	0.000000e+00	0.000000e+00	
1530.150107	1524.328222	1535.971992	221.271398	1.195339e+01	1.882671e-90	0.000000e+00	8.661504e-48	3.576038e-64	0.000000e+00	0.000000e+00	8.446762e-03	1.882671e-90	1.165970e-03	3.135686e-54	1.882671e-90	1.690840e-81	1.882671e-90	1.882671e-90	0.000000e+00	2.124615e-88	1.882671e-90	1.882671e-90	1.882671e-90	1.365742e-35	4.973696e-03	1.525994e-43	0.000000e+00	0.000000e+00	0.000000e+00	1.882671e-90	3.964852e-76	0.000000e+00	3.383616e-44	0.000000e+00	0.000000e+00	0.000000e+00	0.000000e+00	0.000000e+00	0.000000e+00	0.000000e+00	2.476196e-48	1.882671e-90	1.882671e-90	3.432325e-66	1.750264e-40	2.200711e-61	4.874016e-51	1.506334e-89	2.273424e-04	1.794304e-37	0.000000e+00	0.000000e+00	7.298729e-40	1.891307e-77	0.000000e+00	2.381835e-30	8.419241e-01	1.882671e-90	7.491483e-11	0.000000e+00	1.882671e-90	1.882671e-90	1.882671e-90	1.061118e-49	9.044948e-76	0.000000e+00	0.000000e+00	1.882671e-90	0.000000e+00	0.000000e+00	0.000000e+00	0.000000e+00	0.000000e+00	0.000000e+00	0.000000e+00	8.003662e-53	2.650202e-80	0.000000e+00	0.000000e+00	0.000000e+00	0.000000e+00	0.000000e+00	0.000000e+00	0.000000e+00	0.000000e+00	0.000000e+00	0.000000e+00	0.000000e+00	0.000000e+00	0.000000e+00	0.000000e+00	0.000000e+00	0.000000e+00	0.000000e+00	0.000000e+00	0.000000e+00	0.000000e+00	0.000000e+00	0.000000e+00	0.000000e+00	0.000000e+00	0.000000e+00	0.000000e+00	0.000000e+00	0.000000e+00	0.000000e+00	0.000000e+00	0.000000e+00	0.000000e+00	0.000000e+00	0.000000e+00	0.000000e+00	0.000000e+00	0.000000e+00	0.000000e+00	0.000000e+00	0.000000e+00	0.000000e+00	0.000000e+00	
1541.823135	1535.971992	1547.674278	222.381476	9.809551e+00	1.882604e-90	0.000000e+00	1.718698e-47	8.435050e-64	0.000000e+00	0.000000e+00	8.446240e-03	1.882604e-90	1.165932e-03	6.590886e-54	2.120873e-90	6.301016e-81	1.882604e-90	1.882604e-90	0.000000e+00	7.342505e-88	1.882604e-90	1.882604e-90	1.882604e-90	3.551862e-35	4.973429e-03	3.192744e-43	0.000000e+00	0.000000e+00	0.000000e+00	1.882604e-90	1.644043e-75	0.000000e+00	7.135185e-44	0.000000e+00	0.000000e+00	0.000000e+00	0.000000e+00	0.000000e+00	0.000000e+00	0.000000e+00	7.372412e-48	1.882604e-90	1.882604e-90	9.373557e-66	3.379856e-40	5.527195e-61	1.030818e-50	4.645962e-89	2.273523e-04	3.059713e-37	0.000000e+00	0.000000e+00	1.855471e-39	7.817646e-77	0.000000e+00	5.521626e-30	8.419297e-01	1.882604e-90	1.423157e-10	0.000000e+00	1.882604e-90	1.882604e-90	1.882604e-90	2.137381e-49	3.227292e-75	0.000000e+00	0.000000e+00	1.882604e-90	0.000000e+00	0.000000e+00	0.000000e+00	0.000000e+00	0.000000e+00	0.000000e+00	0.000000e+00	2.400551e-52	5.081507e-80	0.000000e+00	0.000000e+00	0.000000e+00	0.000000e+00	0.000000e+00	0.000000e+00	0.000000e+00	0.000000e+00	0.000000e+00	0.000000e+00	0.000000e+00	0.000000e+00	0.000000e+00	0.000000e+00	0.000000e+00	0.000000e+00	0.000000e+00	0.000000e+00	0.000000e+00	0.000000e+00	0.000000e+00	0.000000e+00	0.000000e+00	0.000000e+00	0.000000e+00	0.000000e+00	0.000000e+00	0.000000e+00	0.000000e+00	0.000000e+00	0.000000e+00	0.000000e+00	0.000000e+00	0.000000e+00	0.000000e+00	0.000000e+00	0.000000e+00	0.000000e+00	0.000000e+00	0.000000e+00	0.000000e+00	0.000000e+00	
1553.542327	1547.674278	1559.410376	223.024941	8.050210e+00	1.882770e-90	0.000000e+00	2.658323e-47	1.441219e-63	0.000000e+00	0.000000e+00	8.446820e-03	1.882770e-90	1.166057e-03	1.053872e-53	5.984012e-90	1.523617e-80	1.882770e-90	1.882770e-90	0.000000e+00	1.630149e-87	1.882770e-90	1.882770e-90	1.882770e-90	7.282703e-35	4.973519e-03	5.310805e-43	0.000000e+00	0.000000e+00	0.000000e+00	1.882770e-90	4.408158e-75	0.000000e+00	1.192193e-43	0.000000e+00	0.000000e+00	0.000000e+00	0.000000e+00	0.000000e+00	0.000000e+00	0.000000e+00	1.633974e-47	1.882770e-90	1.882770e-90	1.817013e-65	5.368062e-40	1.021188e-60	1.725608e-50	9.664203e-89	2.273647e-04	4.337617e-37	0.000000e+00	0.000000e+00	3.755403e-39	2.092186e-76	0.000000e+00	1.059902e-29	8.419163e-01	1.882770e-90	2.436078e-10	0.000000e+00	1.882770e-90	1.882770e-90	1.882770e-90	3.334777e-49	7.610503e-75	0.000000e+00	0.000000e+00	1.882770e-90	0.000000e+00	0.000000e+00	0.000000e+00	0.000000e+00	0.000000e+00	0.000000e+00	0.000000e+00	5.344009e-52	7.395526e-80	0.000000e+00	0.000000e+00	0.000000e+00	0.000000e+00	0.000000e+00	0.000000e+00	0.000000e+00	0.000000e+00	0.000000e+00	0.000000e+00	0.000000e+00	0.000000e+00	0.000000e+00	0.000000e+00	0.000000e+00	0.000000e+00	0.000000e+00	0.000000e+00	0.000000e+00	0.000000e+00	0.000000e+00	0.000000e+00	0.000000e+00	0.000000e+00	0.000000e+00	0.000000e+00	0.000000e+00	0.000000e+00	0.000000e+00	0.000000e+00	0.000000e+00	0.000000e+00	0.000000e+00	0.000000e+00	0.000000e+00	0.000000e+00	0.000000e+00	0.000000e+00	0.000000e+00	0.000000e+00	0.000000e+00	0.000000e+00	
1565.283054	1559.410376	1571.155733	223.202940	6.606406e+00	1.882665e-90	0.000000e+00	3.220368e-47	1.794367e-63	0.000000e+00	0.000000e+00	8.446471e-03	1.882665e-90	1.165976e-03	1.288292e-53	1.060193e-89	2.408549e-80	1.882665e-90	1.882665e-90	0.000000e+00	2.343143e-87	1.882665e-90	1.882665e-90	1.882665e-90	1.181841e-34	4.973521e-03	7.050411e-43	0.000000e+00	0.000000e+00	0.000000e+00	1.882665e-90	7.703009e-75	0.000000e+00	1.584754e-43	0.000000e+00	0.000000e+00	0.000000e+00	0.000000e+00	0.000000e+00	0.000000e+00	0.000000e+00	2.709015e-47	1.882665e-90	1.882665e-90	2.515957e-65	7.034804e-40	1.395317e-60	2.294428e-50	1.364173e-88	2.273387e-04	5.129293e-37	0.000000e+00	0.000000e+00	6.071714e-39	3.653596e-76	0.000000e+00	1.688925e-29	8.419246e-01	1.882665e-90	3.760913e-10	0.000000e+00	1.882665e-90	1.882665e-90	1.882665e-90	4.049465e-49	1.194902e-74	0.000000e+00	0.000000e+00	1.882665e-90	0.000000e+00	0.000000e+00	0.000000e+00	0.000000e+00	0.000000e+00	0.000000e+00	0.000000e+00	8.870214e-52	8.198254e-80	0.000000e+00	0.000000e+00	0.000000e+00	0.000000e+00	0.000000e+00	0.000000e+00	0.000000e+00	0.000000e+00	0.000000e+00	0.000000e+00	0.000000e+00	0.000000e+00	0.000000e+00	0.000000e+00	0.000000e+00	0.000000e+00	0.000000e+00	0.000000e+00	0.000000e+00	0.000000e+00	0.000000e+00	0.000000e+00	0.000000e+00	0.000000e+00	0.000000e+00	0.000000e+00	0.000000e+00	0.000000e+00	0.000000e+00	0.000000e+00	0.000000e+00	0.000000e+00	0.000000e+00	0.000000e+00	0.000000e+00	0.000000e+00	0.000000e+00	0.000000e+00	0.000000e+00	0.000000e+00	0.000000e+00	0.000000e+00	
1577.027469	1571.155733	1582.899205	223.164561	5.421549e+00	1.882722e-90	0.000000e+00	3.484397e-47	1.930153e-63	0.000000e+00	0.000000e+00	8.446884e-03	1.882722e-90	1.166036e-03	1.391258e-53	1.515666e-89	3.129343e-80	1.882722e-90	1.882722e-90	0.000000e+00	2.755657e-87	1.882722e-90	1.882722e-90	1.882722e-90	1.721694e-34	4.973480e-03	8.434493e-43	0.000000e+00	0.000000e+00	0.000000e+00	1.882722e-90	1.104363e-74	0.000000e+00	1.895241e-43	0.000000e+00	0.000000e+00	0.000000e+00	0.000000e+00	0.000000e+00	0.000000e+00	0.000000e+00	3.928285e-47	1.882722e-90	1.882722e-90	2.982819e-65	8.440437e-40	1.659053e-60	2.744295e-50	1.610824e-88	2.273629e-04	5.579270e-37	0.000000e+00	0.000000e+00	8.853042e-39	5.239285e-76	0.000000e+00	2.470205e-29	8.419199e-01	1.882722e-90	5.538301e-10	0.000000e+00	1.882722e-90	1.882722e-90	1.882722e-90	4.379203e-49	1.554707e-74	0.000000e+00	0.000000e+00	1.882722e-90	0.000000e+00	0.000000e+00	0.000000e+00	0.000000e+00	0.000000e+00	0.000000e+00	0.000000e+00	1.285987e-51	8.020264e-80	0.000000e+00	0.000000e+00	0.000000e+00	0.000000e+00	0.000000e+00	0.000000e+00	0.000000e+00	0.000000e+00	0.000000e+00	0.000000e+00	0.000000e+00	0.000000e+00	0.000000e+00	0.000000e+00	0.000000e+00	0.000000e+00	0.000000e+00	0.000000e+00	0.000000e+00	0.000000e+00	0.000000e+00	0.000000e+00	0.000000e+00	0.000000e+00	0.000000e+00	0.000000e+00	0.000000e+00	0.000000e+00	0.000000e+00	0.000000e+00	0.000000e+00	0.000000e+00	0.000000e+00	0.000000e+00	0.000000e+00	0.000000e+00	0.000000e+00	0.000000e+00	0.000000e+00	0.000000e+00	0.000000e+00	0.000000e+00	
1588.768623	1582.899205	1594.638040	223.079874	4.449195e+00	1.882625e-90	0.000000e+00	3.679942e-47	2.011904e-63	0.000000e+00	0.000000e+00	8.446310e-03	1.882625e-90	1.165945e-03	1.462841e-53	2.068363e-89	3.897186e-80	1.882625e-90	1.882625e-90	0.000000e+00	3.103415e-87	1.882625e-90	1.882625e-90	1.882625e-90	2.450384e-34	4.973636e-03	9.866365e-43	0.000000e+00	0.000000e+00	0.000000e+00	1.882625e-90	1.517585e-74	0.000000e+00	2.215886e-43	0.000000e+00	0.000000e+00	0.000000e+00	0.000000e+00	0.000000e+00	0.000000e+00	0.000000e+00	5.534093e-47	1.882625e-90	1.882625e-90	3.419777e-65	9.932278e-40	1.913973e-60	3.206951e-50	1.829406e-88	2.273460e-04	5.959636e-37	0.000000e+00	0.000000e+00	1.262046e-38	7.200758e-76	0.000000e+00	3.545975e-29	8.419279e-01	1.882625e-90	8.070280e-10	0.000000e+00	1.882625e-90	1.882625e-90	1.882625e-90	4.619814e-49	1.942751e-74	0.000000e+00	0.000000e+00	1.882625e-90	0.000000e+00	0.000000e+00	0.000000e+00	0.000000e+00	0.000000e+00	0.000000e+00	0.000000e+00	1.810496e-51	7.632472e-80	0.000000e+00	0.000000e+00	0.000000e+00	0.000000e+00	0.000000e+00	0.000000e+00	0.000000e+00	0.000000e+00	0.000000e+00	0.000000e+00	0.000000e+00	0.000000e+00	0.000000e+00	0.000000e+00	0.000000e+00	0.000000e+00	0.000000e+00	0.000000e+00	0.000000e+00	0.000000e+00	0.000000e+00	0.000000e+00	0.000000e+00	0.000000e+00	0.000000e+00	0.000000e+00	0.000000e+00	0.000000e+00	0.000000e+00	0.000000e+00	0.000000e+00	0.000000e+00	0.000000e+00	0.000000e+00	0.000000e+00	0.000000e+00	0.000000e+00	0.000000e+00	0.000000e+00	0.000000e+00	0.000000e+00	0.000000e+00	
1600.504360	1594.638040	1606.370679	222.959505	3.651233e+00	1.882615e-90	0.000000e+00	3.814483e-47	2.047274e-63	0.000000e+00	0.000000e+00	8.446930e-03	1.882615e-90	1.165919e-03	1.506954e-53	2.724842e-89	4.699378e-80	1.882615e-90	1.882615e-90	0.000000e+00	3.381569e-87	1.882615e-90	1.882615e-90	1.882615e-90	3.426155e-34	4.973543e-03	1.134539e-42	0.000000e+00	0.000000e+00	0.000000e+00	1.882615e-90	2.018124e-74	0.000000e+00	2.545672e-43	0.000000e+00	0.000000e+00	0.000000e+00	0.000000e+00	0.000000e+00	0.000000e+00	0.000000e+00	7.625626e-47	1.882615e-90	1.882615e-90	3.821532e-65	1.151955e-39	2.158257e-60	3.683726e-50	2.018112e-88	2.273461e-04	6.278831e-37	0.000000e+00	0.000000e+00	1.768900e-38	9.579413e-76	0.000000e+00	5.019812e-29	8.419279e-01	1.882615e-90	1.166950e-09	0.000000e+00	1.882615e-90	1.882615e-90	1.882615e-90	4.780896e-49	2.353598e-74	0.000000e+00	0.000000e+00	1.882615e-90	0.000000e+00	0.000000e+00	0.000000e+00	0.000000e+00	0.000000e+00	0.000000e+00	0.000000e+00	2.492903e-51	7.118911e-80	0.000000e+00	0.000000e+00	0.000000e+00	0.000000e+00	0.000000e+00	0.000000e+00	0.000000e+00	0.000000e+00	0.000000e+00	0.000000e+00	0.000000e+00	0.000000e+00	0.000000e+00	0.000000e+00	0.000000e+00	0.000000e+00	0.000000e+00	0.000000e+00	0.000000e+00	0.000000e+00	0.000000e+00	0.000000e+00	0.000000e+00	0.000000e+00	0.000000e+00	0.000000e+00	0.000000e+00	0.000000e+00	0.000000e+00	0.000000e+00	0.000000e+00	0.000000e+00	0.000000e+00	0.000000e+00	0.000000e+00	0.000000e+00	0.000000e+00	0.000000e+00	0.000000e+00	0.000000e+00	0.000000e+00	0.000000e+00	
1612.232500	1606.370679	1618.094322	222.790268	2.996385e+00	1.882690e-90	0.000000e+00	3.853755e-47	2.015025e-63	0.000000e+00	0.000000e+00	8.446874e-03	1.882690e-90	1.165943e-03	1.509328e-53	3.418758e-89	5.419365e-80	1.882690e-90	1.882690e-90	0.000000e+00	3.520232e-87	1.882690e-90	1.882690e-90	1.882690e-90	4.674146e-34	4.973578e-03	1.274042e-42	0.000000e+00	0.000000e+00	0.000000e+00	1.882690e-90	2.565944e-74	0.000000e+00	2.855327e-43	0.000000e+00	0.000000e+00	0.000000e+00	0.000000e+00	0.000000e+00	0.000000e+00	0.000000e+00	1.019320e-46	1.882690e-90	1.882690e-90	4.122308e-65	1.309395e-39	2.357713e-60	4.129839e-50	2.137111e-88	2.273449e-04	6.490414e-37	0.000000e+00	0.000000e+00	2.421504e-38	1.218578e-75	0.000000e+00	6.968053e-29	8.419224e-01	1.882690e-90	1.669426e-09	0.000000e+00	1.882690e-90	1.882690e-90	1.882690e-90	4.819208e-49	2.732022e-74	0.000000e+00	0.000000e+00	1.882690e-90	0.000000e+00	0.000000e+00	0.000000e+00	0.000000e+00	0.000000e+00	0.000000e+00	0.000000e+00	3.328466e-51	6.451331e-80	0.000000e+00	0.000000e+00	0.000000e+00	0.000000e+00	0.000000e+00	0.000000e+00	0.000000e+00	0.000000e+00	0.000000e+00	0.000000e+00	0.000000e+00	0.000000e+00	0.000000e+00	0.000000e+00	0.000000e+00	0.000000e+00	0.000000e+00	0.000000e+00	0.000000e+00	0.000000e+00	0.000000e+00	0.000000e+00	0.000000e+00	0.000000e+00	0.000000e+00	0.000000e+00	0.000000e+00	0.000000e+00	0.000000e+00	0.000000e+00	0.000000e+00	0.000000e+00	0.000000e+00	0.000000e+00	0.000000e+00	0.000000e+00	0.000000e+00	0.000000e+00	0.000000e+00	0.000000e+00	0.000000e+00	0.000000e+00	
1623.949564	1618.094322	1629.804806	222.538853	2.458984e+00	1.882678e-90	0.000000e+00	3.728630e-47	1.875203e-63	0.000000e+00	0.000000e+00	8.446622e-03	1.882678e-90	1.166030e-03	1.441648e-53	3.950901e-89	5.797175e-80	1.882678e-90	1.882678e-90	0.000000e+00	3.393397e-87	1.882678e-90	1.882678e-90	1.882678e-90	6.118175e-34	4.973631e-03	1.374713e-42	0.000000e+00	0.000000e+00	0.000000e+00	1.882678e-90	3.024395e-74	0.000000e+00	3.075622e-43	0.000000e+00	0.000000e+00	0.000000e+00	0.000000e+00	0.000000e+00	0.000000e+00	0.000000e+00	1.294410e-46	1.882678e-90	1.882678e-90	4.189733e-65	1.438610e-39	2.441679e-60	4.445049e-50	2.113016e-88	2.273410e-04	6.497264e-37	0.000000e+00	0.000000e+00	3.185748e-38	1.437338e-75	0.000000e+00	9.358917e-29	8.419233e-01	1.882678e-90	2.345440e-09	0.000000e+00	1.882678e-90	1.882678e-90	1.882678e-90	4.647021e-49	2.950974e-74	0.000000e+00	0.000000e+00	1.882678e-90	0.000000e+00	0.000000e+00	0.000000e+00	0.000000e+00	0.000000e+00	0.000000e+00	0.000000e+00	4.219453e-51	5.571309e-80	0.000000e+00	0.000000e+00	0.000000e+00	0.000000e+00	0.000000e+00	0.000000e+00	0.000000e+00	0.000000e+00	0.000000e+00	0.000000e+00	0.000000e+00	0.000000e+00	0.000000e+00	0.000000e+00	0.000000e+00	0.000000e+00	0.000000e+00	0.000000e+00	0.000000e+00	0.000000e+00	0.000000e+00	0.000000e+00	0.000000e+00	0.000000e+00	0.000000e+00	0.000000e+00	0.000000e+00	0.000000e+00	0.000000e+00	0.000000e+00	0.000000e+00	0.000000e+00	0.000000e+00	0.000000e+00	0.000000e+00	0.000000e+00	0.000000e+00	0.000000e+00	0.000000e+00	0.000000e+00	0.000000e+00	0.000000e+00	
1635.650414	1629.804806	1641.496022	222.170932	2.017966e+00	1.882663e-90	0.000000e+00	3.391980e-47	1.611296e-63	0.000000e+00	0.000000e+00	8.446621e-03	1.882663e-90	1.165896e-03	1.286653e-53	4.059630e-89	5.570705e-80	1.882663e-90	1.882663e-90	0.000000e+00	2.931258e-87	1.882663e-90	1.882663e-90	1.882663e-90	7.550312e-34	4.973567e-03	1.401425e-42	0.000000e+00	0.000000e+00	0.000000e+00	1.882663e-90	3.199940e-74	0.000000e+00	3.127219e-43	0.000000e+00	0.000000e+00	0.000000e+00	0.000000e+00	0.000000e+00	0.000000e+00	0.000000e+00	1.527534e-46	1.882663e-90	1.882663e-90	3.912452e-65	1.506234e-39	2.343878e-60	4.515684e-50	1.895283e-88	2.273587e-04	6.214223e-37	0.000000e+00	0.000000e+00	3.961346e-38	1.522564e-75	0.000000e+00	1.199556e-28	8.419246e-01	1.882663e-90	3.209762e-09	0.000000e+00	1.882663e-90	1.882663e-90	1.882663e-90	4.206444e-49	2.876917e-74	0.000000e+00	0.000000e+00	1.882663e-90	0.000000e+00	0.000000e+00	0.000000e+00	0.000000e+00	0.000000e+00	0.000000e+00	0.000000e+00	4.967067e-51	4.494111e-80	0.000000e+00	0.000000e+00	0.000000e+00	0.000000e+00	0.000000e+00	0.000000e+00	0.000000e+00	0.000000e+00	0.000000e+00	0.000000e+00	0.000000e+00	0.000000e+00	0.000000e+00	0.000000e+00	0.000000e+00	0.000000e+00	0.000000e+00	0.000000e+00	0.000000e+00	0.000000e+00	0.000000e+00	0.000000e+00	0.000000e+00	0.000000e+00	0.000000e+00	0.000000e+00	0.000000e+00	0.000000e+00	0.000000e+00	0.000000e+00	0.000000e+00	0.000000e+00	0.000000e+00	0.000000e+00	0.000000e+00	0.000000e+00	0.000000e+00	0.000000e+00	0.000000e+00	0.000000e+00	0.000000e+00	0.000000e+00	
1647.328561	1641.496022	1653.161100	221.674837	1.656044e+00	1.882786e-90	0.000000e+00	2.881704e-47	1.267193e-63	0.000000e+00	0.000000e+00	8.446693e-03	1.882786e-90	1.166033e-03	1.065471e-53	3.664668e-89	4.754523e-80	1.882786e-90	1.882786e-90	0.000000e+00	2.242777e-87	1.882786e-90	1.882786e-90	1.882786e-90	8.729715e-34	4.974183e-03	1.341589e-42	0.000000e+00	0.000000e+00	0.000000e+00	1.882786e-90	3.004448e-74	0.000000e+00	2.983564e-43	0.000000e+00	0.000000e+00	0.000000e+00	0.000000e+00	0.000000e+00	0.000000e+00	0.000000e+00	1.662844e-46	1.882786e-90	1.882786e-90	3.325343e-65	1.494617e-39	2.068037e-60	4.301993e-50	1.525623e-88	2.273741e-04	5.649564e-37	0.000000e+00	0.000000e+00	4.627315e-38	1.431554e-75	0.000000e+00	1.459971e-28	8.419150e-01	1.882786e-90	4.270388e-09	0.000000e+00	1.882786e-90	1.882786e-90	1.882786e-90	3.550180e-49	2.503520e-74	0.000000e+00	0.000000e+00	1.882786e-90	0.000000e+00	0.000000e+00	0.000000e+00	0.000000e+00	0.000000e+00	0.000000e+00	0.000000e+00	5.389220e-51	3.360583e-80	0.000000e+00	0.000000e+00	0.000000e+00	0.000000e+00	0.000000e+00	0.000000e+00	0.000000e+00	0.000000e+00	0.000000e+00	0.000000e+00	0.000000e+00	0.000000e+00	0.000000e+00	0.000000e+00	0.000000e+00	0.000000e+00	0.000000e+00	0.000000e+00	0.000000e+00	0.000000e+00	0.000000e+00	0.000000e+00	0.000000e+00	0.000000e+00	0.000000e+00	0.000000e+00	0.000000e+00	0.000000e+00	0.000000e+00	0.000000e+00	0.000000e+00	0.000000e+00	0.000000e+00	0.000000e+00	0.000000e+00	0.000000e+00	0.000000e+00	0.000000e+00	0.000000e+00	0.000000e+00	0.000000e+00	0.000000e+00	
1658.975550	1653.161100	1664.790000	220.987891	1.359033e+00	1.882711e-90	0.000000e+00	2.209398e-47	8.725193e-64	0.000000e+00	0.000000e+00	8.446630e-03	1.882711e-90	1.166010e-03	7.881268e-54	2.720930e-89	3.394514e-80	1.882711e-90	1.882711e-90	0.000000e+00	1.429577e-87	1.882711e-90	1.882711e-90	1.882711e-90	9.148776e-34	4.973992e-03	1.168155e-42	0.000000e+00	0.000000e+00	0.000000e+00	1.882711e-90	2.356093e-74	0.000000e+00	2.585160e-43	0.000000e+00	0.000000e+00	0.000000e+00	0.000000e+00	0.000000e+00	0.000000e+00	0.000000e+00	1.602183e-46	1.882711e-90	1.882711e-90	2.453517e-65	1.367721e-39	1.607324e-60	3.720589e-50	1.043603e-88	2.273424e-04	4.758791e-37	0.000000e+00	0.000000e+00	4.918089e-38	1.124753e-75	0.000000e+00	1.643369e-28	8.419208e-01	1.882711e-90	5.440464e-09	0.000000e+00	1.882711e-90	1.882711e-90	1.882711e-90	2.696448e-49	1.836287e-74	0.000000e+00	0.000000e+00	1.882711e-90	0.000000e+00	0.000000e+00	0.000000e+00	0.000000e+00	0.000000e+00	0.000000e+00	0.000000e+00	5.168822e-51	2.241978e-80	0.000000e+00	0.000000e+00	0.000000e+00	0.000000e+00	0.000000e+00	0.000000e+00	0.000000e+00	0.000000e+00	0.000000e+00	0.000000e+00	0.000000e+00	0.000000e+00	0.000000e+00	0.000000e+00	0.000000e+00	0.000000e+00	0.000000e+00	0.000000e+00	0.000000e+00	0.000000e+00	0.000000e+00	0.000000e+00	0.000000e+00	0.000000e+00	0.000000e+00	0.000000e+00	0.000000e+00	0.000000e+00	0.000000e+00	0.000000e+00	0.000000e+00	0.000000e+00	0.000000e+00	0.000000e+00	0.000000e+00	0.000000e+00	0.000000e+00	0.000000e+00	0.000000e+00	0.000000e+00	0.000000e+00	0.000000e+00	
1670.582415	1664.790000	1676.374831	220.149069	1.115291e+00	1.882714e-90	0.000000e+00	1.558071e-47	5.391568e-64	0.000000e+00	0.000000e+00	8.447143e-03	1.882714e-90	1.165913e-03	5.317845e-54	1.723678e-89	2.096089e-80	1.882714e-90	1.882714e-90	0.000000e+00	7.854559e-88	1.882714e-90	1.882714e-90	1.882714e-90	8.854656e-34	4.974165e-03	9.419320e-43	0.000000e+00	0.000000e+00	0.000000e+00	1.882714e-90	1.596549e-74	0.000000e+00	2.072056e-43	0.000000e+00	0.000000e+00	0.000000e+00	0.000000e+00	0.000000e+00	0.000000e+00	0.000000e+00	1.398285e-46	1.882714e-90	1.882714e-90	1.613866e-65	1.172648e-39	1.127222e-60	2.976052e-50	6.257657e-89	2.273532e-04	3.768247e-37	0.000000e+00	0.000000e+00	4.844416e-38	7.639955e-76	0.000000e+00	1.736830e-28	8.419200e-01	1.882714e-90	6.692777e-09	0.000000e+00	1.882714e-90	1.882714e-90	1.882714e-90	1.879868e-49	1.172306e-74	0.000000e+00	0.000000e+00	1.882714e-90	0.000000e+00	0.000000e+00	0.000000e+00	0.000000e+00	0.000000e+00	0.000000e+00	0.000000e+00	4.486310e-51	1.364321e-80	0.000000e+00	0.000000e+00	0.000000e+00	0.000000e+00	0.000000e+00	0.000000e+00	0.000000e+00	0.000000e+00	0.000000e+00	0.000000e+00	0.000000e+00	0.000000e+00	0.000000e+00	0.000000e+00	0.000000e+00	0.000000e+00	0.000000e+00	0.000000e+00	0.000000e+00	0.000000e+00	0.000000e+00	0.000000e+00	0.000000e+00	0.000000e+00	0.000000e+00	0.000000e+00	0.000000e+00	0.000000e+00	0.000000e+00	0.000000e+00	0.000000e+00	0.000000e+00	0.000000e+00	0.000000e+00	0.000000e+00	0.000000e+00	0.000000e+00	0.000000e+00	0.000000e+00	0.000000e+00	0.000000e+00	0.000000e+00	
1682.141004	1676.374831	1687.907178	219.152953	9.152635e-01	1.882702e-90	0.000000e+00	1.005793e-47	2.970730e-64	0.000000e+00	0.000000e+00	8.446336e-03	1.882702e-90	1.166021e-03	3.256607e-54	9.234778e-90	1.110184e-80	1.882702e-90	1.882702e-90	0.000000e+00	3.688393e-88	1.882702e-90	1.882702e-90	1.882702e-90	7.875506e-34	4.973891e-03	7.000001e-43	0.000000e+00	0.000000e+00	0.000000e+00	1.882702e-90	9.267445e-75	0.000000e+00	1.528983e-43	0.000000e+00	0.000000e+00	0.000000e+00	0.000000e+00	0.000000e+00	0.000000e+00	0.000000e+00	1.099205e-46	1.882702e-90	1.882702e-90	9.398907e-66	9.379208e-40	7.087416e-61	2.190312e-50	3.261424e-89	2.273437e-04	2.794309e-37	0.000000e+00	0.000000e+00	4.400414e-38	4.447132e-76	0.000000e+00	1.716289e-28	8.419218e-01	1.882702e-90	7.938344e-09	0.000000e+00	1.882702e-90	1.882702e-90	1.882702e-90	1.196870e-49	6.459881e-75	0.000000e+00	0.000000e+00	1.882702e-90	0.000000e+00	0.000000e+00	0.000000e+00	0.000000e+00	0.000000e+00	0.000000e+00	0.000000e+00	3.503393e-51	7.525523e-81	0.000000e+00	0.000000e+00	0.000000e+00	0.000000e+00	0.000000e+00	0.000000e+00	0.000000e+00	0.000000e+00	0.000000e+00	0.000000e+00	0.000000e+00	0.000000e+00	0.000000e+00	0.000000e+00	0.000000e+00	0.000000e+00	0.000000e+00	0.000000e+00	0.000000e+00	0.000000e+00	0.000000e+00	0.000000e+00	0.000000e+00	0.000000e+00	0.000000e+00	0.000000e+00	0.000000e+00	0.000000e+00	0.000000e+00	0.000000e+00	0.000000e+00	0.000000e+00	0.000000e+00	0.000000e+00	0.000000e+00	0.000000e+00	0.000000e+00	0.000000e+00	0.000000e+00	0.000000e+00	0.000000e+00	0.000000e+00	
1693.644273	1687.907178	1699.381368	218.049067	7.511111e-01	1.882660e-90	0.000000e+00	6.092308e-48	1.507464e-64	0.000000e+00	0.000000e+00	8.446473e-03	1.882660e-90	1.165954e-03	1.859258e-54	4.384810e-90	5.265102e-81	1.882660e-90	1.882660e-90	0.000000e+00	1.546850e-88	1.882660e-90	1.882660e-90	1.882660e-90	6.594740e-34	4.974143e-03	4.907592e-43	0.000000e+00	0.000000e+00	0.000000e+00	1.882660e-90	4.814534e-75	0.000000e+00	1.063504e-43	0.000000e+00	0.000000e+00	0.000000e+00	0.000000e+00	0.000000e+00	0.000000e+00	0.000000e+00	8.014922e-47	1.882660e-90	1.882660e-90	5.015068e-66	7.138120e-40	4.120879e-61	1.519335e-50	1.538203e-89	2.273501e-04	1.976693e-37	0.000000e+00	0.000000e+00	3.773426e-38	2.317207e-76	0.000000e+00	1.617252e-28	8.419245e-01	1.882660e-90	9.168386e-09	0.000000e+00	1.882660e-90	1.882660e-90	1.882660e-90	7.139330e-50	3.203281e-75	0.000000e+00	0.000000e+00	1.882660e-90	0.000000e+00	0.000000e+00	0.000000e+00	0.000000e+00	0.000000e+00	0.000000e+00	0.000000e+00	2.536283e-51	3.872935e-81	0.000000e+00	0.000000e+00	0.000000e+00	0.000000e+00	0.000000e+00	0.000000e+00	0.000000e+00	0.000000e+00	0.000000e+00	0.000000e+00	0.000000e+00	0.000000e+00	0.000000e+00	0.000000e+00	0.000000e+00	0.000000e+00	0.000000e+00	0.000000e+00	0.000000e+00	0.000000e+00	0.000000e+00	0.000000e+00	0.000000e+00	0.000000e+00	0.000000e+00	0.000000e+00	0.000000e+00	0.000000e+00	0.000000e+00	0.000000e+00	0.000000e+00	0.000000e+00	0.000000e+00	0.000000e+00	0.000000e+00	0.000000e+00	0.000000e+00	0.000000e+00	0.000000e+00	0.000000e+00	0.000000e+00	0.000000e+00	
1705.087467	1699.381368	1710.793567	216.870892	6.163995e-01	1.882634e-90	0.000000e+00	3.520828e-48	7.197602e-65	0.000000e+00	0.000000e+00	8.446614e-03	1.882634e-90	1.165924e-03	1.008049e-54	1.905219e-90	2.301832e-81	1.882634e-90	1.882634e-90	0.000000e+00	5.968497e-89	1.882634e-90	1.882634e-90	1.882634e-90	5.280920e-34	4.973488e-03	3.294957e-43	0.000000e+00	0.000000e+00	0.000000e+00	1.882634e-90	2.303689e-75	0.000000e+00	7.078685e-44	0.000000e+00	0.000000e+00	0.000000e+00	0.000000e+00	0.000000e+00	0.000000e+00	0.000000e+00	5.528850e-47	1.882634e-90	1.882634e-90	2.508235e-66	5.235970e-40	2.261228e-61	1.008702e-50	6.738003e-90	2.273409e-04	1.350334e-37	0.000000e+00	0.000000e+00	3.100419e-38	1.112293e-76	0.000000e+00	1.471117e-28	8.419270e-01	1.882634e-90	1.038815e-08	0.000000e+00	1.882634e-90	1.882634e-90	1.882634e-90	4.057498e-50	1.469065e-75	0.000000e+00	0.000000e+00	1.882634e-90	0.000000e+00	0.000000e+00	0.000000e+00	0.000000e+00	0.000000e+00	0.000000e+00	0.000000e+00	1.736400e-51	1.893527e-81	0.000000e+00	0.000000e+00	0.000000e+00	0.000000e+00	0.000000e+00	0.000000e+00	0.000000e+00	0.000000e+00	0.000000e+00	0.000000e+00	0.000000e+00	0.000000e+00	0.000000e+00	0.000000e+00	0.000000e+00	0.000000e+00	0.000000e+00	0.000000e+00	0.000000e+00	0.000000e+00	0.000000e+00	0.000000e+00	0.000000e+00	0.000000e+00	0.000000e+00	0.000000e+00	0.000000e+00	0.000000e+00	0.000000e+00	0.000000e+00	0.000000e+00	0.000000e+00	0.000000e+00	0.000000e+00	0.000000e+00	0.000000e+00	0.000000e+00	0.000000e+00	0.000000e+00	0.000000e+00	0.000000e+00	0.000000e+00	
1716.466867	1710.793567	1722.140166	215.624515	5.058484e-01	1.882637e-90	0.000000e+00	1.945168e-48	3.242027e-65	0.000000e+00	0.000000e+00	8.447077e-03	1.882637e-90	1.165969e-03	5.201721e-55	1.882637e-90	9.309824e-82	1.882637e-90	1.882637e-90	0.000000e+00	2.126496e-89	1.882637e-90	1.882637e-90	1.882637e-90	4.053512e-34	4.973651e-03	2.123351e-43	0.000000e+00	0.000000e+00	0.000000e+00	1.882637e-90	1.019547e-75	0.000000e+00	4.520351e-44	0.000000e+00	0.000000e+00	0.000000e+00	0.000000e+00	0.000000e+00	0.000000e+00	0.000000e+00	3.618279e-47	1.882637e-90	1.882637e-90	1.179223e-66	3.708617e-40	1.174084e-61	6.423475e-51	2.750959e-90	2.273469e-04	8.922330e-38	0.000000e+00	0.000000e+00	2.446846e-38	4.938246e-77	0.000000e+00	1.294436e-28	8.419257e-01	1.882637e-90	1.155818e-08	0.000000e+00	1.882637e-90	1.882637e-90	1.882637e-90	2.202341e-50	6.254340e-76	0.000000e+00	0.000000e+00	1.882637e-90	0.000000e+00	0.000000e+00	0.000000e+00	0.000000e+00	0.000000e+00	0.000000e+00	0.000000e+00	1.127474e-51	8.818517e-82	0.000000e+00	0.000000e+00	0.000000e+00	0.000000e+00	0.000000e+00	0.000000e+00	0.000000e+00	0.000000e+00	0.000000e+00	0.000000e+00	0.000000e+00	0.000000e+00	0.000000e+00	0.000000e+00	0.000000e+00	0.000000e+00	0.000000e+00	0.000000e+00	0.000000e+00	0.000000e+00	0.000000e+00	0.000000e+00	0.000000e+00	0.000000e+00	0.000000e+00	0.000000e+00	0.000000e+00	0.000000e+00	0.000000e+00	0.000000e+00	0.000000e+00	0.000000e+00	0.000000e+00	0.000000e+00	0.000000e+00	0.000000e+00	0.000000e+00	0.000000e+00	0.000000e+00	0.000000e+00	0.000000e+00	0.000000e+00	
1727.780812	1722.140166	1733.421459	214.380261	4.151246e-01	1.882640e-90	0.000000e+00	1.067486e-48	1.447533e-65	0.000000e+00	0.000000e+00	8.446795e-03	1.882640e-90	1.165908e-03	2.664081e-55	1.882640e-90	3.722093e-82	1.882640e-90	1.882640e-90	0.000000e+00	7.486769e-90	1.882640e-90	1.882640e-90	1.882640e-90	3.092614e-34	4.973949e-03	1.360175e-43	0.000000e+00	0.000000e+00	0.000000e+00	1.882640e-90	4.461705e-76	0.000000e+00	2.869615e-44	0.000000e+00	0.000000e+00	0.000000e+00	0.000000e+00	0.000000e+00	0.000000e+00	0.000000e+00	2.350099e-47	1.882640e-90	1.882640e-90	5.493125e-67	2.613386e-40	6.046092e-62	4.065795e-51	1.882640e-90	2.273489e-04	5.866129e-38	0.000000e+00	0.000000e+00	1.920258e-38	2.167510e-77	0.000000e+00	1.133731e-28	8.419259e-01	1.882640e-90	1.282827e-08	0.000000e+00	1.882640e-90	1.882640e-90	1.882640e-90	1.187254e-50	2.633712e-76	0.000000e+00	0.000000e+00	1.882640e-90	0.000000e+00	0.000000e+00	0.000000e+00	0.000000e+00	0.000000e+00	0.000000e+00	0.000000e+00	7.265993e-52	4.079155e-82	0.000000e+00	0.000000e+00	0.000000e+00	0.000000e+00	0.000000e+00	0.000000e+00	0.000000e+00	0.000000e+00	0.000000e+00	0.000000e+00	0.000000e+00	0.000000e+00	0.000000e+00	0.000000e+00	0.000000e+00	0.000000e+00	0.000000e+00	0.000000e+00	0.000000e+00	0.000000e+00	0.000000e+00	0.000000e+00	0.000000e+00	0.000000e+00	0.000000e+00	0.000000e+00	0.000000e+00	0.000000e+00	0.000000e+00	0.000000e+00	0.000000e+00	0.000000e+00	0.000000e+00	0.000000e+00	0.000000e+00	0.000000e+00	0.000000e+00	0.000000e+00	0.000000e+00	0.000000e+00	0.000000e+00	0.000000e+00	
1739.029299	1733.421459	1744.637140	213.132833	3.406721e-01	1.882646e-90	0.000000e+00	5.801061e-49	6.381293e-66	0.000000e+00	0.000000e+00	8.446497e-03	1.882646e-90	1.165876e-03	1.349730e-55	1.882646e-90	1.463400e-82	1.882646e-90	1.882646e-90	0.000000e+00	2.590875e-90	1.882646e-90	1.882646e-90	1.882646e-90	2.338247e-34	4.973548e-03	8.635737e-44	0.000000e+00	0.000000e+00	0.000000e+00	1.882646e-90	1.919613e-76	0.000000e+00	1.805138e-44	0.000000e+00	0.000000e+00	0.000000e+00	0.000000e+00	0.000000e+00	0.000000e+00	0.000000e+00	1.509337e-47	1.882646e-90	1.882646e-90	2.524451e-67	1.827638e-40	3.076340e-62	2.550910e-51	1.882646e-90	2.273386e-04	3.828644e-38	0.000000e+00	0.000000e+00	1.494241e-38	9.353072e-78	0.000000e+00	9.861507e-29	8.419262e-01	1.882646e-90	1.418852e-08	0.000000e+00	1.882646e-90	1.882646e-90	1.882646e-90	6.335446e-51	1.091267e-76	0.000000e+00	0.000000e+00	1.882646e-90	0.000000e+00	0.000000e+00	0.000000e+00	0.000000e+00	0.000000e+00	0.000000e+00	0.000000e+00	4.630633e-52	1.868327e-82	0.000000e+00	0.000000e+00	0.000000e+00	0.000000e+00	0.000000e+00	0.000000e+00	0.000000e+00	0.000000e+00	0.000000e+00	0.000000e+00	0.000000e+00	0.000000e+00	0.000000e+00	0.000000e+00	0.000000e+00	0.000000e+00	0.000000e+00	0.000000e+00	0.000000e+00	0.000000e+00	0.000000e+00	0.000000e+00	0.000000e+00	0.000000e+00	0.000000e+00	0.000000e+00	0.000000e+00	0.000000e+00	0.000000e+00	0.000000e+00	0.000000e+00	0.000000e+00	0.000000e+00	0.000000e+00	0.000000e+00	0.000000e+00	0.000000e+00	0.000000e+00	0.000000e+00	0.000000e+00	0.000000e+00	0.000000e+00	
1750.213525	1744.637140	1755.789910	211.939816	2.795726e-01	1.882669e-90	0.000000e+00	3.226661e-49	2.899172e-66	0.000000e+00	0.000000e+00	8.446468e-03	1.882669e-90	1.165946e-03	7.015452e-56	1.882669e-90	5.992827e-83	1.882669e-90	1.882669e-90	0.000000e+00	1.882669e-90	1.882669e-90	1.882669e-90	1.882669e-90	1.808687e-34	4.974283e-03	5.604225e-44	0.000000e+00	0.000000e+00	0.000000e+00	1.882669e-90	8.609057e-77	0.000000e+00	1.161299e-44	0.000000e+00	0.000000e+00	0.000000e+00	0.000000e+00	0.000000e+00	0.000000e+00	0.000000e+00	9.971497e-48	1.882669e-90	1.882669e-90	1.197989e-67	1.302061e-40	1.611174e-62	1.636625e-51	1.882669e-90	2.273456e-04	2.542507e-38	0.000000e+00	0.000000e+00	1.188771e-38	4.205338e-78	0.000000e+00	8.737558e-29	8.419236e-01	1.882669e-90	1.585641e-08	0.000000e+00	1.882669e-90	1.882669e-90	1.882669e-90	3.463173e-51	4.702189e-77	0.000000e+00	0.000000e+00	1.882669e-90	0.000000e+00	0.000000e+00	0.000000e+00	0.000000e+00	0.000000e+00	0.000000e+00	0.000000e+00	3.037180e-52	8.789728e-83	0.000000e+00	0.000000e+00	0.000000e+00	0.000000e+00	0.000000e+00	0.000000e+00	0.000000e+00	0.000000e+00	0.000000e+00	0.000000e+00	0.000000e+00	0.000000e+00	0.000000e+00	0.000000e+00	0.000000e+00	0.000000e+00	0.000000e+00	0.000000e+00	0.000000e+00	0.000000e+00	0.000000e+00	0.000000e+00	0.000000e+00	0.000000e+00	0.000000e+00	0.000000e+00	0.000000e+00	0.000000e+00	0.000000e+00	0.000000e+00	0.000000e+00	0.000000e+00	0.000000e+00	0.000000e+00	0.000000e+00	0.000000e+00	0.000000e+00	0.000000e+00	0.000000e+00	0.000000e+00	0.000000e+00	0.000000e+00	
1761.336173	1755.789910	1766.882437	210.794951	2.294313e-01	1.882672e-90	0.000000e+00	1.831930e-49	1.352715e-66	0.000000e+00	0.000000e+00	8.447220e-03	1.882672e-90	1.165894e-03	3.728905e-56	1.882672e-90	2.543615e-83	1.882672e-90	1.882672e-90	0.000000e+00	1.882672e-90	1.882672e-90	1.882672e-90	1.882672e-90	1.426953e-34	4.973796e-03	3.706411e-44	0.000000e+00	0.000000e+00	0.000000e+00	1.882672e-90	4.001386e-77	0.000000e+00	7.613517e-45	0.000000e+00	0.000000e+00	0.000000e+00	0.000000e+00	0.000000e+00	0.000000e+00	0.000000e+00	6.749736e-48	1.882672e-90	1.882672e-90	5.847827e-68	9.427633e-41	8.655819e-63	1.070980e-51	1.882672e-90	2.273489e-04	1.714268e-38	0.000000e+00	0.000000e+00	9.639533e-39	1.959575e-78	0.000000e+00	7.866237e-29	8.419230e-01	1.882672e-90	1.787652e-08	0.000000e+00	1.882672e-90	1.882672e-90	1.882672e-90	1.932879e-51	2.096527e-77	0.000000e+00	0.000000e+00	1.882672e-90	0.000000e+00	0.000000e+00	0.000000e+00	0.000000e+00	0.000000e+00	0.000000e+00	0.000000e+00	2.042052e-52	4.234885e-83	0.000000e+00	0.000000e+00	0.000000e+00	0.000000e+00	0.000000e+00	0.000000e+00	0.000000e+00	0.000000e+00	0.000000e+00	0.000000e+00	0.000000e+00	0.000000e+00	0.000000e+00	0.000000e+00	0.000000e+00	0.000000e+00	0.000000e+00	0.000000e+00	0.000000e+00	0.000000e+00	0.000000e+00	0.000000e+00	0.000000e+00	0.000000e+00	0.000000e+00	0.000000e+00	0.000000e+00	0.000000e+00	0.000000e+00	0.000000e+00	0.000000e+00	0.000000e+00	0.000000e+00	0.000000e+00	0.000000e+00	0.000000e+00	0.000000e+00	0.000000e+00	0.000000e+00	0.000000e+00	0.000000e+00	0.000000e+00	
1772.399179	1766.882437	1777.915921	209.672531	1.882829e-01	1.882685e-90	0.000000e+00	1.046465e-49	6.360500e-67	0.000000e+00	0.000000e+00	8.446391e-03	1.882685e-90	1.165983e-03	1.995519e-56	1.882685e-90	1.091321e-83	1.882685e-90	1.882685e-90	0.000000e+00	1.882685e-90	1.882685e-90	1.882685e-90	1.882685e-90	1.132511e-34	4.973097e-03	2.465082e-44	0.000000e+00	0.000000e+00	0.000000e+00	1.882685e-90	1.880317e-77	0.000000e+00	5.020886e-45	0.000000e+00	0.000000e+00	0.000000e+00	0.000000e+00	0.000000e+00	0.000000e+00	0.000000e+00	4.604262e-48	1.882685e-90	1.882685e-90	2.878696e-68	6.859806e-41	4.685017e-63	7.048494e-52	1.882685e-90	2.273495e-04	1.161082e-38	0.000000e+00	0.000000e+00	7.862536e-39	9.230601e-79	0.000000e+00	7.115436e-29	8.419234e-01	1.882685e-90	2.021939e-08	0.000000e+00	1.882685e-90	1.882685e-90	1.882685e-90	1.085545e-51	9.443122e-78	0.000000e+00	0.000000e+00	1.882685e-90	0.000000e+00	0.000000e+00	0.000000e+00	0.000000e+00	0.000000e+00	0.000000e+00	0.000000e+00	1.383674e-52	2.054379e-83	0.000000e+00	0.000000e+00	0.000000e+00	0.000000e+00	0.000000e+00	0.000000e+00	0.000000e+00	0.000000e+00	0.000000e+00	0.000000e+00	0.000000e+00	0.000000e+00	0.000000e+00	0.000000e+00	0.000000e+00	0.000000e+00	0.000000e+00	0.000000e+00	0.000000e+00	0.000000e+00	0.000000e+00	0.000000e+00	0.000000e+00	0.000000e+00	0.000000e+00	0.000000e+00	0.000000e+00	0.000000e+00	0.000000e+00	0.000000e+00	0.000000e+00	0.000000e+00	0.000000e+00	0.000000e+00	0.000000e+00	0.000000e+00	0.000000e+00	0.000000e+00	0.000000e+00	0.000000e+00	0.000000e+00	0.000000e+00	
1783.402585	1777.915921	1788.889250	208.528057	1.545144e-01	1.882662e-90	0.000000e+00	5.858822e-50	2.914321e-67	0.000000e+00	0.000000e+00	8.447139e-03	1.882662e-90	1.165903e-03	1.044343e-56	1.882662e-90	4.523034e-84	1.882662e-90	1.882662e-90	0.000000e+00	1.882662e-90	1.882662e-90	1.882662e-90	1.882662e-90	8.825913e-35	4.973970e-03	1.610669e-44	0.000000e+00	0.000000e+00	0.000000e+00	1.882662e-90	8.539797e-78	0.000000e+00	3.252631e-45	0.000000e+00	0.000000e+00	0.000000e+00	0.000000e+00	0.000000e+00	0.000000e+00	0.000000e+00	3.068873e-48	1.882662e-90	1.882662e-90	1.378427e-68	4.914082e-41	2.474486e-63	4.555925e-52	1.882662e-90	2.273463e-04	7.747602e-39	0.000000e+00	0.000000e+00	6.303614e-39	4.200638e-79	0.000000e+00	6.347752e-29	8.419239e-01	1.882662e-90	2.268439e-08	0.000000e+00	1.882662e-90	1.882662e-90	1.882662e-90	5.974190e-52	4.116761e-78	0.000000e+00	0.000000e+00	1.882662e-90	0.000000e+00	0.000000e+00	0.000000e+00	0.000000e+00	0.000000e+00	0.000000e+00	0.000000e+00	9.162659e-53	9.764593e-84	0.000000e+00	0.000000e+00	0.000000e+00	0.000000e+00	0.000000e+00	0.000000e+00	0.000000e+00	0.000000e+00	0.000000e+00	0.000000e+00	0.000000e+00	0.000000e+00	0.000000e+00	0.000000e+00	0.000000e+00	0.000000e+00	0.000000e+00	0.000000e+00	0.000000e+00	0.000000e+00	0.000000e+00	0.000000e+00	0.000000e+00	0.000000e+00	0.000000e+00	0.000000e+00	0.000000e+00	0.000000e+00	0.000000e+00	0.000000e+00	0.000000e+00	0.000000e+00	0.000000e+00	0.000000e+00	0.000000e+00	0.000000e+00	0.000000e+00	0.000000e+00	0.000000e+00	0.000000e+00	0.000000e+00	0.000000e+00	
1794.343857	1788.889250	1799.798464	207.311810	1.268022e-01	1.882651e-90	0.000000e+00	3.118260e-50	1.250259e-67	0.000000e+00	0.000000e+00	8.446091e-03	1.882651e-90	1.165921e-03	5.169735e-57	1.882651e-90	1.717293e-84	1.882651e-90	1.882651e-90	0.000000e+00	1.882651e-90	1.882651e-90	1.882651e-90	1.882651e-90	6.556116e-35	4.974290e-03	1.004536e-44	0.000000e+00	0.000000e+00	0.000000e+00	1.882651e-90	3.551302e-78	0.000000e+00	2.010283e-45	0.000000e+00	0.000000e+00	0.000000e+00	0.000000e+00	0.000000e+00	0.000000e+00	0.000000e+00	1.927770e-48	1.882651e-90	1.882651e-90	6.156642e-69	3.384340e-41	1.227895e-63	2.808931e-52	1.882651e-90	2.273488e-04	4.979477e-39	0.000000e+00	0.000000e+00	4.828438e-39	1.750577e-79	0.000000e+00	5.452365e-29	8.419254e-01	1.882651e-90	2.494226e-08	0.000000e+00	1.882651e-90	1.882651e-90	1.882651e-90	3.121191e-52	1.649983e-78	0.000000e+00	0.000000e+00	1.882651e-90	0.000000e+00	0.000000e+00	0.000000e+00	0.000000e+00	0.000000e+00	0.000000e+00	0.000000e+00	5.715472e-53	4.391547e-84	0.000000e+00	0.000000e+00	0.000000e+00	0.000000e+00	0.000000e+00	0.000000e+00	0.000000e+00	0.000000e+00	0.000000e+00	0.000000e+00	0.000000e+00	0.000000e+00	0.000000e+00	0.000000e+00	0.000000e+00	0.000000e+00	0.000000e+00	0.000000e+00	0.000000e+00	0.000000e+00	0.000000e+00	0.000000e+00	0.000000e+00	0.000000e+00	0.000000e+00	0.000000e+00	0.000000e+00	0.000000e+00	0.000000e+00	0.000000e+00	0.000000e+00	0.000000e+00	0.000000e+00	0.000000e+00	0.000000e+00	0.000000e+00	0.000000e+00	0.000000e+00	0.000000e+00	0.000000e+00	0.000000e+00	0.000000e+00	
1805.218246	1799.798464	1810.638027	205.987337	1.040603e-01	1.882699e-90	0.000000e+00	1.540460e-50	4.870770e-68	0.000000e+00	0.000000e+00	8.446437e-03	1.882699e-90	1.165955e-03	2.357675e-57	1.882699e-90	5.732829e-85	1.882699e-90	1.882699e-90	0.000000e+00	1.882699e-90	1.882699e-90	1.882699e-90	1.882699e-90	4.540098e-35	4.974076e-03	5.853009e-45	0.000000e+00	0.000000e+00	0.000000e+00	1.882699e-90	1.297172e-78	0.000000e+00	1.159391e-45	0.000000e+00	0.000000e+00	0.000000e+00	0.000000e+00	0.000000e+00	0.000000e+00	0.000000e+00	1.109617e-48	1.882699e-90	1.882699e-90	2.481899e-69	2.199282e-41	5.560677e-64	1.616857e-52	1.882699e-90	2.273491e-04	3.028323e-39	0.000000e+00	0.000000e+00	3.459590e-39	6.408675e-80	0.000000e+00	4.433212e-29	8.419217e-01	1.882699e-90	2.661443e-08	0.000000e+00	1.882699e-90	1.882699e-90	1.882699e-90	1.510542e-52	5.846050e-79	0.000000e+00	0.000000e+00	1.882699e-90	0.000000e+00	0.000000e+00	0.000000e+00	0.000000e+00	0.000000e+00	0.000000e+00	0.000000e+00	3.265911e-53	1.823851e-84	0.000000e+00	0.000000e+00	0.000000e+00	0.000000e+00	0.000000e+00	0.000000e+00	0.000000e+00	0.000000e+00	0.000000e+00	0.000000e+00	0.000000e+00	0.000000e+00	0.000000e+00	0.000000e+00	0.000000e+00	0.000000e+00	0.000000e+00	0.000000e+00	0.000000e+00	0.000000e+00	0.000000e+00	0.000000e+00	0.000000e+00	0.000000e+00	0.000000e+00	0.000000e+00	0.000000e+00	0.000000e+00	0.000000e+00	0.000000e+00	0.000000e+00	0.000000e+00	0.000000e+00	0.000000e+00	0.000000e+00	0.000000e+00	0.000000e+00	0.000000e+00	0.000000e+00	0.000000e+00	0.000000e+00	0.000000e+00	
1816.019927	1810.638027	1821.401827	204.548419	8.539710e-02	1.882742e-90	0.000000e+00	7.017761e-51	1.708544e-68	0.000000e+00	0.000000e+00	8.447510e-03	1.882742e-90	1.165963e-03	9.834510e-58	1.882742e-90	1.663781e-85	1.882742e-90	1.882742e-90	0.000000e+00	1.882742e-90	1.882742e-90	1.882742e-90	1.882742e-90	2.913668e-35	4.974061e-03	3.167566e-45	0.000000e+00	0.000000e+00	0.000000e+00	1.882742e-90	4.116681e-79	0.000000e+00	6.204411e-46	0.000000e+00	0.000000e+00	0.000000e+00	0.000000e+00	0.000000e+00	0.000000e+00	0.000000e+00	5.809395e-49	1.882742e-90	1.882742e-90	8.950172e-70	1.341866e-41	2.279831e-64	8.636640e-53	1.882742e-90	2.273538e-04	1.734364e-39	0.000000e+00	0.000000e+00	2.305857e-39	2.038339e-80	0.000000e+00	3.396322e-29	8.419174e-01	1.882742e-90	2.749018e-08	0.000000e+00	1.882742e-90	1.882742e-90	1.882742e-90	6.727932e-53	1.811702e-79	0.000000e+00	0.000000e+00	1.882742e-90	0.000000e+00	0.000000e+00	0.000000e+00	0.000000e+00	0.000000e+00	0.000000e+00	0.000000e+00	1.696867e-53	6.945521e-85	0.000000e+00	0.000000e+00	0.000000e+00	0.000000e+00	0.000000e+00	0.000000e+00	0.000000e+00	0.000000e+00	0.000000e+00	0.000000e+00	0.000000e+00	0.000000e+00	0.000000e+00	0.000000e+00	0.000000e+00	0.000000e+00	0.000000e+00	0.000000e+00	0.000000e+00	0.000000e+00	0.000000e+00	0.000000e+00	0.000000e+00	0.000000e+00	0.000000e+00	0.000000e+00	0.000000e+00	0.000000e+00	0.000000e+00	0.000000e+00	0.000000e+00	0.000000e+00	0.000000e+00	0.000000e+00	0.000000e+00	0.000000e+00	0.000000e+00	0.000000e+00	0.000000e+00	0.000000e+00	0.000000e+00	0.000000e+00	
1826.743550	1821.401827	1832.085274	203.023145	7.008115e-02	1.882597e-90	0.000000e+00	2.991248e-51	5.496403e-69	0.000000e+00	0.000000e+00	8.446400e-03	1.882597e-90	1.165863e-03	3.811942e-58	1.882597e-90	4.302877e-86	1.882597e-90	1.882597e-90	0.000000e+00	1.882597e-90	1.882597e-90	1.882597e-90	1.882597e-90	1.756027e-35	4.973386e-03	1.612749e-45	0.000000e+00	0.000000e+00	0.000000e+00	1.882597e-90	1.163809e-79	0.000000e+00	3.121711e-46	0.000000e+00	0.000000e+00	0.000000e+00	0.000000e+00	0.000000e+00	0.000000e+00	0.000000e+00	2.813603e-49	1.882597e-90	1.882597e-90	2.944945e-70	7.772747e-42	8.610453e-65	4.336227e-53	1.882597e-90	2.273360e-04	9.453752e-40	0.000000e+00	0.000000e+00	1.447753e-39	5.774718e-81	0.000000e+00	2.476474e-29	8.419302e-01	1.882597e-90	2.764861e-08	0.000000e+00	1.882597e-90	1.882597e-90	1.882597e-90	2.798597e-53	5.027761e-80	0.000000e+00	0.000000e+00	1.882597e-90	0.000000e+00	0.000000e+00	0.000000e+00	0.000000e+00	0.000000e+00	0.000000e+00	0.000000e+00	8.151699e-54	2.461067e-85	0.000000e+00	0.000000e+00	0.000000e+00	0.000000e+00	0.000000e+00	0.000000e+00	0.000000e+00	0.000000e+00	0.000000e+00	0.000000e+00	0.000000e+00	0.000000e+00	0.000000e+00	0.000000e+00	0.000000e+00	0.000000e+00	0.000000e+00	0.000000e+00	0.000000e+00	0.000000e+00	0.000000e+00	0.000000e+00	0.000000e+00	0.000000e+00	0.000000e+00	0.000000e+00	0.000000e+00	0.000000e+00	0.000000e+00	0.000000e+00	0.000000e+00	0.000000e+00	0.000000e+00	0.000000e+00	0.000000e+00	0.000000e+00	0.000000e+00	0.000000e+00	0.000000e+00	0.000000e+00	0.000000e+00	0.000000e+00	
1837.385294	1832.085274	1842.685315	201.438144	5.751211e-02	1.882665e-90	0.000000e+00	1.210124e-51	1.652743e-69	0.000000e+00	0.000000e+00	8.446629e-03	1.882665e-90	1.165848e-03	1.395024e-58	1.882665e-90	1.017410e-86	1.882665e-90	1.882665e-90	0.000000e+00	1.882665e-90	1.882665e-90	1.882665e-90	1.882665e-90	1.008603e-35	4.973807e-03	7.834877e-46	0.000000e+00	0.000000e+00	0.000000e+00	1.882665e-90	3.008159e-80	0.000000e+00	1.497931e-46	0.000000e+00	0.000000e+00	0.000000e+00	0.000000e+00	0.000000e+00	0.000000e+00	0.000000e+00	1.283142e-49	1.882665e-90	1.882665e-90	9.019927e-71	4.325063e-42	3.051362e-65	2.076602e-53	1.882665e-90	2.273411e-04	4.958047e-40	0.000000e+00	0.000000e+00	8.686831e-40	1.495296e-81	0.000000e+00	1.740046e-29	8.419240e-01	1.882665e-90	2.725621e-08	0.000000e+00	1.882665e-90	1.882665e-90	1.882665e-90	1.103720e-53	1.280814e-80	0.000000e+00	0.000000e+00	1.882665e-90	0.000000e+00	0.000000e+00	0.000000e+00	0.000000e+00	0.000000e+00	0.000000e+00	0.000000e+00	3.688024e-54	8.261411e-86	0.000000e+00	0.000000e+00	0.000000e+00	0.000000e+00	0.000000e+00	0.000000e+00	0.000000e+00	0.000000e+00	0.000000e+00	0.000000e+00	0.000000e+00	0.000000e+00	0.000000e+00	0.000000e+00	0.000000e+00	0.000000e+00	0.000000e+00	0.000000e+00	0.000000e+00	0.000000e+00	0.000000e+00	0.000000e+00	0.000000e+00	0.000000e+00	0.000000e+00	0.000000e+00	0.000000e+00	0.000000e+00	0.000000e+00	0.000000e+00	0.000000e+00	0.000000e+00	0.000000e+00	0.000000e+00	0.000000e+00	0.000000e+00	0.000000e+00	0.000000e+00	0.000000e+00	0.000000e+00	0.000000e+00	0.000000e+00	
1847.942210	1842.685315	1853.199105	199.796191	4.719732e-02	1.882692e-90	0.000000e+00	4.645148e-52	4.642623e-70	0.000000e+00	0.000000e+00	8.447063e-03	1.882692e-90	1.165877e-03	4.818138e-59	1.882692e-90	2.197826e-87	1.882692e-90	1.882692e-90	0.000000e+00	1.882692e-90	1.882692e-90	1.882692e-90	1.882692e-90	5.516359e-36	4.973424e-03	3.628900e-46	0.000000e+00	0.000000e+00	0.000000e+00	1.882692e-90	7.099691e-81	0.000000e+00	6.847762e-47	0.000000e+00	0.000000e+00	0.000000e+00	0.000000e+00	0.000000e+00	0.000000e+00	0.000000e+00	5.505927e-50	1.882692e-90	1.882692e-90	2.570263e-71	2.310952e-42	1.014002e-65	9.480101e-54	1.882692e-90	2.273545e-04	2.501049e-40	0.000000e+00	0.000000e+00	4.977045e-40	3.535214e-82	0.000000e+00	1.177118e-29	8.419213e-01	1.882692e-90	2.633174e-08	0.000000e+00	1.882692e-90	1.882692e-90	1.882692e-90	4.124073e-54	2.992034e-81	0.000000e+00	0.000000e+00	1.882692e-90	0.000000e+00	0.000000e+00	0.000000e+00	0.000000e+00	0.000000e+00	0.000000e+00	0.000000e+00	1.570025e-54	2.625358e-86	0.000000e+00	0.000000e+00	0.000000e+00	0.000000e+00	0.000000e+00	0.000000e+00	0.000000e+00	0.000000e+00	0.000000e+00	0.000000e+00	0.000000e+00	0.000000e+00	0.000000e+00	0.000000e+00	0.000000e+00	0.000000e+00	0.000000e+00	0.000000e+00	0.000000e+00	0.000000e+00	0.000000e+00	0.000000e+00	0.000000e+00	0.000000e+00	0.000000e+00	0.000000e+00	0.000000e+00	0.000000e+00	0.000000e+00	0.000000e+00	0.000000e+00	0.000000e+00	0.000000e+00	0.000000e+00	0.000000e+00	0.000000e+00	0.000000e+00	0.000000e+00	0.000000e+00	0.000000e+00	0.000000e+00	0.000000e+00	
1858.411732	1853.199105	1863.624359	198.115202	3.873249e-02	1.882752e-90	0.000000e+00	1.708249e-52	1.233589e-70	0.000000e+00	0.000000e+00	8.447538e-03	1.882752e-90	1.165932e-03	1.587207e-59	1.882752e-90	4.411008e-88	1.882752e-90	1.882752e-90	0.000000e+00	1.882752e-90	1.882752e-90	1.882752e-90	1.882752e-90	2.900654e-36	4.973821e-03	1.617358e-46	0.000000e+00	0.000000e+00	0.000000e+00	1.882752e-90	1.557195e-81	0.000000e+00	3.011467e-47	0.000000e+00	0.000000e+00	0.000000e+00	0.000000e+00	0.000000e+00	0.000000e+00	0.000000e+00	2.249400e-50	1.882752e-90	1.882752e-90	6.904486e-72	1.194514e-42	3.197364e-66	4.162922e-54	1.882752e-90	2.273542e-04	1.222101e-40	0.000000e+00	0.000000e+00	2.747878e-40	7.763079e-83	0.000000e+00	7.726082e-30	8.419167e-01	1.882752e-90	2.503230e-08	0.000000e+00	1.882752e-90	1.882752e-90	1.882752e-90	1.474965e-54	6.515346e-82	0.000000e+00	0.000000e+00	1.882752e-90	0.000000e+00	0.000000e+00	0.000000e+00	0.000000e+00	0.000000e+00	0.000000e+00	0.000000e+00	6.364676e-55	7.982522e-87	0.000000e+00	0.000000e+00	0.000000e+00	0.000000e+00	0.000000e+00	0.000000e+00	0.000000e+00	0.000000e+00	0.000000e+00	0.000000e+00	0.000000e+00	0.000000e+00	0.000000e+00	0.000000e+00	0.000000e+00	0.000000e+00	0.000000e+00	0.000000e+00	0.000000e+00	0.000000e+00	0.000000e+00	0.000000e+00	0.000000e+00	0.000000e+00	0.000000e+00	0.000000e+00	0.000000e+00	0.000000e+00	0.000000e+00	0.000000e+00	0.000000e+00	0.000000e+00	0.000000e+00	0.000000e+00	0.000000e+00	0.000000e+00	0.000000e+00	0.000000e+00	0.000000e+00	0.000000e+00	0.000000e+00	0.000000e+00	
1868.793238	1863.624359	1873.962118	196.451197	3.178583e-02	1.882697e-90	0.000000e+00	6.238077e-53	3.247036e-71	0.000000e+00	0.000000e+00	8.446104e-03	1.882697e-90	1.165866e-03	5.186847e-60	1.882697e-90	8.748017e-89	1.882697e-90	1.882697e-90	0.000000e+00	1.882697e-90	1.882697e-90	1.882697e-90	1.882697e-90	1.516054e-36	4.973452e-03	7.163655e-47	0.000000e+00	0.000000e+00	0.000000e+00	1.882697e-90	3.376173e-82	0.000000e+00	1.316276e-47	0.000000e+00	0.000000e+00	0.000000e+00	0.000000e+00	0.000000e+00	0.000000e+00	0.000000e+00	9.121571e-51	1.882697e-90	1.882697e-90	1.836863e-72	6.142616e-43	9.995363e-67	1.817106e-54	1.882697e-90	2.273460e-04	5.940342e-41	0.000000e+00	0.000000e+00	1.509148e-40	1.684657e-83	0.000000e+00	5.049083e-30	8.419228e-01	1.882697e-90	2.375416e-08	0.000000e+00	1.882697e-90	1.882697e-90	1.882697e-90	5.236556e-55	1.402635e-82	0.000000e+00	0.000000e+00	1.882697e-90	0.000000e+00	0.000000e+00	0.000000e+00	0.000000e+00	0.000000e+00	0.000000e+00	0.000000e+00	2.561580e-55	2.412296e-87	0.000000e+00	0.000000e+00	0.000000e+00	0.000000e+00	0.000000e+00	0.000000e+00	0.000000e+00	0.000000e+00	0.000000e+00	0.000000e+00	0.000000e+00	0.000000e+00	0.000000e+00	0.000000e+00	0.000000e+00	0.000000e+00	0.000000e+00	0.000000e+00	0.000000e+00	0.000000e+00	0.000000e+00	0.000000e+00	0.000000e+00	0.000000e+00	0.000000e+00	0.000000e+00	0.000000e+00	0.000000e+00	0.000000e+00	0.000000e+00	0.000000e+00	0.000000e+00	0.000000e+00	0.000000e+00	0.000000e+00	0.000000e+00	0.000000e+00	0.000000e+00	0.000000e+00	0.000000e+00	0.000000e+00	0.000000e+00	
1879.089480	1873.962118	1884.216842	194.874503	2.608505e-02	1.882655e-90	0.000000e+00	2.373302e-53	9.014789e-72	0.000000e+00	0.000000e+00	8.446857e-03	1.882655e-90	1.165983e-03	1.773210e-60	1.882655e-90	1.864401e-89	1.882655e-90	1.882655e-90	0.000000e+00	1.882655e-90	1.882655e-90	1.882655e-90	1.882655e-90	8.247964e-37	4.973702e-03	3.297460e-47	0.000000e+00	0.000000e+00	0.000000e+00	1.882655e-90	7.870824e-83	0.000000e+00	5.981836e-48	0.000000e+00	0.000000e+00	0.000000e+00	0.000000e+00	0.000000e+00	0.000000e+00	0.000000e+00	3.886547e-51	1.882655e-90	1.882655e-90	5.170589e-73	3.262878e-43	3.288158e-67	8.252035e-55	1.882655e-90	2.273413e-04	2.976645e-41	0.000000e+00	0.000000e+00	8.615839e-41	3.928944e-84	0.000000e+00	3.408869e-30	8.419253e-01	1.882655e-90	2.295538e-08	0.000000e+00	1.882655e-90	1.882655e-90	1.882655e-90	1.939237e-55	3.235037e-83	0.000000e+00	0.000000e+00	1.882655e-90	0.000000e+00	0.000000e+00	0.000000e+00	0.000000e+00	0.000000e+00	0.000000e+00	0.000000e+00	1.084359e-55	7.646231e-88	0.000000e+00	0.000000e+00	0.000000e+00	0.000000e+00	0.000000e+00	0.000000e+00	0.000000e+00	0.000000e+00	0.000000e+00	0.000000e+00	0.000000e+00	0.000000e+00	0.000000e+00	0.000000e+00	0.000000e+00	0.000000e+00	0.000000e+00	0.000000e+00	0.000000e+00	0.000000e+00	0.000000e+00	0.000000e+00	0.000000e+00	0.000000e+00	0.000000e+00	0.000000e+00	0.000000e+00	0.000000e+00	0.000000e+00	0.000000e+00	0.000000e+00	0.000000e+00	0.000000e+00	0.000000e+00	0.000000e+00	0.000000e+00	0.000000e+00	0.000000e+00	0.000000e+00	0.000000e+00	0.000000e+00	0.000000e+00	
1889.305808	1884.216842	1894.394774	193.414615	2.140670e-02	1.882729e-90	0.000000e+00	9.623751e-54	2.718016e-72	0.000000e+00	0.000000e+00	8.446992e-03	1.882729e-90	1.165959e-03	6.500951e-61	1.882729e-90	4.438435e-90	1.882729e-90	1.882729e-90	0.000000e+00	1.882729e-90	1.882729e-90	1.882729e-90	1.882729e-90	4.769898e-37	4.974645e-03	1.609923e-47	0.000000e+00	0.000000e+00	0.000000e+00	1.882729e-90	2.052423e-83	0.000000e+00	2.886473e-48	0.000000e+00	0.000000e+00	0.000000e+00	0.000000e+00	0.000000e+00	0.000000e+00	0.000000e+00	1.786300e-51	1.882729e-90	1.882729e-90	1.589006e-73	1.822326e-43	1.170186e-67	3.978890e-55	1.882729e-90	2.273429e-04	1.563833e-41	0.000000e+00	0.000000e+00	5.216055e-41	1.024431e-84	0.000000e+00	2.415980e-30	8.419183e-01	1.882729e-90	2.278225e-08	0.000000e+00	1.882729e-90	1.882729e-90	1.882729e-90	7.668003e-56	8.297296e-84	0.000000e+00	0.000000e+00	1.882729e-90	0.000000e+00	0.000000e+00	0.000000e+00	0.000000e+00	0.000000e+00	0.000000e+00	0.000000e+00	4.955262e-56	2.601111e-88	0.000000e+00	0.000000e+00	0.000000e+00	0.000000e+00	0.000000e+00	0.000000e+00	0.000000e+00	0.000000e+00	0.000000e+00	0.000000e+00	0.000000e+00	0.000000e+00	0.000000e+00	0.000000e+00	0.000000e+00	0.000000e+00	0.000000e+00	0.000000e+00	0.000000e+00	0.000000e+00	0.000000e+00	0.000000e+00	0.000000e+00	0.000000e+00	0.000000e+00	0.000000e+00	0.000000e+00	0.000000e+00	0.000000e+00	0.000000e+00	0.000000e+00	0.000000e+00	0.000000e+00	0.000000e+00	0.000000e+00	0.000000e+00	0.000000e+00	0.000000e+00	0.000000e+00	0.000000e+00	0.000000e+00	0.000000e+00	
1899.447739	1894.394774	1904.500703	192.045985	1.756741e-02	1.882659e-90	0.000000e+00	4.098755e-54	8.731925e-73	0.000000e+00	0.000000e+00	8.446540e-03	1.882659e-90	1.165842e-03	2.515098e-61	1.882659e-90	1.882659e-90	1.882659e-90	1.882659e-90	0.000000e+00	1.882659e-90	1.882659e-90	1.882659e-90	1.882659e-90	2.889840e-37	4.973708e-03	8.220527e-48	0.000000e+00	0.000000e+00	0.000000e+00	1.882659e-90	5.828217e-84	0.000000e+00	1.457222e-48	0.000000e+00	0.000000e+00	0.000000e+00	0.000000e+00	0.000000e+00	0.000000e+00	0.000000e+00	8.698831e-52	1.882659e-90	1.882659e-90	5.224701e-74	1.057895e-43	4.424255e-68	2.009076e-55	1.882659e-90	2.273594e-04	8.520836e-42	0.000000e+00	0.000000e+00	3.302198e-41	2.909173e-85	0.000000e+00	1.776589e-30	8.419254e-01	1.882659e-90	2.307977e-08	0.000000e+00	1.882659e-90	1.882659e-90	1.882659e-90	3.187333e-56	2.308173e-84	0.000000e+00	0.000000e+00	1.882659e-90	0.000000e+00	0.000000e+00	0.000000e+00	0.000000e+00	0.000000e+00	0.000000e+00	0.000000e+00	2.400658e-56	9.343729e-89	0.000000e+00	0.000000e+00	0.000000e+00	0.000000e+00	0.000000e+00	0.000000e+00	0.000000e+00	0.000000e+00	0.000000e+00	0.000000e+00	0.000000e+00	0.000000e+00	0.000000e+00	0.000000e+00	0.000000e+00	0.000000e+00	0.000000e+00	0.000000e+00	0.000000e+00	0.000000e+00	0.000000e+00	0.000000e+00	0.000000e+00	0.000000e+00	0.000000e+00	0.000000e+00	0.000000e+00	0.000000e+00	0.000000e+00	0.000000e+00	0.000000e+00	0.000000e+00	0.000000e+00	0.000000e+00	0.000000e+00	0.000000e+00	0.000000e+00	0.000000e+00	0.000000e+00	0.000000e+00	0.000000e+00	0.000000e+00	
1909.518336	1904.500703	1914.535969	190.704382	1.441670e-02	1.882696e-90	0.000000e+00	1.755853e-54	2.826669e-73	0.000000e+00	0.000000e+00	8.447005e-03	1.882696e-90	1.165955e-03	9.793824e-62	1.882696e-90	1.882696e-90	1.882696e-90	1.882696e-90	0.000000e+00	1.882696e-90	1.882696e-90	1.882696e-90	1.882696e-90	1.762269e-37	4.973387e-03	4.222979e-48	0.000000e+00	0.000000e+00	0.000000e+00	1.882696e-90	1.673625e-84	0.000000e+00	7.402539e-49	0.000000e+00	0.000000e+00	0.000000e+00	0.000000e+00	0.000000e+00	0.000000e+00	0.000000e+00	4.270210e-52	1.882696e-90	1.882696e-90	1.731538e-74	6.169520e-44	1.685119e-68	1.020850e-55	1.882696e-90	2.273418e-04	4.662197e-42	0.000000e+00	0.000000e+00	2.104180e-41	8.349543e-86	0.000000e+00	1.314073e-30	8.419218e-01	1.882696e-90	2.346908e-08	0.000000e+00	1.882696e-90	1.882696e-90	1.882696e-90	1.333008e-56	6.487993e-85	0.000000e+00	0.000000e+00	1.882696e-90	0.000000e+00	0.000000e+00	0.000000e+00	0.000000e+00	0.000000e+00	0.000000e+00	0.000000e+00	1.173020e-56	3.384872e-89	0.000000e+00	0.000000e+00	0.000000e+00	0.000000e+00	0.000000e+00	0.000000e+00	0.000000e+00	0.000000e+00	0.000000e+00	0.000000e+00	0.000000e+00	0.000000e+00	0.000000e+00	0.000000e+00	0.000000e+00	0.000000e+00	0.000000e+00	0.000000e+00	0.000000e+00	0.000000e+00	0.000000e+00	0.000000e+00	0.000000e+00	0.000000e+00	0.000000e+00	0.000000e+00	0.000000e+00	0.000000e+00	0.000000e+00	0.000000e+00	0.000000e+00	0.000000e+00	0.000000e+00	0.000000e+00	0.000000e+00	0.000000e+00	0.000000e+00	0.000000e+00	0.000000e+00	0.000000e+00	0.000000e+00	0.000000e+00	
1919.516403	1914.535969	1924.496837	189.288247	1.183107e-02	1.882621e-90	0.000000e+00	7.035737e-55	8.390004e-74	0.000000e+00	0.000000e+00	8.446669e-03	1.882621e-90	1.165891e-03	3.542206e-62	1.882621e-90	1.882621e-90	1.882621e-90	1.882621e-90	0.000000e+00	1.882621e-90	1.882621e-90	1.882621e-90	1.882621e-90	1.010128e-37	4.973809e-03	2.042203e-48	0.000000e+00	0.000000e+00	0.000000e+00	1.882621e-90	4.284556e-85	0.000000e+00	3.538361e-49	0.000000e+00	0.000000e+00	0.000000e+00	0.000000e+00	0.000000e+00	0.000000e+00	0.000000e+00	1.940430e-52	1.882621e-90	1.882621e-90	5.235131e-75	3.417258e-44	5.913731e-69	4.880054e-56	1.882621e-90	2.273385e-04	2.427803e-42	0.000000e+00	0.000000e+00	1.264790e-41	2.135430e-86	0.000000e+00	9.264301e-31	8.419274e-01	1.882621e-90	2.325311e-08	0.000000e+00	1.882621e-90	1.882621e-90	1.882621e-90	5.206646e-57	1.633816e-85	0.000000e+00	0.000000e+00	1.882621e-90	0.000000e+00	0.000000e+00	0.000000e+00	0.000000e+00	0.000000e+00	0.000000e+00	0.000000e+00	5.305562e-57	1.143276e-89	0.000000e+00	0.000000e+00	0.000000e+00	0.000000e+00	0.000000e+00	0.000000e+00	0.000000e+00	0.000000e+00	0.000000e+00	0.000000e+00	0.000000e+00	0.000000e+00	0.000000e+00	0.000000e+00	0.000000e+00	0.000000e+00	0.000000e+00	0.000000e+00	0.000000e+00	0.000000e+00	0.000000e+00	0.000000e+00	0.000000e+00	0.000000e+00	0.000000e+00	0.000000e+00	0.000000e+00	0.000000e+00	0.000000e+00	0.000000e+00	0.000000e+00	0.000000e+00	0.000000e+00	0.000000e+00	0.000000e+00	0.000000e+00	0.000000e+00	0.000000e+00	0.000000e+00	0.000000e+00	0.000000e+00	0.000000e+00	
1929.435063	1924.496837	1934.373288	187.684639	9.709169e-03	1.882714e-90	0.000000e+00	2.421158e-55	2.044323e-74	0.000000e+00	0.000000e+00	8.446491e-03	1.882714e-90	1.165992e-03	1.083420e-62	1.882714e-90	1.882714e-90	1.882714e-90	1.882714e-90	0.000000e+00	1.882714e-90	1.882714e-90	1.882714e-90	1.882714e-90	5.023820e-38	4.973682e-03	8.600962e-49	0.000000e+00	0.000000e+00	0.000000e+00	1.882714e-90	8.430710e-86	0.000000e+00	1.470342e-49	0.000000e+00	0.000000e+00	0.000000e+00	0.000000e+00	0.000000e+00	0.000000e+00	0.000000e+00	7.390061e-53	1.882714e-90	1.882714e-90	1.283972e-75	1.682487e-44	1.722232e-69	2.029592e-56	1.882714e-90	2.273528e-04	1.129446e-42	0.000000e+00	0.000000e+00	6.647776e-42	4.196242e-87	0.000000e+00	5.849452e-31	8.419208e-01	1.882714e-90	2.171814e-08	0.000000e+00	1.882714e-90	1.882714e-90	1.882714e-90	1.739698e-57	3.200828e-86	0.000000e+00	0.000000e+00	1.882714e-90	0.000000e+00	0.000000e+00	0.000000e+00	0.000000e+00	0.000000e+00	0.000000e+00	0.000000e+00	2.010960e-57	3.289924e-90	0.000000e+00	0.000000e+00	0.000000e+00	0.000000e+00	0.000000e+00	0.000000e+00	0.000000e+00	0.000000e+00	0.000000e+00	0.000000e+00	0.000000e+00	0.000000e+00	0.000000e+00	0.000000e+00	0.000000e+00	0.000000e+00	0.000000e+00	0.000000e+00	0.000000e+00	0.000000e+00	0.000000e+00	0.000000e+00	0.000000e+00	0.000000e+00	0.000000e+00	0.000000e+00	0.000000e+00	0.000000e+00	0.000000e+00	0.000000e+00	0.000000e+00	0.000000e+00	0.000000e+00	0.000000e+00	0.000000e+00	0.000000e+00	0.000000e+00	0.000000e+00	0.000000e+00	0.000000e+00	0.000000e+00	0.000000e+00	
1939.262305	1934.373288	1944.151322	185.814275	7.967831e-03	1.882673e-90	0.000000e+00	6.694909e-56	3.751138e-75	0.000000e+00	0.000000e+00	8.446384e-03	1.882673e-90	1.165876e-03	2.603264e-63	1.882673e-90	1.882673e-90	1.882673e-90	1.882673e-90	0.000000e+00	1.882673e-90	1.882673e-90	1.882673e-90	1.882673e-90	2.038030e-38	4.973632e-03	2.970380e-49	0.000000e+00	0.000000e+00	0.000000e+00	1.882673e-90	1.137029e-86	0.000000e+00	4.998393e-50	0.000000e+00	0.000000e+00	0.000000e+00	0.000000e+00	0.000000e+00	0.000000e+00	0.000000e+00	2.183374e-53	1.882673e-90	1.882673e-90	2.330700e-76	6.990448e-45	3.835305e-70	6.908589e-57	1.882673e-90	2.273355e-04	4.467159e-43	0.000000e+00	0.000000e+00	2.881397e-42	5.646084e-88	0.000000e+00	3.152940e-31	8.419240e-01	1.882673e-90	1.862225e-08	0.000000e+00	1.882673e-90	1.882673e-90	1.882673e-90	4.645322e-58	4.372378e-87	0.000000e+00	0.000000e+00	1.882673e-90	0.000000e+00	0.000000e+00	0.000000e+00	0.000000e+00	0.000000e+00	0.000000e+00	0.000000e+00	5.912029e-58	1.882673e-90	0.000000e+00	0.000000e+00	0.000000e+00	0.000000e+00	0.000000e+00	0.000000e+00	0.000000e+00	0.000000e+00	0.000000e+00	0.000000e+00	0.000000e+00	0.000000e+00	0.000000e+00	0.000000e+00	0.000000e+00	0.000000e+00	0.000000e+00	0.000000e+00	0.000000e+00	0.000000e+00	0.000000e+00	0.000000e+00	0.000000e+00	0.000000e+00	0.000000e+00	0.000000e+00	0.000000e+00	0.000000e+00	0.000000e+00	0.000000e+00	0.000000e+00	0.000000e+00	0.000000e+00	0.000000e+00	0.000000e+00	0.000000e+00	0.000000e+00	0.000000e+00	0.000000e+00	0.000000e+00	0.000000e+00	0.000000e+00	
1948.984179	1944.151322	1953.817037	183.680648	6.538802e-03	1.882557e-90	0.000000e+00	1.473101e-56	5.117541e-76	0.000000e+00	0.000000e+00	8.445918e-03	1.882557e-90	1.165832e-03	4.862041e-64	1.882557e-90	1.882557e-90	1.882557e-90	1.882557e-90	0.000000e+00	1.882557e-90	1.882557e-90	1.882557e-90	1.882557e-90	6.688584e-39	4.974622e-03	8.342635e-50	0.000000e+00	0.000000e+00	0.000000e+00	1.882557e-90	1.034646e-87	0.000000e+00	1.378932e-50	0.000000e+00	0.000000e+00	0.000000e+00	0.000000e+00	0.000000e+00	0.000000e+00	0.000000e+00	4.954019e-54	1.882557e-90	1.882557e-90	3.090250e-77	2.434306e-45	6.455913e-71	1.909279e-57	1.882557e-90	2.273355e-04	1.491635e-43	0.000000e+00	0.000000e+00	1.022572e-42	5.118921e-89	0.000000e+00	1.442337e-31	8.419327e-01	1.882557e-90	1.462444e-08	0.000000e+00	1.882557e-90	1.882557e-90	1.882557e-90	9.815899e-59	4.100533e-88	0.000000e+00	0.000000e+00	1.882557e-90	0.000000e+00	0.000000e+00	0.000000e+00	0.000000e+00	0.000000e+00	0.000000e+00	0.000000e+00	1.335013e-58	1.882557e-90	0.000000e+00	0.000000e+00	0.000000e+00	0.000000e+00	0.000000e+00	0.000000e+00	0.000000e+00	0.000000e+00	0.000000e+00	0.000000e+00	0.000000e+00	0.000000e+00	0.000000e+00	0.000000e+00	0.000000e+00	0.000000e+00	0.000000e+00	0.000000e+00	0.000000e+00	0.000000e+00	0.000000e+00	0.000000e+00	0.000000e+00	0.000000e+00	0.000000e+00	0.000000e+00	0.000000e+00	0.000000e+00	0.000000e+00	0.000000e+00	0.000000e+00	0.000000e+00	0.000000e+00	0.000000e+00	0.000000e+00	0.000000e+00	0.000000e+00	0.000000e+00	0.000000e+00	0.000000e+00	0.000000e+00	0.000000e+00	
1958.589866	1953.817037	1963.362696	181.400092	5.366069e-03	1.882622e-90	0.000000e+00	2.784103e-57	5.732121e-77	0.000000e+00	0.000000e+00	8.446027e-03	1.882622e-90	1.165860e-03	7.677563e-65	1.882622e-90	1.882622e-90	1.882622e-90	1.882622e-90	0.000000e+00	1.882622e-90	1.882622e-90	1.882622e-90	1.882622e-90	1.908409e-39	4.973834e-03	2.043002e-50	0.000000e+00	0.000000e+00	0.000000e+00	1.882622e-90	7.249491e-89	0.000000e+00	3.310703e-51	0.000000e+00	0.000000e+00	0.000000e+00	0.000000e+00	0.000000e+00	0.000000e+00	0.000000e+00	9.440215e-55	1.882622e-90	1.882622e-90	3.324385e-78	7.540525e-46	9.024711e-72	4.600600e-58	1.882622e-90	2.273226e-04	4.449658e-44	0.000000e+00	0.000000e+00	3.182153e-43	3.569970e-90	0.000000e+00	5.926862e-32	8.419284e-01	1.882622e-90	1.085315e-08	0.000000e+00	1.882622e-90	1.882622e-90	1.882622e-90	1.774292e-59	2.995763e-89	0.000000e+00	0.000000e+00	1.882622e-90	0.000000e+00	0.000000e+00	0.000000e+00	0.000000e+00	0.000000e+00	0.000000e+00	0.000000e+00	2.534056e-59	1.882622e-90	0.000000e+00	0.000000e+00	0.000000e+00	0.000000e+00	0.000000e+00	0.000000e+00	0.000000e+00	0.000000e+00	0.000000e+00	0.000000e+00	0.000000e+00	0.000000e+00	0.000000e+00	0.000000e+00	0.000000e+00	0.000000e+00	0.000000e+00	0.000000e+00	0.000000e+00	0.000000e+00	0.000000e+00	0.000000e+00	0.000000e+00	0.000000e+00	0.000000e+00	0.000000e+00	0.000000e+00	0.000000e+00	0.000000e+00	0.000000e+00	0.000000e+00	0.000000e+00	0.000000e+00	0.000000e+00	0.000000e+00	0.000000e+00	0.000000e+00	0.000000e+00	0.000000e+00	0.000000e+00	0.000000e+00	0.000000e+00	
1968.077480	1963.362696	1972.792264	179.192985	4.403666e-03	1.882635e-90	0.000000e+00	5.341745e-58	6.546060e-78	0.000000e+00	0.000000e+00	8.446300e-03	1.882635e-90	1.165964e-03	1.232183e-65	1.882635e-90	1.882635e-90	1.882635e-90	1.882635e-90	0.000000e+00	1.882635e-90	1.882635e-90	1.882635e-90	1.882635e-90	5.538201e-40	4.973927e-03	5.081185e-51	0.000000e+00	0.000000e+00	0.000000e+00	1.882635e-90	5.229420e-90	0.000000e+00	8.077786e-52	0.000000e+00	0.000000e+00	0.000000e+00	0.000000e+00	0.000000e+00	0.000000e+00	0.000000e+00	1.836461e-55	1.882635e-90	1.882635e-90	3.652066e-79	2.366595e-46	1.286356e-72	1.127290e-58	1.882635e-90	2.273443e-04	1.342506e-44	0.000000e+00	0.000000e+00	1.007873e-43	1.882635e-90	0.000000e+00	2.472710e-32	8.419269e-01	1.882635e-90	8.130844e-09	0.000000e+00	1.882635e-90	1.882635e-90	1.882635e-90	3.257878e-60	2.247908e-90	0.000000e+00	0.000000e+00	1.882635e-90	0.000000e+00	0.000000e+00	0.000000e+00	0.000000e+00	0.000000e+00	0.000000e+00	0.000000e+00	4.917069e-60	1.882635e-90	0.000000e+00	0.000000e+00	0.000000e+00	0.000000e+00	0.000000e+00	0.000000e+00	0.000000e+00	0.000000e+00	0.000000e+00	0.000000e+00	0.000000e+00	0.000000e+00	0.000000e+00	0.000000e+00	0.000000e+00	0.000000e+00	0.000000e+00	0.000000e+00	0.000000e+00	0.000000e+00	0.000000e+00	0.000000e+00	0.000000e+00	0.000000e+00	0.000000e+00	0.000000e+00	0.000000e+00	0.000000e+00	0.000000e+00	0.000000e+00	0.000000e+00	0.000000e+00	0.000000e+00	0.000000e+00	0.000000e+00	0.000000e+00	0.000000e+00	0.000000e+00	0.000000e+00	0.000000e+00	0.000000e+00	0.000000e+00	
1977.458115	1972.792264	1982.123966	177.331695	3.613869e-03	1.882704e-90	0.000000e+00	1.304344e-58	1.021830e-78	0.000000e+00	0.000000e+00	8.447236e-03	1.882704e-90	1.165999e-03	2.578413e-66	1.882704e-90	1.882704e-90	1.882704e-90	1.882704e-90	0.000000e+00	1.882704e-90	1.882704e-90	1.882704e-90	1.882704e-90	2.016748e-40	4.973082e-03	1.574988e-51	0.000000e+00	0.000000e+00	0.000000e+00	1.882704e-90	1.882704e-90	0.000000e+00	2.462687e-52	0.000000e+00	0.000000e+00	0.000000e+00	0.000000e+00	0.000000e+00	0.000000e+00	0.000000e+00	4.737234e-56	1.882704e-90	1.882704e-90	5.589515e-80	8.961209e-47	2.466021e-73	3.453427e-59	1.882704e-90	2.273495e-04	4.842966e-45	0.000000e+00	0.000000e+00	3.961532e-44	1.882704e-90	0.000000e+00	1.232774e-32	8.419215e-01	1.882704e-90	6.711267e-09	0.000000e+00	1.882704e-90	1.882704e-90	1.882704e-90	7.658278e-61	1.882704e-90	0.000000e+00	0.000000e+00	1.882704e-90	0.000000e+00	0.000000e+00	0.000000e+00	0.000000e+00	0.000000e+00	0.000000e+00	0.000000e+00	1.267014e-60	1.882704e-90	0.000000e+00	0.000000e+00	0.000000e+00	0.000000e+00	0.000000e+00	0.000000e+00	0.000000e+00	0.000000e+00	0.000000e+00	0.000000e+00	0.000000e+00	0.000000e+00	0.000000e+00	0.000000e+00	0.000000e+00	0.000000e+00	0.000000e+00	0.000000e+00	0.000000e+00	0.000000e+00	0.000000e+00	0.000000e+00	0.000000e+00	0.000000e+00	0.000000e+00	0.000000e+00	0.000000e+00	0.000000e+00	0.000000e+00	0.000000e+00	0.000000e+00	0.000000e+00	0.000000e+00	0.000000e+00	0.000000e+00	0.000000e+00	0.000000e+00	0.000000e+00	0.000000e+00	0.000000e+00	0.000000e+00	0.000000e+00	
1986.756097	1982.123966	1991.388227	176.050823	2.965723e-03	1.882604e-90	0.000000e+00	5.006857e-59	2.866634e-79	0.000000e+00	0.000000e+00	8.446152e-03	1.882604e-90	1.165941e-03	8.881178e-67	1.882604e-90	1.882604e-90	1.882604e-90	1.882604e-90	0.000000e+00	1.882604e-90	1.882604e-90	1.882604e-90	1.882604e-90	1.120334e-40	4.972438e-03	7.362954e-52	0.000000e+00	0.000000e+00	0.000000e+00	1.882604e-90	1.882604e-90	0.000000e+00	1.138374e-52	0.000000e+00	0.000000e+00	0.000000e+00	0.000000e+00	0.000000e+00	0.000000e+00	0.000000e+00	2.067675e-56	1.882604e-90	1.882604e-90	1.593541e-80	4.819176e-47	8.231897e-74	1.601632e-59	1.882604e-90	2.273442e-04	2.443038e-45	0.000000e+00	0.000000e+00	2.322776e-44	1.882604e-90	0.000000e+00	8.536053e-33	8.419314e-01	1.882604e-90	6.614490e-09	0.000000e+00	1.882604e-90	1.882604e-90	1.882604e-90	2.862491e-61	1.882604e-90	0.000000e+00	0.000000e+00	1.882604e-90	0.000000e+00	0.000000e+00	0.000000e+00	0.000000e+00	0.000000e+00	0.000000e+00	0.000000e+00	5.527934e-61	1.882604e-90	0.000000e+00	0.000000e+00	0.000000e+00	0.000000e+00	0.000000e+00	0.000000e+00	0.000000e+00	0.000000e+00	0.000000e+00	0.000000e+00	0.000000e+00	0.000000e+00	0.000000e+00	0.000000e+00	0.000000e+00	0.000000e+00	0.000000e+00	0.000000e+00	0.000000e+00	0.000000e+00	0.000000e+00	0.000000e+00	0.000000e+00	0.000000e+00	0.000000e+00	0.000000e+00	0.000000e+00	0.000000e+00	0.000000e+00	0.000000e+00	0.000000e+00	0.000000e+00	0.000000e+00	0.000000e+00	0.000000e+00	0.000000e+00	0.000000e+00	0.000000e+00	0.000000e+00	0.000000e+00	0.000000e+00	0.000000e+00	
1996.006283	1991.388227	2000.624339	175.514298	2.433821e-03	1.882666e-90	0.000000e+00	3.534956e-59	1.772590e-79	0.000000e+00	0.000000e+00	8.446458e-03	1.882666e-90	1.165842e-03	5.988763e-67	1.882666e-90	1.882666e-90	1.882666e-90	1.882666e-90	0.000000e+00	1.882666e-90	1.882666e-90	1.882666e-90	1.882666e-90	1.098158e-40	4.973431e-03	5.985366e-52	0.000000e+00	0.000000e+00	0.000000e+00	1.882666e-90	1.882666e-90	0.000000e+00	9.211614e-53	0.000000e+00	0.000000e+00	0.000000e+00	0.000000e+00	0.000000e+00	0.000000e+00	0.000000e+00	1.829902e-56	1.882666e-90	1.882666e-90	1.050332e-80	4.155609e-47	5.801366e-74	1.297637e-59	1.882666e-90	2.273571e-04	1.936352e-45	0.000000e+00	0.000000e+00	2.329919e-44	1.882666e-90	0.000000e+00	9.186795e-33	8.419255e-01	1.882666e-90	8.260303e-09	0.000000e+00	1.882666e-90	1.882666e-90	1.882666e-90	1.998900e-61	1.882666e-90	0.000000e+00	0.000000e+00	1.882666e-90	0.000000e+00	0.000000e+00	0.000000e+00	0.000000e+00	0.000000e+00	0.000000e+00	0.000000e+00	4.892607e-61	1.882666e-90	0.000000e+00	0.000000e+00	0.000000e+00	0.000000e+00	0.000000e+00	0.000000e+00	0.000000e+00	0.000000e+00	0.000000e+00	0.000000e+00	0.000000e+00	0.000000e+00	0.000000e+00	0.000000e+00	0.000000e+00	0.000000e+00	0.000000e+00	0.000000e+00	0.000000e+00	0.000000e+00	0.000000e+00	0.000000e+00	0.000000e+00	0.000000e+00	0.000000e+00	0.000000e+00	0.000000e+00	0.000000e+00	0.000000e+00	0.000000e+00	0.000000e+00	0.000000e+00	0.000000e+00	0.000000e+00	0.000000e+00	0.000000e+00	0.000000e+00	0.000000e+00	0.000000e+00	0.000000e+00	0.000000e+00	0.000000e+00	
2005.245039	2000.624339	2009.865740	175.619508	1.997316e-03	1.882621e-90	0.000000e+00	4.260474e-59	2.192832e-79	0.000000e+00	0.000000e+00	8.446494e-03	1.882621e-90	1.165820e-03	7.283124e-67	1.882621e-90	1.882621e-90	1.882621e-90	1.882621e-90	0.000000e+00	1.882621e-90	1.882621e-90	1.882621e-90	1.882621e-90	1.769427e-40	4.973677e-03	7.898150e-52	0.000000e+00	0.000000e+00	0.000000e+00	1.882621e-90	1.882621e-90	0.000000e+00	1.216730e-52	0.000000e+00	0.000000e+00	0.000000e+00	0.000000e+00	0.000000e+00	0.000000e+00	0.000000e+00	3.008133e-56	1.882621e-90	1.882621e-90	1.444041e-80	5.418771e-47	7.871764e-74	1.713132e-59	1.882621e-90	2.273311e-04	2.281067e-45	0.000000e+00	0.000000e+00	3.736729e-44	1.882621e-90	0.000000e+00	1.453298e-32	8.419281e-01	1.882621e-90	1.268858e-08	0.000000e+00	1.882621e-90	1.882621e-90	1.882621e-90	2.414574e-61	1.882621e-90	0.000000e+00	0.000000e+00	1.882621e-90	0.000000e+00	0.000000e+00	0.000000e+00	0.000000e+00	0.000000e+00	0.000000e+00	0.000000e+00	8.042748e-61	1.882621e-90	0.000000e+00	0.000000e+00	0.000000e+00	0.000000e+00	0.000000e+00	0.000000e+00	0.000000e+00	0.000000e+00	0.000000e+00	0.000000e+00	0.000000e+00	0.000000e+00	0.000000e+00	0.000000e+00	0.000000e+00	0.000000e+00	0.000000e+00	0.000000e+00	0.000000e+00	0.000000e+00	0.000000e+00	0.000000e+00	0.000000e+00	0.000000e+00	0.000000e+00	0.000000e+00	0.000000e+00	0.000000e+00	0.000000e+00	0.000000e+00	0.000000e+00	0.000000e+00	0.000000e+00	0.000000e+00	0.000000e+00	0.000000e+00	0.000000e+00	0.000000e+00	0.000000e+00	0.000000e+00	0.000000e+00	0.000000e+00	
2014.518182	2009.865740	2019.170625	176.824259	1.639098e-03	1.882733e-90	0.000000e+00	1.276762e-58	8.839254e-79	0.000000e+00	0.000000e+00	8.447416e-03	1.882733e-90	1.166007e-03	2.418421e-66	1.882733e-90	1.882733e-90	1.882733e-90	1.882733e-90	0.000000e+00	1.882733e-90	1.882733e-90	1.882733e-90	1.882733e-90	6.654845e-40	4.975082e-03	2.380793e-51	0.000000e+00	0.000000e+00	0.000000e+00	1.882733e-90	1.882733e-90	0.000000e+00	3.707501e-52	0.000000e+00	0.000000e+00	0.000000e+00	0.000000e+00	0.000000e+00	0.000000e+00	0.000000e+00	1.421251e-55	1.882733e-90	1.882733e-90	6.948907e-80	1.431020e-46	3.262780e-73	5.202049e-59	1.882733e-90	2.273624e-04	5.280360e-45	0.000000e+00	0.000000e+00	1.335388e-43	1.882733e-90	0.000000e+00	4.437333e-32	8.419181e-01	1.882733e-90	2.775201e-08	0.000000e+00	1.882733e-90	1.882733e-90	1.882733e-90	7.421435e-61	1.882733e-90	0.000000e+00	0.000000e+00	1.882733e-90	0.000000e+00	0.000000e+00	0.000000e+00	0.000000e+00	0.000000e+00	0.000000e+00	0.000000e+00	3.800742e-60	1.882733e-90	0.000000e+00	0.000000e+00	0.000000e+00	0.000000e+00	0.000000e+00	0.000000e+00	0.000000e+00	0.000000e+00	0.000000e+00	0.000000e+00	0.000000e+00	0.000000e+00	0.000000e+00	0.000000e+00	0.000000e+00	0.000000e+00	0.000000e+00	0.000000e+00	0.000000e+00	0.000000e+00	0.000000e+00	0.000000e+00	0.000000e+00	0.000000e+00	0.000000e+00	0.000000e+00	0.000000e+00	0.000000e+00	0.000000e+00	0.000000e+00	0.000000e+00	0.000000e+00	0.000000e+00	0.000000e+00	0.000000e+00	0.000000e+00	0.000000e+00	0.000000e+00	0.000000e+00	0.000000e+00	0.000000e+00	0.000000e+00	
2023.826645	2019.170625	2028.482665	176.959967	1.345126e-03	1.882624e-90	0.000000e+00	1.575903e-58	1.127629e-78	0.000000e+00	0.000000e+00	8.446385e-03	1.882624e-90	1.165935e-03	3.019184e-66	1.882624e-90	1.882624e-90	1.882624e-90	1.882624e-90	0.000000e+00	1.882624e-90	1.882624e-90	1.882624e-90	1.882624e-90	1.095795e-39	4.973297e-03	3.208630e-51	0.000000e+00	0.000000e+00	0.000000e+00	1.882624e-90	2.444134e-90	0.000000e+00	5.001439e-52	0.000000e+00	0.000000e+00	0.000000e+00	0.000000e+00	0.000000e+00	0.000000e+00	0.000000e+00	2.400846e-55	1.882624e-90	1.882624e-90	9.871768e-80	1.900802e-46	4.557856e-73	7.017636e-59	1.882624e-90	2.273380e-04	6.331221e-45	0.000000e+00	0.000000e+00	2.186100e-43	1.882624e-90	0.000000e+00	7.137362e-32	8.419280e-01	1.882624e-90	4.302563e-08	0.000000e+00	1.882624e-90	1.882624e-90	1.882624e-90	9.182530e-61	1.882624e-90	0.000000e+00	0.000000e+00	1.882624e-90	0.000000e+00	0.000000e+00	0.000000e+00	0.000000e+00	0.000000e+00	0.000000e+00	0.000000e+00	6.419769e-60	1.882624e-90	0.000000e+00	0.000000e+00	0.000000e+00	0.000000e+00	0.000000e+00	0.000000e+00	0.000000e+00	0.000000e+00	0.000000e+00	0.000000e+00	0.000000e+00	0.000000e+00	0.000000e+00	0.000000e+00	0.000000e+00	0.000000e+00	0.000000e+00	0.000000e+00	0.000000e+00	0.000000e+00	0.000000e+00	0.000000e+00	0.000000e+00	0.000000e+00	0.000000e+00	0.000000e+00	0.000000e+00	0.000000e+00	0.000000e+00	0.000000e+00	0.000000e+00	0.000000e+00	0.000000e+00	0.000000e+00	0.000000e+00	0.000000e+00	0.000000e+00	0.000000e+00	0.000000e+00	0.000000e+00	0.000000e+00	0.000000e+00	
2033.117656	2028.482665	2037.752648	176.162849	1.103878e-03	1.882782e-90	0.000000e+00	9.006351e-59	5.301547e-79	0.000000e+00	0.000000e+00	8.447217e-03	1.882782e-90	1.165927e-03	1.612873e-66	1.882782e-90	1.882782e-90	1.882782e-90	1.882782e-90	0.000000e+00	1.882782e-90	1.882782e-90	1.882782e-90	1.882782e-90	8.821464e-40	4.973962e-03	2.153139e-51	0.000000e+00	0.000000e+00	0.000000e+00	1.882782e-90	1.882782e-90	0.000000e+00	3.332828e-52	0.000000e+00	0.000000e+00	0.000000e+00	0.000000e+00	0.000000e+00	0.000000e+00	0.000000e+00	1.662788e-55	1.882782e-90	1.882782e-90	4.865324e-80	1.391422e-46	2.478967e-73	4.686065e-59	1.882782e-90	2.273436e-04	4.290183e-45	0.000000e+00	0.000000e+00	1.820264e-43	1.882782e-90	0.000000e+00	6.592916e-32	8.419147e-01	1.882782e-90	4.949646e-08	0.000000e+00	1.882782e-90	1.882782e-90	1.882782e-90	5.162753e-61	1.882782e-90	0.000000e+00	0.000000e+00	1.882782e-90	0.000000e+00	0.000000e+00	0.000000e+00	0.000000e+00	0.000000e+00	0.000000e+00	0.000000e+00	4.446136e-60	1.882782e-90	0.000000e+00	0.000000e+00	0.000000e+00	0.000000e+00	0.000000e+00	0.000000e+00	0.000000e+00	0.000000e+00	0.000000e+00	0.000000e+00	0.000000e+00	0.000000e+00	0.000000e+00	0.000000e+00	0.000000e+00	0.000000e+00	0.000000e+00	0.000000e+00	0.000000e+00	0.000000e+00	0.000000e+00	0.000000e+00	0.000000e+00	0.000000e+00	0.000000e+00	0.000000e+00	0.000000e+00	0.000000e+00	0.000000e+00	0.000000e+00	0.000000e+00	0.000000e+00	0.000000e+00	0.000000e+00	0.000000e+00	0.000000e+00	0.000000e+00	0.000000e+00	0.000000e+00	0.000000e+00	0.000000e+00	0.000000e+00	
