z		z0		z1		T		P		1		2		3		4		5		6		7		8		9		10		11		12		13		14		15		16		17		18		19		20		21		22		23		24		25		26		27		28		29		30		31		32		33		34		35		36		37		38		39		40		41		42		43		44		45		46		47		48		49		50		51		52		53		54		55		56		57		58		59		60		61		62		63		64		65		66		67		68		69		70		71		72		73		74		75		76		77		78		79		80		81		82		83		84		85		86		87		88		89		90		91		92		93		94		95		96		97		98		99		100		101		102		103		104		105		106		107		108		109		110		111		112		113		114		115		
km		km		km		K		Pa		
26.952611	0.000000	53.905222	1024.382261	1.811795e+07	3.152001e-24	0.000000e+00	2.890205e-10	8.104973e-15	0.000000e+00	0.000000e+00	8.443911e-03	1.054589e-24	8.585859e-04	3.571848e-13	2.270179e-24	1.822995e-19	3.102277e-32	1.408120e-50	0.000000e+00	6.365713e-22	2.006024e-28	7.054803e-42	1.207041e-34	1.108156e-07	4.972356e-03	2.139943e-11	0.000000e+00	0.000000e+00	0.000000e+00	4.143361e-42	6.351300e-16	0.000000e+00	2.397759e-11	0.000000e+00	0.000000e+00	0.000000e+00	0.000000e+00	0.000000e+00	0.000000e+00	0.000000e+00	4.559480e-11	6.927210e-24	2.121441e-25	1.792388e-16	3.453381e-14	4.885487e-17	1.870276e-17	4.441428e-29	2.272752e-04	1.794114e-10	0.000000e+00	0.000000e+00	9.487304e-13	4.233649e-18	0.000000e+00	1.459812e-09	8.421259e-01	1.734987e-26	1.535114e-04	0.000000e+00	7.982811e-21	1.414857e-29	6.401308e-21	3.675560e-11	1.283926e-16	0.000000e+00	0.000000e+00	6.420219e-26	0.000000e+00	0.000000e+00	0.000000e+00	0.000000e+00	0.000000e+00	0.000000e+00	0.000000e+00	2.780447e-14	2.118536e-31	0.000000e+00	0.000000e+00	0.000000e+00	0.000000e+00	0.000000e+00	0.000000e+00	0.000000e+00	0.000000e+00	0.000000e+00	0.000000e+00	0.000000e+00	0.000000e+00	0.000000e+00	0.000000e+00	0.000000e+00	0.000000e+00	0.000000e+00	0.000000e+00	0.000000e+00	0.000000e+00	0.000000e+00	0.000000e+00	0.000000e+00	0.000000e+00	0.000000e+00	0.000000e+00	0.000000e+00	0.000000e+00	0.000000e+00	0.000000e+00	0.000000e+00	0.000000e+00	0.000000e+00	0.000000e+00	0.000000e+00	0.000000e+00	0.000000e+00	0.000000e+00	0.000000e+00	0.000000e+00	0.000000e+00	0.000000e+00	
79.600864	53.905222	105.296505	976.608694	1.486850e+07	2.146075e-25	0.000000e+00	8.847779e-11	1.722355e-15	0.000000e+00	0.000000e+00	8.444210e-03	6.958744e-26	9.015569e-04	1.040564e-13	2.879939e-25	2.654351e-20	1.508711e-33	1.284638e-52	0.000000e+00	8.103931e-23	1.681046e-29	1.936074e-43	1.707232e-36	4.465648e-08	4.972524e-03	7.611854e-12	0.000000e+00	0.000000e+00	0.000000e+00	2.136925e-44	9.240520e-17	0.000000e+00	8.304864e-12	0.000000e+00	0.000000e+00	0.000000e+00	0.000000e+00	0.000000e+00	0.000000e+00	0.000000e+00	1.425692e-11	4.266740e-25	1.490949e-26	3.756009e-17	1.491260e-14	1.195599e-17	6.198830e-18	6.139981e-30	2.272845e-04	7.693797e-11	0.000000e+00	0.000000e+00	3.811087e-13	6.477058e-19	0.000000e+00	7.129005e-10	8.420988e-01	1.211373e-27	1.320449e-04	0.000000e+00	8.523002e-22	3.758877e-31	5.178880e-22	1.098671e-11	1.963004e-17	0.000000e+00	0.000000e+00	2.448834e-27	0.000000e+00	0.000000e+00	0.000000e+00	0.000000e+00	0.000000e+00	0.000000e+00	0.000000e+00	8.152550e-15	3.963679e-32	0.000000e+00	0.000000e+00	0.000000e+00	0.000000e+00	0.000000e+00	0.000000e+00	0.000000e+00	0.000000e+00	0.000000e+00	0.000000e+00	0.000000e+00	0.000000e+00	0.000000e+00	0.000000e+00	0.000000e+00	0.000000e+00	0.000000e+00	0.000000e+00	0.000000e+00	0.000000e+00	0.000000e+00	0.000000e+00	0.000000e+00	0.000000e+00	0.000000e+00	0.000000e+00	0.000000e+00	0.000000e+00	0.000000e+00	0.000000e+00	0.000000e+00	0.000000e+00	0.000000e+00	0.000000e+00	0.000000e+00	0.000000e+00	0.000000e+00	0.000000e+00	0.000000e+00	0.000000e+00	0.000000e+00	0.000000e+00	
129.726344	105.296505	154.156183	928.501127	1.220184e+07	1.062679e-26	0.000000e+00	2.351843e-11	3.050580e-16	0.000000e+00	0.000000e+00	8.444836e-03	3.289715e-27	9.518075e-04	2.614077e-14	2.788026e-26	3.023721e-21	5.088503e-35	6.766708e-55	0.000000e+00	8.039055e-24	1.049926e-30	3.505374e-45	1.441690e-38	1.558307e-08	4.972751e-03	2.364274e-12	0.000000e+00	0.000000e+00	0.000000e+00	5.754405e-47	1.040499e-17	0.000000e+00	2.504564e-12	0.000000e+00	0.000000e+00	0.000000e+00	0.000000e+00	0.000000e+00	0.000000e+00	0.000000e+00	3.753861e-12	1.826544e-26	7.406051e-28	6.478958e-18	5.742437e-15	2.451737e-18	1.782604e-18	6.696496e-31	2.272967e-04	2.971292e-11	0.000000e+00	0.000000e+00	1.327194e-13	7.702036e-20	0.000000e+00	3.085360e-10	8.420643e-01	6.170327e-29	1.069642e-04	0.000000e+00	6.947129e-23	6.463719e-33	3.100900e-23	2.840728e-12	2.359805e-18	0.000000e+00	0.000000e+00	6.157762e-29	0.000000e+00	0.000000e+00	0.000000e+00	0.000000e+00	0.000000e+00	0.000000e+00	0.000000e+00	2.000485e-15	6.205702e-33	0.000000e+00	0.000000e+00	0.000000e+00	0.000000e+00	0.000000e+00	0.000000e+00	0.000000e+00	0.000000e+00	0.000000e+00	0.000000e+00	0.000000e+00	0.000000e+00	0.000000e+00	0.000000e+00	0.000000e+00	0.000000e+00	0.000000e+00	0.000000e+00	0.000000e+00	0.000000e+00	0.000000e+00	0.000000e+00	0.000000e+00	0.000000e+00	0.000000e+00	0.000000e+00	0.000000e+00	0.000000e+00	0.000000e+00	0.000000e+00	0.000000e+00	0.000000e+00	0.000000e+00	0.000000e+00	0.000000e+00	0.000000e+00	0.000000e+00	0.000000e+00	0.000000e+00	0.000000e+00	0.000000e+00	0.000000e+00	
177.401010	154.156183	200.645837	883.458796	1.001344e+07	4.712011e-28	0.000000e+00	5.954483e-12	5.071297e-17	0.000000e+00	0.000000e+00	8.445125e-03	1.373892e-28	9.986920e-04	6.184106e-15	2.420935e-27	3.138542e-22	1.500266e-36	2.926848e-57	0.000000e+00	7.255464e-25	5.881375e-32	5.461297e-47	1.016856e-40	5.173887e-09	4.972997e-03	7.008409e-13	0.000000e+00	0.000000e+00	0.000000e+00	1.234861e-49	1.072412e-18	0.000000e+00	7.202337e-13	0.000000e+00	0.000000e+00	0.000000e+00	0.000000e+00	0.000000e+00	0.000000e+00	0.000000e+00	9.240232e-13	6.831458e-28	3.238064e-29	1.044540e-18	2.125192e-15	4.729916e-19	4.885928e-19	6.741823e-32	2.273080e-04	1.106330e-11	0.000000e+00	0.000000e+00	4.403943e-14	8.387824e-21	0.000000e+00	1.282401e-10	8.420332e-01	2.817931e-30	8.354515e-05	0.000000e+00	5.112005e-24	9.548267e-35	1.671072e-24	6.981461e-13	2.609494e-19	0.000000e+00	0.000000e+00	1.339073e-30	0.000000e+00	0.000000e+00	0.000000e+00	0.000000e+00	0.000000e+00	0.000000e+00	0.000000e+00	4.582191e-16	9.176898e-34	0.000000e+00	0.000000e+00	0.000000e+00	0.000000e+00	0.000000e+00	0.000000e+00	0.000000e+00	0.000000e+00	0.000000e+00	0.000000e+00	0.000000e+00	0.000000e+00	0.000000e+00	0.000000e+00	0.000000e+00	0.000000e+00	0.000000e+00	0.000000e+00	0.000000e+00	0.000000e+00	0.000000e+00	0.000000e+00	0.000000e+00	0.000000e+00	0.000000e+00	0.000000e+00	0.000000e+00	0.000000e+00	0.000000e+00	0.000000e+00	0.000000e+00	0.000000e+00	0.000000e+00	0.000000e+00	0.000000e+00	0.000000e+00	0.000000e+00	0.000000e+00	0.000000e+00	0.000000e+00	0.000000e+00	0.000000e+00	
222.830122	200.645837	245.014407	843.149035	8.217531e+06	2.195765e-29	0.000000e+00	1.541741e-12	8.671245e-18	0.000000e+00	0.000000e+00	8.445702e-03	5.980862e-30	1.036603e-03	1.480690e-15	2.153046e-28	3.352093e-23	4.640535e-38	1.368787e-59	0.000000e+00	6.741019e-26	3.421388e-33	9.018041e-49	7.757189e-43	1.757460e-09	4.972954e-03	2.123001e-13	0.000000e+00	0.000000e+00	0.000000e+00	2.924429e-52	1.150890e-19	0.000000e+00	2.117548e-13	0.000000e+00	0.000000e+00	0.000000e+00	0.000000e+00	0.000000e+00	0.000000e+00	0.000000e+00	2.314072e-13	2.673582e-29	1.481365e-30	1.735492e-19	8.007335e-16	9.384776e-20	1.372010e-19	7.068828e-33	2.273165e-04	4.185698e-12	0.000000e+00	0.000000e+00	1.497152e-14	9.492441e-22	0.000000e+00	5.444694e-11	8.420080e-01	1.352362e-31	6.461034e-05	0.000000e+00	3.880181e-25	1.506720e-36	9.423221e-26	1.753628e-13	2.995331e-20	0.000000e+00	0.000000e+00	3.103271e-32	0.000000e+00	0.000000e+00	0.000000e+00	0.000000e+00	0.000000e+00	0.000000e+00	0.000000e+00	1.070015e-16	1.405867e-34	0.000000e+00	0.000000e+00	0.000000e+00	0.000000e+00	0.000000e+00	0.000000e+00	0.000000e+00	0.000000e+00	0.000000e+00	0.000000e+00	0.000000e+00	0.000000e+00	0.000000e+00	0.000000e+00	0.000000e+00	0.000000e+00	0.000000e+00	0.000000e+00	0.000000e+00	0.000000e+00	0.000000e+00	0.000000e+00	0.000000e+00	0.000000e+00	0.000000e+00	0.000000e+00	0.000000e+00	0.000000e+00	0.000000e+00	0.000000e+00	0.000000e+00	0.000000e+00	0.000000e+00	0.000000e+00	0.000000e+00	0.000000e+00	0.000000e+00	0.000000e+00	0.000000e+00	0.000000e+00	0.000000e+00	0.000000e+00	
266.274294	245.014407	287.534180	808.018190	6.743719e+06	1.194979e-30	0.000000e+00	4.278213e-13	1.619763e-18	0.000000e+00	0.000000e+00	8.445618e-03	3.036976e-31	1.064507e-03	3.775809e-16	2.153566e-29	4.003767e-24	1.703303e-39	8.319528e-62	0.000000e+00	7.016481e-27	2.282952e-34	1.815179e-50	7.594159e-45	6.406783e-10	4.973255e-03	6.874827e-14	0.000000e+00	0.000000e+00	0.000000e+00	9.482011e-55	1.400623e-20	0.000000e+00	6.666593e-14	0.000000e+00	0.000000e+00	0.000000e+00	0.000000e+00	0.000000e+00	0.000000e+00	0.000000e+00	6.255366e-14	1.237744e-30	7.972960e-32	3.169721e-20	3.190681e-16	2.030628e-20	4.137472e-20	8.350680e-34	2.273215e-04	1.665979e-12	0.000000e+00	0.000000e+00	5.468733e-15	1.213754e-22	0.000000e+00	2.458285e-11	8.419921e-01	7.570795e-33	5.066963e-05	0.000000e+00	3.328614e-26	2.933945e-38	6.144071e-27	4.724156e-14	3.865421e-21	0.000000e+00	0.000000e+00	8.801656e-34	0.000000e+00	0.000000e+00	0.000000e+00	0.000000e+00	0.000000e+00	0.000000e+00	0.000000e+00	2.708116e-17	2.367611e-35	0.000000e+00	0.000000e+00	0.000000e+00	0.000000e+00	0.000000e+00	0.000000e+00	0.000000e+00	0.000000e+00	0.000000e+00	0.000000e+00	0.000000e+00	0.000000e+00	0.000000e+00	0.000000e+00	0.000000e+00	0.000000e+00	0.000000e+00	0.000000e+00	0.000000e+00	0.000000e+00	0.000000e+00	0.000000e+00	0.000000e+00	0.000000e+00	0.000000e+00	0.000000e+00	0.000000e+00	0.000000e+00	0.000000e+00	0.000000e+00	0.000000e+00	0.000000e+00	0.000000e+00	0.000000e+00	0.000000e+00	0.000000e+00	0.000000e+00	0.000000e+00	0.000000e+00	0.000000e+00	0.000000e+00	0.000000e+00	
307.989790	287.534180	328.445401	777.450394	5.534234e+06	7.759335e-32	0.000000e+00	1.284296e-13	3.346476e-19	0.000000e+00	0.000000e+00	8.446047e-03	1.845095e-32	1.084449e-03	1.038947e-16	2.482040e-30	5.453857e-25	7.627649e-41	6.839720e-64	0.000000e+00	8.346086e-28	1.787581e-35	4.593582e-52	9.876832e-47	2.531072e-10	4.973510e-03	2.401640e-14	0.000000e+00	0.000000e+00	0.000000e+00	4.396883e-57	1.966053e-21	0.000000e+00	2.267891e-14	0.000000e+00	0.000000e+00	0.000000e+00	0.000000e+00	0.000000e+00	0.000000e+00	0.000000e+00	1.851845e-14	6.967400e-32	5.182832e-33	6.447426e-21	1.354991e-16	4.849052e-21	1.352859e-20	1.129324e-34	2.273265e-04	7.025129e-13	0.000000e+00	0.000000e+00	2.166838e-15	1.783468e-23	0.000000e+00	1.189910e-11	8.419768e-01	5.050469e-34	4.070634e-05	0.000000e+00	3.296411e-27	7.258681e-40	4.726569e-28	1.378235e-14	5.699666e-22	0.000000e+00	0.000000e+00	3.141599e-35	0.000000e+00	0.000000e+00	0.000000e+00	0.000000e+00	0.000000e+00	0.000000e+00	0.000000e+00	7.540462e-18	4.434703e-36	0.000000e+00	0.000000e+00	0.000000e+00	0.000000e+00	0.000000e+00	0.000000e+00	0.000000e+00	0.000000e+00	0.000000e+00	0.000000e+00	0.000000e+00	0.000000e+00	0.000000e+00	0.000000e+00	0.000000e+00	0.000000e+00	0.000000e+00	0.000000e+00	0.000000e+00	0.000000e+00	0.000000e+00	0.000000e+00	0.000000e+00	0.000000e+00	0.000000e+00	0.000000e+00	0.000000e+00	0.000000e+00	0.000000e+00	0.000000e+00	0.000000e+00	0.000000e+00	0.000000e+00	0.000000e+00	0.000000e+00	0.000000e+00	0.000000e+00	0.000000e+00	0.000000e+00	0.000000e+00	0.000000e+00	0.000000e+00	
348.225144	328.445401	368.004888	751.761402	4.541670e+06	6.697359e-33	0.000000e+00	4.375723e-14	8.134205e-20	0.000000e+00	0.000000e+00	8.446243e-03	1.506298e-33	1.097143e-03	3.253211e-17	3.633346e-31	9.234364e-26	4.731388e-42	9.189185e-66	0.000000e+00	1.238240e-28	1.819798e-36	1.687622e-53	2.032921e-48	1.137601e-10	4.973427e-03	9.475324e-15	0.000000e+00	0.000000e+00	0.000000e+00	3.634849e-59	3.471686e-22	0.000000e+00	8.736198e-15	0.000000e+00	0.000000e+00	0.000000e+00	0.000000e+00	0.000000e+00	0.000000e+00	0.000000e+00	6.382084e-15	5.410634e-33	4.589933e-34	1.560286e-21	6.375500e-17	1.356837e-21	5.032062e-21	1.894360e-35	2.273296e-04	3.252051e-13	0.000000e+00	0.000000e+00	9.772930e-16	3.279877e-24	0.000000e+00	6.431112e-12	8.419680e-01	4.467757e-35	3.438414e-05	0.000000e+00	4.142230e-28	2.644577e-41	4.751220e-29	4.573825e-15	1.041736e-22	0.000000e+00	0.000000e+00	1.625219e-36	0.000000e+00	0.000000e+00	0.000000e+00	0.000000e+00	0.000000e+00	0.000000e+00	0.000000e+00	2.460233e-18	9.811235e-37	0.000000e+00	0.000000e+00	0.000000e+00	0.000000e+00	0.000000e+00	0.000000e+00	0.000000e+00	0.000000e+00	0.000000e+00	0.000000e+00	0.000000e+00	0.000000e+00	0.000000e+00	0.000000e+00	0.000000e+00	0.000000e+00	0.000000e+00	0.000000e+00	0.000000e+00	0.000000e+00	0.000000e+00	0.000000e+00	0.000000e+00	0.000000e+00	0.000000e+00	0.000000e+00	0.000000e+00	0.000000e+00	0.000000e+00	0.000000e+00	0.000000e+00	0.000000e+00	0.000000e+00	0.000000e+00	0.000000e+00	0.000000e+00	0.000000e+00	0.000000e+00	0.000000e+00	0.000000e+00	0.000000e+00	0.000000e+00	
387.217605	368.004888	406.430322	730.209097	3.727123e+06	7.674940e-34	0.000000e+00	1.691059e-14	2.324623e-20	0.000000e+00	0.000000e+00	8.446087e-03	1.653848e-34	1.104604e-03	1.161157e-17	6.773777e-32	1.945494e-26	4.067158e-43	2.016509e-67	0.000000e+00	2.293747e-29	2.409985e-37	8.999781e-55	6.611897e-50	5.813604e-11	4.973450e-03	4.219682e-15	0.000000e+00	0.000000e+00	0.000000e+00	5.347153e-61	7.704665e-23	0.000000e+00	3.808842e-15	0.000000e+00	0.000000e+00	0.000000e+00	0.000000e+00	0.000000e+00	0.000000e+00	0.000000e+00	2.563977e-15	5.802025e-34	5.540804e-35	4.489258e-22	3.322155e-17	4.445410e-22	2.127211e-21	3.935219e-36	2.273322e-04	1.652088e-13	0.000000e+00	0.000000e+00	5.013171e-16	7.543626e-25	0.000000e+00	3.877711e-12	8.419648e-01	5.234324e-36	3.065038e-05	0.000000e+00	6.612498e-29	1.417125e-42	6.235772e-30	1.726021e-15	2.358082e-23	0.000000e+00	0.000000e+00	1.217082e-37	0.000000e+00	0.000000e+00	0.000000e+00	0.000000e+00	0.000000e+00	0.000000e+00	0.000000e+00	9.416495e-19	2.558610e-37	0.000000e+00	0.000000e+00	0.000000e+00	0.000000e+00	0.000000e+00	0.000000e+00	0.000000e+00	0.000000e+00	0.000000e+00	0.000000e+00	0.000000e+00	0.000000e+00	0.000000e+00	0.000000e+00	0.000000e+00	0.000000e+00	0.000000e+00	0.000000e+00	0.000000e+00	0.000000e+00	0.000000e+00	0.000000e+00	0.000000e+00	0.000000e+00	0.000000e+00	0.000000e+00	0.000000e+00	0.000000e+00	0.000000e+00	0.000000e+00	0.000000e+00	0.000000e+00	0.000000e+00	0.000000e+00	0.000000e+00	0.000000e+00	0.000000e+00	0.000000e+00	0.000000e+00	0.000000e+00	0.000000e+00	0.000000e+00	
425.145926	406.430322	443.861530	711.317292	3.058664e+06	1.047454e-34	0.000000e+00	7.063173e-15	7.340791e-21	0.000000e+00	0.000000e+00	8.446158e-03	2.180854e-35	1.109364e-03	4.494923e-18	1.467713e-32	4.692829e-27	4.278084e-44	5.992792e-69	0.000000e+00	4.875087e-30	3.756188e-38	6.043909e-56	2.850744e-51	3.216106e-11	4.973348e-03	2.024999e-15	0.000000e+00	0.000000e+00	0.000000e+00	1.121966e-62	1.968651e-23	0.000000e+00	1.792300e-15	0.000000e+00	0.000000e+00	0.000000e+00	0.000000e+00	0.000000e+00	0.000000e+00	0.000000e+00	1.132851e-15	7.594716e-35	8.101539e-36	1.437010e-22	1.843557e-17	1.605319e-22	9.732723e-22	9.329945e-37	2.273315e-04	8.887602e-14	0.000000e+00	0.000000e+00	2.784428e-16	1.991441e-25	0.000000e+00	2.501928e-12	8.419617e-01	7.292776e-37	2.827730e-05	0.000000e+00	1.223973e-29	9.631268e-44	9.645565e-31	7.049989e-16	6.090428e-24	0.000000e+00	0.000000e+00	1.144777e-38	0.000000e+00	0.000000e+00	0.000000e+00	0.000000e+00	0.000000e+00	0.000000e+00	0.000000e+00	3.979736e-19	7.388773e-38	0.000000e+00	0.000000e+00	0.000000e+00	0.000000e+00	0.000000e+00	0.000000e+00	0.000000e+00	0.000000e+00	0.000000e+00	0.000000e+00	0.000000e+00	0.000000e+00	0.000000e+00	0.000000e+00	0.000000e+00	0.000000e+00	0.000000e+00	0.000000e+00	0.000000e+00	0.000000e+00	0.000000e+00	0.000000e+00	0.000000e+00	0.000000e+00	0.000000e+00	0.000000e+00	0.000000e+00	0.000000e+00	0.000000e+00	0.000000e+00	0.000000e+00	0.000000e+00	0.000000e+00	0.000000e+00	0.000000e+00	0.000000e+00	0.000000e+00	0.000000e+00	0.000000e+00	0.000000e+00	0.000000e+00	0.000000e+00	
462.111431	443.861530	480.361332	693.618415	2.510093e+06	1.474085e-35	0.000000e+00	2.990896e-15	2.358958e-21	0.000000e+00	0.000000e+00	8.446090e-03	2.969183e-36	1.113422e-03	1.764273e-18	3.266097e-33	1.159224e-27	4.663017e-45	1.879338e-70	0.000000e+00	1.061389e-30	6.026422e-39	4.229305e-57	1.291159e-52	1.804799e-11	4.973442e-03	9.849179e-16	0.000000e+00	0.000000e+00	0.000000e+00	2.505177e-64	5.158778e-24	0.000000e+00	8.551247e-16	0.000000e+00	0.000000e+00	0.000000e+00	0.000000e+00	0.000000e+00	0.000000e+00	0.000000e+00	5.090832e-16	1.029346e-35	1.225710e-36	4.686921e-23	1.034600e-17	5.898097e-23	4.518098e-22	2.266183e-37	2.273342e-04	4.829437e-14	0.000000e+00	0.000000e+00	1.569527e-16	5.386782e-26	0.000000e+00	1.634921e-12	8.419599e-01	1.047578e-37	2.624730e-05	0.000000e+00	2.324398e-30	6.822868e-45	1.535371e-31	2.919764e-16	1.610230e-24	0.000000e+00	0.000000e+00	1.120845e-39	0.000000e+00	0.000000e+00	0.000000e+00	0.000000e+00	0.000000e+00	0.000000e+00	0.000000e+00	1.712408e-19	2.176233e-38	0.000000e+00	0.000000e+00	0.000000e+00	0.000000e+00	0.000000e+00	0.000000e+00	0.000000e+00	0.000000e+00	0.000000e+00	0.000000e+00	0.000000e+00	0.000000e+00	0.000000e+00	0.000000e+00	0.000000e+00	0.000000e+00	0.000000e+00	0.000000e+00	0.000000e+00	0.000000e+00	0.000000e+00	0.000000e+00	0.000000e+00	0.000000e+00	0.000000e+00	0.000000e+00	0.000000e+00	0.000000e+00	0.000000e+00	0.000000e+00	0.000000e+00	0.000000e+00	0.000000e+00	0.000000e+00	0.000000e+00	0.000000e+00	0.000000e+00	0.000000e+00	0.000000e+00	0.000000e+00	0.000000e+00	0.000000e+00	
498.131080	480.361332	515.900828	675.366849	2.059909e+06	1.723884e-36	0.000000e+00	1.166681e-15	6.818737e-22	0.000000e+00	0.000000e+00	8.446179e-03	3.324753e-37	1.118985e-03	6.341737e-19	6.194953e-34	2.479514e-28	4.103689e-46	4.278429e-72	0.000000e+00	1.996002e-31	8.140840e-40	2.321644e-58	4.333049e-54	9.322082e-12	4.973461e-03	4.429289e-16	0.000000e+00	0.000000e+00	0.000000e+00	3.835232e-66	1.165594e-24	0.000000e+00	3.766221e-16	0.000000e+00	0.000000e+00	0.000000e+00	0.000000e+00	0.000000e+00	0.000000e+00	0.000000e+00	2.068113e-16	1.127635e-36	1.514631e-37	1.365236e-23	5.433610e-18	1.955746e-23	1.932516e-22	4.800312e-38	2.273344e-04	2.469317e-14	0.000000e+00	0.000000e+00	8.150492e-17	1.259218e-26	0.000000e+00	9.969259e-13	8.419566e-01	1.252931e-38	2.346513e-05	0.000000e+00	3.766617e-31	3.752970e-46	2.051738e-32	1.111537e-16	3.703752e-25	0.000000e+00	0.000000e+00	8.617612e-41	0.000000e+00	0.000000e+00	0.000000e+00	0.000000e+00	0.000000e+00	0.000000e+00	0.000000e+00	6.639083e-20	5.787106e-39	0.000000e+00	0.000000e+00	0.000000e+00	0.000000e+00	0.000000e+00	0.000000e+00	0.000000e+00	0.000000e+00	0.000000e+00	0.000000e+00	0.000000e+00	0.000000e+00	0.000000e+00	0.000000e+00	0.000000e+00	0.000000e+00	0.000000e+00	0.000000e+00	0.000000e+00	0.000000e+00	0.000000e+00	0.000000e+00	0.000000e+00	0.000000e+00	0.000000e+00	0.000000e+00	0.000000e+00	0.000000e+00	0.000000e+00	0.000000e+00	0.000000e+00	0.000000e+00	0.000000e+00	0.000000e+00	0.000000e+00	0.000000e+00	0.000000e+00	0.000000e+00	0.000000e+00	0.000000e+00	0.000000e+00	0.000000e+00	
533.164246	515.900828	550.427664	656.125551	1.690464e+06	1.543043e-37	0.000000e+00	4.042135e-16	1.691487e-22	0.000000e+00	0.000000e+00	8.446431e-03	2.806052e-38	1.126213e-03	2.006779e-19	9.319732e-35	4.305679e-29	2.650191e-47	6.129560e-74	0.000000e+00	3.036553e-32	8.573343e-41	8.970142e-60	9.432086e-56	4.271412e-12	4.973427e-03	1.778666e-16	0.000000e+00	0.000000e+00	0.000000e+00	3.404820e-68	2.126023e-25	0.000000e+00	1.477751e-16	0.000000e+00	0.000000e+00	0.000000e+00	0.000000e+00	0.000000e+00	0.000000e+00	0.000000e+00	7.258470e-17	9.080170e-38	1.396524e-38	3.377708e-24	2.593157e-18	5.592060e-24	7.343564e-23	8.343173e-39	2.273364e-04	1.156384e-14	0.000000e+00	0.000000e+00	3.759467e-17	2.384245e-27	0.000000e+00	5.500044e-13	8.419518e-01	1.150184e-39	1.985082e-05	0.000000e+00	4.851873e-32	1.432664e-47	2.129810e-33	3.747023e-17	6.966976e-26	0.000000e+00	0.000000e+00	4.673499e-42	0.000000e+00	0.000000e+00	0.000000e+00	0.000000e+00	0.000000e+00	0.000000e+00	0.000000e+00	2.213180e-20	1.327355e-39	0.000000e+00	0.000000e+00	0.000000e+00	0.000000e+00	0.000000e+00	0.000000e+00	0.000000e+00	0.000000e+00	0.000000e+00	0.000000e+00	0.000000e+00	0.000000e+00	0.000000e+00	0.000000e+00	0.000000e+00	0.000000e+00	0.000000e+00	0.000000e+00	0.000000e+00	0.000000e+00	0.000000e+00	0.000000e+00	0.000000e+00	0.000000e+00	0.000000e+00	0.000000e+00	0.000000e+00	0.000000e+00	0.000000e+00	0.000000e+00	0.000000e+00	0.000000e+00	0.000000e+00	0.000000e+00	0.000000e+00	0.000000e+00	0.000000e+00	0.000000e+00	0.000000e+00	0.000000e+00	0.000000e+00	0.000000e+00	
567.151188	550.427664	583.874711	635.606126	1.387280e+06	9.766976e-39	0.000000e+00	1.201003e-16	3.441464e-23	0.000000e+00	0.000000e+00	8.446517e-03	1.640541e-39	1.134728e-03	5.379142e-20	1.036861e-35	5.702745e-30	1.145184e-48	4.815008e-76	0.000000e+00	3.507183e-33	6.534064e-42	2.196963e-61	1.171745e-57	1.676046e-12	4.973737e-03	6.168556e-17	0.000000e+00	0.000000e+00	0.000000e+00	1.492189e-70	2.939197e-26	0.000000e+00	4.993219e-17	0.000000e+00	0.000000e+00	0.000000e+00	0.000000e+00	0.000000e+00	0.000000e+00	0.000000e+00	2.106508e-17	4.903548e-39	8.805314e-40	6.763246e-25	1.093231e-18	1.319629e-24	2.393976e-23	1.122232e-39	2.273393e-04	4.832617e-15	0.000000e+00	0.000000e+00	1.487520e-17	3.436150e-28	0.000000e+00	2.665806e-13	8.419419e-01	7.493546e-41	1.561128e-05	0.000000e+00	4.638208e-33	3.406938e-49	1.593863e-34	1.079067e-17	1.009961e-26	0.000000e+00	0.000000e+00	1.612758e-43	0.000000e+00	0.000000e+00	0.000000e+00	0.000000e+00	0.000000e+00	0.000000e+00	0.000000e+00	6.062986e-21	2.513743e-40	0.000000e+00	0.000000e+00	0.000000e+00	0.000000e+00	0.000000e+00	0.000000e+00	0.000000e+00	0.000000e+00	0.000000e+00	0.000000e+00	0.000000e+00	0.000000e+00	0.000000e+00	0.000000e+00	0.000000e+00	0.000000e+00	0.000000e+00	0.000000e+00	0.000000e+00	0.000000e+00	0.000000e+00	0.000000e+00	0.000000e+00	0.000000e+00	0.000000e+00	0.000000e+00	0.000000e+00	0.000000e+00	0.000000e+00	0.000000e+00	0.000000e+00	0.000000e+00	0.000000e+00	0.000000e+00	0.000000e+00	0.000000e+00	0.000000e+00	0.000000e+00	0.000000e+00	0.000000e+00	0.000000e+00	0.000000e+00	
600.027772	583.874711	616.180832	613.924314	1.138472e+06	4.223767e-40	0.000000e+00	3.013963e-17	5.630733e-24	0.000000e+00	0.000000e+00	8.446521e-03	6.398575e-41	1.143328e-03	1.199851e-20	8.263171e-37	5.602365e-31	3.178604e-50	1.952306e-78	0.000000e+00	2.989156e-34	3.487127e-43	3.257753e-63	7.855242e-60	5.546978e-13	4.974009e-03	1.821065e-17	0.000000e+00	0.000000e+00	0.000000e+00	3.008879e-73	2.996588e-27	0.000000e+00	1.431591e-17	0.000000e+00	0.000000e+00	0.000000e+00	0.000000e+00	0.000000e+00	0.000000e+00	0.000000e+00	4.955769e-18	1.704674e-40	3.653056e-41	1.073208e-25	4.022051e-19	2.521871e-25	6.596723e-24	1.139574e-40	2.273467e-04	1.781990e-15	0.000000e+00	0.000000e+00	4.974697e-18	3.668657e-29	0.000000e+00	1.121147e-13	8.419373e-01	3.349085e-42	1.130802e-05	0.000000e+00	3.190523e-34	4.813854e-51	8.322374e-36	2.613150e-18	1.099556e-27	0.000000e+00	0.000000e+00	3.385423e-45	0.000000e+00	0.000000e+00	0.000000e+00	0.000000e+00	0.000000e+00	0.000000e+00	0.000000e+00	1.337579e-21	3.860824e-41	0.000000e+00	0.000000e+00	0.000000e+00	0.000000e+00	0.000000e+00	0.000000e+00	0.000000e+00	0.000000e+00	0.000000e+00	0.000000e+00	0.000000e+00	0.000000e+00	0.000000e+00	0.000000e+00	0.000000e+00	0.000000e+00	0.000000e+00	0.000000e+00	0.000000e+00	0.000000e+00	0.000000e+00	0.000000e+00	0.000000e+00	0.000000e+00	0.000000e+00	0.000000e+00	0.000000e+00	0.000000e+00	0.000000e+00	0.000000e+00	0.000000e+00	0.000000e+00	0.000000e+00	0.000000e+00	0.000000e+00	0.000000e+00	0.000000e+00	0.000000e+00	0.000000e+00	0.000000e+00	0.000000e+00	0.000000e+00	
631.748326	616.180832	647.315820	591.671509	9.342870e+05	1.299349e-41	0.000000e+00	6.503997e-18	7.581381e-25	0.000000e+00	0.000000e+00	8.446680e-03	1.735986e-42	1.150739e-03	2.267947e-21	4.880810e-38	4.210571e-32	5.936107e-52	4.381786e-81	0.000000e+00	1.939882e-35	1.352875e-44	3.084411e-65	3.032342e-62	1.577305e-13	4.973491e-03	4.656338e-18	0.000000e+00	0.000000e+00	0.000000e+00	3.029468e-76	2.327582e-28	0.000000e+00	3.544379e-18	0.000000e+00	0.000000e+00	0.000000e+00	0.000000e+00	0.000000e+00	0.000000e+00	0.000000e+00	9.657824e-19	3.992629e-42	1.042132e-42	1.383173e-26	1.310194e-19	3.991745e-26	1.565262e-24	9.010686e-42	2.273393e-04	5.874664e-16	0.000000e+00	0.000000e+00	1.432586e-18	2.995507e-30	0.000000e+00	4.157326e-14	8.419323e-01	1.068829e-43	7.599315e-06	0.000000e+00	1.633260e-35	4.268430e-53	3.148721e-37	5.418963e-19	9.269274e-29	0.000000e+00	0.000000e+00	4.555995e-47	0.000000e+00	0.000000e+00	0.000000e+00	0.000000e+00	0.000000e+00	0.000000e+00	0.000000e+00	2.430981e-22	4.927155e-42	0.000000e+00	0.000000e+00	0.000000e+00	0.000000e+00	0.000000e+00	0.000000e+00	0.000000e+00	0.000000e+00	0.000000e+00	0.000000e+00	0.000000e+00	0.000000e+00	0.000000e+00	0.000000e+00	0.000000e+00	0.000000e+00	0.000000e+00	0.000000e+00	0.000000e+00	0.000000e+00	0.000000e+00	0.000000e+00	0.000000e+00	0.000000e+00	0.000000e+00	0.000000e+00	0.000000e+00	0.000000e+00	0.000000e+00	0.000000e+00	0.000000e+00	0.000000e+00	0.000000e+00	0.000000e+00	0.000000e+00	0.000000e+00	0.000000e+00	0.000000e+00	0.000000e+00	0.000000e+00	0.000000e+00	0.000000e+00	
662.286354	647.315820	677.256888	568.979906	7.667228e+05	2.769842e-43	0.000000e+00	1.193006e-18	8.275014e-26	0.000000e+00	0.000000e+00	8.446910e-03	3.185452e-44	1.156550e-03	3.585487e-22	2.088361e-39	2.371639e-33	7.235678e-54	5.203364e-84	0.000000e+00	9.386527e-37	3.723836e-46	1.802018e-67	6.461329e-65	3.811465e-14	4.973516e-03	1.020405e-18	0.000000e+00	0.000000e+00	0.000000e+00	1.444655e-79	1.350233e-29	0.000000e+00	7.499350e-19	0.000000e+00	0.000000e+00	0.000000e+00	0.000000e+00	0.000000e+00	0.000000e+00	0.000000e+00	1.537407e-19	6.112904e-44	1.987625e-44	1.425107e-27	3.745371e-20	5.159305e-27	3.163425e-25	5.446715e-43	2.273440e-04	1.716827e-16	0.000000e+00	0.000000e+00	3.515517e-19	1.833485e-31	0.000000e+00	1.347376e-14	8.419293e-01	2.373656e-45	4.710964e-06	0.000000e+00	6.080469e-37	2.291784e-55	8.422418e-39	9.511334e-20	5.935723e-30	0.000000e+00	0.000000e+00	3.801458e-49	0.000000e+00	0.000000e+00	0.000000e+00	0.000000e+00	0.000000e+00	0.000000e+00	0.000000e+00	3.588446e-23	5.157676e-43	0.000000e+00	0.000000e+00	0.000000e+00	0.000000e+00	0.000000e+00	0.000000e+00	0.000000e+00	0.000000e+00	0.000000e+00	0.000000e+00	0.000000e+00	0.000000e+00	0.000000e+00	0.000000e+00	0.000000e+00	0.000000e+00	0.000000e+00	0.000000e+00	0.000000e+00	0.000000e+00	0.000000e+00	0.000000e+00	0.000000e+00	0.000000e+00	0.000000e+00	0.000000e+00	0.000000e+00	0.000000e+00	0.000000e+00	0.000000e+00	0.000000e+00	0.000000e+00	0.000000e+00	0.000000e+00	0.000000e+00	0.000000e+00	0.000000e+00	0.000000e+00	0.000000e+00	0.000000e+00	0.000000e+00	0.000000e+00	
691.643502	677.256888	706.030116	546.786266	6.292112e+05	4.673589e-45	0.000000e+00	1.973269e-19	7.900038e-27	0.000000e+00	0.000000e+00	8.446246e-03	4.553156e-46	1.160413e-03	5.052959e-23	7.277091e-41	1.111424e-34	6.720971e-56	4.121419e-87	0.000000e+00	3.765663e-38	8.240069e-48	7.746938e-70	9.423990e-68	8.311075e-15	4.973582e-03	2.028027e-19	0.000000e+00	0.000000e+00	0.000000e+00	4.278512e-83	6.510473e-31	0.000000e+00	1.436696e-19	0.000000e+00	0.000000e+00	0.000000e+00	0.000000e+00	0.000000e+00	0.000000e+00	0.000000e+00	2.152273e-20	7.134707e-46	2.935918e-46	1.273130e-28	9.855129e-21	5.862205e-28	5.778746e-26	2.779685e-44	2.273413e-04	4.646111e-17	0.000000e+00	0.000000e+00	7.803980e-20	9.344088e-33	0.000000e+00	4.014705e-15	8.419308e-01	4.184444e-47	2.773680e-06	0.000000e+00	1.846242e-38	8.933222e-58	1.805682e-40	1.500966e-20	3.191930e-31	0.000000e+00	0.000000e+00	2.339791e-51	0.000000e+00	0.000000e+00	0.000000e+00	0.000000e+00	0.000000e+00	0.000000e+00	0.000000e+00	4.644103e-24	4.774264e-44	0.000000e+00	0.000000e+00	0.000000e+00	0.000000e+00	0.000000e+00	0.000000e+00	0.000000e+00	0.000000e+00	0.000000e+00	0.000000e+00	0.000000e+00	0.000000e+00	0.000000e+00	0.000000e+00	0.000000e+00	0.000000e+00	0.000000e+00	0.000000e+00	0.000000e+00	0.000000e+00	0.000000e+00	0.000000e+00	0.000000e+00	0.000000e+00	0.000000e+00	0.000000e+00	0.000000e+00	0.000000e+00	0.000000e+00	0.000000e+00	0.000000e+00	0.000000e+00	0.000000e+00	0.000000e+00	0.000000e+00	0.000000e+00	0.000000e+00	0.000000e+00	0.000000e+00	0.000000e+00	0.000000e+00	0.000000e+00	
719.873125	706.030116	733.716135	526.125457	5.163623e+05	7.680438e-47	0.000000e+00	3.226430e-20	7.428156e-28	0.000000e+00	0.000000e+00	8.446353e-03	6.320864e-48	1.162701e-03	7.016367e-24	2.480566e-42	5.102853e-36	6.060112e-58	3.125740e-90	0.000000e+00	1.478867e-39	1.781892e-49	3.225956e-72	1.315731e-70	1.795541e-15	4.973972e-03	3.992735e-20	0.000000e+00	0.000000e+00	0.000000e+00	1.200527e-86	3.081563e-32	0.000000e+00	2.726544e-20	0.000000e+00	0.000000e+00	0.000000e+00	0.000000e+00	0.000000e+00	0.000000e+00	0.000000e+00	2.973377e-21	8.071292e-48	4.223830e-48	1.119270e-29	2.571469e-21	6.570770e-29	1.046755e-26	1.398056e-45	2.273445e-04	1.246422e-17	0.000000e+00	0.000000e+00	1.719456e-20	4.669804e-34	0.000000e+00	1.189784e-15	8.419266e-01	7.191773e-49	1.624305e-06	0.000000e+00	5.469797e-40	3.354695e-60	3.773347e-42	2.340138e-21	1.685316e-32	0.000000e+00	0.000000e+00	1.392618e-53	0.000000e+00	0.000000e+00	0.000000e+00	0.000000e+00	0.000000e+00	0.000000e+00	0.000000e+00	5.937559e-25	4.391697e-45	0.000000e+00	0.000000e+00	0.000000e+00	0.000000e+00	0.000000e+00	0.000000e+00	0.000000e+00	0.000000e+00	0.000000e+00	0.000000e+00	0.000000e+00	0.000000e+00	0.000000e+00	0.000000e+00	0.000000e+00	0.000000e+00	0.000000e+00	0.000000e+00	0.000000e+00	0.000000e+00	0.000000e+00	0.000000e+00	0.000000e+00	0.000000e+00	0.000000e+00	0.000000e+00	0.000000e+00	0.000000e+00	0.000000e+00	0.000000e+00	0.000000e+00	0.000000e+00	0.000000e+00	0.000000e+00	0.000000e+00	0.000000e+00	0.000000e+00	0.000000e+00	0.000000e+00	0.000000e+00	0.000000e+00	0.000000e+00	
747.079271	733.716135	760.442407	507.887123	4.237528e+05	1.566548e-48	0.000000e+00	5.806952e-21	7.902066e-29	0.000000e+00	0.000000e+00	8.446683e-03	1.103246e-49	1.163953e-03	1.079528e-24	1.023897e-43	2.777393e-37	7.033452e-60	1.882659e-90	0.000000e+00	6.901982e-41	4.726553e-51	1.791672e-74	2.603205e-73	4.282114e-16	4.973461e-03	8.625145e-21	0.000000e+00	0.000000e+00	0.000000e+00	5.228280e-90	1.737350e-33	0.000000e+00	5.688326e-21	0.000000e+00	0.000000e+00	0.000000e+00	0.000000e+00	0.000000e+00	0.000000e+00	0.000000e+00	4.634568e-22	1.171643e-49	7.727795e-50	1.122818e-30	7.255632e-22	8.308697e-30	2.092340e-27	8.287288e-47	2.273424e-04	3.589493e-18	0.000000e+00	0.000000e+00	4.184102e-21	2.769288e-35	0.000000e+00	3.837531e-16	8.419260e-01	1.531614e-50	9.979958e-07	0.000000e+00	1.950568e-41	1.689992e-62	9.661902e-44	4.023780e-22	1.048046e-33	0.000000e+00	0.000000e+00	1.099272e-55	0.000000e+00	0.000000e+00	0.000000e+00	0.000000e+00	0.000000e+00	0.000000e+00	0.000000e+00	8.610072e-26	4.587411e-46	0.000000e+00	0.000000e+00	0.000000e+00	0.000000e+00	0.000000e+00	0.000000e+00	0.000000e+00	0.000000e+00	0.000000e+00	0.000000e+00	0.000000e+00	0.000000e+00	0.000000e+00	0.000000e+00	0.000000e+00	0.000000e+00	0.000000e+00	0.000000e+00	0.000000e+00	0.000000e+00	0.000000e+00	0.000000e+00	0.000000e+00	0.000000e+00	0.000000e+00	0.000000e+00	0.000000e+00	0.000000e+00	0.000000e+00	0.000000e+00	0.000000e+00	0.000000e+00	0.000000e+00	0.000000e+00	0.000000e+00	0.000000e+00	0.000000e+00	0.000000e+00	0.000000e+00	0.000000e+00	0.000000e+00	0.000000e+00	
773.385978	760.442407	786.329550	491.943110	3.477529e+05	4.177390e-50	0.000000e+00	1.177249e-21	9.797790e-30	0.000000e+00	0.000000e+00	8.446776e-03	2.559682e-51	1.164642e-03	1.888169e-25	5.357616e-45	1.867007e-38	1.116239e-61	1.882661e-90	0.000000e+00	3.991165e-42	1.614390e-52	1.420853e-76	7.944780e-76	1.153814e-16	4.973772e-03	2.090015e-21	0.000000e+00	0.000000e+00	0.000000e+00	1.882661e-90	1.216703e-34	0.000000e+00	1.334799e-21	0.000000e+00	0.000000e+00	0.000000e+00	0.000000e+00	0.000000e+00	0.000000e+00	0.000000e+00	8.390860e-23	2.319384e-51	1.904135e-51	1.326785e-31	2.255181e-22	1.219706e-30	4.719958e-28	6.011417e-48	2.273376e-04	1.128843e-18	0.000000e+00	0.000000e+00	1.150312e-21	2.030688e-36	0.000000e+00	1.372994e-16	8.419251e-01	4.254568e-52	6.508727e-07	0.000000e+00	8.761806e-43	1.226952e-64	3.185712e-45	7.816148e-23	7.983370e-35	0.000000e+00	0.000000e+00	1.232416e-57	0.000000e+00	0.000000e+00	0.000000e+00	0.000000e+00	0.000000e+00	0.000000e+00	0.000000e+00	1.458830e-26	5.591546e-47	0.000000e+00	0.000000e+00	0.000000e+00	0.000000e+00	0.000000e+00	0.000000e+00	0.000000e+00	0.000000e+00	0.000000e+00	0.000000e+00	0.000000e+00	0.000000e+00	0.000000e+00	0.000000e+00	0.000000e+00	0.000000e+00	0.000000e+00	0.000000e+00	0.000000e+00	0.000000e+00	0.000000e+00	0.000000e+00	0.000000e+00	0.000000e+00	0.000000e+00	0.000000e+00	0.000000e+00	0.000000e+00	0.000000e+00	0.000000e+00	0.000000e+00	0.000000e+00	0.000000e+00	0.000000e+00	0.000000e+00	0.000000e+00	0.000000e+00	0.000000e+00	0.000000e+00	0.000000e+00	0.000000e+00	0.000000e+00	
798.879413	786.329550	811.429277	476.976898	2.853835e+05	1.118150e-51	0.000000e+00	2.391027e-22	1.217297e-30	0.000000e+00	0.000000e+00	8.446598e-03	5.963449e-53	1.165090e-03	3.306324e-26	2.820275e-46	1.260116e-39	1.782144e-63	1.882627e-90	0.000000e+00	2.316562e-43	5.545260e-54	1.135743e-78	2.437982e-78	3.120172e-17	4.973690e-03	5.078651e-22	0.000000e+00	0.000000e+00	0.000000e+00	1.882627e-90	8.563339e-36	0.000000e+00	3.141631e-22	0.000000e+00	0.000000e+00	0.000000e+00	0.000000e+00	0.000000e+00	0.000000e+00	0.000000e+00	1.525282e-23	4.613546e-53	4.725343e-53	1.571653e-32	7.025407e-23	1.795602e-31	1.069066e-28	4.388562e-49	2.273389e-04	3.554530e-19	0.000000e+00	0.000000e+00	3.177861e-22	1.495086e-37	0.000000e+00	4.935172e-17	8.419278e-01	1.186818e-53	4.257492e-07	0.000000e+00	3.947136e-44	8.945893e-67	1.053635e-46	1.520715e-23	6.105490e-36	0.000000e+00	0.000000e+00	1.389497e-59	0.000000e+00	0.000000e+00	0.000000e+00	0.000000e+00	0.000000e+00	0.000000e+00	0.000000e+00	2.484617e-27	6.870865e-48	0.000000e+00	0.000000e+00	0.000000e+00	0.000000e+00	0.000000e+00	0.000000e+00	0.000000e+00	0.000000e+00	0.000000e+00	0.000000e+00	0.000000e+00	0.000000e+00	0.000000e+00	0.000000e+00	0.000000e+00	0.000000e+00	0.000000e+00	0.000000e+00	0.000000e+00	0.000000e+00	0.000000e+00	0.000000e+00	0.000000e+00	0.000000e+00	0.000000e+00	0.000000e+00	0.000000e+00	0.000000e+00	0.000000e+00	0.000000e+00	0.000000e+00	0.000000e+00	0.000000e+00	0.000000e+00	0.000000e+00	0.000000e+00	0.000000e+00	0.000000e+00	0.000000e+00	0.000000e+00	0.000000e+00	0.000000e+00	
823.592299	811.429277	835.755321	462.277962	2.342000e+05	2.524075e-53	0.000000e+00	4.503462e-23	1.371816e-31	0.000000e+00	0.000000e+00	8.446879e-03	1.159557e-54	1.165419e-03	5.329584e-27	1.283129e-47	7.451939e-41	2.339117e-65	1.882674e-90	0.000000e+00	1.174894e-44	1.628390e-55	7.279357e-81	5.674174e-81	7.838150e-18	4.973776e-03	1.150145e-22	0.000000e+00	0.000000e+00	0.000000e+00	1.882674e-90	5.272627e-37	0.000000e+00	6.883004e-23	0.000000e+00	0.000000e+00	0.000000e+00	0.000000e+00	0.000000e+00	0.000000e+00	0.000000e+00	2.530474e-24	7.542274e-55	9.760710e-55	1.678054e-33	2.061465e-23	2.407654e-32	2.252455e-29	2.837330e-50	2.273510e-04	1.058363e-19	0.000000e+00	0.000000e+00	8.174389e-23	9.638930e-39	0.000000e+00	1.671450e-17	8.419237e-01	2.798892e-55	2.691785e-07	0.000000e+00	1.534342e-45	5.163169e-69	2.965466e-48	2.738148e-24	4.114450e-37	0.000000e+00	0.000000e+00	1.255716e-61	0.000000e+00	0.000000e+00	0.000000e+00	0.000000e+00	0.000000e+00	0.000000e+00	0.000000e+00	3.855828e-28	7.740908e-49	0.000000e+00	0.000000e+00	0.000000e+00	0.000000e+00	0.000000e+00	0.000000e+00	0.000000e+00	0.000000e+00	0.000000e+00	0.000000e+00	0.000000e+00	0.000000e+00	0.000000e+00	0.000000e+00	0.000000e+00	0.000000e+00	0.000000e+00	0.000000e+00	0.000000e+00	0.000000e+00	0.000000e+00	0.000000e+00	0.000000e+00	0.000000e+00	0.000000e+00	0.000000e+00	0.000000e+00	0.000000e+00	0.000000e+00	0.000000e+00	0.000000e+00	0.000000e+00	0.000000e+00	0.000000e+00	0.000000e+00	0.000000e+00	0.000000e+00	0.000000e+00	0.000000e+00	0.000000e+00	0.000000e+00	0.000000e+00	
847.526484	835.755321	859.297646	447.381731	1.921963e+05	4.142997e-55	0.000000e+00	7.366075e-24	1.288135e-32	0.000000e+00	0.000000e+00	8.446900e-03	1.607905e-56	1.165684e-03	7.362456e-28	4.435458e-49	3.438800e-42	2.125611e-67	1.882680e-90	0.000000e+00	4.627334e-46	3.560774e-57	3.079506e-83	7.878020e-84	1.712713e-18	4.973611e-03	2.280607e-23	0.000000e+00	0.000000e+00	0.000000e+00	1.882680e-90	2.524055e-38	0.000000e+00	1.317226e-23	0.000000e+00	0.000000e+00	0.000000e+00	0.000000e+00	0.000000e+00	0.000000e+00	0.000000e+00	3.533318e-25	8.540508e-57	1.427263e-56	1.475109e-34	5.403783e-24	2.708755e-33	4.136683e-30	1.457131e-51	2.273479e-04	2.837923e-20	0.000000e+00	0.000000e+00	1.835054e-23	4.843282e-40	0.000000e+00	5.050933e-18	8.419232e-01	4.819183e-57	1.594587e-07	0.000000e+00	4.528314e-47	1.925960e-71	6.173842e-50	4.265108e-25	2.186240e-38	0.000000e+00	0.000000e+00	7.498294e-64	0.000000e+00	0.000000e+00	0.000000e+00	0.000000e+00	0.000000e+00	0.000000e+00	0.000000e+00	5.016262e-29	7.377910e-50	0.000000e+00	0.000000e+00	0.000000e+00	0.000000e+00	0.000000e+00	0.000000e+00	0.000000e+00	0.000000e+00	0.000000e+00	0.000000e+00	0.000000e+00	0.000000e+00	0.000000e+00	0.000000e+00	0.000000e+00	0.000000e+00	0.000000e+00	0.000000e+00	0.000000e+00	0.000000e+00	0.000000e+00	0.000000e+00	0.000000e+00	0.000000e+00	0.000000e+00	0.000000e+00	0.000000e+00	0.000000e+00	0.000000e+00	0.000000e+00	0.000000e+00	0.000000e+00	0.000000e+00	0.000000e+00	0.000000e+00	0.000000e+00	0.000000e+00	0.000000e+00	0.000000e+00	0.000000e+00	0.000000e+00	0.000000e+00	
870.677036	859.297646	882.056426	432.492324	1.577259e+05	5.078658e-57	0.000000e+00	1.058793e-24	1.023358e-33	0.000000e+00	0.000000e+00	8.446697e-03	1.635870e-58	1.165784e-03	8.827845e-29	1.193292e-50	1.264881e-43	1.380097e-69	1.882676e-90	0.000000e+00	1.446045e-47	5.947953e-59	8.913632e-86	6.813404e-87	3.296523e-19	4.973587e-03	4.006250e-24	0.000000e+00	0.000000e+00	0.000000e+00	1.882676e-90	9.604089e-40	0.000000e+00	2.228713e-24	0.000000e+00	0.000000e+00	0.000000e+00	0.000000e+00	0.000000e+00	0.000000e+00	0.000000e+00	4.216481e-26	6.910437e-59	1.522785e-58	1.085292e-35	1.278063e-24	2.595869e-34	6.705258e-31	6.068610e-53	2.273452e-04	6.913980e-21	0.000000e+00	0.000000e+00	3.641460e-24	1.937989e-41	0.000000e+00	1.376813e-18	8.419238e-01	6.221481e-59	8.906573e-08	0.000000e+00	1.038275e-48	4.815497e-74	9.751081e-52	5.818175e-26	9.349627e-40	0.000000e+00	0.000000e+00	3.064862e-66	0.000000e+00	0.000000e+00	0.000000e+00	0.000000e+00	0.000000e+00	0.000000e+00	0.000000e+00	5.559450e-30	6.046372e-51	0.000000e+00	0.000000e+00	0.000000e+00	0.000000e+00	0.000000e+00	0.000000e+00	0.000000e+00	0.000000e+00	0.000000e+00	0.000000e+00	0.000000e+00	0.000000e+00	0.000000e+00	0.000000e+00	0.000000e+00	0.000000e+00	0.000000e+00	0.000000e+00	0.000000e+00	0.000000e+00	0.000000e+00	0.000000e+00	0.000000e+00	0.000000e+00	0.000000e+00	0.000000e+00	0.000000e+00	0.000000e+00	0.000000e+00	0.000000e+00	0.000000e+00	0.000000e+00	0.000000e+00	0.000000e+00	0.000000e+00	0.000000e+00	0.000000e+00	0.000000e+00	0.000000e+00	0.000000e+00	0.000000e+00	0.000000e+00	
893.055470	882.056426	904.054514	418.035829	1.294378e+05	5.216305e-59	0.000000e+00	1.407417e-25	7.346387e-35	0.000000e+00	0.000000e+00	8.446344e-03	1.380124e-60	1.165885e-03	9.712507e-30	2.765089e-52	4.059760e-45	7.320180e-72	1.882645e-90	0.000000e+00	3.931088e-49	8.455151e-61	2.055040e-88	4.421690e-90	5.884633e-20	4.973416e-03	6.545872e-25	0.000000e+00	0.000000e+00	0.000000e+00	1.882645e-90	3.184739e-41	0.000000e+00	3.503592e-25	0.000000e+00	0.000000e+00	0.000000e+00	0.000000e+00	0.000000e+00	0.000000e+00	0.000000e+00	4.583185e-27	4.564557e-61	1.345721e-60	7.169295e-37	2.842079e-25	2.258540e-35	1.009471e-31	2.232052e-54	2.273416e-04	1.589393e-21	0.000000e+00	0.000000e+00	6.722037e-25	6.761245e-43	0.000000e+00	3.534529e-19	8.419265e-01	6.748326e-61	4.811179e-08	0.000000e+00	2.042992e-50	9.442936e-77	1.302395e-53	7.323550e-27	3.508958e-41	0.000000e+00	0.000000e+00	9.963448e-69	0.000000e+00	0.000000e+00	0.000000e+00	0.000000e+00	0.000000e+00	0.000000e+00	0.000000e+00	5.605966e-31	4.541533e-52	0.000000e+00	0.000000e+00	0.000000e+00	0.000000e+00	0.000000e+00	0.000000e+00	0.000000e+00	0.000000e+00	0.000000e+00	0.000000e+00	0.000000e+00	0.000000e+00	0.000000e+00	0.000000e+00	0.000000e+00	0.000000e+00	0.000000e+00	0.000000e+00	0.000000e+00	0.000000e+00	0.000000e+00	0.000000e+00	0.000000e+00	0.000000e+00	0.000000e+00	0.000000e+00	0.000000e+00	0.000000e+00	0.000000e+00	0.000000e+00	0.000000e+00	0.000000e+00	0.000000e+00	0.000000e+00	0.000000e+00	0.000000e+00	0.000000e+00	0.000000e+00	0.000000e+00	0.000000e+00	0.000000e+00	0.000000e+00	
914.693416	904.054514	925.332319	404.351237	1.062232e+05	5.063041e-61	0.000000e+00	1.824795e-26	5.105208e-36	0.000000e+00	0.000000e+00	8.446594e-03	1.097000e-62	1.165876e-03	1.038986e-30	6.129826e-54	1.249346e-46	3.647468e-74	1.882653e-90	0.000000e+00	1.023197e-50	1.144546e-62	1.882653e-90	1.882653e-90	1.028211e-20	4.973968e-03	1.046888e-25	0.000000e+00	0.000000e+00	0.000000e+00	1.882653e-90	1.013448e-42	0.000000e+00	5.391030e-26	0.000000e+00	0.000000e+00	0.000000e+00	0.000000e+00	0.000000e+00	0.000000e+00	0.000000e+00	4.848389e-28	2.828518e-63	1.124169e-62	4.576134e-38	6.203180e-26	1.906994e-36	1.488544e-32	7.923578e-56	2.273395e-04	3.586521e-22	0.000000e+00	0.000000e+00	1.217383e-25	2.261237e-44	0.000000e+00	8.938670e-20	8.419251e-01	6.927989e-63	2.578744e-08	0.000000e+00	3.827145e-52	1.711975e-79	1.648329e-55	8.985832e-28	1.265266e-42	0.000000e+00	0.000000e+00	3.014593e-71	0.000000e+00	0.000000e+00	0.000000e+00	0.000000e+00	0.000000e+00	0.000000e+00	0.000000e+00	5.507026e-32	3.340388e-53	0.000000e+00	0.000000e+00	0.000000e+00	0.000000e+00	0.000000e+00	0.000000e+00	0.000000e+00	0.000000e+00	0.000000e+00	0.000000e+00	0.000000e+00	0.000000e+00	0.000000e+00	0.000000e+00	0.000000e+00	0.000000e+00	0.000000e+00	0.000000e+00	0.000000e+00	0.000000e+00	0.000000e+00	0.000000e+00	0.000000e+00	0.000000e+00	0.000000e+00	0.000000e+00	0.000000e+00	0.000000e+00	0.000000e+00	0.000000e+00	0.000000e+00	0.000000e+00	0.000000e+00	0.000000e+00	0.000000e+00	0.000000e+00	0.000000e+00	0.000000e+00	0.000000e+00	0.000000e+00	0.000000e+00	0.000000e+00	
935.628238	925.332319	945.924158	391.314016	8.717206e+04	4.524233e-63	0.000000e+00	2.281233e-27	3.383289e-37	0.000000e+00	0.000000e+00	8.446887e-03	7.992952e-65	1.166004e-03	1.067355e-31	1.271677e-55	3.612949e-48	1.656930e-76	1.882687e-90	0.000000e+00	2.498116e-52	1.440351e-64	1.882687e-90	1.882687e-90	1.738027e-21	4.973807e-03	1.620586e-26	0.000000e+00	0.000000e+00	0.000000e+00	1.882687e-90	3.030165e-44	0.000000e+00	8.025751e-27	0.000000e+00	0.000000e+00	0.000000e+00	0.000000e+00	0.000000e+00	0.000000e+00	0.000000e+00	4.921583e-29	1.595635e-65	8.628975e-65	2.777939e-39	1.316781e-26	1.540280e-37	2.125673e-33	2.663696e-57	2.273443e-04	7.876810e-23	0.000000e+00	0.000000e+00	2.138407e-26	7.101749e-46	0.000000e+00	2.205344e-20	8.419223e-01	6.559879e-65	1.364820e-08	0.000000e+00	6.675072e-54	2.768174e-82	1.928125e-57	1.061778e-28	4.297610e-44	0.000000e+00	0.000000e+00	8.202065e-74	0.000000e+00	0.000000e+00	0.000000e+00	0.000000e+00	0.000000e+00	0.000000e+00	0.000000e+00	5.194300e-33	2.372533e-54	0.000000e+00	0.000000e+00	0.000000e+00	0.000000e+00	0.000000e+00	0.000000e+00	0.000000e+00	0.000000e+00	0.000000e+00	0.000000e+00	0.000000e+00	0.000000e+00	0.000000e+00	0.000000e+00	0.000000e+00	0.000000e+00	0.000000e+00	0.000000e+00	0.000000e+00	0.000000e+00	0.000000e+00	0.000000e+00	0.000000e+00	0.000000e+00	0.000000e+00	0.000000e+00	0.000000e+00	0.000000e+00	0.000000e+00	0.000000e+00	0.000000e+00	0.000000e+00	0.000000e+00	0.000000e+00	0.000000e+00	0.000000e+00	0.000000e+00	0.000000e+00	0.000000e+00	0.000000e+00	0.000000e+00	0.000000e+00	
955.876062	945.924158	965.827966	378.238113	7.153777e+04	2.844396e-65	0.000000e+00	2.441008e-28	1.833189e-38	0.000000e+00	0.000000e+00	8.446636e-03	4.012528e-67	1.165973e-03	9.244658e-33	1.954895e-57	7.958651e-50	5.027080e-79	1.882627e-90	0.000000e+00	4.619161e-54	1.312411e-66	1.882627e-90	1.882627e-90	2.525147e-22	4.973673e-03	2.169941e-27	0.000000e+00	0.000000e+00	0.000000e+00	1.882627e-90	6.881353e-46	0.000000e+00	1.031129e-27	0.000000e+00	0.000000e+00	0.000000e+00	0.000000e+00	0.000000e+00	0.000000e+00	0.000000e+00	4.141544e-30	6.009963e-68	4.541613e-67	1.361131e-40	2.470965e-27	1.025974e-38	2.615270e-34	6.971681e-59	2.273420e-04	1.541314e-23	0.000000e+00	0.000000e+00	3.244331e-27	1.696980e-47	0.000000e+00	4.815536e-21	8.419273e-01	4.392182e-67	6.742225e-09	0.000000e+00	8.590976e-56	2.763815e-85	1.617041e-59	1.069433e-29	1.124901e-45	0.000000e+00	0.000000e+00	1.414868e-76	0.000000e+00	0.000000e+00	0.000000e+00	0.000000e+00	0.000000e+00	0.000000e+00	0.000000e+00	4.048401e-34	1.409346e-55	0.000000e+00	0.000000e+00	0.000000e+00	0.000000e+00	0.000000e+00	0.000000e+00	0.000000e+00	0.000000e+00	0.000000e+00	0.000000e+00	0.000000e+00	0.000000e+00	0.000000e+00	0.000000e+00	0.000000e+00	0.000000e+00	0.000000e+00	0.000000e+00	0.000000e+00	0.000000e+00	0.000000e+00	0.000000e+00	0.000000e+00	0.000000e+00	0.000000e+00	0.000000e+00	0.000000e+00	0.000000e+00	0.000000e+00	0.000000e+00	0.000000e+00	0.000000e+00	0.000000e+00	0.000000e+00	0.000000e+00	0.000000e+00	0.000000e+00	0.000000e+00	0.000000e+00	0.000000e+00	0.000000e+00	0.000000e+00	
975.414784	965.827966	985.001601	364.363919	5.870748e+04	8.613118e-68	0.000000e+00	1.890119e-29	6.537671e-40	0.000000e+00	0.000000e+00	8.446561e-03	9.284820e-70	1.165936e-03	5.620432e-34	1.606474e-59	9.944545e-52	6.579794e-82	1.882616e-90	0.000000e+00	4.789515e-56	6.098032e-69	1.882616e-90	1.882616e-90	2.671687e-23	4.973731e-03	2.146041e-28	0.000000e+00	0.000000e+00	0.000000e+00	1.882616e-90	8.798745e-48	0.000000e+00	9.734498e-29	0.000000e+00	0.000000e+00	0.000000e+00	0.000000e+00	0.000000e+00	0.000000e+00	0.000000e+00	2.353903e-31	9.768634e-71	1.086945e-69	4.272025e-42	3.584865e-28	4.574734e-40	2.354440e-35	1.080243e-60	2.273347e-04	2.372662e-24	0.000000e+00	0.000000e+00	3.615845e-28	2.294110e-49	0.000000e+00	8.126154e-22	8.419281e-01	1.430622e-69	2.877870e-09	0.000000e+00	5.881117e-58	1.014059e-88	6.794292e-62	7.728959e-31	1.710649e-47	0.000000e+00	0.000000e+00	9.454841e-80	0.000000e+00	0.000000e+00	0.000000e+00	0.000000e+00	0.000000e+00	0.000000e+00	0.000000e+00	2.114223e-35	5.736509e-57	0.000000e+00	0.000000e+00	0.000000e+00	0.000000e+00	0.000000e+00	0.000000e+00	0.000000e+00	0.000000e+00	0.000000e+00	0.000000e+00	0.000000e+00	0.000000e+00	0.000000e+00	0.000000e+00	0.000000e+00	0.000000e+00	0.000000e+00	0.000000e+00	0.000000e+00	0.000000e+00	0.000000e+00	0.000000e+00	0.000000e+00	0.000000e+00	0.000000e+00	0.000000e+00	0.000000e+00	0.000000e+00	0.000000e+00	0.000000e+00	0.000000e+00	0.000000e+00	0.000000e+00	0.000000e+00	0.000000e+00	0.000000e+00	0.000000e+00	0.000000e+00	0.000000e+00	0.000000e+00	0.000000e+00	0.000000e+00	
994.180774	985.001601	1003.359946	348.872851	4.817831e+04	7.424847e-71	0.000000e+00	8.390787e-31	1.135655e-41	0.000000e+00	0.000000e+00	8.446774e-03	5.671215e-73	1.165951e-03	1.859440e-35	4.494024e-62	4.685793e-54	2.027945e-85	1.882642e-90	0.000000e+00	1.836194e-58	8.894493e-72	1.882642e-90	1.882642e-90	1.637700e-24	4.973841e-03	1.260078e-29	0.000000e+00	0.000000e+00	0.000000e+00	1.882642e-90	4.187301e-50	0.000000e+00	5.407364e-30	0.000000e+00	0.000000e+00	0.000000e+00	0.000000e+00	0.000000e+00	0.000000e+00	0.000000e+00	6.809811e-33	3.741753e-74	6.704026e-73	6.233337e-44	3.341236e-29	1.022823e-41	1.238225e-36	6.790105e-63	2.273384e-04	2.417848e-25	0.000000e+00	0.000000e+00	2.369585e-29	1.164285e-51	0.000000e+00	8.796833e-23	8.419259e-01	1.349381e-72	9.550935e-10	0.000000e+00	1.359603e-60	1.882642e-90	8.697089e-65	3.156188e-32	1.022096e-49	0.000000e+00	0.000000e+00	1.236490e-83	0.000000e+00	0.000000e+00	0.000000e+00	0.000000e+00	0.000000e+00	0.000000e+00	0.000000e+00	5.542280e-37	1.217342e-58	0.000000e+00	0.000000e+00	0.000000e+00	0.000000e+00	0.000000e+00	0.000000e+00	0.000000e+00	0.000000e+00	0.000000e+00	0.000000e+00	0.000000e+00	0.000000e+00	0.000000e+00	0.000000e+00	0.000000e+00	0.000000e+00	0.000000e+00	0.000000e+00	0.000000e+00	0.000000e+00	0.000000e+00	0.000000e+00	0.000000e+00	0.000000e+00	0.000000e+00	0.000000e+00	0.000000e+00	0.000000e+00	0.000000e+00	0.000000e+00	0.000000e+00	0.000000e+00	0.000000e+00	0.000000e+00	0.000000e+00	0.000000e+00	0.000000e+00	0.000000e+00	0.000000e+00	0.000000e+00	0.000000e+00	0.000000e+00	
1012.088192	1003.359946	1020.816437	331.731514	3.953754e+04	1.353985e-74	0.000000e+00	1.872771e-32	8.105623e-44	0.000000e+00	0.000000e+00	8.446746e-03	6.679407e-77	1.165972e-03	2.897643e-37	3.333677e-65	6.626345e-57	1.048745e-89	1.882637e-90	0.000000e+00	2.060642e-61	3.107762e-75	1.882637e-90	1.882637e-90	5.129357e-26	4.973705e-03	3.891293e-31	0.000000e+00	0.000000e+00	0.000000e+00	1.882637e-90	5.892211e-53	0.000000e+00	1.562927e-31	0.000000e+00	0.000000e+00	0.000000e+00	0.000000e+00	0.000000e+00	0.000000e+00	0.000000e+00	8.580104e-35	2.404067e-78	7.775399e-77	3.528904e-46	1.804424e-30	9.750914e-44	3.361837e-38	1.406148e-65	2.273380e-04	1.479588e-26	0.000000e+00	0.000000e+00	8.094032e-31	1.763429e-54	0.000000e+00	5.528298e-24	8.419264e-01	2.751771e-76	2.332040e-10	0.000000e+00	8.212698e-64	1.882637e-90	2.560317e-68	6.364086e-34	1.928210e-52	0.000000e+00	0.000000e+00	2.156257e-88	0.000000e+00	0.000000e+00	0.000000e+00	0.000000e+00	0.000000e+00	0.000000e+00	0.000000e+00	6.229619e-39	1.164143e-60	0.000000e+00	0.000000e+00	0.000000e+00	0.000000e+00	0.000000e+00	0.000000e+00	0.000000e+00	0.000000e+00	0.000000e+00	0.000000e+00	0.000000e+00	0.000000e+00	0.000000e+00	0.000000e+00	0.000000e+00	0.000000e+00	0.000000e+00	0.000000e+00	0.000000e+00	0.000000e+00	0.000000e+00	0.000000e+00	0.000000e+00	0.000000e+00	0.000000e+00	0.000000e+00	0.000000e+00	0.000000e+00	0.000000e+00	0.000000e+00	0.000000e+00	0.000000e+00	0.000000e+00	0.000000e+00	0.000000e+00	0.000000e+00	0.000000e+00	0.000000e+00	0.000000e+00	0.000000e+00	0.000000e+00	0.000000e+00	
1029.066163	1020.816437	1037.315890	313.542422	3.244649e+04	5.092647e-79	0.000000e+00	2.078573e-34	2.342437e-46	0.000000e+00	0.000000e+00	8.446896e-03	1.478649e-81	1.165964e-03	2.098921e-39	6.477657e-69	2.769286e-60	1.882678e-90	1.882678e-90	0.000000e+00	6.655547e-65	2.558688e-79	1.882678e-90	1.882678e-90	8.173554e-28	4.973812e-03	6.280489e-33	0.000000e+00	0.000000e+00	0.000000e+00	1.882678e-90	2.419959e-56	0.000000e+00	2.337115e-33	0.000000e+00	0.000000e+00	0.000000e+00	0.000000e+00	0.000000e+00	0.000000e+00	0.000000e+00	4.678353e-37	2.524600e-83	1.667287e-81	7.636803e-49	5.612561e-32	3.917966e-46	4.694460e-40	9.519468e-69	2.273437e-04	5.393163e-28	0.000000e+00	0.000000e+00	1.440058e-32	7.848588e-58	0.000000e+00	2.019275e-25	8.419230e-01	1.185192e-80	4.202303e-11	0.000000e+00	1.268140e-67	1.882678e-90	1.691609e-72	6.266185e-36	1.132080e-55	0.000000e+00	0.000000e+00	1.882678e-90	0.000000e+00	0.000000e+00	0.000000e+00	0.000000e+00	0.000000e+00	0.000000e+00	0.000000e+00	2.992256e-41	5.033046e-63	0.000000e+00	0.000000e+00	0.000000e+00	0.000000e+00	0.000000e+00	0.000000e+00	0.000000e+00	0.000000e+00	0.000000e+00	0.000000e+00	0.000000e+00	0.000000e+00	0.000000e+00	0.000000e+00	0.000000e+00	0.000000e+00	0.000000e+00	0.000000e+00	0.000000e+00	0.000000e+00	0.000000e+00	0.000000e+00	0.000000e+00	0.000000e+00	0.000000e+00	0.000000e+00	0.000000e+00	0.000000e+00	0.000000e+00	0.000000e+00	0.000000e+00	0.000000e+00	0.000000e+00	0.000000e+00	0.000000e+00	0.000000e+00	0.000000e+00	0.000000e+00	0.000000e+00	0.000000e+00	0.000000e+00	0.000000e+00	
1045.086737	1037.315890	1052.857584	295.345885	2.662722e+04	5.390426e-84	0.000000e+00	1.316875e-36	3.273659e-49	0.000000e+00	0.000000e+00	8.446526e-03	8.568524e-87	1.165994e-03	8.206509e-42	4.353348e-73	4.375673e-64	1.882672e-90	1.882672e-90	0.000000e+00	7.942626e-69	6.664885e-84	1.882672e-90	1.882672e-90	7.643340e-30	4.973955e-03	6.055731e-35	0.000000e+00	0.000000e+00	0.000000e+00	1.882672e-90	3.733963e-60	0.000000e+00	2.073084e-35	0.000000e+00	0.000000e+00	0.000000e+00	0.000000e+00	0.000000e+00	0.000000e+00	0.000000e+00	1.315906e-39	6.219884e-89	9.357963e-87	7.639815e-52	1.125571e-33	7.890811e-49	3.882208e-42	2.665065e-72	2.273502e-04	1.296991e-29	0.000000e+00	0.000000e+00	1.539493e-34	1.314511e-61	0.000000e+00	4.840372e-27	8.419236e-01	1.467291e-85	6.007085e-12	0.000000e+00	6.548639e-72	1.882672e-90	3.363709e-77	3.470858e-38	2.619319e-59	0.000000e+00	0.000000e+00	1.882672e-90	0.000000e+00	0.000000e+00	0.000000e+00	0.000000e+00	0.000000e+00	0.000000e+00	0.000000e+00	7.374009e-44	1.177550e-65	0.000000e+00	0.000000e+00	0.000000e+00	0.000000e+00	0.000000e+00	0.000000e+00	0.000000e+00	0.000000e+00	0.000000e+00	0.000000e+00	0.000000e+00	0.000000e+00	0.000000e+00	0.000000e+00	0.000000e+00	0.000000e+00	0.000000e+00	0.000000e+00	0.000000e+00	0.000000e+00	0.000000e+00	0.000000e+00	0.000000e+00	0.000000e+00	0.000000e+00	0.000000e+00	0.000000e+00	0.000000e+00	0.000000e+00	0.000000e+00	0.000000e+00	0.000000e+00	0.000000e+00	0.000000e+00	0.000000e+00	0.000000e+00	0.000000e+00	0.000000e+00	0.000000e+00	0.000000e+00	0.000000e+00	0.000000e+00	
1060.170755	1052.857584	1067.483927	277.948809	2.185163e+04	2.330723e-89	0.000000e+00	5.617548e-39	2.738348e-52	0.000000e+00	0.000000e+00	8.446830e-03	1.882698e-90	1.166003e-03	2.072504e-44	1.405763e-77	3.505363e-68	1.882698e-90	1.882698e-90	0.000000e+00	4.718741e-73	7.797024e-89	1.882698e-90	1.882698e-90	4.963778e-32	4.974118e-03	4.088161e-37	0.000000e+00	0.000000e+00	0.000000e+00	1.882698e-90	2.920635e-64	0.000000e+00	1.282455e-37	0.000000e+00	0.000000e+00	0.000000e+00	0.000000e+00	0.000000e+00	0.000000e+00	0.000000e+00	2.348892e-42	1.882698e-90	1.882698e-90	4.435883e-55	1.663884e-35	9.797130e-52	2.245316e-44	4.072997e-76	2.273457e-04	2.325940e-31	0.000000e+00	0.000000e+00	1.168676e-36	1.112257e-65	0.000000e+00	8.771772e-29	8.419212e-01	1.882698e-90	7.397991e-13	0.000000e+00	1.560458e-76	1.882698e-90	2.862308e-82	1.281405e-40	3.164166e-63	0.000000e+00	0.000000e+00	1.882698e-90	0.000000e+00	0.000000e+00	0.000000e+00	0.000000e+00	0.000000e+00	0.000000e+00	0.000000e+00	1.155433e-46	1.837327e-68	0.000000e+00	0.000000e+00	0.000000e+00	0.000000e+00	0.000000e+00	0.000000e+00	0.000000e+00	0.000000e+00	0.000000e+00	0.000000e+00	0.000000e+00	0.000000e+00	0.000000e+00	0.000000e+00	0.000000e+00	0.000000e+00	0.000000e+00	0.000000e+00	0.000000e+00	0.000000e+00	0.000000e+00	0.000000e+00	0.000000e+00	0.000000e+00	0.000000e+00	0.000000e+00	0.000000e+00	0.000000e+00	0.000000e+00	0.000000e+00	0.000000e+00	0.000000e+00	0.000000e+00	0.000000e+00	0.000000e+00	0.000000e+00	0.000000e+00	0.000000e+00	0.000000e+00	0.000000e+00	0.000000e+00	0.000000e+00	
1074.389807	1067.483927	1081.295687	262.468653	1.793255e+04	1.882664e-90	0.000000e+00	2.403093e-41	2.294137e-55	0.000000e+00	0.000000e+00	8.446513e-03	1.882664e-90	1.165947e-03	5.225568e-47	4.726858e-82	2.864321e-72	1.882664e-90	1.882664e-90	0.000000e+00	2.846914e-77	1.882664e-90	1.882664e-90	1.882664e-90	3.313226e-34	4.973788e-03	2.808525e-39	0.000000e+00	0.000000e+00	0.000000e+00	1.882664e-90	2.352902e-68	0.000000e+00	8.095190e-40	0.000000e+00	0.000000e+00	0.000000e+00	0.000000e+00	0.000000e+00	0.000000e+00	0.000000e+00	4.321447e-45	1.882664e-90	1.882664e-90	2.587316e-58	2.490804e-37	1.229747e-54	1.336240e-46	6.494625e-80	2.273407e-04	4.179729e-33	0.000000e+00	0.000000e+00	9.232031e-39	9.597499e-70	0.000000e+00	1.654336e-30	8.419246e-01	1.882664e-90	9.416132e-14	0.000000e+00	3.732823e-81	1.882664e-90	2.440604e-87	4.745202e-43	3.898348e-67	0.000000e+00	0.000000e+00	1.882664e-90	0.000000e+00	0.000000e+00	0.000000e+00	0.000000e+00	0.000000e+00	0.000000e+00	0.000000e+00	1.889342e-49	3.056364e-71	0.000000e+00	0.000000e+00	0.000000e+00	0.000000e+00	0.000000e+00	0.000000e+00	0.000000e+00	0.000000e+00	0.000000e+00	0.000000e+00	0.000000e+00	0.000000e+00	0.000000e+00	0.000000e+00	0.000000e+00	0.000000e+00	0.000000e+00	0.000000e+00	0.000000e+00	0.000000e+00	0.000000e+00	0.000000e+00	0.000000e+00	0.000000e+00	0.000000e+00	0.000000e+00	0.000000e+00	0.000000e+00	0.000000e+00	0.000000e+00	0.000000e+00	0.000000e+00	0.000000e+00	0.000000e+00	0.000000e+00	0.000000e+00	0.000000e+00	0.000000e+00	0.000000e+00	0.000000e+00	0.000000e+00	0.000000e+00	
1087.861305	1081.295687	1094.426922	249.536125	1.471635e+04	1.882681e-90	0.000000e+00	1.525209e-43	3.196303e-58	0.000000e+00	0.000000e+00	8.446574e-03	1.882681e-90	1.165941e-03	2.021449e-49	3.508504e-86	4.729630e-76	1.882681e-90	1.882681e-90	0.000000e+00	3.507353e-81	1.882681e-90	1.882681e-90	1.882681e-90	3.321158e-36	4.973961e-03	2.825970e-41	0.000000e+00	0.000000e+00	0.000000e+00	1.882681e-90	3.895816e-72	0.000000e+00	7.548065e-42	0.000000e+00	0.000000e+00	0.000000e+00	0.000000e+00	0.000000e+00	0.000000e+00	0.000000e+00	1.310975e-47	1.882681e-90	1.882681e-90	2.599543e-61	5.145494e-39	2.533674e-57	1.188347e-48	2.023353e-83	2.273475e-04	1.006419e-34	0.000000e+00	0.000000e+00	1.094417e-40	1.678636e-73	0.000000e+00	4.403650e-32	8.419229e-01	1.882681e-90	1.468800e-14	0.000000e+00	1.926180e-85	1.882681e-90	1.882681e-90	2.635037e-45	9.428397e-71	0.000000e+00	0.000000e+00	1.882681e-90	0.000000e+00	0.000000e+00	0.000000e+00	0.000000e+00	0.000000e+00	0.000000e+00	0.000000e+00	5.195096e-52	8.463973e-74	0.000000e+00	0.000000e+00	0.000000e+00	0.000000e+00	0.000000e+00	0.000000e+00	0.000000e+00	0.000000e+00	0.000000e+00	0.000000e+00	0.000000e+00	0.000000e+00	0.000000e+00	0.000000e+00	0.000000e+00	0.000000e+00	0.000000e+00	0.000000e+00	0.000000e+00	0.000000e+00	0.000000e+00	0.000000e+00	0.000000e+00	0.000000e+00	0.000000e+00	0.000000e+00	0.000000e+00	0.000000e+00	0.000000e+00	0.000000e+00	0.000000e+00	0.000000e+00	0.000000e+00	0.000000e+00	0.000000e+00	0.000000e+00	0.000000e+00	0.000000e+00	0.000000e+00	0.000000e+00	0.000000e+00	0.000000e+00	
1100.692758	1094.426922	1106.958593	238.144670	1.207697e+04	1.882676e-90	0.000000e+00	1.134559e-45	5.460056e-61	0.000000e+00	0.000000e+00	8.446829e-03	1.882676e-90	1.166005e-03	9.271719e-52	3.638217e-90	1.043551e-79	1.882676e-90	1.882676e-90	0.000000e+00	5.786587e-85	1.882676e-90	1.882676e-90	1.882676e-90	3.964339e-38	4.973835e-03	3.337439e-43	0.000000e+00	0.000000e+00	0.000000e+00	1.882676e-90	8.713694e-76	0.000000e+00	8.297633e-44	0.000000e+00	0.000000e+00	0.000000e+00	0.000000e+00	0.000000e+00	0.000000e+00	0.000000e+00	4.922319e-50	1.882676e-90	1.882676e-90	3.251575e-64	1.215458e-40	6.393009e-60	1.256491e-50	8.392702e-87	2.273398e-04	2.725958e-36	0.000000e+00	0.000000e+00	1.552790e-42	3.926958e-77	0.000000e+00	1.369212e-33	8.419231e-01	1.882676e-90	2.522271e-15	0.000000e+00	1.353556e-89	1.882676e-90	1.882676e-90	1.722519e-47	3.011549e-74	0.000000e+00	0.000000e+00	1.882676e-90	0.000000e+00	0.000000e+00	0.000000e+00	0.000000e+00	0.000000e+00	0.000000e+00	0.000000e+00	1.791825e-54	2.955300e-76	0.000000e+00	0.000000e+00	0.000000e+00	0.000000e+00	0.000000e+00	0.000000e+00	0.000000e+00	0.000000e+00	0.000000e+00	0.000000e+00	0.000000e+00	0.000000e+00	0.000000e+00	0.000000e+00	0.000000e+00	0.000000e+00	0.000000e+00	0.000000e+00	0.000000e+00	0.000000e+00	0.000000e+00	0.000000e+00	0.000000e+00	0.000000e+00	0.000000e+00	0.000000e+00	0.000000e+00	0.000000e+00	0.000000e+00	0.000000e+00	0.000000e+00	0.000000e+00	0.000000e+00	0.000000e+00	0.000000e+00	0.000000e+00	0.000000e+00	0.000000e+00	0.000000e+00	0.000000e+00	0.000000e+00	0.000000e+00	
1112.950615	1106.958593	1118.942636	227.735677	9.910971e+03	1.882652e-90	0.000000e+00	8.455574e-48	9.334744e-64	0.000000e+00	0.000000e+00	8.446541e-03	1.882652e-90	1.165916e-03	4.245427e-54	1.882652e-90	2.338835e-83	1.882652e-90	1.882652e-90	0.000000e+00	9.662221e-89	1.882652e-90	1.882652e-90	1.882652e-90	4.839020e-40	4.973235e-03	3.997318e-45	0.000000e+00	0.000000e+00	0.000000e+00	1.882652e-90	1.995806e-79	0.000000e+00	9.271325e-46	0.000000e+00	0.000000e+00	0.000000e+00	0.000000e+00	0.000000e+00	0.000000e+00	0.000000e+00	1.894014e-52	1.882652e-90	1.882652e-90	4.080634e-67	2.900657e-42	1.626966e-62	1.359630e-52	3.602292e-90	2.273417e-04	7.394537e-38	0.000000e+00	0.000000e+00	2.275863e-44	9.332487e-81	0.000000e+00	4.397894e-35	8.419260e-01	1.882652e-90	4.449654e-16	0.000000e+00	1.882652e-90	1.882652e-90	1.882652e-90	1.128501e-49	9.771637e-78	0.000000e+00	0.000000e+00	1.882652e-90	0.000000e+00	0.000000e+00	0.000000e+00	0.000000e+00	0.000000e+00	0.000000e+00	0.000000e+00	6.398124e-57	1.086701e-78	0.000000e+00	0.000000e+00	0.000000e+00	0.000000e+00	0.000000e+00	0.000000e+00	0.000000e+00	0.000000e+00	0.000000e+00	0.000000e+00	0.000000e+00	0.000000e+00	0.000000e+00	0.000000e+00	0.000000e+00	0.000000e+00	0.000000e+00	0.000000e+00	0.000000e+00	0.000000e+00	0.000000e+00	0.000000e+00	0.000000e+00	0.000000e+00	0.000000e+00	0.000000e+00	0.000000e+00	0.000000e+00	0.000000e+00	0.000000e+00	0.000000e+00	0.000000e+00	0.000000e+00	0.000000e+00	0.000000e+00	0.000000e+00	0.000000e+00	0.000000e+00	0.000000e+00	0.000000e+00	0.000000e+00	0.000000e+00	
1124.701987	1118.942636	1130.461338	218.893655	8.133440e+03	1.882616e-90	0.000000e+00	9.271525e-50	2.627352e-66	0.000000e+00	0.000000e+00	8.446516e-03	1.882616e-90	1.165918e-03	2.960471e-56	1.882616e-90	1.038272e-86	1.882616e-90	1.882616e-90	0.000000e+00	1.882616e-90	1.882616e-90	1.882616e-90	1.882616e-90	8.720310e-42	4.973299e-03	6.920307e-47	0.000000e+00	0.000000e+00	0.000000e+00	1.882616e-90	9.175586e-83	0.000000e+00	1.508553e-47	0.000000e+00	0.000000e+00	0.000000e+00	0.000000e+00	0.000000e+00	0.000000e+00	0.000000e+00	1.178224e-54	1.882616e-90	1.882616e-90	8.718230e-70	9.453838e-44	6.707630e-65	2.160321e-54	1.882616e-90	2.273509e-04	2.671127e-39	0.000000e+00	0.000000e+00	4.899644e-46	4.406847e-84	0.000000e+00	1.953617e-36	8.419287e-01	1.882616e-90	9.476379e-17	0.000000e+00	1.882616e-90	1.882616e-90	1.882616e-90	1.099183e-51	6.104441e-81	0.000000e+00	0.000000e+00	1.882616e-90	0.000000e+00	0.000000e+00	0.000000e+00	0.000000e+00	0.000000e+00	0.000000e+00	0.000000e+00	3.748940e-59	6.442088e-81	0.000000e+00	0.000000e+00	0.000000e+00	0.000000e+00	0.000000e+00	0.000000e+00	0.000000e+00	0.000000e+00	0.000000e+00	0.000000e+00	0.000000e+00	0.000000e+00	0.000000e+00	0.000000e+00	0.000000e+00	0.000000e+00	0.000000e+00	0.000000e+00	0.000000e+00	0.000000e+00	0.000000e+00	0.000000e+00	0.000000e+00	0.000000e+00	0.000000e+00	0.000000e+00	0.000000e+00	0.000000e+00	0.000000e+00	0.000000e+00	0.000000e+00	0.000000e+00	0.000000e+00	0.000000e+00	0.000000e+00	0.000000e+00	0.000000e+00	0.000000e+00	0.000000e+00	0.000000e+00	0.000000e+00	0.000000e+00	
1136.059767	1130.461338	1141.658196	212.778190	6.674710e+03	1.882647e-90	0.000000e+00	3.383084e-51	3.505299e-68	0.000000e+00	0.000000e+00	8.447121e-03	1.882647e-90	1.165914e-03	7.715163e-58	1.882647e-90	3.752368e-89	1.882647e-90	1.882647e-90	0.000000e+00	1.882647e-90	1.882647e-90	1.882647e-90	1.882647e-90	5.021999e-43	4.974063e-03	3.657855e-48	0.000000e+00	0.000000e+00	0.000000e+00	1.882647e-90	3.508270e-85	0.000000e+00	7.626212e-49	0.000000e+00	0.000000e+00	0.000000e+00	0.000000e+00	0.000000e+00	0.000000e+00	0.000000e+00	3.093578e-56	1.882647e-90	1.882647e-90	9.745878e-72	7.958216e-45	1.222916e-66	1.076908e-55	1.882647e-90	2.273547e-04	2.353259e-40	0.000000e+00	0.000000e+00	3.236227e-47	1.710679e-86	0.000000e+00	2.205039e-37	8.419251e-01	1.882647e-90	3.397747e-17	0.000000e+00	1.882647e-90	1.882647e-90	1.882647e-90	3.675978e-53	2.840775e-83	0.000000e+00	0.000000e+00	1.882647e-90	0.000000e+00	0.000000e+00	0.000000e+00	0.000000e+00	0.000000e+00	0.000000e+00	0.000000e+00	9.471271e-61	1.494844e-82	0.000000e+00	0.000000e+00	0.000000e+00	0.000000e+00	0.000000e+00	0.000000e+00	0.000000e+00	0.000000e+00	0.000000e+00	0.000000e+00	0.000000e+00	0.000000e+00	0.000000e+00	0.000000e+00	0.000000e+00	0.000000e+00	0.000000e+00	0.000000e+00	0.000000e+00	0.000000e+00	0.000000e+00	0.000000e+00	0.000000e+00	0.000000e+00	0.000000e+00	0.000000e+00	0.000000e+00	0.000000e+00	0.000000e+00	0.000000e+00	0.000000e+00	0.000000e+00	0.000000e+00	0.000000e+00	0.000000e+00	0.000000e+00	0.000000e+00	0.000000e+00	0.000000e+00	0.000000e+00	0.000000e+00	0.000000e+00	
1147.155562	1141.658196	1152.652928	208.937042	5.477602e+03	1.882652e-90	0.000000e+00	3.969409e-52	2.121704e-69	0.000000e+00	0.000000e+00	8.447250e-03	1.882652e-90	1.165917e-03	7.248729e-59	1.882652e-90	1.882652e-90	1.882652e-90	1.882652e-90	0.000000e+00	1.882652e-90	1.882652e-90	1.882652e-90	1.882652e-90	8.849202e-44	4.973557e-03	5.681243e-49	0.000000e+00	0.000000e+00	0.000000e+00	1.882652e-90	1.039090e-86	0.000000e+00	1.150736e-49	0.000000e+00	0.000000e+00	0.000000e+00	0.000000e+00	0.000000e+00	0.000000e+00	0.000000e+00	3.254201e-57	1.882652e-90	1.882652e-90	5.435468e-73	1.677124e-45	9.420654e-68	1.613343e-56	1.882652e-90	2.273528e-04	4.929027e-41	0.000000e+00	0.000000e+00	6.256338e-48	5.107825e-88	0.000000e+00	6.063508e-38	8.419249e-01	1.882652e-90	1.995724e-17	0.000000e+00	1.882652e-90	1.882652e-90	1.882652e-90	4.072471e-54	9.238263e-85	0.000000e+00	0.000000e+00	1.882652e-90	0.000000e+00	0.000000e+00	0.000000e+00	0.000000e+00	0.000000e+00	0.000000e+00	0.000000e+00	9.738935e-62	1.275051e-83	0.000000e+00	0.000000e+00	0.000000e+00	0.000000e+00	0.000000e+00	0.000000e+00	0.000000e+00	0.000000e+00	0.000000e+00	0.000000e+00	0.000000e+00	0.000000e+00	0.000000e+00	0.000000e+00	0.000000e+00	0.000000e+00	0.000000e+00	0.000000e+00	0.000000e+00	0.000000e+00	0.000000e+00	0.000000e+00	0.000000e+00	0.000000e+00	0.000000e+00	0.000000e+00	0.000000e+00	0.000000e+00	0.000000e+00	0.000000e+00	0.000000e+00	0.000000e+00	0.000000e+00	0.000000e+00	0.000000e+00	0.000000e+00	0.000000e+00	0.000000e+00	0.000000e+00	0.000000e+00	0.000000e+00	0.000000e+00	
1158.077371	1152.652928	1163.501814	206.164840	4.495195e+03	1.882771e-90	0.000000e+00	8.259786e-53	2.696691e-70	0.000000e+00	0.000000e+00	8.446644e-03	1.882771e-90	1.166011e-03	1.277936e-59	1.882771e-90	1.882771e-90	1.882771e-90	1.882771e-90	0.000000e+00	1.882771e-90	1.882771e-90	1.882771e-90	1.882771e-90	2.696262e-44	4.973851e-03	1.496517e-49	0.000000e+00	0.000000e+00	0.000000e+00	1.882771e-90	8.396406e-88	0.000000e+00	2.968206e-50	0.000000e+00	0.000000e+00	0.000000e+00	0.000000e+00	0.000000e+00	0.000000e+00	0.000000e+00	6.756134e-58	1.882771e-90	1.882771e-90	6.669070e-74	5.541487e-46	1.471001e-68	4.141210e-57	1.882771e-90	2.273536e-04	1.578946e-41	0.000000e+00	0.000000e+00	2.045184e-48	4.147330e-89	0.000000e+00	2.576503e-38	8.419160e-01	1.882771e-90	1.491294e-17	0.000000e+00	1.882771e-90	1.882771e-90	1.882771e-90	8.121470e-55	7.793415e-86	0.000000e+00	0.000000e+00	1.882771e-90	0.000000e+00	0.000000e+00	0.000000e+00	0.000000e+00	0.000000e+00	0.000000e+00	0.000000e+00	1.990516e-62	2.053305e-84	0.000000e+00	0.000000e+00	0.000000e+00	0.000000e+00	0.000000e+00	0.000000e+00	0.000000e+00	0.000000e+00	0.000000e+00	0.000000e+00	0.000000e+00	0.000000e+00	0.000000e+00	0.000000e+00	0.000000e+00	0.000000e+00	0.000000e+00	0.000000e+00	0.000000e+00	0.000000e+00	0.000000e+00	0.000000e+00	0.000000e+00	0.000000e+00	0.000000e+00	0.000000e+00	0.000000e+00	0.000000e+00	0.000000e+00	0.000000e+00	0.000000e+00	0.000000e+00	0.000000e+00	0.000000e+00	0.000000e+00	0.000000e+00	0.000000e+00	0.000000e+00	0.000000e+00	0.000000e+00	0.000000e+00	0.000000e+00	
1168.869742	1163.501814	1174.237669	204.016581	3.688983e+03	1.882647e-90	0.000000e+00	2.426914e-53	5.358410e-71	0.000000e+00	0.000000e+00	8.446343e-03	1.882647e-90	1.165841e-03	3.290502e-60	1.882647e-90	1.882647e-90	1.882647e-90	1.882647e-90	0.000000e+00	1.882647e-90	1.882647e-90	1.882647e-90	1.882647e-90	1.141647e-44	4.973815e-03	5.415895e-50	0.000000e+00	0.000000e+00	0.000000e+00	1.882647e-90	1.240489e-88	0.000000e+00	1.056559e-50	0.000000e+00	0.000000e+00	0.000000e+00	0.000000e+00	0.000000e+00	0.000000e+00	0.000000e+00	2.109960e-58	1.882647e-90	1.882647e-90	1.315297e-74	2.399365e-46	3.514158e-69	1.469267e-57	1.882647e-90	2.273353e-04	6.531840e-42	0.000000e+00	0.000000e+00	9.163197e-49	6.146579e-90	0.000000e+00	1.421509e-38	8.419259e-01	1.882647e-90	1.286513e-17	0.000000e+00	1.882647e-90	1.882647e-90	1.882647e-90	2.307048e-55	1.166658e-86	0.000000e+00	0.000000e+00	1.882647e-90	0.000000e+00	0.000000e+00	0.000000e+00	0.000000e+00	0.000000e+00	0.000000e+00	0.000000e+00	6.144758e-63	4.842401e-85	0.000000e+00	0.000000e+00	0.000000e+00	0.000000e+00	0.000000e+00	0.000000e+00	0.000000e+00	0.000000e+00	0.000000e+00	0.000000e+00	0.000000e+00	0.000000e+00	0.000000e+00	0.000000e+00	0.000000e+00	0.000000e+00	0.000000e+00	0.000000e+00	0.000000e+00	0.000000e+00	0.000000e+00	0.000000e+00	0.000000e+00	0.000000e+00	0.000000e+00	0.000000e+00	0.000000e+00	0.000000e+00	0.000000e+00	0.000000e+00	0.000000e+00	0.000000e+00	0.000000e+00	0.000000e+00	0.000000e+00	0.000000e+00	0.000000e+00	0.000000e+00	0.000000e+00	0.000000e+00	0.000000e+00	0.000000e+00	
1179.560924	1174.237669	1184.884179	202.319808	3.027364e+03	1.882746e-90	0.000000e+00	9.236281e-54	1.488735e-71	0.000000e+00	0.000000e+00	8.446854e-03	1.882746e-90	1.166057e-03	1.126263e-60	1.882746e-90	1.882746e-90	1.882746e-90	1.882746e-90	0.000000e+00	1.882746e-90	1.882746e-90	1.882746e-90	1.882746e-90	6.186066e-45	4.974458e-03	2.487253e-50	0.000000e+00	0.000000e+00	0.000000e+00	1.882746e-90	2.881400e-89	0.000000e+00	4.788826e-51	0.000000e+00	0.000000e+00	0.000000e+00	0.000000e+00	0.000000e+00	0.000000e+00	0.000000e+00	8.952317e-59	1.882746e-90	1.882746e-90	3.703962e-75	1.272775e-46	1.155086e-69	6.644664e-58	1.882746e-90	2.273548e-04	3.274124e-42	0.000000e+00	0.000000e+00	5.199698e-49	1.882746e-90	0.000000e+00	9.536663e-39	8.419170e-01	1.882746e-90	1.236682e-17	0.000000e+00	1.882746e-90	1.882746e-90	1.882746e-90	8.546342e-56	2.685096e-87	0.000000e+00	0.000000e+00	1.882746e-90	0.000000e+00	0.000000e+00	0.000000e+00	0.000000e+00	0.000000e+00	0.000000e+00	0.000000e+00	2.584582e-63	1.519399e-85	0.000000e+00	0.000000e+00	0.000000e+00	0.000000e+00	0.000000e+00	0.000000e+00	0.000000e+00	0.000000e+00	0.000000e+00	0.000000e+00	0.000000e+00	0.000000e+00	0.000000e+00	0.000000e+00	0.000000e+00	0.000000e+00	0.000000e+00	0.000000e+00	0.000000e+00	0.000000e+00	0.000000e+00	0.000000e+00	0.000000e+00	0.000000e+00	0.000000e+00	0.000000e+00	0.000000e+00	0.000000e+00	0.000000e+00	0.000000e+00	0.000000e+00	0.000000e+00	0.000000e+00	0.000000e+00	0.000000e+00	0.000000e+00	0.000000e+00	0.000000e+00	0.000000e+00	0.000000e+00	0.000000e+00	0.000000e+00	
1190.169737	1184.884179	1195.455295	200.887658	2.484407e+03	1.882755e-90	0.000000e+00	4.093660e-54	5.038412e-72	0.000000e+00	0.000000e+00	8.447232e-03	1.882755e-90	1.165959e-03	4.556328e-61	1.882755e-90	1.882755e-90	1.882755e-90	1.882755e-90	0.000000e+00	1.882755e-90	1.882755e-90	1.882755e-90	1.882755e-90	3.873789e-45	4.973735e-03	1.313652e-50	0.000000e+00	0.000000e+00	0.000000e+00	1.882755e-90	8.729315e-90	0.000000e+00	2.500463e-51	0.000000e+00	0.000000e+00	0.000000e+00	0.000000e+00	0.000000e+00	0.000000e+00	0.000000e+00	4.545271e-59	1.882755e-90	1.882755e-90	1.286193e-75	7.605767e-47	4.580130e-70	3.465154e-58	1.882755e-90	2.273530e-04	1.837276e-42	0.000000e+00	0.000000e+00	3.388451e-49	1.882755e-90	0.000000e+00	7.174132e-39	8.419169e-01	1.882755e-90	1.265647e-17	0.000000e+00	1.882755e-90	1.882755e-90	1.882755e-90	3.700371e-56	7.957171e-88	0.000000e+00	0.000000e+00	1.882755e-90	0.000000e+00	0.000000e+00	0.000000e+00	0.000000e+00	0.000000e+00	0.000000e+00	0.000000e+00	1.302972e-63	5.636873e-86	0.000000e+00	0.000000e+00	0.000000e+00	0.000000e+00	0.000000e+00	0.000000e+00	0.000000e+00	0.000000e+00	0.000000e+00	0.000000e+00	0.000000e+00	0.000000e+00	0.000000e+00	0.000000e+00	0.000000e+00	0.000000e+00	0.000000e+00	0.000000e+00	0.000000e+00	0.000000e+00	0.000000e+00	0.000000e+00	0.000000e+00	0.000000e+00	0.000000e+00	0.000000e+00	0.000000e+00	0.000000e+00	0.000000e+00	0.000000e+00	0.000000e+00	0.000000e+00	0.000000e+00	0.000000e+00	0.000000e+00	0.000000e+00	0.000000e+00	0.000000e+00	0.000000e+00	0.000000e+00	0.000000e+00	0.000000e+00	
1200.705631	1195.455295	1205.955967	199.547704	2.038829e+03	1.882611e-90	0.000000e+00	1.901953e-54	1.812202e-72	0.000000e+00	0.000000e+00	8.446409e-03	1.882611e-90	1.165908e-03	1.941211e-61	1.882611e-90	1.882611e-90	1.882611e-90	1.882611e-90	0.000000e+00	1.882611e-90	1.882611e-90	1.882611e-90	1.882611e-90	2.538056e-45	4.973831e-03	7.247071e-51	0.000000e+00	0.000000e+00	0.000000e+00	1.882611e-90	2.873536e-90	0.000000e+00	1.365053e-51	0.000000e+00	0.000000e+00	0.000000e+00	0.000000e+00	0.000000e+00	0.000000e+00	0.000000e+00	2.441373e-59	1.882611e-90	1.882611e-90	4.765243e-76	4.715998e-47	1.924481e-70	1.888592e-58	1.882611e-90	2.273374e-04	1.067588e-42	0.000000e+00	0.000000e+00	2.306107e-49	1.882611e-90	0.000000e+00	5.594328e-39	8.419286e-01	1.882611e-90	1.321581e-17	0.000000e+00	1.882611e-90	1.882611e-90	1.882611e-90	1.681809e-56	2.550709e-88	0.000000e+00	0.000000e+00	1.882611e-90	0.000000e+00	0.000000e+00	0.000000e+00	0.000000e+00	0.000000e+00	0.000000e+00	0.000000e+00	6.952822e-64	2.203079e-86	0.000000e+00	0.000000e+00	0.000000e+00	0.000000e+00	0.000000e+00	0.000000e+00	0.000000e+00	0.000000e+00	0.000000e+00	0.000000e+00	0.000000e+00	0.000000e+00	0.000000e+00	0.000000e+00	0.000000e+00	0.000000e+00	0.000000e+00	0.000000e+00	0.000000e+00	0.000000e+00	0.000000e+00	0.000000e+00	0.000000e+00	0.000000e+00	0.000000e+00	0.000000e+00	0.000000e+00	0.000000e+00	0.000000e+00	0.000000e+00	0.000000e+00	0.000000e+00	0.000000e+00	0.000000e+00	0.000000e+00	0.000000e+00	0.000000e+00	0.000000e+00	0.000000e+00	0.000000e+00	0.000000e+00	0.000000e+00	
1211.172262	1205.955967	1216.388557	198.253208	1.673166e+03	1.882772e-90	0.000000e+00	9.001366e-55	6.677443e-73	0.000000e+00	0.000000e+00	8.447579e-03	1.882772e-90	1.166052e-03	8.441025e-62	1.882772e-90	1.882772e-90	1.882772e-90	1.882772e-90	0.000000e+00	1.882772e-90	1.882772e-90	1.882772e-90	1.882772e-90	1.693891e-45	4.974148e-03	4.069159e-51	0.000000e+00	0.000000e+00	0.000000e+00	1.882772e-90	1.882772e-90	0.000000e+00	7.585461e-52	0.000000e+00	0.000000e+00	0.000000e+00	0.000000e+00	0.000000e+00	0.000000e+00	0.000000e+00	1.341418e-59	1.882772e-90	1.882772e-90	1.811302e-76	2.968456e-47	8.277418e-71	1.048566e-58	1.882772e-90	2.273537e-04	6.290046e-43	0.000000e+00	0.000000e+00	1.598184e-49	1.882772e-90	0.000000e+00	4.429755e-39	8.419147e-01	1.882772e-90	1.392093e-17	0.000000e+00	1.882772e-90	1.882772e-90	1.882772e-90	7.790617e-57	8.436979e-89	0.000000e+00	0.000000e+00	1.882772e-90	0.000000e+00	0.000000e+00	0.000000e+00	0.000000e+00	0.000000e+00	0.000000e+00	0.000000e+00	3.797951e-64	8.808313e-87	0.000000e+00	0.000000e+00	0.000000e+00	0.000000e+00	0.000000e+00	0.000000e+00	0.000000e+00	0.000000e+00	0.000000e+00	0.000000e+00	0.000000e+00	0.000000e+00	0.000000e+00	0.000000e+00	0.000000e+00	0.000000e+00	0.000000e+00	0.000000e+00	0.000000e+00	0.000000e+00	0.000000e+00	0.000000e+00	0.000000e+00	0.000000e+00	0.000000e+00	0.000000e+00	0.000000e+00	0.000000e+00	0.000000e+00	0.000000e+00	0.000000e+00	0.000000e+00	0.000000e+00	0.000000e+00	0.000000e+00	0.000000e+00	0.000000e+00	0.000000e+00	0.000000e+00	0.000000e+00	0.000000e+00	0.000000e+00	
1221.575653	1216.388557	1226.762749	197.143492	1.373084e+03	1.882682e-90	0.000000e+00	4.766059e-55	2.844642e-73	0.000000e+00	0.000000e+00	8.446515e-03	1.882682e-90	1.165969e-03	4.151547e-62	1.882682e-90	1.882682e-90	1.882682e-90	1.882682e-90	0.000000e+00	1.882682e-90	1.882682e-90	1.882682e-90	1.882682e-90	1.256838e-45	4.973501e-03	2.531360e-51	0.000000e+00	0.000000e+00	0.000000e+00	1.882682e-90	1.882682e-90	0.000000e+00	4.677013e-52	0.000000e+00	0.000000e+00	0.000000e+00	0.000000e+00	0.000000e+00	0.000000e+00	0.000000e+00	8.408974e-60	1.882682e-90	1.882682e-90	8.033128e-77	2.039266e-47	4.085935e-71	6.459740e-59	1.882682e-90	2.273431e-04	4.027008e-43	0.000000e+00	0.000000e+00	1.225355e-49	1.882682e-90	0.000000e+00	3.812179e-39	8.419234e-01	1.882682e-90	1.534904e-17	0.000000e+00	1.882682e-90	1.882682e-90	1.882682e-90	4.048156e-57	3.360137e-89	0.000000e+00	0.000000e+00	1.882682e-90	0.000000e+00	0.000000e+00	0.000000e+00	0.000000e+00	0.000000e+00	0.000000e+00	0.000000e+00	2.368703e-64	3.976545e-87	0.000000e+00	0.000000e+00	0.000000e+00	0.000000e+00	0.000000e+00	0.000000e+00	0.000000e+00	0.000000e+00	0.000000e+00	0.000000e+00	0.000000e+00	0.000000e+00	0.000000e+00	0.000000e+00	0.000000e+00	0.000000e+00	0.000000e+00	0.000000e+00	0.000000e+00	0.000000e+00	0.000000e+00	0.000000e+00	0.000000e+00	0.000000e+00	0.000000e+00	0.000000e+00	0.000000e+00	0.000000e+00	0.000000e+00	0.000000e+00	0.000000e+00	0.000000e+00	0.000000e+00	0.000000e+00	0.000000e+00	0.000000e+00	0.000000e+00	0.000000e+00	0.000000e+00	0.000000e+00	0.000000e+00	0.000000e+00	
1231.928524	1226.762749	1237.094298	196.332205	1.126821e+03	1.882775e-90	0.000000e+00	3.058994e-55	1.555293e-73	0.000000e+00	0.000000e+00	8.447012e-03	1.882775e-90	1.166039e-03	2.523592e-62	1.882775e-90	1.882775e-90	1.882775e-90	1.882775e-90	0.000000e+00	1.882775e-90	1.882775e-90	1.882775e-90	1.882775e-90	1.119212e-45	4.974234e-03	1.879091e-51	0.000000e+00	0.000000e+00	0.000000e+00	1.882775e-90	1.882775e-90	0.000000e+00	3.449569e-52	0.000000e+00	0.000000e+00	0.000000e+00	0.000000e+00	0.000000e+00	0.000000e+00	0.000000e+00	6.611978e-60	1.882775e-90	1.882775e-90	4.642977e-77	1.628352e-47	2.556429e-71	4.761500e-59	1.882775e-90	2.273533e-04	2.973854e-43	0.000000e+00	0.000000e+00	1.118175e-49	1.882775e-90	0.000000e+00	3.788576e-39	8.419150e-01	1.882775e-90	1.830791e-17	0.000000e+00	1.882775e-90	1.882775e-90	1.882775e-90	2.563104e-57	1.841828e-89	0.000000e+00	0.000000e+00	1.882775e-90	0.000000e+00	0.000000e+00	0.000000e+00	0.000000e+00	0.000000e+00	0.000000e+00	0.000000e+00	1.856088e-64	2.214206e-87	0.000000e+00	0.000000e+00	0.000000e+00	0.000000e+00	0.000000e+00	0.000000e+00	0.000000e+00	0.000000e+00	0.000000e+00	0.000000e+00	0.000000e+00	0.000000e+00	0.000000e+00	0.000000e+00	0.000000e+00	0.000000e+00	0.000000e+00	0.000000e+00	0.000000e+00	0.000000e+00	0.000000e+00	0.000000e+00	0.000000e+00	0.000000e+00	0.000000e+00	0.000000e+00	0.000000e+00	0.000000e+00	0.000000e+00	0.000000e+00	0.000000e+00	0.000000e+00	0.000000e+00	0.000000e+00	0.000000e+00	0.000000e+00	0.000000e+00	0.000000e+00	0.000000e+00	0.000000e+00	0.000000e+00	0.000000e+00	
1242.241970	1237.094298	1247.389642	195.646120	9.247263e+02	1.882687e-90	0.000000e+00	2.127436e-55	9.433949e-74	0.000000e+00	0.000000e+00	8.446403e-03	1.882687e-90	1.166008e-03	1.675425e-62	1.882687e-90	1.882687e-90	1.882687e-90	1.882687e-90	0.000000e+00	1.882687e-90	1.882687e-90	1.882687e-90	1.882687e-90	1.074726e-45	4.973384e-03	1.500568e-51	0.000000e+00	0.000000e+00	0.000000e+00	1.882687e-90	1.882687e-90	0.000000e+00	2.739194e-52	0.000000e+00	0.000000e+00	0.000000e+00	0.000000e+00	0.000000e+00	0.000000e+00	0.000000e+00	5.710802e-60	1.882687e-90	1.882687e-90	2.996588e-77	1.384119e-47	1.765067e-71	3.780280e-59	1.882687e-90	2.273513e-04	2.330624e-43	0.000000e+00	0.000000e+00	1.096358e-49	1.882687e-90	0.000000e+00	3.994462e-39	8.419233e-01	1.882687e-90	2.255812e-17	0.000000e+00	1.882687e-90	1.882687e-90	1.882687e-90	1.761464e-57	1.152651e-89	0.000000e+00	0.000000e+00	1.882687e-90	0.000000e+00	0.000000e+00	0.000000e+00	0.000000e+00	0.000000e+00	0.000000e+00	0.000000e+00	1.598331e-64	1.344317e-87	0.000000e+00	0.000000e+00	0.000000e+00	0.000000e+00	0.000000e+00	0.000000e+00	0.000000e+00	0.000000e+00	0.000000e+00	0.000000e+00	0.000000e+00	0.000000e+00	0.000000e+00	0.000000e+00	0.000000e+00	0.000000e+00	0.000000e+00	0.000000e+00	0.000000e+00	0.000000e+00	0.000000e+00	0.000000e+00	0.000000e+00	0.000000e+00	0.000000e+00	0.000000e+00	0.000000e+00	0.000000e+00	0.000000e+00	0.000000e+00	0.000000e+00	0.000000e+00	0.000000e+00	0.000000e+00	0.000000e+00	0.000000e+00	0.000000e+00	0.000000e+00	0.000000e+00	0.000000e+00	0.000000e+00	0.000000e+00	
1252.513536	1247.389642	1257.637430	194.743639	7.588768e+02	1.882650e-90	0.000000e+00	1.272734e-55	4.708474e-74	0.000000e+00	0.000000e+00	8.446837e-03	1.882650e-90	1.166016e-03	9.424585e-63	1.882650e-90	1.882650e-90	1.882650e-90	1.882650e-90	0.000000e+00	1.882650e-90	1.882650e-90	1.882650e-90	1.882650e-90	8.959938e-46	4.973734e-03	1.044762e-51	0.000000e+00	0.000000e+00	0.000000e+00	1.882650e-90	1.882650e-90	0.000000e+00	1.893278e-52	0.000000e+00	0.000000e+00	0.000000e+00	0.000000e+00	0.000000e+00	0.000000e+00	0.000000e+00	4.136677e-60	1.882650e-90	1.882650e-90	1.572200e-77	1.046355e-47	1.012949e-71	2.611726e-59	1.882650e-90	2.273497e-04	1.633585e-43	0.000000e+00	0.000000e+00	9.397972e-50	1.882650e-90	0.000000e+00	3.770710e-39	8.419254e-01	1.882650e-90	2.616707e-17	0.000000e+00	1.882650e-90	1.882650e-90	1.882650e-90	1.037615e-57	5.624876e-90	0.000000e+00	0.000000e+00	1.882650e-90	0.000000e+00	0.000000e+00	0.000000e+00	0.000000e+00	0.000000e+00	0.000000e+00	0.000000e+00	1.153530e-64	6.945797e-88	0.000000e+00	0.000000e+00	0.000000e+00	0.000000e+00	0.000000e+00	0.000000e+00	0.000000e+00	0.000000e+00	0.000000e+00	0.000000e+00	0.000000e+00	0.000000e+00	0.000000e+00	0.000000e+00	0.000000e+00	0.000000e+00	0.000000e+00	0.000000e+00	0.000000e+00	0.000000e+00	0.000000e+00	0.000000e+00	0.000000e+00	0.000000e+00	0.000000e+00	0.000000e+00	0.000000e+00	0.000000e+00	0.000000e+00	0.000000e+00	0.000000e+00	0.000000e+00	0.000000e+00	0.000000e+00	0.000000e+00	0.000000e+00	0.000000e+00	0.000000e+00	0.000000e+00	0.000000e+00	0.000000e+00	0.000000e+00	
1262.725812	1257.637430	1267.814195	193.392629	6.227724e+02	1.882753e-90	0.000000e+00	5.557186e-56	1.562505e-74	0.000000e+00	0.000000e+00	8.447203e-03	1.882753e-90	1.165939e-03	3.748144e-63	1.882753e-90	1.882753e-90	1.882753e-90	1.882753e-90	0.000000e+00	1.882753e-90	1.882753e-90	1.882753e-90	1.882753e-90	5.555572e-46	4.974391e-03	5.457444e-52	0.000000e+00	0.000000e+00	0.000000e+00	1.882753e-90	1.882753e-90	0.000000e+00	9.782291e-53	0.000000e+00	0.000000e+00	0.000000e+00	0.000000e+00	0.000000e+00	0.000000e+00	0.000000e+00	2.073206e-60	1.882753e-90	1.882753e-90	5.349490e-78	6.191477e-48	3.948396e-72	1.348785e-59	1.882753e-90	2.273654e-04	9.066741e-44	0.000000e+00	0.000000e+00	6.080071e-50	1.882753e-90	0.000000e+00	2.822709e-39	8.419165e-01	1.882753e-90	2.675308e-17	0.000000e+00	1.882753e-90	1.882753e-90	1.882753e-90	4.425929e-58	1.882753e-90	0.000000e+00	0.000000e+00	1.882753e-90	0.000000e+00	0.000000e+00	0.000000e+00	0.000000e+00	0.000000e+00	0.000000e+00	0.000000e+00	5.750819e-65	2.559469e-88	0.000000e+00	0.000000e+00	0.000000e+00	0.000000e+00	0.000000e+00	0.000000e+00	0.000000e+00	0.000000e+00	0.000000e+00	0.000000e+00	0.000000e+00	0.000000e+00	0.000000e+00	0.000000e+00	0.000000e+00	0.000000e+00	0.000000e+00	0.000000e+00	0.000000e+00	0.000000e+00	0.000000e+00	0.000000e+00	0.000000e+00	0.000000e+00	0.000000e+00	0.000000e+00	0.000000e+00	0.000000e+00	0.000000e+00	0.000000e+00	0.000000e+00	0.000000e+00	0.000000e+00	0.000000e+00	0.000000e+00	0.000000e+00	0.000000e+00	0.000000e+00	0.000000e+00	0.000000e+00	0.000000e+00	0.000000e+00	
1272.854676	1267.814195	1277.895157	191.571032	5.110783e+02	1.882571e-90	0.000000e+00	1.721377e-56	3.322130e-75	0.000000e+00	0.000000e+00	8.446072e-03	1.882571e-90	1.165904e-03	1.021373e-63	1.882571e-90	1.882571e-90	1.882571e-90	1.882571e-90	0.000000e+00	1.882571e-90	1.882571e-90	1.882571e-90	1.882571e-90	2.494596e-46	4.973471e-03	2.083681e-52	0.000000e+00	0.000000e+00	0.000000e+00	1.882571e-90	1.882571e-90	0.000000e+00	3.679260e-53	0.000000e+00	0.000000e+00	0.000000e+00	0.000000e+00	0.000000e+00	0.000000e+00	0.000000e+00	6.956975e-61	1.882571e-90	1.882571e-90	1.134789e-78	2.803651e-48	1.009118e-72	5.071681e-60	1.882571e-90	2.273226e-04	3.900310e-44	0.000000e+00	0.000000e+00	2.894502e-50	1.882571e-90	0.000000e+00	1.641365e-39	8.419324e-01	1.882571e-90	2.386027e-17	0.000000e+00	1.882571e-90	1.882571e-90	1.882571e-90	1.327269e-58	1.882571e-90	0.000000e+00	0.000000e+00	1.882571e-90	0.000000e+00	0.000000e+00	0.000000e+00	0.000000e+00	0.000000e+00	0.000000e+00	0.000000e+00	1.916571e-65	6.528312e-89	0.000000e+00	0.000000e+00	0.000000e+00	0.000000e+00	0.000000e+00	0.000000e+00	0.000000e+00	0.000000e+00	0.000000e+00	0.000000e+00	0.000000e+00	0.000000e+00	0.000000e+00	0.000000e+00	0.000000e+00	0.000000e+00	0.000000e+00	0.000000e+00	0.000000e+00	0.000000e+00	0.000000e+00	0.000000e+00	0.000000e+00	0.000000e+00	0.000000e+00	0.000000e+00	0.000000e+00	0.000000e+00	0.000000e+00	0.000000e+00	0.000000e+00	0.000000e+00	0.000000e+00	0.000000e+00	0.000000e+00	0.000000e+00	0.000000e+00	0.000000e+00	0.000000e+00	0.000000e+00	0.000000e+00	0.000000e+00	
1282.876522	1277.895157	1287.857887	189.324461	4.194165e+02	1.882644e-90	0.000000e+00	3.835588e-57	4.609390e-76	0.000000e+00	0.000000e+00	8.446694e-03	1.882644e-90	1.166014e-03	1.936375e-64	1.882644e-90	1.882644e-90	1.882644e-90	1.882644e-90	0.000000e+00	1.882644e-90	1.882644e-90	1.882644e-90	1.882644e-90	8.238236e-47	4.974468e-03	5.900262e-53	0.000000e+00	0.000000e+00	0.000000e+00	1.882644e-90	1.882644e-90	0.000000e+00	1.022732e-53	0.000000e+00	0.000000e+00	0.000000e+00	0.000000e+00	0.000000e+00	0.000000e+00	0.000000e+00	1.592200e-61	1.882644e-90	1.882644e-90	1.530722e-79	9.837283e-49	1.722518e-73	1.410160e-60	1.882644e-90	2.273390e-04	1.314640e-44	0.000000e+00	0.000000e+00	1.030255e-50	1.882644e-90	0.000000e+00	7.515453e-40	8.419251e-01	1.882644e-90	1.870027e-17	0.000000e+00	1.882644e-90	1.882644e-90	1.882644e-90	2.840702e-59	1.882644e-90	0.000000e+00	0.000000e+00	1.882644e-90	0.000000e+00	0.000000e+00	0.000000e+00	0.000000e+00	0.000000e+00	0.000000e+00	0.000000e+00	4.353942e-66	1.175679e-89	0.000000e+00	0.000000e+00	0.000000e+00	0.000000e+00	0.000000e+00	0.000000e+00	0.000000e+00	0.000000e+00	0.000000e+00	0.000000e+00	0.000000e+00	0.000000e+00	0.000000e+00	0.000000e+00	0.000000e+00	0.000000e+00	0.000000e+00	0.000000e+00	0.000000e+00	0.000000e+00	0.000000e+00	0.000000e+00	0.000000e+00	0.000000e+00	0.000000e+00	0.000000e+00	0.000000e+00	0.000000e+00	0.000000e+00	0.000000e+00	0.000000e+00	0.000000e+00	0.000000e+00	0.000000e+00	0.000000e+00	0.000000e+00	0.000000e+00	0.000000e+00	0.000000e+00	0.000000e+00	0.000000e+00	0.000000e+00	
1292.770029	1287.857887	1297.682171	186.694266	3.441943e+02	1.882679e-90	0.000000e+00	6.199248e-58	4.216894e-77	0.000000e+00	0.000000e+00	8.446369e-03	1.882679e-90	1.165908e-03	2.576127e-65	1.882679e-90	1.882679e-90	1.882679e-90	1.882679e-90	0.000000e+00	1.882679e-90	1.882679e-90	1.882679e-90	1.882679e-90	2.016919e-47	4.973676e-03	1.248122e-53	0.000000e+00	0.000000e+00	0.000000e+00	1.882679e-90	1.882679e-90	0.000000e+00	2.115982e-54	0.000000e+00	0.000000e+00	0.000000e+00	0.000000e+00	0.000000e+00	0.000000e+00	0.000000e+00	2.510234e-62	1.882679e-90	1.882679e-90	1.327678e-80	2.691547e-49	1.983320e-74	2.922572e-61	1.882679e-90	2.273450e-04	3.492307e-45	0.000000e+00	0.000000e+00	2.763395e-51	1.882679e-90	0.000000e+00	2.727557e-40	8.419237e-01	1.882679e-90	1.293456e-17	0.000000e+00	1.882679e-90	1.882679e-90	1.882679e-90	4.373086e-60	1.882679e-90	0.000000e+00	0.000000e+00	1.882679e-90	0.000000e+00	0.000000e+00	0.000000e+00	0.000000e+00	0.000000e+00	0.000000e+00	0.000000e+00	6.812248e-67	1.882679e-90	0.000000e+00	0.000000e+00	0.000000e+00	0.000000e+00	0.000000e+00	0.000000e+00	0.000000e+00	0.000000e+00	0.000000e+00	0.000000e+00	0.000000e+00	0.000000e+00	0.000000e+00	0.000000e+00	0.000000e+00	0.000000e+00	0.000000e+00	0.000000e+00	0.000000e+00	0.000000e+00	0.000000e+00	0.000000e+00	0.000000e+00	0.000000e+00	0.000000e+00	0.000000e+00	0.000000e+00	0.000000e+00	0.000000e+00	0.000000e+00	0.000000e+00	0.000000e+00	0.000000e+00	0.000000e+00	0.000000e+00	0.000000e+00	0.000000e+00	0.000000e+00	0.000000e+00	0.000000e+00	0.000000e+00	0.000000e+00	
1302.518100	1297.682171	1307.354030	183.795999	2.824631e+02	1.882717e-90	0.000000e+00	7.740549e-59	2.760234e-78	0.000000e+00	0.000000e+00	8.445835e-03	1.882717e-90	1.165950e-03	2.578105e-66	1.882717e-90	1.882717e-90	1.882717e-90	1.882717e-90	0.000000e+00	1.882717e-90	1.882717e-90	1.882717e-90	1.882717e-90	3.891536e-48	4.973502e-03	2.092009e-54	0.000000e+00	0.000000e+00	0.000000e+00	1.882717e-90	1.882717e-90	0.000000e+00	3.460495e-55	0.000000e+00	0.000000e+00	0.000000e+00	0.000000e+00	0.000000e+00	0.000000e+00	0.000000e+00	2.941371e-63	1.882717e-90	1.882717e-90	8.076110e-82	6.035206e-50	1.665312e-75	4.793176e-62	1.882717e-90	2.273501e-04	7.661909e-46	0.000000e+00	0.000000e+00	5.924424e-52	1.882717e-90	0.000000e+00	8.240621e-41	8.419214e-01	1.882717e-90	8.115922e-18	0.000000e+00	1.882717e-90	1.882717e-90	1.882717e-90	5.168227e-61	1.882717e-90	0.000000e+00	0.000000e+00	1.882717e-90	0.000000e+00	0.000000e+00	0.000000e+00	0.000000e+00	0.000000e+00	0.000000e+00	0.000000e+00	7.928283e-68	1.882717e-90	0.000000e+00	0.000000e+00	0.000000e+00	0.000000e+00	0.000000e+00	0.000000e+00	0.000000e+00	0.000000e+00	0.000000e+00	0.000000e+00	0.000000e+00	0.000000e+00	0.000000e+00	0.000000e+00	0.000000e+00	0.000000e+00	0.000000e+00	0.000000e+00	0.000000e+00	0.000000e+00	0.000000e+00	0.000000e+00	0.000000e+00	0.000000e+00	0.000000e+00	0.000000e+00	0.000000e+00	0.000000e+00	0.000000e+00	0.000000e+00	0.000000e+00	0.000000e+00	0.000000e+00	0.000000e+00	0.000000e+00	0.000000e+00	0.000000e+00	0.000000e+00	0.000000e+00	0.000000e+00	0.000000e+00	0.000000e+00	
1312.111960	1307.354030	1316.869890	180.832551	2.318034e+02	1.882631e-90	0.000000e+00	8.575881e-60	1.546951e-79	0.000000e+00	0.000000e+00	8.445889e-03	1.882631e-90	1.165900e-03	2.259833e-67	1.882631e-90	1.882631e-90	1.882631e-90	1.882631e-90	0.000000e+00	1.882631e-90	1.882631e-90	1.882631e-90	1.882631e-90	6.744156e-49	4.973702e-03	3.153753e-55	0.000000e+00	0.000000e+00	0.000000e+00	1.882631e-90	1.882631e-90	0.000000e+00	5.085611e-56	0.000000e+00	0.000000e+00	0.000000e+00	0.000000e+00	0.000000e+00	0.000000e+00	0.000000e+00	3.012831e-64	1.882631e-90	1.882631e-90	4.168103e-83	1.235392e-50	1.209056e-76	7.074668e-63	1.882631e-90	2.273418e-04	1.538331e-46	0.000000e+00	0.000000e+00	1.149827e-52	1.882631e-90	0.000000e+00	2.297184e-41	8.419276e-01	1.882631e-90	4.884166e-18	0.000000e+00	1.882631e-90	1.882631e-90	1.882631e-90	5.404275e-62	1.882631e-90	0.000000e+00	0.000000e+00	1.882631e-90	0.000000e+00	0.000000e+00	0.000000e+00	0.000000e+00	0.000000e+00	0.000000e+00	0.000000e+00	8.080954e-69	1.882631e-90	0.000000e+00	0.000000e+00	0.000000e+00	0.000000e+00	0.000000e+00	0.000000e+00	0.000000e+00	0.000000e+00	0.000000e+00	0.000000e+00	0.000000e+00	0.000000e+00	0.000000e+00	0.000000e+00	0.000000e+00	0.000000e+00	0.000000e+00	0.000000e+00	0.000000e+00	0.000000e+00	0.000000e+00	0.000000e+00	0.000000e+00	0.000000e+00	0.000000e+00	0.000000e+00	0.000000e+00	0.000000e+00	0.000000e+00	0.000000e+00	0.000000e+00	0.000000e+00	0.000000e+00	0.000000e+00	0.000000e+00	0.000000e+00	0.000000e+00	0.000000e+00	0.000000e+00	0.000000e+00	0.000000e+00	0.000000e+00	
1321.556276	1316.869890	1326.242661	178.111410	1.902295e+02	1.882653e-90	0.000000e+00	1.073603e-60	1.015546e-80	0.000000e+00	0.000000e+00	8.446490e-03	1.882653e-90	1.165898e-03	2.264824e-68	1.882653e-90	1.882653e-90	1.882653e-90	1.882653e-90	0.000000e+00	1.882653e-90	1.882653e-90	1.882653e-90	1.882653e-90	1.315564e-49	4.973159e-03	5.325948e-56	0.000000e+00	0.000000e+00	0.000000e+00	1.882653e-90	1.882653e-90	0.000000e+00	8.385781e-57	0.000000e+00	0.000000e+00	0.000000e+00	0.000000e+00	0.000000e+00	0.000000e+00	0.000000e+00	3.573234e-65	1.882653e-90	1.882653e-90	2.545256e-84	2.785419e-51	1.021162e-77	1.173455e-63	1.882653e-90	2.273408e-04	3.381643e-47	0.000000e+00	0.000000e+00	2.501958e-53	1.882653e-90	0.000000e+00	7.043406e-42	8.419260e-01	1.882653e-90	3.100674e-18	0.000000e+00	1.882653e-90	1.882653e-90	1.882653e-90	6.404905e-63	1.882653e-90	0.000000e+00	0.000000e+00	1.882653e-90	0.000000e+00	0.000000e+00	0.000000e+00	0.000000e+00	0.000000e+00	0.000000e+00	0.000000e+00	9.559720e-70	1.882653e-90	0.000000e+00	0.000000e+00	0.000000e+00	0.000000e+00	0.000000e+00	0.000000e+00	0.000000e+00	0.000000e+00	0.000000e+00	0.000000e+00	0.000000e+00	0.000000e+00	0.000000e+00	0.000000e+00	0.000000e+00	0.000000e+00	0.000000e+00	0.000000e+00	0.000000e+00	0.000000e+00	0.000000e+00	0.000000e+00	0.000000e+00	0.000000e+00	0.000000e+00	0.000000e+00	0.000000e+00	0.000000e+00	0.000000e+00	0.000000e+00	0.000000e+00	0.000000e+00	0.000000e+00	0.000000e+00	0.000000e+00	0.000000e+00	0.000000e+00	0.000000e+00	0.000000e+00	0.000000e+00	0.000000e+00	0.000000e+00	
1330.876586	1326.242661	1335.510511	176.115455	1.561119e+02	1.882775e-90	0.000000e+00	2.302557e-61	1.339553e-81	0.000000e+00	0.000000e+00	8.446519e-03	1.882775e-90	1.166078e-03	4.107390e-69	1.882775e-90	1.882775e-90	1.882775e-90	1.882775e-90	0.000000e+00	1.882775e-90	1.882775e-90	1.882775e-90	1.882775e-90	4.252314e-50	4.974499e-03	1.469201e-56	0.000000e+00	0.000000e+00	0.000000e+00	1.882775e-90	1.882775e-90	0.000000e+00	2.273647e-57	0.000000e+00	0.000000e+00	0.000000e+00	0.000000e+00	0.000000e+00	0.000000e+00	0.000000e+00	7.945366e-66	1.882775e-90	1.882775e-90	3.259531e-85	9.545851e-52	1.670446e-78	3.196373e-64	1.882775e-90	2.273691e-04	1.108162e-47	0.000000e+00	0.000000e+00	8.793145e-54	1.882775e-90	0.000000e+00	3.204007e-42	8.419155e-01	1.882775e-90	2.437978e-18	0.000000e+00	1.882775e-90	1.882775e-90	1.882775e-90	1.318747e-63	1.882775e-90	0.000000e+00	0.000000e+00	1.882775e-90	0.000000e+00	0.000000e+00	0.000000e+00	0.000000e+00	0.000000e+00	0.000000e+00	0.000000e+00	2.124332e-70	1.882775e-90	0.000000e+00	0.000000e+00	0.000000e+00	0.000000e+00	0.000000e+00	0.000000e+00	0.000000e+00	0.000000e+00	0.000000e+00	0.000000e+00	0.000000e+00	0.000000e+00	0.000000e+00	0.000000e+00	0.000000e+00	0.000000e+00	0.000000e+00	0.000000e+00	0.000000e+00	0.000000e+00	0.000000e+00	0.000000e+00	0.000000e+00	0.000000e+00	0.000000e+00	0.000000e+00	0.000000e+00	0.000000e+00	0.000000e+00	0.000000e+00	0.000000e+00	0.000000e+00	0.000000e+00	0.000000e+00	0.000000e+00	0.000000e+00	0.000000e+00	0.000000e+00	0.000000e+00	0.000000e+00	0.000000e+00	0.000000e+00	
1340.122965	1335.510511	1344.735420	175.299480	1.281132e+02	1.882662e-90	0.000000e+00	1.287325e-61	6.120170e-82	0.000000e+00	0.000000e+00	8.446689e-03	1.882662e-90	1.165978e-03	2.141312e-69	1.882662e-90	1.882662e-90	1.882662e-90	1.882662e-90	0.000000e+00	1.882662e-90	1.882662e-90	1.882662e-90	1.882662e-90	3.353791e-50	4.973672e-03	9.662719e-57	0.000000e+00	0.000000e+00	0.000000e+00	1.882662e-90	1.882662e-90	0.000000e+00	1.484321e-57	0.000000e+00	0.000000e+00	0.000000e+00	0.000000e+00	0.000000e+00	0.000000e+00	0.000000e+00	5.364393e-66	1.882662e-90	1.882662e-90	1.558378e-85	6.868577e-52	8.842468e-79	2.092018e-64	1.882662e-90	2.273405e-04	7.386587e-48	0.000000e+00	0.000000e+00	7.181366e-54	1.882662e-90	0.000000e+00	2.913200e-42	8.419248e-01	1.882662e-90	2.781646e-18	0.000000e+00	1.882662e-90	1.882662e-90	1.882662e-90	7.247069e-64	1.882662e-90	0.000000e+00	0.000000e+00	1.882662e-90	0.000000e+00	0.000000e+00	0.000000e+00	0.000000e+00	0.000000e+00	0.000000e+00	0.000000e+00	1.434369e-70	1.882662e-90	0.000000e+00	0.000000e+00	0.000000e+00	0.000000e+00	0.000000e+00	0.000000e+00	0.000000e+00	0.000000e+00	0.000000e+00	0.000000e+00	0.000000e+00	0.000000e+00	0.000000e+00	0.000000e+00	0.000000e+00	0.000000e+00	0.000000e+00	0.000000e+00	0.000000e+00	0.000000e+00	0.000000e+00	0.000000e+00	0.000000e+00	0.000000e+00	0.000000e+00	0.000000e+00	0.000000e+00	0.000000e+00	0.000000e+00	0.000000e+00	0.000000e+00	0.000000e+00	0.000000e+00	0.000000e+00	0.000000e+00	0.000000e+00	0.000000e+00	0.000000e+00	0.000000e+00	0.000000e+00	0.000000e+00	0.000000e+00	
1349.352653	1344.735420	1353.969886	175.477131	1.051362e+02	1.882632e-90	0.000000e+00	1.648779e-61	8.192145e-82	0.000000e+00	0.000000e+00	8.446740e-03	1.882632e-90	1.165974e-03	2.784706e-69	1.882632e-90	1.882632e-90	1.882632e-90	1.882632e-90	0.000000e+00	1.882632e-90	1.882632e-90	1.882632e-90	1.882632e-90	5.718286e-50	4.974099e-03	1.347330e-56	0.000000e+00	0.000000e+00	0.000000e+00	1.882632e-90	1.882632e-90	0.000000e+00	2.073099e-57	0.000000e+00	0.000000e+00	0.000000e+00	0.000000e+00	0.000000e+00	0.000000e+00	0.000000e+00	9.462017e-66	1.882632e-90	1.882632e-90	2.329619e-85	9.390186e-52	1.292772e-78	2.919903e-64	1.882632e-90	2.273427e-04	9.103831e-48	0.000000e+00	0.000000e+00	1.215093e-53	1.882632e-90	0.000000e+00	4.815043e-42	8.419262e-01	1.882632e-90	4.374663e-18	0.000000e+00	1.882632e-90	1.882632e-90	1.882632e-90	9.317293e-64	1.882632e-90	0.000000e+00	0.000000e+00	1.882632e-90	0.000000e+00	0.000000e+00	0.000000e+00	0.000000e+00	0.000000e+00	0.000000e+00	0.000000e+00	2.529954e-70	1.882632e-90	0.000000e+00	0.000000e+00	0.000000e+00	0.000000e+00	0.000000e+00	0.000000e+00	0.000000e+00	0.000000e+00	0.000000e+00	0.000000e+00	0.000000e+00	0.000000e+00	0.000000e+00	0.000000e+00	0.000000e+00	0.000000e+00	0.000000e+00	0.000000e+00	0.000000e+00	0.000000e+00	0.000000e+00	0.000000e+00	0.000000e+00	0.000000e+00	0.000000e+00	0.000000e+00	0.000000e+00	0.000000e+00	0.000000e+00	0.000000e+00	0.000000e+00	0.000000e+00	0.000000e+00	0.000000e+00	0.000000e+00	0.000000e+00	0.000000e+00	0.000000e+00	0.000000e+00	0.000000e+00	0.000000e+00	0.000000e+00	
1358.598016	1353.969886	1363.226146	175.885892	8.628001e+01	1.882570e-90	0.000000e+00	2.559349e-61	1.406903e-81	0.000000e+00	0.000000e+00	8.446114e-03	1.882570e-90	1.165867e-03	4.476081e-69	1.882570e-90	1.882570e-90	1.882570e-90	1.882570e-90	0.000000e+00	1.882570e-90	1.882570e-90	1.882570e-90	1.882570e-90	1.165500e-49	4.973652e-03	2.235649e-56	0.000000e+00	0.000000e+00	0.000000e+00	1.882570e-90	1.882570e-90	0.000000e+00	3.452328e-57	0.000000e+00	0.000000e+00	0.000000e+00	0.000000e+00	0.000000e+00	0.000000e+00	0.000000e+00	2.084611e-65	1.882570e-90	1.882570e-90	4.536005e-85	1.489510e-51	2.391756e-78	4.856732e-64	1.882570e-90	2.273298e-04	1.293806e-47	0.000000e+00	0.000000e+00	2.433351e-53	1.882570e-90	0.000000e+00	9.138222e-42	8.419321e-01	1.882570e-90	7.410047e-18	0.000000e+00	1.882570e-90	1.882570e-90	1.882570e-90	1.458554e-63	1.882570e-90	0.000000e+00	0.000000e+00	1.882570e-90	0.000000e+00	0.000000e+00	0.000000e+00	0.000000e+00	0.000000e+00	0.000000e+00	0.000000e+00	5.573184e-70	1.882570e-90	0.000000e+00	0.000000e+00	0.000000e+00	0.000000e+00	0.000000e+00	0.000000e+00	0.000000e+00	0.000000e+00	0.000000e+00	0.000000e+00	0.000000e+00	0.000000e+00	0.000000e+00	0.000000e+00	0.000000e+00	0.000000e+00	0.000000e+00	0.000000e+00	0.000000e+00	0.000000e+00	0.000000e+00	0.000000e+00	0.000000e+00	0.000000e+00	0.000000e+00	0.000000e+00	0.000000e+00	0.000000e+00	0.000000e+00	0.000000e+00	0.000000e+00	0.000000e+00	0.000000e+00	0.000000e+00	0.000000e+00	0.000000e+00	0.000000e+00	0.000000e+00	0.000000e+00	0.000000e+00	0.000000e+00	0.000000e+00	
1367.854164	1363.226146	1372.482183	175.876803	7.080571e+01	1.882732e-90	0.000000e+00	2.803902e-61	1.538023e-81	0.000000e+00	0.000000e+00	8.446762e-03	1.882732e-90	1.165981e-03	4.900536e-69	1.882732e-90	1.882732e-90	1.882732e-90	1.882732e-90	0.000000e+00	1.882732e-90	1.882732e-90	1.882732e-90	1.882732e-90	1.718813e-49	4.974018e-03	2.706125e-56	0.000000e+00	0.000000e+00	0.000000e+00	1.882732e-90	1.882732e-90	0.000000e+00	4.178498e-57	0.000000e+00	0.000000e+00	0.000000e+00	0.000000e+00	0.000000e+00	0.000000e+00	0.000000e+00	3.069025e-65	1.882732e-90	1.882732e-90	5.470696e-85	1.804803e-51	2.888135e-78	5.879076e-64	1.882732e-90	2.273488e-04	1.420349e-47	0.000000e+00	0.000000e+00	3.590319e-53	1.882732e-90	0.000000e+00	1.349909e-41	8.419189e-01	1.882732e-90	1.097337e-17	0.000000e+00	1.882732e-90	1.882732e-90	1.882732e-90	1.597763e-63	1.882732e-90	0.000000e+00	0.000000e+00	1.882732e-90	0.000000e+00	0.000000e+00	0.000000e+00	0.000000e+00	0.000000e+00	0.000000e+00	0.000000e+00	8.205765e-70	1.882732e-90	0.000000e+00	0.000000e+00	0.000000e+00	0.000000e+00	0.000000e+00	0.000000e+00	0.000000e+00	0.000000e+00	0.000000e+00	0.000000e+00	0.000000e+00	0.000000e+00	0.000000e+00	0.000000e+00	0.000000e+00	0.000000e+00	0.000000e+00	0.000000e+00	0.000000e+00	0.000000e+00	0.000000e+00	0.000000e+00	0.000000e+00	0.000000e+00	0.000000e+00	0.000000e+00	0.000000e+00	0.000000e+00	0.000000e+00	0.000000e+00	0.000000e+00	0.000000e+00	0.000000e+00	0.000000e+00	0.000000e+00	0.000000e+00	0.000000e+00	0.000000e+00	0.000000e+00	0.000000e+00	0.000000e+00	0.000000e+00	
1377.098583	1372.482183	1381.714984	175.427476	5.810672e+01	1.882599e-90	0.000000e+00	2.127635e-61	1.044172e-81	0.000000e+00	0.000000e+00	8.446594e-03	1.882599e-90	1.165860e-03	3.577822e-69	1.882599e-90	1.882599e-90	1.882599e-90	1.882599e-90	0.000000e+00	1.882599e-90	1.882599e-90	1.882599e-90	1.882599e-90	1.800826e-49	4.973251e-03	2.347349e-56	0.000000e+00	0.000000e+00	0.000000e+00	1.882599e-90	1.882599e-90	0.000000e+00	3.609660e-57	0.000000e+00	0.000000e+00	0.000000e+00	0.000000e+00	0.000000e+00	0.000000e+00	0.000000e+00	2.951471e-65	1.882599e-90	1.882599e-90	3.981172e-85	1.645247e-51	2.222992e-78	5.086295e-64	1.882599e-90	2.273394e-04	1.187447e-47	0.000000e+00	0.000000e+00	3.834752e-53	1.882599e-90	0.000000e+00	1.529563e-41	8.419301e-01	1.882599e-90	1.409079e-17	0.000000e+00	1.882599e-90	1.882599e-90	1.882599e-90	1.200872e-63	1.882599e-90	0.000000e+00	0.000000e+00	1.882599e-90	0.000000e+00	0.000000e+00	0.000000e+00	0.000000e+00	0.000000e+00	0.000000e+00	0.000000e+00	7.891528e-70	1.882599e-90	0.000000e+00	0.000000e+00	0.000000e+00	0.000000e+00	0.000000e+00	0.000000e+00	0.000000e+00	0.000000e+00	0.000000e+00	0.000000e+00	0.000000e+00	0.000000e+00	0.000000e+00	0.000000e+00	0.000000e+00	0.000000e+00	0.000000e+00	0.000000e+00	0.000000e+00	0.000000e+00	0.000000e+00	0.000000e+00	0.000000e+00	0.000000e+00	0.000000e+00	0.000000e+00	0.000000e+00	0.000000e+00	0.000000e+00	0.000000e+00	0.000000e+00	0.000000e+00	0.000000e+00	0.000000e+00	0.000000e+00	0.000000e+00	0.000000e+00	0.000000e+00	0.000000e+00	0.000000e+00	0.000000e+00	0.000000e+00	
1386.317668	1381.714984	1390.920352	174.899718	4.768529e+01	1.882603e-90	0.000000e+00	1.508578e-61	6.491884e-82	0.000000e+00	0.000000e+00	8.446318e-03	1.882603e-90	1.165918e-03	2.424199e-69	1.882603e-90	1.882603e-90	1.882603e-90	1.882603e-90	0.000000e+00	1.882603e-90	1.882603e-90	1.882603e-90	1.882603e-90	1.772123e-49	4.973571e-03	1.915355e-56	0.000000e+00	0.000000e+00	0.000000e+00	1.882603e-90	1.882603e-90	0.000000e+00	2.931905e-57	0.000000e+00	0.000000e+00	0.000000e+00	0.000000e+00	0.000000e+00	0.000000e+00	0.000000e+00	2.625471e-65	1.882603e-90	1.882603e-90	2.639271e-85	1.423264e-51	1.574676e-78	4.136822e-64	1.882603e-90	2.273344e-04	9.440711e-48	0.000000e+00	0.000000e+00	3.860865e-53	1.882603e-90	0.000000e+00	1.651210e-41	8.419295e-01	1.882603e-90	1.763447e-17	0.000000e+00	1.882603e-90	1.882603e-90	1.882603e-90	8.421369e-64	1.882603e-90	0.000000e+00	0.000000e+00	1.882603e-90	0.000000e+00	0.000000e+00	0.000000e+00	0.000000e+00	0.000000e+00	0.000000e+00	0.000000e+00	7.020548e-70	1.882603e-90	0.000000e+00	0.000000e+00	0.000000e+00	0.000000e+00	0.000000e+00	0.000000e+00	0.000000e+00	0.000000e+00	0.000000e+00	0.000000e+00	0.000000e+00	0.000000e+00	0.000000e+00	0.000000e+00	0.000000e+00	0.000000e+00	0.000000e+00	0.000000e+00	0.000000e+00	0.000000e+00	0.000000e+00	0.000000e+00	0.000000e+00	0.000000e+00	0.000000e+00	0.000000e+00	0.000000e+00	0.000000e+00	0.000000e+00	0.000000e+00	0.000000e+00	0.000000e+00	0.000000e+00	0.000000e+00	0.000000e+00	0.000000e+00	0.000000e+00	0.000000e+00	0.000000e+00	0.000000e+00	0.000000e+00	0.000000e+00	
1395.513669	1390.920352	1400.106986	174.532904	3.913295e+01	1.882617e-90	0.000000e+00	1.222364e-61	4.798967e-82	0.000000e+00	0.000000e+00	8.446376e-03	1.882617e-90	1.165918e-03	1.902846e-69	1.882617e-90	1.882617e-90	1.882617e-90	1.882617e-90	0.000000e+00	1.882617e-90	1.882617e-90	1.882617e-90	1.882617e-90	1.974252e-49	4.973304e-03	1.763727e-56	0.000000e+00	0.000000e+00	0.000000e+00	1.882617e-90	1.882617e-90	0.000000e+00	2.690868e-57	0.000000e+00	0.000000e+00	0.000000e+00	0.000000e+00	0.000000e+00	0.000000e+00	0.000000e+00	2.725587e-65	1.882617e-90	1.882617e-90	2.102209e-85	1.365338e-51	1.313745e-78	3.801466e-64	1.882617e-90	2.273362e-04	8.286636e-48	0.000000e+00	0.000000e+00	4.370770e-53	1.882617e-90	0.000000e+00	1.962617e-41	8.419288e-01	1.882617e-90	2.323876e-17	0.000000e+00	1.882617e-90	1.882617e-90	1.882617e-90	6.770670e-64	1.882617e-90	0.000000e+00	0.000000e+00	1.882617e-90	0.000000e+00	0.000000e+00	0.000000e+00	0.000000e+00	0.000000e+00	0.000000e+00	0.000000e+00	7.289318e-70	1.882617e-90	0.000000e+00	0.000000e+00	0.000000e+00	0.000000e+00	0.000000e+00	0.000000e+00	0.000000e+00	0.000000e+00	0.000000e+00	0.000000e+00	0.000000e+00	0.000000e+00	0.000000e+00	0.000000e+00	0.000000e+00	0.000000e+00	0.000000e+00	0.000000e+00	0.000000e+00	0.000000e+00	0.000000e+00	0.000000e+00	0.000000e+00	0.000000e+00	0.000000e+00	0.000000e+00	0.000000e+00	0.000000e+00	0.000000e+00	0.000000e+00	0.000000e+00	0.000000e+00	0.000000e+00	0.000000e+00	0.000000e+00	0.000000e+00	0.000000e+00	0.000000e+00	0.000000e+00	0.000000e+00	0.000000e+00	0.000000e+00	
1404.699883	1400.106986	1409.292780	174.505910	3.211446e+01	1.882701e-90	0.000000e+00	1.318912e-61	5.143420e-82	0.000000e+00	0.000000e+00	8.446861e-03	1.882701e-90	1.166001e-03	2.048498e-69	1.882701e-90	1.882701e-90	1.882701e-90	1.882701e-90	0.000000e+00	1.882701e-90	1.882701e-90	1.882701e-90	1.882701e-90	2.870543e-49	4.973746e-03	2.105597e-56	0.000000e+00	0.000000e+00	0.000000e+00	1.882701e-90	1.882701e-90	0.000000e+00	3.211780e-57	0.000000e+00	0.000000e+00	0.000000e+00	0.000000e+00	0.000000e+00	0.000000e+00	0.000000e+00	3.942454e-65	1.882701e-90	1.882701e-90	2.482741e-85	1.634873e-51	1.556970e-78	4.537796e-64	1.882701e-90	2.273506e-04	8.994705e-48	0.000000e+00	0.000000e+00	6.363045e-53	1.882701e-90	0.000000e+00	2.867482e-41	8.419211e-01	1.882701e-90	3.420983e-17	0.000000e+00	1.882701e-90	1.882701e-90	1.882701e-90	7.301995e-64	1.882701e-90	0.000000e+00	0.000000e+00	1.882701e-90	0.000000e+00	0.000000e+00	0.000000e+00	0.000000e+00	0.000000e+00	0.000000e+00	0.000000e+00	1.054454e-69	1.882701e-90	0.000000e+00	0.000000e+00	0.000000e+00	0.000000e+00	0.000000e+00	0.000000e+00	0.000000e+00	0.000000e+00	0.000000e+00	0.000000e+00	0.000000e+00	0.000000e+00	0.000000e+00	0.000000e+00	0.000000e+00	0.000000e+00	0.000000e+00	0.000000e+00	0.000000e+00	0.000000e+00	0.000000e+00	0.000000e+00	0.000000e+00	0.000000e+00	0.000000e+00	0.000000e+00	0.000000e+00	0.000000e+00	0.000000e+00	0.000000e+00	0.000000e+00	0.000000e+00	0.000000e+00	0.000000e+00	0.000000e+00	0.000000e+00	0.000000e+00	0.000000e+00	0.000000e+00	0.000000e+00	0.000000e+00	0.000000e+00	
1413.899657	1409.292780	1418.506535	175.022555	2.635474e+01	1.882540e-90	0.000000e+00	2.249993e-61	9.983350e-82	0.000000e+00	0.000000e+00	8.446015e-03	1.882540e-90	1.165827e-03	3.653855e-69	1.882540e-90	1.882540e-90	1.882540e-90	1.882540e-90	0.000000e+00	1.882540e-90	1.882540e-90	1.882540e-90	1.882540e-90	6.385345e-49	4.973392e-03	3.805131e-56	0.000000e+00	0.000000e+00	0.000000e+00	1.882540e-90	1.882540e-90	0.000000e+00	5.831002e-57	0.000000e+00	0.000000e+00	0.000000e+00	0.000000e+00	0.000000e+00	0.000000e+00	0.000000e+00	9.685393e-65	1.882540e-90	1.882540e-90	5.503474e-85	2.788861e-51	3.233008e-78	8.223493e-64	1.882540e-90	2.273128e-04	1.370797e-47	0.000000e+00	0.000000e+00	1.383599e-52	1.882540e-90	0.000000e+00	5.822198e-41	8.419352e-01	1.882540e-90	6.007116e-17	0.000000e+00	1.882540e-90	1.882540e-90	1.882540e-90	1.259215e-63	1.882540e-90	0.000000e+00	0.000000e+00	1.882540e-90	0.000000e+00	0.000000e+00	0.000000e+00	0.000000e+00	0.000000e+00	0.000000e+00	0.000000e+00	2.589682e-69	1.882540e-90	0.000000e+00	0.000000e+00	0.000000e+00	0.000000e+00	0.000000e+00	0.000000e+00	0.000000e+00	0.000000e+00	0.000000e+00	0.000000e+00	0.000000e+00	0.000000e+00	0.000000e+00	0.000000e+00	0.000000e+00	0.000000e+00	0.000000e+00	0.000000e+00	0.000000e+00	0.000000e+00	0.000000e+00	0.000000e+00	0.000000e+00	0.000000e+00	0.000000e+00	0.000000e+00	0.000000e+00	0.000000e+00	0.000000e+00	0.000000e+00	0.000000e+00	0.000000e+00	0.000000e+00	0.000000e+00	0.000000e+00	0.000000e+00	0.000000e+00	0.000000e+00	0.000000e+00	0.000000e+00	0.000000e+00	0.000000e+00	
1423.148610	1418.506535	1427.790686	176.346346	2.162802e+01	1.882681e-90	0.000000e+00	7.491000e-61	4.612684e-81	0.000000e+00	0.000000e+00	8.446606e-03	1.882681e-90	1.166052e-03	1.362719e-68	1.882681e-90	1.882681e-90	1.882681e-90	1.882681e-90	0.000000e+00	1.882681e-90	1.882681e-90	1.882681e-90	1.882681e-90	2.646895e-48	4.974077e-03	1.261268e-55	0.000000e+00	0.000000e+00	0.000000e+00	1.882681e-90	1.882681e-90	0.000000e+00	1.955656e-56	0.000000e+00	0.000000e+00	0.000000e+00	0.000000e+00	0.000000e+00	0.000000e+00	0.000000e+00	5.166437e-64	1.882681e-90	1.882681e-90	3.060861e-84	7.989617e-51	1.524368e-77	2.747961e-63	1.882681e-90	2.273567e-04	3.430882e-47	0.000000e+00	0.000000e+00	5.419556e-52	1.882681e-90	0.000000e+00	1.916222e-40	8.419230e-01	1.882681e-90	1.367872e-16	0.000000e+00	1.882681e-90	1.882681e-90	1.882681e-90	4.310550e-63	1.882681e-90	0.000000e+00	0.000000e+00	1.882681e-90	0.000000e+00	0.000000e+00	0.000000e+00	0.000000e+00	0.000000e+00	0.000000e+00	0.000000e+00	1.381363e-68	1.882681e-90	0.000000e+00	0.000000e+00	0.000000e+00	0.000000e+00	0.000000e+00	0.000000e+00	0.000000e+00	0.000000e+00	0.000000e+00	0.000000e+00	0.000000e+00	0.000000e+00	0.000000e+00	0.000000e+00	0.000000e+00	0.000000e+00	0.000000e+00	0.000000e+00	0.000000e+00	0.000000e+00	0.000000e+00	0.000000e+00	0.000000e+00	0.000000e+00	0.000000e+00	0.000000e+00	0.000000e+00	0.000000e+00	0.000000e+00	0.000000e+00	0.000000e+00	0.000000e+00	0.000000e+00	0.000000e+00	0.000000e+00	0.000000e+00	0.000000e+00	0.000000e+00	0.000000e+00	0.000000e+00	0.000000e+00	0.000000e+00	
1432.499566	1427.790686	1437.208446	178.869950	1.774904e+01	1.882705e-90	0.000000e+00	6.489936e-60	7.364166e-80	0.000000e+00	0.000000e+00	8.446847e-03	1.882705e-90	1.166017e-03	1.457896e-67	1.882705e-90	1.882705e-90	1.882705e-90	1.882705e-90	0.000000e+00	1.882705e-90	1.882705e-90	1.882705e-90	1.882705e-90	2.676649e-47	4.974136e-03	9.961028e-55	0.000000e+00	0.000000e+00	0.000000e+00	1.882705e-90	1.882705e-90	0.000000e+00	1.579057e-55	0.000000e+00	0.000000e+00	0.000000e+00	0.000000e+00	0.000000e+00	0.000000e+00	0.000000e+00	8.364251e-63	1.882705e-90	1.882705e-90	6.340685e-83	4.802040e-50	2.321646e-76	2.205384e-62	1.882705e-90	2.273562e-04	1.744474e-46	0.000000e+00	0.000000e+00	4.935510e-51	1.882705e-90	0.000000e+00	1.261440e-39	8.419210e-01	1.882705e-90	4.523627e-16	0.000000e+00	1.882705e-90	1.882705e-90	1.882705e-90	3.932621e-62	1.882705e-90	0.000000e+00	0.000000e+00	1.882705e-90	0.000000e+00	0.000000e+00	0.000000e+00	0.000000e+00	0.000000e+00	0.000000e+00	0.000000e+00	2.239050e-67	1.882705e-90	0.000000e+00	0.000000e+00	0.000000e+00	0.000000e+00	0.000000e+00	0.000000e+00	0.000000e+00	0.000000e+00	0.000000e+00	0.000000e+00	0.000000e+00	0.000000e+00	0.000000e+00	0.000000e+00	0.000000e+00	0.000000e+00	0.000000e+00	0.000000e+00	0.000000e+00	0.000000e+00	0.000000e+00	0.000000e+00	0.000000e+00	0.000000e+00	0.000000e+00	0.000000e+00	0.000000e+00	0.000000e+00	0.000000e+00	0.000000e+00	0.000000e+00	0.000000e+00	0.000000e+00	0.000000e+00	0.000000e+00	0.000000e+00	0.000000e+00	0.000000e+00	0.000000e+00	0.000000e+00	0.000000e+00	0.000000e+00	
1442.027535	1437.208446	1446.846624	183.043375	1.456575e+01	1.882662e-90	0.000000e+00	1.914312e-58	5.753889e-78	0.000000e+00	0.000000e+00	8.446706e-03	1.882662e-90	1.165918e-03	6.012188e-66	1.882662e-90	1.882662e-90	1.882662e-90	1.882662e-90	0.000000e+00	1.882662e-90	1.882662e-90	1.882662e-90	1.882662e-90	8.533751e-46	4.973918e-03	2.400922e-53	0.000000e+00	0.000000e+00	0.000000e+00	1.882662e-90	1.882662e-90	0.000000e+00	3.945891e-54	0.000000e+00	0.000000e+00	0.000000e+00	0.000000e+00	0.000000e+00	0.000000e+00	0.000000e+00	5.651762e-61	1.882662e-90	1.882662e-90	7.082636e-81	7.477747e-49	1.591036e-74	5.470770e-61	1.882662e-90	2.273389e-04	2.199687e-45	0.000000e+00	0.000000e+00	1.336287e-49	1.882662e-90	0.000000e+00	2.035809e-38	8.419245e-01	1.882662e-90	2.431655e-15	0.000000e+00	1.882662e-90	1.882662e-90	1.882662e-90	1.259815e-60	1.882662e-90	0.000000e+00	0.000000e+00	1.882662e-90	0.000000e+00	0.000000e+00	0.000000e+00	0.000000e+00	0.000000e+00	0.000000e+00	0.000000e+00	1.521347e-65	1.882662e-90	0.000000e+00	0.000000e+00	0.000000e+00	0.000000e+00	0.000000e+00	0.000000e+00	0.000000e+00	0.000000e+00	0.000000e+00	0.000000e+00	0.000000e+00	0.000000e+00	0.000000e+00	0.000000e+00	0.000000e+00	0.000000e+00	0.000000e+00	0.000000e+00	0.000000e+00	0.000000e+00	0.000000e+00	0.000000e+00	0.000000e+00	0.000000e+00	0.000000e+00	0.000000e+00	0.000000e+00	0.000000e+00	0.000000e+00	0.000000e+00	0.000000e+00	0.000000e+00	0.000000e+00	0.000000e+00	0.000000e+00	0.000000e+00	0.000000e+00	0.000000e+00	0.000000e+00	0.000000e+00	0.000000e+00	0.000000e+00	
1451.810779	1446.846624	1456.774935	188.536957	1.195339e+01	1.882650e-90	0.000000e+00	1.285190e-56	1.304717e-75	0.000000e+00	0.000000e+00	8.447016e-03	1.882650e-90	1.165905e-03	6.124251e-64	1.882650e-90	1.882650e-90	1.882650e-90	1.882650e-90	0.000000e+00	1.882650e-90	1.882650e-90	1.882650e-90	1.882650e-90	5.941327e-44	4.974261e-03	1.231558e-51	0.000000e+00	0.000000e+00	0.000000e+00	1.882650e-90	1.882650e-90	0.000000e+00	2.120575e-52	0.000000e+00	0.000000e+00	0.000000e+00	0.000000e+00	0.000000e+00	0.000000e+00	0.000000e+00	1.007633e-58	1.882650e-90	1.882650e-90	2.453112e-78	2.216144e-47	3.002295e-72	2.925327e-59	1.882650e-90	2.273409e-04	5.104297e-44	0.000000e+00	0.000000e+00	7.632754e-48	1.882650e-90	0.000000e+00	6.090504e-37	8.419245e-01	1.882650e-90	1.834568e-14	0.000000e+00	1.882650e-90	1.882650e-90	1.882650e-90	9.381872e-59	2.071428e-90	0.000000e+00	0.000000e+00	1.882650e-90	0.000000e+00	0.000000e+00	0.000000e+00	0.000000e+00	0.000000e+00	0.000000e+00	0.000000e+00	2.748894e-63	6.393808e-90	0.000000e+00	0.000000e+00	0.000000e+00	0.000000e+00	0.000000e+00	0.000000e+00	0.000000e+00	0.000000e+00	0.000000e+00	0.000000e+00	0.000000e+00	0.000000e+00	0.000000e+00	0.000000e+00	0.000000e+00	0.000000e+00	0.000000e+00	0.000000e+00	0.000000e+00	0.000000e+00	0.000000e+00	0.000000e+00	0.000000e+00	0.000000e+00	0.000000e+00	0.000000e+00	0.000000e+00	0.000000e+00	0.000000e+00	0.000000e+00	0.000000e+00	0.000000e+00	0.000000e+00	0.000000e+00	0.000000e+00	0.000000e+00	0.000000e+00	0.000000e+00	0.000000e+00	0.000000e+00	0.000000e+00	0.000000e+00	
1461.880580	1456.774935	1466.986225	193.899361	9.809551e+00	1.882644e-90	0.000000e+00	6.279462e-55	1.957681e-73	0.000000e+00	0.000000e+00	8.446352e-03	1.882644e-90	1.165945e-03	4.386894e-62	1.882644e-90	1.882644e-90	1.882644e-90	1.882644e-90	0.000000e+00	1.882644e-90	1.882644e-90	1.882644e-90	1.882644e-90	3.110312e-42	4.973486e-03	4.765547e-50	0.000000e+00	0.000000e+00	0.000000e+00	1.882644e-90	1.745593e-88	0.000000e+00	8.576832e-51	0.000000e+00	0.000000e+00	0.000000e+00	0.000000e+00	0.000000e+00	0.000000e+00	0.000000e+00	1.257649e-56	1.882644e-90	1.882644e-90	5.491005e-76	5.159051e-46	3.850132e-70	1.182790e-57	1.882644e-90	2.273452e-04	9.359254e-43	0.000000e+00	0.000000e+00	3.349540e-46	8.714997e-90	0.000000e+00	1.471849e-35	8.419264e-01	1.882644e-90	1.240805e-13	0.000000e+00	1.882644e-90	1.882644e-90	1.882644e-90	5.044674e-57	1.469941e-87	0.000000e+00	0.000000e+00	1.882644e-90	0.000000e+00	0.000000e+00	0.000000e+00	0.000000e+00	0.000000e+00	0.000000e+00	0.000000e+00	3.495031e-61	3.725538e-88	0.000000e+00	0.000000e+00	0.000000e+00	0.000000e+00	0.000000e+00	0.000000e+00	0.000000e+00	0.000000e+00	0.000000e+00	0.000000e+00	0.000000e+00	0.000000e+00	0.000000e+00	0.000000e+00	0.000000e+00	0.000000e+00	0.000000e+00	0.000000e+00	0.000000e+00	0.000000e+00	0.000000e+00	0.000000e+00	0.000000e+00	0.000000e+00	0.000000e+00	0.000000e+00	0.000000e+00	0.000000e+00	0.000000e+00	0.000000e+00	0.000000e+00	0.000000e+00	0.000000e+00	0.000000e+00	0.000000e+00	0.000000e+00	0.000000e+00	0.000000e+00	0.000000e+00	0.000000e+00	0.000000e+00	0.000000e+00	
1472.193755	1466.986225	1477.401285	197.756862	8.050210e+00	1.882660e-90	0.000000e+00	9.351846e-54	6.296033e-72	0.000000e+00	0.000000e+00	8.446690e-03	1.882660e-90	1.165967e-03	8.485580e-61	1.882660e-90	1.882660e-90	1.882660e-90	1.882660e-90	0.000000e+00	1.882660e-90	1.882660e-90	1.882660e-90	1.882660e-90	5.369394e-41	4.973678e-03	6.265746e-49	0.000000e+00	0.000000e+00	0.000000e+00	1.882660e-90	2.388000e-86	0.000000e+00	1.163404e-49	0.000000e+00	0.000000e+00	0.000000e+00	0.000000e+00	0.000000e+00	0.000000e+00	0.000000e+00	3.944186e-55	1.882660e-90	1.882660e-90	2.398700e-74	4.777942e-45	1.149701e-68	1.607498e-56	1.882660e-90	2.273448e-04	7.112289e-42	0.000000e+00	0.000000e+00	5.140363e-45	1.190737e-87	0.000000e+00	1.500028e-34	8.419249e-01	1.882660e-90	5.265118e-13	0.000000e+00	1.882660e-90	1.882660e-90	1.882660e-90	8.026014e-56	1.468977e-85	0.000000e+00	0.000000e+00	1.882660e-90	0.000000e+00	0.000000e+00	0.000000e+00	0.000000e+00	0.000000e+00	0.000000e+00	0.000000e+00	1.114082e-59	6.176106e-87	0.000000e+00	0.000000e+00	0.000000e+00	0.000000e+00	0.000000e+00	0.000000e+00	0.000000e+00	0.000000e+00	0.000000e+00	0.000000e+00	0.000000e+00	0.000000e+00	0.000000e+00	0.000000e+00	0.000000e+00	0.000000e+00	0.000000e+00	0.000000e+00	0.000000e+00	0.000000e+00	0.000000e+00	0.000000e+00	0.000000e+00	0.000000e+00	0.000000e+00	0.000000e+00	0.000000e+00	0.000000e+00	0.000000e+00	0.000000e+00	0.000000e+00	0.000000e+00	0.000000e+00	0.000000e+00	0.000000e+00	0.000000e+00	0.000000e+00	0.000000e+00	0.000000e+00	0.000000e+00	0.000000e+00	0.000000e+00	
1482.664840	1477.401285	1487.928395	199.874363	6.606406e+00	1.882676e-90	0.000000e+00	4.130323e-53	4.190574e-71	0.000000e+00	0.000000e+00	8.447421e-03	1.882676e-90	1.166006e-03	4.306401e-60	1.882676e-90	1.882676e-90	1.882676e-90	1.882676e-90	0.000000e+00	1.882676e-90	1.882676e-90	1.882676e-90	1.882676e-90	2.954217e-40	4.974209e-03	2.716198e-48	0.000000e+00	0.000000e+00	0.000000e+00	1.882676e-90	3.959013e-85	0.000000e+00	5.129256e-49	0.000000e+00	0.000000e+00	0.000000e+00	0.000000e+00	0.000000e+00	0.000000e+00	0.000000e+00	2.983350e-54	1.882676e-90	1.882676e-90	1.968773e-73	1.717508e-44	7.710284e-68	7.099711e-56	1.882676e-90	2.273494e-04	2.194857e-41	0.000000e+00	0.000000e+00	2.659379e-44	1.970859e-86	0.000000e+00	6.240149e-34	8.419220e-01	1.882676e-90	1.372223e-12	0.000000e+00	1.882676e-90	1.882676e-90	1.882676e-90	3.672304e-55	1.965390e-84	0.000000e+00	0.000000e+00	1.882676e-90	0.000000e+00	0.000000e+00	0.000000e+00	0.000000e+00	0.000000e+00	0.000000e+00	0.000000e+00	8.510598e-59	2.774080e-86	0.000000e+00	0.000000e+00	0.000000e+00	0.000000e+00	0.000000e+00	0.000000e+00	0.000000e+00	0.000000e+00	0.000000e+00	0.000000e+00	0.000000e+00	0.000000e+00	0.000000e+00	0.000000e+00	0.000000e+00	0.000000e+00	0.000000e+00	0.000000e+00	0.000000e+00	0.000000e+00	0.000000e+00	0.000000e+00	0.000000e+00	0.000000e+00	0.000000e+00	0.000000e+00	0.000000e+00	0.000000e+00	0.000000e+00	0.000000e+00	0.000000e+00	0.000000e+00	0.000000e+00	0.000000e+00	0.000000e+00	0.000000e+00	0.000000e+00	0.000000e+00	0.000000e+00	0.000000e+00	0.000000e+00	0.000000e+00	
1493.222802	1487.928395	1498.517208	201.037647	5.421549e+00	1.882675e-90	0.000000e+00	9.647802e-53	1.221599e-70	0.000000e+00	0.000000e+00	8.446742e-03	1.882675e-90	1.165895e-03	1.084126e-59	1.882675e-90	7.134752e-90	1.882675e-90	1.882675e-90	0.000000e+00	1.882675e-90	1.882675e-90	1.882675e-90	1.882675e-90	8.907305e-40	4.973166e-03	6.572761e-48	0.000000e+00	0.000000e+00	0.000000e+00	1.882675e-90	2.166655e-84	0.000000e+00	1.252497e-48	0.000000e+00	0.000000e+00	0.000000e+00	0.000000e+00	0.000000e+00	0.000000e+00	0.000000e+00	1.068476e-53	1.882675e-90	1.882675e-90	6.727098e-73	3.756478e-44	2.362088e-67	1.736057e-55	1.882675e-90	2.273375e-04	4.223367e-41	0.000000e+00	0.000000e+00	7.757956e-44	1.077574e-85	0.000000e+00	1.617899e-33	8.419245e-01	1.882675e-90	2.763511e-12	0.000000e+00	1.882675e-90	1.882675e-90	1.882675e-90	8.741198e-55	9.152606e-84	0.000000e+00	0.000000e+00	1.882675e-90	0.000000e+00	0.000000e+00	0.000000e+00	0.000000e+00	0.000000e+00	0.000000e+00	0.000000e+00	3.064999e-58	6.255292e-86	0.000000e+00	0.000000e+00	0.000000e+00	0.000000e+00	0.000000e+00	0.000000e+00	0.000000e+00	0.000000e+00	0.000000e+00	0.000000e+00	0.000000e+00	0.000000e+00	0.000000e+00	0.000000e+00	0.000000e+00	0.000000e+00	0.000000e+00	0.000000e+00	0.000000e+00	0.000000e+00	0.000000e+00	0.000000e+00	0.000000e+00	0.000000e+00	0.000000e+00	0.000000e+00	0.000000e+00	0.000000e+00	0.000000e+00	0.000000e+00	0.000000e+00	0.000000e+00	0.000000e+00	0.000000e+00	0.000000e+00	0.000000e+00	0.000000e+00	0.000000e+00	0.000000e+00	0.000000e+00	0.000000e+00	0.000000e+00	
1503.835631	1498.517208	1509.154054	201.941355	4.449195e+00	1.882722e-90	0.000000e+00	1.895382e-52	2.846110e-70	0.000000e+00	0.000000e+00	8.447527e-03	1.882722e-90	1.166004e-03	2.256381e-59	1.882722e-90	2.604759e-89	1.882722e-90	1.882722e-90	0.000000e+00	1.882722e-90	1.882722e-90	1.882722e-90	1.882722e-90	2.282411e-39	4.974271e-03	1.358485e-47	0.000000e+00	0.000000e+00	0.000000e+00	1.882722e-90	8.783102e-84	0.000000e+00	2.607505e-48	0.000000e+00	0.000000e+00	0.000000e+00	0.000000e+00	0.000000e+00	0.000000e+00	0.000000e+00	3.125523e-53	1.882722e-90	1.882722e-90	1.811849e-72	7.181063e-44	5.851137e-67	3.617330e-55	1.882722e-90	2.273613e-04	7.149006e-41	0.000000e+00	0.000000e+00	1.938671e-43	4.363461e-85	0.000000e+00	3.692582e-33	8.419184e-01	1.882722e-90	5.191173e-12	0.000000e+00	1.882722e-90	1.882722e-90	1.882722e-90	1.743052e-54	3.201997e-83	0.000000e+00	0.000000e+00	1.882722e-90	0.000000e+00	0.000000e+00	0.000000e+00	0.000000e+00	0.000000e+00	0.000000e+00	0.000000e+00	9.007042e-58	1.170883e-85	0.000000e+00	0.000000e+00	0.000000e+00	0.000000e+00	0.000000e+00	0.000000e+00	0.000000e+00	0.000000e+00	0.000000e+00	0.000000e+00	0.000000e+00	0.000000e+00	0.000000e+00	0.000000e+00	0.000000e+00	0.000000e+00	0.000000e+00	0.000000e+00	0.000000e+00	0.000000e+00	0.000000e+00	0.000000e+00	0.000000e+00	0.000000e+00	0.000000e+00	0.000000e+00	0.000000e+00	0.000000e+00	0.000000e+00	0.000000e+00	0.000000e+00	0.000000e+00	0.000000e+00	0.000000e+00	0.000000e+00	0.000000e+00	0.000000e+00	0.000000e+00	0.000000e+00	0.000000e+00	0.000000e+00	0.000000e+00	
1514.497398	1509.154054	1519.840742	202.879759	3.651233e+00	1.882666e-90	0.000000e+00	3.786787e-52	6.775475e-70	0.000000e+00	0.000000e+00	8.446696e-03	1.882666e-90	1.166020e-03	4.783186e-59	1.882666e-90	9.789265e-89	1.882666e-90	1.882666e-90	0.000000e+00	1.882666e-90	1.882666e-90	1.882666e-90	1.882666e-90	5.940828e-39	4.973811e-03	2.850355e-47	0.000000e+00	0.000000e+00	0.000000e+00	1.882666e-90	3.664926e-83	0.000000e+00	5.511385e-48	0.000000e+00	0.000000e+00	0.000000e+00	0.000000e+00	0.000000e+00	0.000000e+00	0.000000e+00	9.324434e-53	1.882666e-90	1.882666e-90	4.993144e-72	1.390485e-43	1.479197e-66	7.653603e-55	1.882666e-90	2.273388e-04	1.225059e-40	0.000000e+00	0.000000e+00	4.917170e-43	1.818698e-84	0.000000e+00	8.531451e-33	8.419243e-01	1.882666e-90	9.820418e-12	0.000000e+00	1.882666e-90	1.882666e-90	1.882666e-90	3.535099e-54	1.151461e-82	0.000000e+00	0.000000e+00	1.882666e-90	0.000000e+00	0.000000e+00	0.000000e+00	0.000000e+00	0.000000e+00	0.000000e+00	0.000000e+00	2.699641e-57	2.231369e-85	0.000000e+00	0.000000e+00	0.000000e+00	0.000000e+00	0.000000e+00	0.000000e+00	0.000000e+00	0.000000e+00	0.000000e+00	0.000000e+00	0.000000e+00	0.000000e+00	0.000000e+00	0.000000e+00	0.000000e+00	0.000000e+00	0.000000e+00	0.000000e+00	0.000000e+00	0.000000e+00	0.000000e+00	0.000000e+00	0.000000e+00	0.000000e+00	0.000000e+00	0.000000e+00	0.000000e+00	0.000000e+00	0.000000e+00	0.000000e+00	0.000000e+00	0.000000e+00	0.000000e+00	0.000000e+00	0.000000e+00	0.000000e+00	0.000000e+00	0.000000e+00	0.000000e+00	0.000000e+00	0.000000e+00	0.000000e+00	
1525.216220	1519.840742	1530.591699	204.095665	2.996385e+00	1.882682e-90	0.000000e+00	8.945030e-52	2.004075e-69	0.000000e+00	0.000000e+00	8.446969e-03	1.882682e-90	1.166002e-03	1.218942e-58	1.882682e-90	4.919163e-88	1.882682e-90	1.882682e-90	0.000000e+00	1.882682e-90	1.882682e-90	1.882682e-90	1.882682e-90	1.813498e-38	4.974644e-03	6.977305e-47	0.000000e+00	0.000000e+00	0.000000e+00	1.882682e-90	2.049366e-82	0.000000e+00	1.362127e-47	0.000000e+00	0.000000e+00	0.000000e+00	0.000000e+00	0.000000e+00	0.000000e+00	0.000000e+00	3.389999e-52	1.882682e-90	1.882682e-90	1.732837e-71	3.070051e-43	4.597173e-66	1.894129e-54	1.882682e-90	2.273436e-04	2.377144e-40	0.000000e+00	0.000000e+00	1.452549e-42	1.015211e-83	0.000000e+00	2.236089e-32	8.419214e-01	1.882682e-90	1.990292e-11	0.000000e+00	1.882682e-90	1.882682e-90	1.882682e-90	8.515367e-54	5.469756e-82	0.000000e+00	0.000000e+00	1.882682e-90	0.000000e+00	0.000000e+00	0.000000e+00	0.000000e+00	0.000000e+00	0.000000e+00	0.000000e+00	9.877463e-57	5.111029e-85	0.000000e+00	0.000000e+00	0.000000e+00	0.000000e+00	0.000000e+00	0.000000e+00	0.000000e+00	0.000000e+00	0.000000e+00	0.000000e+00	0.000000e+00	0.000000e+00	0.000000e+00	0.000000e+00	0.000000e+00	0.000000e+00	0.000000e+00	0.000000e+00	0.000000e+00	0.000000e+00	0.000000e+00	0.000000e+00	0.000000e+00	0.000000e+00	0.000000e+00	0.000000e+00	0.000000e+00	0.000000e+00	0.000000e+00	0.000000e+00	0.000000e+00	0.000000e+00	0.000000e+00	0.000000e+00	0.000000e+00	0.000000e+00	0.000000e+00	0.000000e+00	0.000000e+00	0.000000e+00	0.000000e+00	0.000000e+00	
1536.010082	1530.591699	1541.428464	205.719457	2.458984e+00	1.882673e-90	0.000000e+00	2.690032e-51	8.103821e-69	0.000000e+00	0.000000e+00	8.446648e-03	1.882673e-90	1.165987e-03	4.050589e-58	1.882673e-90	3.757141e-87	1.882673e-90	1.882673e-90	0.000000e+00	1.882673e-90	1.882673e-90	1.882673e-90	1.882673e-90	6.960700e-38	4.974026e-03	2.131245e-46	0.000000e+00	0.000000e+00	0.000000e+00	1.882673e-90	1.745675e-81	0.000000e+00	4.212835e-47	0.000000e+00	0.000000e+00	0.000000e+00	0.000000e+00	0.000000e+00	0.000000e+00	0.000000e+00	1.638328e-51	1.882673e-90	1.882673e-90	8.383289e-71	8.188024e-43	1.923395e-65	5.873097e-54	1.882673e-90	2.273486e-04	5.517029e-40	0.000000e+00	0.000000e+00	5.341216e-42	8.628222e-83	0.000000e+00	7.023184e-32	8.419232e-01	1.882673e-90	4.456446e-11	0.000000e+00	1.882673e-90	1.882673e-90	1.882673e-90	2.626758e-53	3.878028e-81	0.000000e+00	0.000000e+00	1.882673e-90	0.000000e+00	0.000000e+00	0.000000e+00	0.000000e+00	0.000000e+00	0.000000e+00	0.000000e+00	4.815124e-56	1.525143e-84	0.000000e+00	0.000000e+00	0.000000e+00	0.000000e+00	0.000000e+00	0.000000e+00	0.000000e+00	0.000000e+00	0.000000e+00	0.000000e+00	0.000000e+00	0.000000e+00	0.000000e+00	0.000000e+00	0.000000e+00	0.000000e+00	0.000000e+00	0.000000e+00	0.000000e+00	0.000000e+00	0.000000e+00	0.000000e+00	0.000000e+00	0.000000e+00	0.000000e+00	0.000000e+00	0.000000e+00	0.000000e+00	0.000000e+00	0.000000e+00	0.000000e+00	0.000000e+00	0.000000e+00	0.000000e+00	0.000000e+00	0.000000e+00	0.000000e+00	0.000000e+00	0.000000e+00	0.000000e+00	0.000000e+00	0.000000e+00	
1546.902340	1541.428464	1552.376215	207.821581	2.017966e+00	1.882602e-90	0.000000e+00	1.062315e-50	4.663559e-68	0.000000e+00	0.000000e+00	8.446509e-03	1.882602e-90	1.165997e-03	1.815845e-57	1.882602e-90	4.604631e-86	1.882602e-90	1.882602e-90	0.000000e+00	1.882602e-90	1.882602e-90	1.882602e-90	1.882602e-90	3.463290e-37	4.973571e-03	8.364398e-46	0.000000e+00	0.000000e+00	0.000000e+00	1.882602e-90	2.394040e-80	0.000000e+00	1.680079e-46	0.000000e+00	0.000000e+00	0.000000e+00	0.000000e+00	0.000000e+00	0.000000e+00	0.000000e+00	1.092815e-50	1.882602e-90	1.882602e-90	5.899670e-70	2.702878e-42	1.125668e-64	2.350272e-53	1.882602e-90	2.273320e-04	1.566912e-39	0.000000e+00	0.000000e+00	2.517672e-41	1.179141e-81	0.000000e+00	2.709477e-31	8.419292e-01	1.882602e-90	1.117532e-10	0.000000e+00	1.882602e-90	1.882602e-90	1.882602e-90	1.071512e-52	4.323758e-80	0.000000e+00	0.000000e+00	1.882602e-90	0.000000e+00	0.000000e+00	0.000000e+00	0.000000e+00	0.000000e+00	0.000000e+00	0.000000e+00	3.249444e-55	6.144074e-84	0.000000e+00	0.000000e+00	0.000000e+00	0.000000e+00	0.000000e+00	0.000000e+00	0.000000e+00	0.000000e+00	0.000000e+00	0.000000e+00	0.000000e+00	0.000000e+00	0.000000e+00	0.000000e+00	0.000000e+00	0.000000e+00	0.000000e+00	0.000000e+00	0.000000e+00	0.000000e+00	0.000000e+00	0.000000e+00	0.000000e+00	0.000000e+00	0.000000e+00	0.000000e+00	0.000000e+00	0.000000e+00	0.000000e+00	0.000000e+00	0.000000e+00	0.000000e+00	0.000000e+00	0.000000e+00	0.000000e+00	0.000000e+00	0.000000e+00	0.000000e+00	0.000000e+00	0.000000e+00	0.000000e+00	0.000000e+00	
1557.920714	1552.376215	1563.465214	210.499973	1.656044e+00	1.882670e-90	0.000000e+00	5.738488e-50	4.026424e-67	0.000000e+00	0.000000e+00	8.446101e-03	1.882670e-90	1.166001e-03	1.148374e-56	1.882670e-90	9.724627e-85	1.882670e-90	1.882670e-90	0.000000e+00	1.882670e-90	1.882670e-90	1.882670e-90	1.882670e-90	2.324323e-36	4.973813e-03	4.381765e-45	0.000000e+00	0.000000e+00	0.000000e+00	1.882670e-90	5.682952e-79	0.000000e+00	8.982119e-46	0.000000e+00	0.000000e+00	0.000000e+00	0.000000e+00	0.000000e+00	0.000000e+00	0.000000e+00	1.056901e-49	1.882670e-90	1.882670e-90	6.389925e-69	1.141046e-41	9.694928e-64	1.262376e-52	1.882670e-90	2.273373e-04	5.614467e-39	0.000000e+00	0.000000e+00	1.581324e-40	2.784618e-80	0.000000e+00	1.325774e-30	8.419244e-01	1.882670e-90	3.195464e-10	0.000000e+00	1.882670e-90	1.882670e-90	1.882670e-90	6.028088e-52	8.117753e-79	0.000000e+00	0.000000e+00	1.882670e-90	0.000000e+00	0.000000e+00	0.000000e+00	0.000000e+00	0.000000e+00	0.000000e+00	0.000000e+00	3.191529e-54	3.502267e-83	0.000000e+00	0.000000e+00	0.000000e+00	0.000000e+00	0.000000e+00	0.000000e+00	0.000000e+00	0.000000e+00	0.000000e+00	0.000000e+00	0.000000e+00	0.000000e+00	0.000000e+00	0.000000e+00	0.000000e+00	0.000000e+00	0.000000e+00	0.000000e+00	0.000000e+00	0.000000e+00	0.000000e+00	0.000000e+00	0.000000e+00	0.000000e+00	0.000000e+00	0.000000e+00	0.000000e+00	0.000000e+00	0.000000e+00	0.000000e+00	0.000000e+00	0.000000e+00	0.000000e+00	0.000000e+00	0.000000e+00	0.000000e+00	0.000000e+00	0.000000e+00	0.000000e+00	0.000000e+00	0.000000e+00	0.000000e+00	
1569.096390	1563.465214	1574.727566	213.788590	1.359033e+00	1.882652e-90	0.000000e+00	4.219824e-49	5.183061e-66	0.000000e+00	0.000000e+00	8.446505e-03	1.882652e-90	1.165906e-03	1.018806e-55	1.882652e-90	3.512272e-83	1.882652e-90	1.882652e-90	0.000000e+00	1.882652e-90	1.882652e-90	1.882652e-90	1.882652e-90	2.097071e-35	4.974069e-03	3.052533e-44	0.000000e+00	0.000000e+00	0.000000e+00	1.882652e-90	2.317587e-77	0.000000e+00	6.412414e-45	0.000000e+00	0.000000e+00	0.000000e+00	0.000000e+00	0.000000e+00	0.000000e+00	0.000000e+00	1.475276e-48	1.882652e-90	1.882652e-90	1.058056e-67	6.139229e-41	1.221963e-62	9.072622e-52	1.882652e-90	2.273459e-04	2.528745e-38	0.000000e+00	0.000000e+00	1.319925e-39	1.127424e-78	0.000000e+00	8.214150e-30	8.419251e-01	1.882652e-90	1.041268e-09	0.000000e+00	1.882652e-90	1.882652e-90	1.882652e-90	4.653306e-51	2.547808e-77	0.000000e+00	0.000000e+00	1.882652e-90	0.000000e+00	0.000000e+00	0.000000e+00	0.000000e+00	0.000000e+00	0.000000e+00	0.000000e+00	4.544407e-53	2.819204e-82	0.000000e+00	0.000000e+00	0.000000e+00	0.000000e+00	0.000000e+00	0.000000e+00	0.000000e+00	0.000000e+00	0.000000e+00	0.000000e+00	0.000000e+00	0.000000e+00	0.000000e+00	0.000000e+00	0.000000e+00	0.000000e+00	0.000000e+00	0.000000e+00	0.000000e+00	0.000000e+00	0.000000e+00	0.000000e+00	0.000000e+00	0.000000e+00	0.000000e+00	0.000000e+00	0.000000e+00	0.000000e+00	0.000000e+00	0.000000e+00	0.000000e+00	0.000000e+00	0.000000e+00	0.000000e+00	0.000000e+00	0.000000e+00	0.000000e+00	0.000000e+00	0.000000e+00	0.000000e+00	0.000000e+00	0.000000e+00	
1580.453146	1574.727566	1586.178726	217.368097	1.115291e+00	1.882582e-90	0.000000e+00	3.442368e-48	7.629211e-65	0.000000e+00	0.000000e+00	8.446138e-03	1.882582e-90	1.165986e-03	1.012624e-54	1.882582e-90	1.521877e-81	1.882582e-90	1.882582e-90	0.000000e+00	5.367034e-89	1.882582e-90	1.882582e-90	1.882582e-90	2.094840e-34	4.974012e-03	2.343612e-43	0.000000e+00	0.000000e+00	0.000000e+00	1.882582e-90	1.136523e-75	0.000000e+00	5.053874e-44	0.000000e+00	0.000000e+00	0.000000e+00	0.000000e+00	0.000000e+00	0.000000e+00	0.000000e+00	2.336333e-47	1.882582e-90	1.882582e-90	2.020817e-66	3.586853e-40	1.751583e-61	7.207439e-51	5.740673e-90	2.273306e-04	1.229916e-37	0.000000e+00	0.000000e+00	1.216449e-38	5.479562e-77	0.000000e+00	5.528687e-29	8.419304e-01	1.882582e-90	3.557985e-09	0.000000e+00	1.882582e-90	1.882582e-90	1.882582e-90	3.995432e-50	9.518179e-76	0.000000e+00	0.000000e+00	1.882582e-90	0.000000e+00	0.000000e+00	0.000000e+00	0.000000e+00	0.000000e+00	0.000000e+00	0.000000e+00	7.360492e-52	2.562456e-81	0.000000e+00	0.000000e+00	0.000000e+00	0.000000e+00	0.000000e+00	0.000000e+00	0.000000e+00	0.000000e+00	0.000000e+00	0.000000e+00	0.000000e+00	0.000000e+00	0.000000e+00	0.000000e+00	0.000000e+00	0.000000e+00	0.000000e+00	0.000000e+00	0.000000e+00	0.000000e+00	0.000000e+00	0.000000e+00	0.000000e+00	0.000000e+00	0.000000e+00	0.000000e+00	0.000000e+00	0.000000e+00	0.000000e+00	0.000000e+00	0.000000e+00	0.000000e+00	0.000000e+00	0.000000e+00	0.000000e+00	0.000000e+00	0.000000e+00	0.000000e+00	0.000000e+00	0.000000e+00	0.000000e+00	0.000000e+00	
1591.991156	1586.178726	1597.803586	220.662643	9.152635e-01	1.882674e-90	0.000000e+00	2.263762e-47	8.494110e-64	0.000000e+00	0.000000e+00	8.446484e-03	1.882674e-90	1.165960e-03	7.938358e-54	4.314414e-89	4.544249e-80	1.882674e-90	1.882674e-90	0.000000e+00	1.559684e-87	1.882674e-90	1.882674e-90	1.882674e-90	1.709058e-33	4.973669e-03	1.478260e-42	0.000000e+00	0.000000e+00	0.000000e+00	1.882674e-90	3.834219e-74	0.000000e+00	3.263718e-43	0.000000e+00	0.000000e+00	0.000000e+00	0.000000e+00	0.000000e+00	0.000000e+00	0.000000e+00	2.875667e-46	1.882674e-90	1.882674e-90	2.870002e-65	1.772590e-39	1.927260e-60	4.693765e-50	1.177620e-88	2.273457e-04	5.099417e-37	0.000000e+00	0.000000e+00	9.249896e-38	1.832235e-75	0.000000e+00	3.176057e-28	8.419237e-01	1.882674e-90	1.115233e-08	0.000000e+00	1.882674e-90	1.882674e-90	1.882674e-90	2.750346e-49	2.489961e-74	0.000000e+00	0.000000e+00	1.882674e-90	0.000000e+00	0.000000e+00	0.000000e+00	0.000000e+00	0.000000e+00	0.000000e+00	0.000000e+00	9.257025e-51	1.849612e-80	0.000000e+00	0.000000e+00	0.000000e+00	0.000000e+00	0.000000e+00	0.000000e+00	0.000000e+00	0.000000e+00	0.000000e+00	0.000000e+00	0.000000e+00	0.000000e+00	0.000000e+00	0.000000e+00	0.000000e+00	0.000000e+00	0.000000e+00	0.000000e+00	0.000000e+00	0.000000e+00	0.000000e+00	0.000000e+00	0.000000e+00	0.000000e+00	0.000000e+00	0.000000e+00	0.000000e+00	0.000000e+00	0.000000e+00	0.000000e+00	0.000000e+00	0.000000e+00	0.000000e+00	0.000000e+00	0.000000e+00	0.000000e+00	0.000000e+00	0.000000e+00	0.000000e+00	0.000000e+00	0.000000e+00	0.000000e+00	
1603.685315	1597.803586	1609.567044	223.292924	7.511111e-01	1.882682e-90	0.000000e+00	1.000976e-46	5.655807e-63	0.000000e+00	0.000000e+00	8.447495e-03	1.882682e-90	1.165885e-03	4.022539e-53	8.967752e-88	6.817212e-79	1.882682e-90	1.882682e-90	0.000000e+00	2.240429e-86	1.882682e-90	1.882682e-90	1.882682e-90	9.564115e-33	4.973573e-03	6.476508e-42	0.000000e+00	0.000000e+00	0.000000e+00	1.882682e-90	6.470172e-73	0.000000e+00	1.456513e-42	0.000000e+00	0.000000e+00	0.000000e+00	0.000000e+00	0.000000e+00	0.000000e+00	0.000000e+00	2.215707e-45	1.882682e-90	1.882682e-90	2.360633e-64	6.420079e-39	1.300606e-59	2.109781e-49	1.293038e-87	2.273427e-04	1.575121e-36	0.000000e+00	0.000000e+00	4.904782e-37	3.068039e-74	0.000000e+00	1.354445e-27	8.419225e-01	1.882682e-90	2.967129e-08	0.000000e+00	1.882682e-90	1.882682e-90	1.882682e-90	1.260215e-48	3.370638e-73	0.000000e+00	0.000000e+00	1.882682e-90	0.000000e+00	0.000000e+00	0.000000e+00	0.000000e+00	0.000000e+00	0.000000e+00	0.000000e+00	7.260281e-50	8.641992e-80	0.000000e+00	0.000000e+00	0.000000e+00	0.000000e+00	0.000000e+00	0.000000e+00	0.000000e+00	0.000000e+00	0.000000e+00	0.000000e+00	0.000000e+00	0.000000e+00	0.000000e+00	0.000000e+00	0.000000e+00	0.000000e+00	0.000000e+00	0.000000e+00	0.000000e+00	0.000000e+00	0.000000e+00	0.000000e+00	0.000000e+00	0.000000e+00	0.000000e+00	0.000000e+00	0.000000e+00	0.000000e+00	0.000000e+00	0.000000e+00	0.000000e+00	0.000000e+00	0.000000e+00	0.000000e+00	0.000000e+00	0.000000e+00	0.000000e+00	0.000000e+00	0.000000e+00	0.000000e+00	0.000000e+00	0.000000e+00	
1615.501366	1609.567044	1621.435688	225.288577	6.163995e-01	1.882700e-90	0.000000e+00	3.100210e-46	2.374173e-62	0.000000e+00	0.000000e+00	8.446551e-03	1.882700e-90	1.165768e-03	1.378356e-52	9.482262e-87	5.510588e-78	1.882700e-90	1.882700e-90	0.000000e+00	1.709280e-85	1.882700e-90	1.882700e-90	1.882700e-90	3.811935e-32	4.974366e-03	2.044603e-41	0.000000e+00	0.000000e+00	0.000000e+00	1.882700e-90	5.860607e-72	0.000000e+00	4.663906e-42	0.000000e+00	0.000000e+00	0.000000e+00	0.000000e+00	0.000000e+00	0.000000e+00	0.000000e+00	1.120389e-44	1.882700e-90	1.882700e-90	1.189736e-63	1.759327e-38	5.658633e-59	6.789525e-49	8.085603e-87	2.273563e-04	3.736696e-36	0.000000e+00	0.000000e+00	1.879195e-36	2.761649e-73	0.000000e+00	4.412341e-27	8.419213e-01	1.882700e-90	6.805519e-08	0.000000e+00	1.882700e-90	1.882700e-90	1.882700e-90	4.008616e-48	2.524815e-72	0.000000e+00	0.000000e+00	1.882700e-90	0.000000e+00	0.000000e+00	0.000000e+00	0.000000e+00	0.000000e+00	0.000000e+00	0.000000e+00	3.721142e-49	2.723552e-79	0.000000e+00	0.000000e+00	0.000000e+00	0.000000e+00	0.000000e+00	0.000000e+00	0.000000e+00	0.000000e+00	0.000000e+00	0.000000e+00	0.000000e+00	0.000000e+00	0.000000e+00	0.000000e+00	0.000000e+00	0.000000e+00	0.000000e+00	0.000000e+00	0.000000e+00	0.000000e+00	0.000000e+00	0.000000e+00	0.000000e+00	0.000000e+00	0.000000e+00	0.000000e+00	0.000000e+00	0.000000e+00	0.000000e+00	0.000000e+00	0.000000e+00	0.000000e+00	0.000000e+00	0.000000e+00	0.000000e+00	0.000000e+00	0.000000e+00	0.000000e+00	0.000000e+00	0.000000e+00	0.000000e+00	0.000000e+00	
1627.410675	1621.435688	1633.385662	226.829155	5.058484e-01	1.882690e-90	0.000000e+00	7.497122e-46	7.235035e-62	0.000000e+00	0.000000e+00	8.447121e-03	1.882690e-90	1.165711e-03	3.599125e-52	6.267627e-86	2.898791e-77	1.882690e-90	1.882690e-90	0.000000e+00	8.402470e-85	1.882690e-90	1.882690e-90	1.882690e-90	1.199567e-31	4.973984e-03	5.138645e-41	0.000000e+00	0.000000e+00	0.000000e+00	1.882690e-90	3.440988e-71	0.000000e+00	1.184549e-41	0.000000e+00	0.000000e+00	0.000000e+00	0.000000e+00	0.000000e+00	0.000000e+00	0.000000e+00	4.224562e-44	1.882690e-90	1.882690e-90	4.265333e-63	3.969718e-38	1.814713e-58	1.732358e-48	3.419814e-86	2.273461e-04	7.377877e-36	0.000000e+00	0.000000e+00	5.739861e-36	1.613571e-72	0.000000e+00	1.191683e-26	8.419219e-01	1.882690e-90	1.407460e-07	0.000000e+00	7.659463e-90	1.882690e-90	1.882690e-90	9.890554e-48	1.253176e-71	0.000000e+00	0.000000e+00	1.882690e-90	0.000000e+00	0.000000e+00	0.000000e+00	0.000000e+00	0.000000e+00	0.000000e+00	0.000000e+00	1.418211e-48	6.530261e-79	0.000000e+00	0.000000e+00	0.000000e+00	0.000000e+00	0.000000e+00	0.000000e+00	0.000000e+00	0.000000e+00	0.000000e+00	0.000000e+00	0.000000e+00	0.000000e+00	0.000000e+00	0.000000e+00	0.000000e+00	0.000000e+00	0.000000e+00	0.000000e+00	0.000000e+00	0.000000e+00	0.000000e+00	0.000000e+00	0.000000e+00	0.000000e+00	0.000000e+00	0.000000e+00	0.000000e+00	0.000000e+00	0.000000e+00	0.000000e+00	0.000000e+00	0.000000e+00	0.000000e+00	0.000000e+00	0.000000e+00	0.000000e+00	0.000000e+00	0.000000e+00	0.000000e+00	0.000000e+00	0.000000e+00	0.000000e+00	
1639.389769	1633.385662	1645.393875	227.935507	4.151246e-01	1.882543e-90	0.000000e+00	1.444167e-45	1.642081e-61	0.000000e+00	0.000000e+00	8.446556e-03	1.882543e-90	1.165366e-03	7.318823e-52	2.685911e-85	1.026506e-76	1.882543e-90	1.882543e-90	0.000000e+00	2.755431e-84	1.882543e-90	1.882543e-90	1.882543e-90	3.036442e-31	4.973725e-03	1.046939e-40	0.000000e+00	0.000000e+00	0.000000e+00	1.882543e-90	1.356354e-70	0.000000e+00	2.431818e-41	0.000000e+00	0.000000e+00	0.000000e+00	0.000000e+00	0.000000e+00	0.000000e+00	0.000000e+00	1.215697e-43	1.882543e-90	1.882543e-90	1.118109e-62	7.490898e-38	4.394947e-58	3.567214e-48	1.008165e-85	2.273185e-04	1.230528e-35	0.000000e+00	0.000000e+00	1.422556e-35	6.336939e-72	0.000000e+00	2.706338e-26	8.419340e-01	1.882543e-90	2.643674e-07	0.000000e+00	2.767089e-89	1.882543e-90	1.882543e-90	1.932564e-47	4.259470e-71	0.000000e+00	0.000000e+00	1.882543e-90	0.000000e+00	0.000000e+00	0.000000e+00	0.000000e+00	0.000000e+00	0.000000e+00	0.000000e+00	4.112424e-48	1.215150e-78	0.000000e+00	0.000000e+00	0.000000e+00	0.000000e+00	0.000000e+00	0.000000e+00	0.000000e+00	0.000000e+00	0.000000e+00	0.000000e+00	0.000000e+00	0.000000e+00	0.000000e+00	0.000000e+00	0.000000e+00	0.000000e+00	0.000000e+00	0.000000e+00	0.000000e+00	0.000000e+00	0.000000e+00	0.000000e+00	0.000000e+00	0.000000e+00	0.000000e+00	0.000000e+00	0.000000e+00	0.000000e+00	0.000000e+00	0.000000e+00	0.000000e+00	0.000000e+00	0.000000e+00	0.000000e+00	0.000000e+00	0.000000e+00	0.000000e+00	0.000000e+00	0.000000e+00	0.000000e+00	0.000000e+00	0.000000e+00	
1651.413960	1645.393875	1657.434045	228.541148	3.406721e-01	1.882560e-90	0.000000e+00	2.157407e-45	2.681774e-61	0.000000e+00	0.000000e+00	8.446365e-03	1.882560e-90	1.164977e-03	1.125791e-51	7.093254e-85	2.336313e-76	1.882560e-90	1.882560e-90	0.000000e+00	5.749373e-84	1.882560e-90	1.882560e-90	1.882560e-90	6.025214e-31	4.973275e-03	1.686878e-40	0.000000e+00	0.000000e+00	0.000000e+00	1.882560e-90	3.423493e-70	0.000000e+00	3.934244e-41	0.000000e+00	0.000000e+00	0.000000e+00	0.000000e+00	0.000000e+00	0.000000e+00	0.000000e+00	2.585979e-43	1.882560e-90	1.882560e-90	2.066150e-62	1.157994e-37	7.779810e-58	5.782346e-48	1.986188e-85	2.273276e-04	1.700042e-35	0.000000e+00	0.000000e+00	2.791037e-35	1.596475e-71	0.000000e+00	5.063127e-26	8.419334e-01	1.882560e-90	4.459564e-07	0.000000e+00	6.085099e-89	1.882560e-90	1.882560e-90	2.909310e-47	9.482010e-71	0.000000e+00	0.000000e+00	1.882560e-90	0.000000e+00	0.000000e+00	0.000000e+00	0.000000e+00	0.000000e+00	0.000000e+00	0.000000e+00	8.784775e-48	1.703652e-78	0.000000e+00	0.000000e+00	0.000000e+00	0.000000e+00	0.000000e+00	0.000000e+00	0.000000e+00	0.000000e+00	0.000000e+00	0.000000e+00	0.000000e+00	0.000000e+00	0.000000e+00	0.000000e+00	0.000000e+00	0.000000e+00	0.000000e+00	0.000000e+00	0.000000e+00	0.000000e+00	0.000000e+00	0.000000e+00	0.000000e+00	0.000000e+00	0.000000e+00	0.000000e+00	0.000000e+00	0.000000e+00	0.000000e+00	0.000000e+00	0.000000e+00	0.000000e+00	0.000000e+00	0.000000e+00	0.000000e+00	0.000000e+00	0.000000e+00	0.000000e+00	0.000000e+00	0.000000e+00	0.000000e+00	0.000000e+00	
1663.455965	1657.434045	1669.477884	228.610630	2.795726e-01	1.882694e-90	0.000000e+00	2.465358e-45	3.096020e-61	0.000000e+00	0.000000e+00	8.446345e-03	1.882694e-90	1.164719e-03	1.290577e-51	1.124598e-84	3.336985e-76	1.882694e-90	1.882694e-90	0.000000e+00	7.449267e-84	1.882694e-90	1.882694e-90	1.882694e-90	9.249712e-31	4.973826e-03	2.122592e-40	0.000000e+00	0.000000e+00	0.000000e+00	1.882694e-90	5.402943e-70	0.000000e+00	4.953351e-41	0.000000e+00	0.000000e+00	0.000000e+00	0.000000e+00	0.000000e+00	0.000000e+00	0.000000e+00	4.000874e-43	1.882694e-90	1.882694e-90	2.640799e-62	1.450313e-37	9.894949e-58	7.280836e-48	2.557376e-85	2.273505e-04	1.925624e-35	0.000000e+00	0.000000e+00	4.279642e-35	2.518942e-71	0.000000e+00	7.720686e-26	8.419231e-01	1.882694e-90	6.716911e-07	0.000000e+00	7.931658e-89	1.882694e-90	1.882694e-90	3.327960e-47	1.351310e-70	0.000000e+00	0.000000e+00	1.882694e-90	0.000000e+00	0.000000e+00	0.000000e+00	0.000000e+00	0.000000e+00	0.000000e+00	0.000000e+00	1.359806e-47	1.771073e-78	0.000000e+00	0.000000e+00	0.000000e+00	0.000000e+00	0.000000e+00	0.000000e+00	0.000000e+00	0.000000e+00	0.000000e+00	0.000000e+00	0.000000e+00	0.000000e+00	0.000000e+00	0.000000e+00	0.000000e+00	0.000000e+00	0.000000e+00	0.000000e+00	0.000000e+00	0.000000e+00	0.000000e+00	0.000000e+00	0.000000e+00	0.000000e+00	0.000000e+00	0.000000e+00	0.000000e+00	0.000000e+00	0.000000e+00	0.000000e+00	0.000000e+00	0.000000e+00	0.000000e+00	0.000000e+00	0.000000e+00	0.000000e+00	0.000000e+00	0.000000e+00	0.000000e+00	0.000000e+00	0.000000e+00	0.000000e+00	
1675.487360	1669.477884	1681.496836	228.137410	2.294313e-01	1.882663e-90	0.000000e+00	2.149109e-45	2.517675e-61	0.000000e+00	0.000000e+00	8.447102e-03	1.882663e-90	1.164108e-03	1.098774e-51	1.063803e-84	2.975429e-76	1.882663e-90	1.882663e-90	0.000000e+00	5.961323e-84	1.882663e-90	1.882663e-90	1.882663e-90	1.095235e-30	4.973494e-03	2.079675e-40	0.000000e+00	0.000000e+00	0.000000e+00	1.882663e-90	5.301163e-70	0.000000e+00	4.836783e-41	0.000000e+00	0.000000e+00	0.000000e+00	0.000000e+00	0.000000e+00	0.000000e+00	0.000000e+00	4.483302e-43	1.882663e-90	1.882663e-90	2.325190e-62	1.467845e-37	9.010116e-58	7.101801e-48	2.142373e-85	2.273486e-04	1.784235e-35	0.000000e+00	0.000000e+00	5.112412e-35	2.475518e-71	0.000000e+00	9.572356e-26	8.419255e-01	1.882663e-90	9.014310e-07	0.000000e+00	6.092014e-89	1.882663e-90	1.882663e-90	2.883288e-47	1.226713e-70	0.000000e+00	0.000000e+00	1.882663e-90	0.000000e+00	0.000000e+00	0.000000e+00	0.000000e+00	0.000000e+00	0.000000e+00	0.000000e+00	1.518856e-47	1.360890e-78	0.000000e+00	0.000000e+00	0.000000e+00	0.000000e+00	0.000000e+00	0.000000e+00	0.000000e+00	0.000000e+00	0.000000e+00	0.000000e+00	0.000000e+00	0.000000e+00	0.000000e+00	0.000000e+00	0.000000e+00	0.000000e+00	0.000000e+00	0.000000e+00	0.000000e+00	0.000000e+00	0.000000e+00	0.000000e+00	0.000000e+00	0.000000e+00	0.000000e+00	0.000000e+00	0.000000e+00	0.000000e+00	0.000000e+00	0.000000e+00	0.000000e+00	0.000000e+00	0.000000e+00	0.000000e+00	0.000000e+00	0.000000e+00	0.000000e+00	0.000000e+00	0.000000e+00	0.000000e+00	0.000000e+00	0.000000e+00	
1687.480481	1681.496836	1693.464125	227.154167	1.882829e-01	1.882650e-90	0.000000e+00	1.448019e-45	1.466543e-61	0.000000e+00	0.000000e+00	8.446524e-03	1.882650e-90	1.163757e-03	7.052140e-52	6.162896e-85	1.695218e-76	1.882650e-90	1.882650e-90	0.000000e+00	3.017378e-84	1.882650e-90	1.882650e-90	1.882650e-90	1.013207e-30	4.973929e-03	1.606319e-40	0.000000e+00	0.000000e+00	0.000000e+00	1.882650e-90	3.311903e-70	0.000000e+00	3.711361e-41	0.000000e+00	0.000000e+00	0.000000e+00	0.000000e+00	0.000000e+00	0.000000e+00	0.000000e+00	3.700026e-43	1.882650e-90	1.882650e-90	1.436270e-62	1.213297e-37	5.969389e-58	5.432020e-48	1.191881e-85	2.273424e-04	1.365772e-35	0.000000e+00	0.000000e+00	4.818075e-35	1.551396e-71	0.000000e+00	9.748028e-26	8.419263e-01	1.882650e-90	1.085310e-06	0.000000e+00	2.830359e-89	1.882650e-90	1.882650e-90	1.918343e-47	7.252137e-71	0.000000e+00	0.000000e+00	1.882650e-90	0.000000e+00	0.000000e+00	0.000000e+00	0.000000e+00	0.000000e+00	0.000000e+00	0.000000e+00	1.244837e-47	7.840027e-79	0.000000e+00	0.000000e+00	0.000000e+00	0.000000e+00	0.000000e+00	0.000000e+00	0.000000e+00	0.000000e+00	0.000000e+00	0.000000e+00	0.000000e+00	0.000000e+00	0.000000e+00	0.000000e+00	0.000000e+00	0.000000e+00	0.000000e+00	0.000000e+00	0.000000e+00	0.000000e+00	0.000000e+00	0.000000e+00	0.000000e+00	0.000000e+00	0.000000e+00	0.000000e+00	0.000000e+00	0.000000e+00	0.000000e+00	0.000000e+00	0.000000e+00	0.000000e+00	0.000000e+00	0.000000e+00	0.000000e+00	0.000000e+00	0.000000e+00	0.000000e+00	0.000000e+00	0.000000e+00	0.000000e+00	0.000000e+00	
1699.410510	1693.464125	1705.356895	225.740963	1.545144e-01	1.882604e-90	0.000000e+00	7.804115e-46	6.398071e-62	0.000000e+00	0.000000e+00	8.446296e-03	1.882604e-90	1.163572e-03	3.542540e-52	2.335236e-85	6.552588e-77	1.882604e-90	1.882604e-90	0.000000e+00	1.027000e-84	1.882604e-90	1.882604e-90	1.882604e-90	7.569273e-31	4.973608e-03	1.009621e-40	0.000000e+00	0.000000e+00	0.000000e+00	1.882604e-90	1.398719e-70	0.000000e+00	2.309982e-41	0.000000e+00	0.000000e+00	0.000000e+00	0.000000e+00	0.000000e+00	0.000000e+00	0.000000e+00	2.342366e-43	1.882604e-90	1.882604e-90	6.524798e-63	8.415476e-38	3.002713e-58	3.367454e-48	4.654736e-86	2.273312e-04	8.859163e-36	0.000000e+00	0.000000e+00	3.698297e-35	6.581942e-72	0.000000e+00	8.374383e-26	8.419306e-01	1.882604e-90	1.189679e-06	0.000000e+00	8.504406e-90	1.882604e-90	1.882604e-90	1.014937e-47	2.956344e-71	0.000000e+00	0.000000e+00	1.882604e-90	0.000000e+00	0.000000e+00	0.000000e+00	0.000000e+00	0.000000e+00	0.000000e+00	0.000000e+00	7.803632e-48	3.523587e-79	0.000000e+00	0.000000e+00	0.000000e+00	0.000000e+00	0.000000e+00	0.000000e+00	0.000000e+00	0.000000e+00	0.000000e+00	0.000000e+00	0.000000e+00	0.000000e+00	0.000000e+00	0.000000e+00	0.000000e+00	0.000000e+00	0.000000e+00	0.000000e+00	0.000000e+00	0.000000e+00	0.000000e+00	0.000000e+00	0.000000e+00	0.000000e+00	0.000000e+00	0.000000e+00	0.000000e+00	0.000000e+00	0.000000e+00	0.000000e+00	0.000000e+00	0.000000e+00	0.000000e+00	0.000000e+00	0.000000e+00	0.000000e+00	0.000000e+00	0.000000e+00	0.000000e+00	0.000000e+00	0.000000e+00	0.000000e+00	
1711.257557	1705.356895	1717.158220	224.004738	1.268022e-01	1.882641e-90	0.000000e+00	3.527150e-46	2.222515e-62	0.000000e+00	0.000000e+00	8.446846e-03	1.882641e-90	1.163495e-03	1.466812e-52	6.335813e-86	1.865989e-77	1.882641e-90	1.882641e-90	0.000000e+00	2.557064e-85	1.882641e-90	1.882641e-90	1.882641e-90	4.781931e-31	4.974479e-03	5.397826e-41	0.000000e+00	0.000000e+00	0.000000e+00	1.882641e-90	4.343366e-71	0.000000e+00	1.220310e-41	0.000000e+00	0.000000e+00	0.000000e+00	0.000000e+00	0.000000e+00	0.000000e+00	0.000000e+00	1.204148e-43	1.882641e-90	1.882641e-90	2.326845e-63	5.085660e-38	1.216045e-58	1.770171e-48	1.376673e-86	2.273488e-04	5.044061e-36	0.000000e+00	0.000000e+00	2.417717e-35	2.054763e-72	0.000000e+00	6.298837e-26	8.419269e-01	1.882641e-90	1.211761e-06	0.000000e+00	1.882641e-90	1.882641e-90	1.882641e-90	4.483844e-48	8.996647e-72	0.000000e+00	0.000000e+00	1.882641e-90	0.000000e+00	0.000000e+00	0.000000e+00	0.000000e+00	0.000000e+00	0.000000e+00	0.000000e+00	3.964469e-48	1.303917e-79	0.000000e+00	0.000000e+00	0.000000e+00	0.000000e+00	0.000000e+00	0.000000e+00	0.000000e+00	0.000000e+00	0.000000e+00	0.000000e+00	0.000000e+00	0.000000e+00	0.000000e+00	0.000000e+00	0.000000e+00	0.000000e+00	0.000000e+00	0.000000e+00	0.000000e+00	0.000000e+00	0.000000e+00	0.000000e+00	0.000000e+00	0.000000e+00	0.000000e+00	0.000000e+00	0.000000e+00	0.000000e+00	0.000000e+00	0.000000e+00	0.000000e+00	0.000000e+00	0.000000e+00	0.000000e+00	0.000000e+00	0.000000e+00	0.000000e+00	0.000000e+00	0.000000e+00	0.000000e+00	0.000000e+00	0.000000e+00	
1723.007375	1717.158220	1728.856530	222.049512	1.040603e-01	1.882637e-90	0.000000e+00	1.401138e-46	6.531487e-63	0.000000e+00	0.000000e+00	8.446720e-03	1.882637e-90	1.163596e-03	5.271092e-53	1.346428e-86	4.248206e-78	1.882637e-90	1.882637e-90	0.000000e+00	5.063214e-86	1.882637e-90	1.882637e-90	1.882637e-90	2.671024e-31	4.973812e-03	2.562119e-41	0.000000e+00	0.000000e+00	0.000000e+00	1.882637e-90	1.075887e-71	0.000000e+00	5.712573e-42	0.000000e+00	0.000000e+00	0.000000e+00	0.000000e+00	0.000000e+00	0.000000e+00	0.000000e+00	5.314147e-44	1.882637e-90	1.882637e-90	6.947422e-64	2.777622e-38	4.200276e-59	8.245340e-49	3.321086e-87	2.273505e-04	2.609640e-36	0.000000e+00	0.000000e+00	1.404807e-35	5.120582e-73	0.000000e+00	4.297143e-26	8.419273e-01	1.882637e-90	1.170382e-06	0.000000e+00	1.882637e-90	1.882637e-90	1.882637e-90	1.734800e-48	2.208819e-72	0.000000e+00	0.000000e+00	1.882637e-90	0.000000e+00	0.000000e+00	0.000000e+00	0.000000e+00	0.000000e+00	0.000000e+00	0.000000e+00	1.726603e-48	4.185797e-80	0.000000e+00	0.000000e+00	0.000000e+00	0.000000e+00	0.000000e+00	0.000000e+00	0.000000e+00	0.000000e+00	0.000000e+00	0.000000e+00	0.000000e+00	0.000000e+00	0.000000e+00	0.000000e+00	0.000000e+00	0.000000e+00	0.000000e+00	0.000000e+00	0.000000e+00	0.000000e+00	0.000000e+00	0.000000e+00	0.000000e+00	0.000000e+00	0.000000e+00	0.000000e+00	0.000000e+00	0.000000e+00	0.000000e+00	0.000000e+00	0.000000e+00	0.000000e+00	0.000000e+00	0.000000e+00	0.000000e+00	0.000000e+00	0.000000e+00	0.000000e+00	0.000000e+00	0.000000e+00	0.000000e+00	0.000000e+00	
1734.651012	1728.856530	1740.445494	219.974757	8.539710e-02	1.882647e-90	0.000000e+00	5.127860e-47	1.726046e-63	0.000000e+00	0.000000e+00	8.446644e-03	1.882647e-90	1.163822e-03	1.731031e-53	2.452095e-87	8.393281e-79	1.882647e-90	1.882647e-90	0.000000e+00	8.670537e-87	1.882647e-90	1.882647e-90	1.882647e-90	1.381149e-31	4.974429e-03	1.128536e-41	0.000000e+00	0.000000e+00	0.000000e+00	1.882647e-90	2.311985e-72	0.000000e+00	2.479738e-42	0.000000e+00	0.000000e+00	0.000000e+00	0.000000e+00	0.000000e+00	0.000000e+00	0.000000e+00	2.130818e-44	1.882647e-90	1.882647e-90	1.853067e-64	1.422972e-38	1.311626e-59	3.559078e-49	7.046186e-88	2.273451e-04	1.270489e-36	0.000000e+00	0.000000e+00	7.583782e-36	1.106797e-73	0.000000e+00	2.759139e-26	8.419260e-01	1.882647e-90	1.093672e-06	0.000000e+00	1.882647e-90	1.882647e-90	1.882647e-90	6.172398e-49	4.735605e-73	0.000000e+00	0.000000e+00	1.882647e-90	0.000000e+00	0.000000e+00	0.000000e+00	0.000000e+00	0.000000e+00	0.000000e+00	0.000000e+00	6.828292e-49	1.229567e-80	0.000000e+00	0.000000e+00	0.000000e+00	0.000000e+00	0.000000e+00	0.000000e+00	0.000000e+00	0.000000e+00	0.000000e+00	0.000000e+00	0.000000e+00	0.000000e+00	0.000000e+00	0.000000e+00	0.000000e+00	0.000000e+00	0.000000e+00	0.000000e+00	0.000000e+00	0.000000e+00	0.000000e+00	0.000000e+00	0.000000e+00	0.000000e+00	0.000000e+00	0.000000e+00	0.000000e+00	0.000000e+00	0.000000e+00	0.000000e+00	0.000000e+00	0.000000e+00	0.000000e+00	0.000000e+00	0.000000e+00	0.000000e+00	0.000000e+00	0.000000e+00	0.000000e+00	0.000000e+00	0.000000e+00	0.000000e+00	
1746.184872	1740.445494	1751.924249	217.882145	7.008115e-02	1.882721e-90	0.000000e+00	1.820507e-47	4.385579e-64	0.000000e+00	0.000000e+00	8.447681e-03	1.882721e-90	1.164014e-03	5.496969e-54	4.221819e-88	1.574202e-79	1.882721e-90	1.882721e-90	0.000000e+00	1.407518e-87	1.882721e-90	1.882721e-90	1.882721e-90	6.944283e-32	4.973936e-03	4.836284e-42	0.000000e+00	0.000000e+00	0.000000e+00	1.882721e-90	4.713809e-73	0.000000e+00	1.046596e-42	0.000000e+00	0.000000e+00	0.000000e+00	0.000000e+00	0.000000e+00	0.000000e+00	0.000000e+00	8.249167e-45	1.882721e-90	1.882721e-90	4.740588e-65	7.121840e-39	3.947161e-60	1.495121e-49	1.427665e-88	2.273473e-04	6.047750e-37	0.000000e+00	0.000000e+00	3.987828e-36	2.269805e-74	0.000000e+00	1.734098e-26	8.419199e-01	1.882721e-90	1.010380e-06	0.000000e+00	1.882721e-90	1.882721e-90	1.882721e-90	2.128316e-49	9.658075e-74	0.000000e+00	0.000000e+00	1.882721e-90	0.000000e+00	0.000000e+00	0.000000e+00	0.000000e+00	0.000000e+00	0.000000e+00	0.000000e+00	2.607981e-49	3.503006e-81	0.000000e+00	0.000000e+00	0.000000e+00	0.000000e+00	0.000000e+00	0.000000e+00	0.000000e+00	0.000000e+00	0.000000e+00	0.000000e+00	0.000000e+00	0.000000e+00	0.000000e+00	0.000000e+00	0.000000e+00	0.000000e+00	0.000000e+00	0.000000e+00	0.000000e+00	0.000000e+00	0.000000e+00	0.000000e+00	0.000000e+00	0.000000e+00	0.000000e+00	0.000000e+00	0.000000e+00	0.000000e+00	0.000000e+00	0.000000e+00	0.000000e+00	0.000000e+00	0.000000e+00	0.000000e+00	0.000000e+00	0.000000e+00	0.000000e+00	0.000000e+00	0.000000e+00	0.000000e+00	0.000000e+00	0.000000e+00	
1757.610540	1751.924249	1763.296830	215.867206	5.751211e-02	1.882741e-90	0.000000e+00	6.605208e-48	1.145826e-64	0.000000e+00	0.000000e+00	8.447394e-03	1.882741e-90	1.164066e-03	1.787209e-54	7.583199e-89	3.067144e-80	1.882741e-90	1.882741e-90	0.000000e+00	2.375217e-88	1.882741e-90	1.882741e-90	1.882741e-90	3.568382e-32	4.974150e-03	2.115764e-42	0.000000e+00	0.000000e+00	0.000000e+00	1.882741e-90	9.996534e-74	0.000000e+00	4.512475e-43	0.000000e+00	0.000000e+00	0.000000e+00	0.000000e+00	0.000000e+00	0.000000e+00	0.000000e+00	3.280652e-45	1.882741e-90	1.882741e-90	1.249629e-65	3.627405e-39	1.220307e-60	6.415256e-50	2.997151e-89	2.273539e-04	2.925658e-37	0.000000e+00	0.000000e+00	2.142394e-36	4.838619e-75	0.000000e+00	1.109523e-26	8.419188e-01	1.882741e-90	9.429927e-07	0.000000e+00	1.882741e-90	1.882741e-90	1.882741e-90	7.505283e-50	2.043478e-74	0.000000e+00	0.000000e+00	1.882741e-90	0.000000e+00	0.000000e+00	0.000000e+00	0.000000e+00	0.000000e+00	0.000000e+00	0.000000e+00	1.023881e-49	1.024221e-81	0.000000e+00	0.000000e+00	0.000000e+00	0.000000e+00	0.000000e+00	0.000000e+00	0.000000e+00	0.000000e+00	0.000000e+00	0.000000e+00	0.000000e+00	0.000000e+00	0.000000e+00	0.000000e+00	0.000000e+00	0.000000e+00	0.000000e+00	0.000000e+00	0.000000e+00	0.000000e+00	0.000000e+00	0.000000e+00	0.000000e+00	0.000000e+00	0.000000e+00	0.000000e+00	0.000000e+00	0.000000e+00	0.000000e+00	0.000000e+00	0.000000e+00	0.000000e+00	0.000000e+00	0.000000e+00	0.000000e+00	0.000000e+00	0.000000e+00	0.000000e+00	0.000000e+00	0.000000e+00	0.000000e+00	0.000000e+00	
1768.933806	1763.296830	1774.570781	213.994494	4.719732e-02	1.882640e-90	0.000000e+00	2.545013e-48	3.235622e-65	0.000000e+00	0.000000e+00	8.446505e-03	1.882640e-90	1.164082e-03	6.206160e-55	1.528525e-89	6.636453e-81	1.882640e-90	1.882640e-90	0.000000e+00	4.461329e-89	1.882640e-90	1.882640e-90	1.882640e-90	1.943185e-32	4.973633e-03	9.785954e-43	0.000000e+00	0.000000e+00	0.000000e+00	1.882640e-90	2.356466e-74	0.000000e+00	2.058665e-43	0.000000e+00	0.000000e+00	0.000000e+00	0.000000e+00	0.000000e+00	0.000000e+00	0.000000e+00	1.402096e-45	1.882640e-90	1.882640e-90	3.577919e-66	1.937181e-39	4.063389e-61	2.914483e-50	6.926856e-90	2.273446e-04	1.479721e-37	0.000000e+00	0.000000e+00	1.217265e-36	1.145878e-75	0.000000e+00	7.437502e-27	8.419272e-01	1.882640e-90	9.034667e-07	0.000000e+00	1.882640e-90	1.882640e-90	1.882640e-90	2.814600e-50	4.779649e-75	0.000000e+00	0.000000e+00	1.882640e-90	0.000000e+00	0.000000e+00	0.000000e+00	0.000000e+00	0.000000e+00	0.000000e+00	0.000000e+00	4.324470e-50	3.206418e-82	0.000000e+00	0.000000e+00	0.000000e+00	0.000000e+00	0.000000e+00	0.000000e+00	0.000000e+00	0.000000e+00	0.000000e+00	0.000000e+00	0.000000e+00	0.000000e+00	0.000000e+00	0.000000e+00	0.000000e+00	0.000000e+00	0.000000e+00	0.000000e+00	0.000000e+00	0.000000e+00	0.000000e+00	0.000000e+00	0.000000e+00	0.000000e+00	0.000000e+00	0.000000e+00	0.000000e+00	0.000000e+00	0.000000e+00	0.000000e+00	0.000000e+00	0.000000e+00	0.000000e+00	0.000000e+00	0.000000e+00	0.000000e+00	0.000000e+00	0.000000e+00	0.000000e+00	0.000000e+00	0.000000e+00	0.000000e+00	
1780.162839	1774.570781	1785.754897	212.289117	3.873249e-02	1.882653e-90	0.000000e+00	1.060373e-48	1.011238e-65	0.000000e+00	0.000000e+00	8.447304e-03	1.882653e-90	1.164205e-03	2.348414e-55	3.579584e-90	1.646128e-81	1.882653e-90	1.882653e-90	0.000000e+00	9.635159e-90	1.882653e-90	1.882653e-90	1.882653e-90	1.141420e-32	4.973771e-03	4.868189e-43	0.000000e+00	0.000000e+00	0.000000e+00	1.882653e-90	6.376041e-75	0.000000e+00	1.011201e-43	0.000000e+00	0.000000e+00	0.000000e+00	0.000000e+00	0.000000e+00	0.000000e+00	0.000000e+00	6.580978e-46	1.882653e-90	1.882653e-90	1.140938e-66	1.100469e-39	1.490742e-61	1.426690e-50	1.882653e-90	2.273487e-04	7.931455e-38	0.000000e+00	0.000000e+00	7.440356e-37	3.112535e-76	0.000000e+00	5.298722e-27	8.419249e-01	1.882653e-90	8.953935e-07	0.000000e+00	1.882653e-90	1.882653e-90	1.882653e-90	1.143857e-50	1.274241e-75	0.000000e+00	0.000000e+00	1.882653e-90	0.000000e+00	0.000000e+00	0.000000e+00	0.000000e+00	0.000000e+00	0.000000e+00	0.000000e+00	2.008900e-50	1.097404e-82	0.000000e+00	0.000000e+00	0.000000e+00	0.000000e+00	0.000000e+00	0.000000e+00	0.000000e+00	0.000000e+00	0.000000e+00	0.000000e+00	0.000000e+00	0.000000e+00	0.000000e+00	0.000000e+00	0.000000e+00	0.000000e+00	0.000000e+00	0.000000e+00	0.000000e+00	0.000000e+00	0.000000e+00	0.000000e+00	0.000000e+00	0.000000e+00	0.000000e+00	0.000000e+00	0.000000e+00	0.000000e+00	0.000000e+00	0.000000e+00	0.000000e+00	0.000000e+00	0.000000e+00	0.000000e+00	0.000000e+00	0.000000e+00	0.000000e+00	0.000000e+00	0.000000e+00	0.000000e+00	0.000000e+00	0.000000e+00	
1791.306456	1785.754897	1796.858015	210.748598	3.178583e-02	1.882641e-90	0.000000e+00	4.790310e-49	3.508776e-66	0.000000e+00	0.000000e+00	8.446603e-03	1.882641e-90	1.164008e-03	9.708796e-56	1.882641e-90	4.698374e-82	1.882641e-90	1.882641e-90	0.000000e+00	2.402068e-90	1.882641e-90	1.882641e-90	1.882641e-90	7.244929e-33	4.973806e-03	2.609367e-43	0.000000e+00	0.000000e+00	0.000000e+00	1.882641e-90	1.988454e-75	0.000000e+00	5.358565e-44	0.000000e+00	0.000000e+00	0.000000e+00	0.000000e+00	0.000000e+00	0.000000e+00	0.000000e+00	3.400435e-46	1.882641e-90	1.882641e-90	4.066509e-67	6.661693e-40	6.042204e-62	7.535691e-51	1.882641e-90	2.273409e-04	4.513935e-38	0.000000e+00	0.000000e+00	4.899473e-37	9.738510e-77	0.000000e+00	4.015058e-27	8.419274e-01	1.882641e-90	9.180077e-07	0.000000e+00	1.882641e-90	1.882641e-90	1.882641e-90	5.050769e-51	3.886620e-76	0.000000e+00	0.000000e+00	1.882641e-90	0.000000e+00	0.000000e+00	0.000000e+00	0.000000e+00	0.000000e+00	0.000000e+00	0.000000e+00	1.028398e-50	4.109423e-83	0.000000e+00	0.000000e+00	0.000000e+00	0.000000e+00	0.000000e+00	0.000000e+00	0.000000e+00	0.000000e+00	0.000000e+00	0.000000e+00	0.000000e+00	0.000000e+00	0.000000e+00	0.000000e+00	0.000000e+00	0.000000e+00	0.000000e+00	0.000000e+00	0.000000e+00	0.000000e+00	0.000000e+00	0.000000e+00	0.000000e+00	0.000000e+00	0.000000e+00	0.000000e+00	0.000000e+00	0.000000e+00	0.000000e+00	0.000000e+00	0.000000e+00	0.000000e+00	0.000000e+00	0.000000e+00	0.000000e+00	0.000000e+00	0.000000e+00	0.000000e+00	0.000000e+00	0.000000e+00	0.000000e+00	0.000000e+00	
1802.372694	1796.858015	1807.887372	209.350477	2.608505e-02	1.882692e-90	0.000000e+00	2.324276e-49	1.335642e-66	0.000000e+00	0.000000e+00	8.447238e-03	1.882692e-90	1.164076e-03	4.342166e-56	1.882692e-90	1.519085e-82	1.882692e-90	1.882692e-90	0.000000e+00	1.882692e-90	1.882692e-90	1.882692e-90	1.882692e-90	4.925307e-33	4.973488e-03	1.494222e-43	0.000000e+00	0.000000e+00	0.000000e+00	1.882692e-90	7.028581e-76	0.000000e+00	3.035984e-44	0.000000e+00	0.000000e+00	0.000000e+00	0.000000e+00	0.000000e+00	0.000000e+00	0.000000e+00	1.913291e-46	1.882692e-90	1.882692e-90	1.599192e-67	4.266239e-40	2.675357e-62	4.259642e-51	1.882692e-90	2.273464e-04	2.708864e-38	0.000000e+00	0.000000e+00	3.446609e-37	3.452231e-77	0.000000e+00	3.214191e-27	8.419231e-01	1.882692e-90	9.706461e-07	0.000000e+00	1.882692e-90	1.882692e-90	1.882692e-90	2.399573e-51	1.335417e-76	0.000000e+00	0.000000e+00	1.882692e-90	0.000000e+00	0.000000e+00	0.000000e+00	0.000000e+00	0.000000e+00	0.000000e+00	0.000000e+00	5.739653e-51	1.668086e-83	0.000000e+00	0.000000e+00	0.000000e+00	0.000000e+00	0.000000e+00	0.000000e+00	0.000000e+00	0.000000e+00	0.000000e+00	0.000000e+00	0.000000e+00	0.000000e+00	0.000000e+00	0.000000e+00	0.000000e+00	0.000000e+00	0.000000e+00	0.000000e+00	0.000000e+00	0.000000e+00	0.000000e+00	0.000000e+00	0.000000e+00	0.000000e+00	0.000000e+00	0.000000e+00	0.000000e+00	0.000000e+00	0.000000e+00	0.000000e+00	0.000000e+00	0.000000e+00	0.000000e+00	0.000000e+00	0.000000e+00	0.000000e+00	0.000000e+00	0.000000e+00	0.000000e+00	0.000000e+00	0.000000e+00	0.000000e+00	
1813.368066	1807.887372	1818.848761	208.060294	2.140670e-02	1.882689e-90	0.000000e+00	1.190154e-49	5.450458e-67	0.000000e+00	0.000000e+00	8.446483e-03	1.882689e-90	1.163985e-03	2.059963e-56	1.882689e-90	5.392452e-83	1.882689e-90	1.882689e-90	0.000000e+00	1.882689e-90	1.882689e-90	1.882689e-90	1.882689e-90	3.525833e-33	4.973760e-03	8.992798e-44	0.000000e+00	0.000000e+00	0.000000e+00	1.882689e-90	2.731352e-76	0.000000e+00	1.809657e-44	0.000000e+00	0.000000e+00	0.000000e+00	0.000000e+00	0.000000e+00	0.000000e+00	0.000000e+00	1.147811e-46	1.882689e-90	1.882689e-90	6.772621e-68	2.850246e-40	1.265783e-62	2.532542e-51	1.882689e-90	2.273467e-04	1.691813e-38	0.000000e+00	0.000000e+00	2.547936e-37	1.344736e-77	0.000000e+00	2.680845e-27	8.419236e-01	1.882689e-90	1.049792e-06	0.000000e+00	1.882689e-90	1.882689e-90	1.882689e-90	1.204908e-51	5.018921e-77	0.000000e+00	0.000000e+00	1.882689e-90	0.000000e+00	0.000000e+00	0.000000e+00	0.000000e+00	0.000000e+00	0.000000e+00	0.000000e+00	3.417604e-51	7.187028e-84	0.000000e+00	0.000000e+00	0.000000e+00	0.000000e+00	0.000000e+00	0.000000e+00	0.000000e+00	0.000000e+00	0.000000e+00	0.000000e+00	0.000000e+00	0.000000e+00	0.000000e+00	0.000000e+00	0.000000e+00	0.000000e+00	0.000000e+00	0.000000e+00	0.000000e+00	0.000000e+00	0.000000e+00	0.000000e+00	0.000000e+00	0.000000e+00	0.000000e+00	0.000000e+00	0.000000e+00	0.000000e+00	0.000000e+00	0.000000e+00	0.000000e+00	0.000000e+00	0.000000e+00	0.000000e+00	0.000000e+00	0.000000e+00	0.000000e+00	0.000000e+00	0.000000e+00	0.000000e+00	0.000000e+00	0.000000e+00	
1824.297339	1818.848761	1829.745918	206.840842	1.756741e-02	1.882661e-90	0.000000e+00	6.301718e-50	2.322958e-67	0.000000e+00	0.000000e+00	8.446624e-03	1.882661e-90	1.163646e-03	1.013605e-56	1.882661e-90	2.028975e-83	1.882661e-90	1.882661e-90	0.000000e+00	1.882661e-90	1.882661e-90	1.882661e-90	1.882661e-90	2.606897e-33	4.973820e-03	5.583068e-44	0.000000e+00	0.000000e+00	0.000000e+00	1.882661e-90	1.125701e-76	0.000000e+00	1.113098e-44	0.000000e+00	0.000000e+00	0.000000e+00	0.000000e+00	0.000000e+00	0.000000e+00	0.000000e+00	7.165021e-47	1.882661e-90	1.882661e-90	3.003499e-68	1.955178e-40	6.242398e-63	1.554610e-51	1.882661e-90	2.273495e-04	1.083186e-38	0.000000e+00	0.000000e+00	1.943175e-37	5.554035e-78	0.000000e+00	2.294870e-27	8.419261e-01	1.882661e-90	1.151356e-06	0.000000e+00	1.882661e-90	1.882661e-90	1.882661e-90	6.261378e-52	1.994747e-77	0.000000e+00	0.000000e+00	1.882661e-90	0.000000e+00	0.000000e+00	0.000000e+00	0.000000e+00	0.000000e+00	0.000000e+00	0.000000e+00	2.118849e-51	3.217213e-84	0.000000e+00	0.000000e+00	0.000000e+00	0.000000e+00	0.000000e+00	0.000000e+00	0.000000e+00	0.000000e+00	0.000000e+00	0.000000e+00	0.000000e+00	0.000000e+00	0.000000e+00	0.000000e+00	0.000000e+00	0.000000e+00	0.000000e+00	0.000000e+00	0.000000e+00	0.000000e+00	0.000000e+00	0.000000e+00	0.000000e+00	0.000000e+00	0.000000e+00	0.000000e+00	0.000000e+00	0.000000e+00	0.000000e+00	0.000000e+00	0.000000e+00	0.000000e+00	0.000000e+00	0.000000e+00	0.000000e+00	0.000000e+00	0.000000e+00	0.000000e+00	0.000000e+00	0.000000e+00	0.000000e+00	0.000000e+00	
1835.163427	1829.745918	1840.580935	205.661620	1.441670e-02	1.882681e-90	0.000000e+00	3.390904e-50	1.010959e-67	0.000000e+00	0.000000e+00	8.447285e-03	1.882681e-90	1.163427e-03	5.076789e-57	1.882681e-90	7.854210e-84	1.882681e-90	1.882681e-90	0.000000e+00	1.882681e-90	1.882681e-90	1.882681e-90	1.882681e-90	1.958290e-33	4.974045e-03	3.519182e-44	0.000000e+00	0.000000e+00	0.000000e+00	1.882681e-90	4.774364e-77	0.000000e+00	6.952778e-45	0.000000e+00	0.000000e+00	0.000000e+00	0.000000e+00	0.000000e+00	0.000000e+00	0.000000e+00	4.561417e-47	1.882681e-90	1.882681e-90	1.361816e-68	1.358337e-40	3.140745e-63	9.693009e-52	1.882681e-90	2.273400e-04	7.018187e-39	0.000000e+00	0.000000e+00	1.504884e-37	2.359907e-78	0.000000e+00	1.990057e-27	8.419239e-01	1.882681e-90	1.272167e-06	0.000000e+00	1.882681e-90	1.882681e-90	1.882681e-90	3.308163e-52	8.146167e-78	0.000000e+00	0.000000e+00	1.882681e-90	0.000000e+00	0.000000e+00	0.000000e+00	0.000000e+00	0.000000e+00	0.000000e+00	0.000000e+00	1.340300e-51	1.467645e-84	0.000000e+00	0.000000e+00	0.000000e+00	0.000000e+00	0.000000e+00	0.000000e+00	0.000000e+00	0.000000e+00	0.000000e+00	0.000000e+00	0.000000e+00	0.000000e+00	0.000000e+00	0.000000e+00	0.000000e+00	0.000000e+00	0.000000e+00	0.000000e+00	0.000000e+00	0.000000e+00	0.000000e+00	0.000000e+00	0.000000e+00	0.000000e+00	0.000000e+00	0.000000e+00	0.000000e+00	0.000000e+00	0.000000e+00	0.000000e+00	0.000000e+00	0.000000e+00	0.000000e+00	0.000000e+00	0.000000e+00	0.000000e+00	0.000000e+00	0.000000e+00	0.000000e+00	0.000000e+00	0.000000e+00	0.000000e+00	
1845.968021	1840.580935	1851.355106	204.506270	1.183107e-02	1.882567e-90	0.000000e+00	1.836838e-50	4.436934e-68	0.000000e+00	0.000000e+00	8.446410e-03	1.882567e-90	1.163084e-03	2.561021e-57	1.882567e-90	3.075526e-84	1.882567e-90	1.882567e-90	0.000000e+00	1.882567e-90	1.882567e-90	1.882567e-90	1.882567e-90	1.480658e-33	4.974200e-03	2.231934e-44	0.000000e+00	0.000000e+00	0.000000e+00	1.882567e-90	2.049324e-77	0.000000e+00	4.371025e-45	0.000000e+00	0.000000e+00	0.000000e+00	0.000000e+00	0.000000e+00	0.000000e+00	0.000000e+00	2.927671e-47	1.882567e-90	1.882567e-90	6.231308e-69	9.486995e-41	1.593049e-63	6.081315e-52	1.882567e-90	2.273231e-04	4.569592e-39	0.000000e+00	0.000000e+00	1.172916e-37	1.014601e-78	0.000000e+00	1.734716e-27	8.419333e-01	1.882567e-90	1.409903e-06	0.000000e+00	1.882567e-90	1.882567e-90	1.882567e-90	1.759822e-52	3.363851e-78	0.000000e+00	0.000000e+00	1.882567e-90	0.000000e+00	0.000000e+00	0.000000e+00	0.000000e+00	0.000000e+00	0.000000e+00	0.000000e+00	8.548247e-52	6.745617e-85	0.000000e+00	0.000000e+00	0.000000e+00	0.000000e+00	0.000000e+00	0.000000e+00	0.000000e+00	0.000000e+00	0.000000e+00	0.000000e+00	0.000000e+00	0.000000e+00	0.000000e+00	0.000000e+00	0.000000e+00	0.000000e+00	0.000000e+00	0.000000e+00	0.000000e+00	0.000000e+00	0.000000e+00	0.000000e+00	0.000000e+00	0.000000e+00	0.000000e+00	0.000000e+00	0.000000e+00	0.000000e+00	0.000000e+00	0.000000e+00	0.000000e+00	0.000000e+00	0.000000e+00	0.000000e+00	0.000000e+00	0.000000e+00	0.000000e+00	0.000000e+00	0.000000e+00	0.000000e+00	0.000000e+00	0.000000e+00	
1856.712364	1851.355106	1862.069622	203.374247	9.709169e-03	1.882658e-90	0.000000e+00	1.001684e-50	1.964524e-68	0.000000e+00	0.000000e+00	8.446845e-03	1.882658e-90	1.162891e-03	1.301560e-57	1.882658e-90	1.219092e-84	1.882658e-90	1.882658e-90	0.000000e+00	1.882658e-90	1.882658e-90	1.882658e-90	1.882658e-90	1.127119e-33	4.973145e-03	1.424561e-44	0.000000e+00	0.000000e+00	0.000000e+00	1.882658e-90	8.899806e-78	0.000000e+00	2.764721e-45	0.000000e+00	0.000000e+00	0.000000e+00	0.000000e+00	0.000000e+00	0.000000e+00	0.000000e+00	1.894761e-47	1.882658e-90	1.882658e-90	2.878209e-69	6.664218e-41	8.151018e-64	3.842940e-52	1.882658e-90	2.273399e-04	2.990588e-39	0.000000e+00	0.000000e+00	9.204601e-38	4.414306e-79	0.000000e+00	1.520951e-27	8.419269e-01	1.882658e-90	1.568231e-06	0.000000e+00	1.882658e-90	1.882658e-90	1.882658e-90	9.424018e-53	1.404899e-78	0.000000e+00	0.000000e+00	1.882658e-90	0.000000e+00	0.000000e+00	0.000000e+00	0.000000e+00	0.000000e+00	0.000000e+00	0.000000e+00	5.499873e-52	3.128939e-85	0.000000e+00	0.000000e+00	0.000000e+00	0.000000e+00	0.000000e+00	0.000000e+00	0.000000e+00	0.000000e+00	0.000000e+00	0.000000e+00	0.000000e+00	0.000000e+00	0.000000e+00	0.000000e+00	0.000000e+00	0.000000e+00	0.000000e+00	0.000000e+00	0.000000e+00	0.000000e+00	0.000000e+00	0.000000e+00	0.000000e+00	0.000000e+00	0.000000e+00	0.000000e+00	0.000000e+00	0.000000e+00	0.000000e+00	0.000000e+00	0.000000e+00	0.000000e+00	0.000000e+00	0.000000e+00	0.000000e+00	0.000000e+00	0.000000e+00	0.000000e+00	0.000000e+00	0.000000e+00	0.000000e+00	0.000000e+00	
1867.397838	1862.069622	1872.726054	202.273074	7.967831e-03	1.882631e-90	0.000000e+00	5.527318e-51	8.831045e-69	0.000000e+00	0.000000e+00	8.446475e-03	1.882631e-90	1.162485e-03	6.699400e-58	1.882631e-90	4.931754e-85	1.882631e-90	1.882631e-90	0.000000e+00	1.882631e-90	1.882631e-90	1.882631e-90	1.882631e-90	8.681522e-34	4.973730e-03	9.195483e-45	0.000000e+00	0.000000e+00	0.000000e+00	1.882631e-90	3.949319e-78	0.000000e+00	1.769623e-45	0.000000e+00	0.000000e+00	0.000000e+00	0.000000e+00	0.000000e+00	0.000000e+00	0.000000e+00	1.244092e-47	1.882631e-90	1.882631e-90	1.351129e-69	4.725026e-41	4.231410e-64	2.455675e-52	1.882631e-90	2.273487e-04	1.974313e-39	0.000000e+00	0.000000e+00	7.306349e-38	1.961383e-79	0.000000e+00	1.346266e-27	8.419285e-01	1.882631e-90	1.752959e-06	0.000000e+00	1.882631e-90	1.882631e-90	1.882631e-90	5.109766e-53	5.986124e-79	0.000000e+00	0.000000e+00	1.882631e-90	0.000000e+00	0.000000e+00	0.000000e+00	0.000000e+00	0.000000e+00	0.000000e+00	0.000000e+00	3.590700e-52	1.470911e-85	0.000000e+00	0.000000e+00	0.000000e+00	0.000000e+00	0.000000e+00	0.000000e+00	0.000000e+00	0.000000e+00	0.000000e+00	0.000000e+00	0.000000e+00	0.000000e+00	0.000000e+00	0.000000e+00	0.000000e+00	0.000000e+00	0.000000e+00	0.000000e+00	0.000000e+00	0.000000e+00	0.000000e+00	0.000000e+00	0.000000e+00	0.000000e+00	0.000000e+00	0.000000e+00	0.000000e+00	0.000000e+00	0.000000e+00	0.000000e+00	0.000000e+00	0.000000e+00	0.000000e+00	0.000000e+00	0.000000e+00	0.000000e+00	0.000000e+00	0.000000e+00	0.000000e+00	0.000000e+00	0.000000e+00	0.000000e+00	
1878.025724	1872.726054	1883.325393	201.187836	6.538802e-03	1.882693e-90	0.000000e+00	3.058436e-51	3.984384e-69	0.000000e+00	0.000000e+00	8.447048e-03	1.882693e-90	1.162062e-03	3.458561e-58	1.882693e-90	2.005445e-85	1.882693e-90	1.882693e-90	0.000000e+00	1.882693e-90	1.882693e-90	1.882693e-90	1.882693e-90	6.706869e-34	4.973344e-03	5.951820e-45	0.000000e+00	0.000000e+00	0.000000e+00	1.882693e-90	1.761093e-78	0.000000e+00	1.135513e-45	0.000000e+00	0.000000e+00	0.000000e+00	0.000000e+00	0.000000e+00	0.000000e+00	0.000000e+00	8.197551e-48	1.882693e-90	1.882693e-90	6.367044e-70	3.358024e-41	2.204698e-64	1.574306e-52	1.882693e-90	2.273577e-04	1.306084e-39	0.000000e+00	0.000000e+00	5.817423e-38	8.757810e-80	0.000000e+00	1.194934e-27	8.419245e-01	1.882693e-90	1.962718e-06	0.000000e+00	1.882693e-90	1.882693e-90	1.882693e-90	2.777921e-53	2.562861e-79	0.000000e+00	0.000000e+00	1.882693e-90	0.000000e+00	0.000000e+00	0.000000e+00	0.000000e+00	0.000000e+00	0.000000e+00	0.000000e+00	2.353351e-52	6.945546e-86	0.000000e+00	0.000000e+00	0.000000e+00	0.000000e+00	0.000000e+00	0.000000e+00	0.000000e+00	0.000000e+00	0.000000e+00	0.000000e+00	0.000000e+00	0.000000e+00	0.000000e+00	0.000000e+00	0.000000e+00	0.000000e+00	0.000000e+00	0.000000e+00	0.000000e+00	0.000000e+00	0.000000e+00	0.000000e+00	0.000000e+00	0.000000e+00	0.000000e+00	0.000000e+00	0.000000e+00	0.000000e+00	0.000000e+00	0.000000e+00	0.000000e+00	0.000000e+00	0.000000e+00	0.000000e+00	0.000000e+00	0.000000e+00	0.000000e+00	0.000000e+00	0.000000e+00	0.000000e+00	0.000000e+00	0.000000e+00	
1888.595302	1883.325393	1893.865211	200.058191	5.366069e-03	1.882686e-90	0.000000e+00	1.632390e-51	1.715407e-69	0.000000e+00	0.000000e+00	8.446865e-03	1.882686e-90	1.161644e-03	1.715924e-58	1.882686e-90	7.662443e-86	1.882686e-90	1.882686e-90	0.000000e+00	1.882686e-90	1.882686e-90	1.882686e-90	1.882686e-90	5.010772e-34	4.974601e-03	3.728975e-45	0.000000e+00	0.000000e+00	0.000000e+00	1.882686e-90	7.382942e-79	0.000000e+00	7.053060e-46	0.000000e+00	0.000000e+00	0.000000e+00	0.000000e+00	0.000000e+00	0.000000e+00	0.000000e+00	5.181277e-48	1.882686e-90	1.882686e-90	2.854897e-70	2.320139e-41	1.098779e-64	9.761158e-53	1.882686e-90	2.273427e-04	8.411389e-40	0.000000e+00	0.000000e+00	4.486929e-38	3.674346e-80	0.000000e+00	1.033281e-27	8.419241e-01	1.882686e-90	2.166632e-06	0.000000e+00	1.882686e-90	1.882686e-90	1.882686e-90	1.455882e-53	1.034086e-79	0.000000e+00	0.000000e+00	1.882686e-90	0.000000e+00	0.000000e+00	0.000000e+00	0.000000e+00	0.000000e+00	0.000000e+00	0.000000e+00	1.479261e-52	3.155379e-86	0.000000e+00	0.000000e+00	0.000000e+00	0.000000e+00	0.000000e+00	0.000000e+00	0.000000e+00	0.000000e+00	0.000000e+00	0.000000e+00	0.000000e+00	0.000000e+00	0.000000e+00	0.000000e+00	0.000000e+00	0.000000e+00	0.000000e+00	0.000000e+00	0.000000e+00	0.000000e+00	0.000000e+00	0.000000e+00	0.000000e+00	0.000000e+00	0.000000e+00	0.000000e+00	0.000000e+00	0.000000e+00	0.000000e+00	0.000000e+00	0.000000e+00	0.000000e+00	0.000000e+00	0.000000e+00	0.000000e+00	0.000000e+00	0.000000e+00	0.000000e+00	0.000000e+00	0.000000e+00	0.000000e+00	0.000000e+00	
1899.101564	1893.865211	1904.337917	198.784669	4.403666e-03	1.882655e-90	0.000000e+00	7.865840e-52	6.468879e-70	0.000000e+00	0.000000e+00	8.446827e-03	1.882655e-90	1.161327e-03	7.607681e-59	1.882655e-90	2.453749e-86	1.882655e-90	1.882655e-90	0.000000e+00	1.882655e-90	1.882655e-90	1.882655e-90	1.882655e-90	3.399326e-34	4.974012e-03	2.127435e-45	0.000000e+00	0.000000e+00	0.000000e+00	1.882655e-90	2.589913e-79	0.000000e+00	3.982923e-46	0.000000e+00	0.000000e+00	0.000000e+00	0.000000e+00	0.000000e+00	0.000000e+00	0.000000e+00	2.904991e-48	1.882655e-90	1.882655e-90	1.112258e-70	1.480684e-41	4.830191e-65	5.507226e-53	1.882655e-90	2.273486e-04	5.022068e-40	0.000000e+00	0.000000e+00	3.157732e-38	1.290474e-80	0.000000e+00	8.284314e-28	8.419268e-01	1.882655e-90	2.296282e-06	0.000000e+00	1.882655e-90	1.882655e-90	1.882655e-90	6.868187e-54	3.522015e-80	0.000000e+00	0.000000e+00	1.882655e-90	0.000000e+00	0.000000e+00	0.000000e+00	0.000000e+00	0.000000e+00	0.000000e+00	0.000000e+00	8.244125e-53	1.284760e-86	0.000000e+00	0.000000e+00	0.000000e+00	0.000000e+00	0.000000e+00	0.000000e+00	0.000000e+00	0.000000e+00	0.000000e+00	0.000000e+00	0.000000e+00	0.000000e+00	0.000000e+00	0.000000e+00	0.000000e+00	0.000000e+00	0.000000e+00	0.000000e+00	0.000000e+00	0.000000e+00	0.000000e+00	0.000000e+00	0.000000e+00	0.000000e+00	0.000000e+00	0.000000e+00	0.000000e+00	0.000000e+00	0.000000e+00	0.000000e+00	0.000000e+00	0.000000e+00	0.000000e+00	0.000000e+00	0.000000e+00	0.000000e+00	0.000000e+00	0.000000e+00	0.000000e+00	0.000000e+00	0.000000e+00	0.000000e+00	
1909.533189	1904.337917	1914.728460	197.224730	3.613869e-03	1.882631e-90	0.000000e+00	3.100991e-52	1.880583e-70	0.000000e+00	0.000000e+00	8.446177e-03	1.882631e-90	1.161490e-03	2.705403e-59	1.882631e-90	5.556081e-87	1.882631e-90	1.882631e-90	0.000000e+00	1.882631e-90	1.882631e-90	1.882631e-90	1.882631e-90	1.909196e-34	4.973468e-03	1.010469e-45	0.000000e+00	0.000000e+00	0.000000e+00	1.882631e-90	6.412155e-80	0.000000e+00	1.868253e-46	0.000000e+00	0.000000e+00	0.000000e+00	0.000000e+00	0.000000e+00	0.000000e+00	0.000000e+00	1.288393e-48	1.882631e-90	1.882631e-90	3.287743e-71	8.081502e-42	1.659037e-65	2.580296e-53	1.882631e-90	2.273413e-04	2.583725e-40	0.000000e+00	0.000000e+00	1.856835e-38	3.198343e-81	0.000000e+00	5.727662e-28	8.419300e-01	1.882631e-90	2.247369e-06	0.000000e+00	1.882631e-90	1.882631e-90	1.882631e-90	2.637475e-54	8.605881e-81	0.000000e+00	0.000000e+00	1.882631e-90	0.000000e+00	0.000000e+00	0.000000e+00	0.000000e+00	0.000000e+00	0.000000e+00	0.000000e+00	3.630367e-53	4.215002e-87	0.000000e+00	0.000000e+00	0.000000e+00	0.000000e+00	0.000000e+00	0.000000e+00	0.000000e+00	0.000000e+00	0.000000e+00	0.000000e+00	0.000000e+00	0.000000e+00	0.000000e+00	0.000000e+00	0.000000e+00	0.000000e+00	0.000000e+00	0.000000e+00	0.000000e+00	0.000000e+00	0.000000e+00	0.000000e+00	0.000000e+00	0.000000e+00	0.000000e+00	0.000000e+00	0.000000e+00	0.000000e+00	0.000000e+00	0.000000e+00	0.000000e+00	0.000000e+00	0.000000e+00	0.000000e+00	0.000000e+00	0.000000e+00	0.000000e+00	0.000000e+00	0.000000e+00	0.000000e+00	0.000000e+00	0.000000e+00	
1919.869023	1914.728460	1925.009586	195.148936	2.965723e-03	1.882621e-90	0.000000e+00	8.482648e-53	3.404944e-71	0.000000e+00	0.000000e+00	8.446801e-03	1.882621e-90	1.162173e-03	6.436720e-60	1.882621e-90	6.693792e-88	1.882621e-90	1.882621e-90	0.000000e+00	1.882621e-90	1.882621e-90	1.882621e-90	1.882621e-90	7.606864e-35	4.973429e-03	3.439309e-46	0.000000e+00	0.000000e+00	0.000000e+00	1.882621e-90	8.420397e-81	0.000000e+00	6.252770e-47	0.000000e+00	0.000000e+00	0.000000e+00	0.000000e+00	0.000000e+00	0.000000e+00	0.000000e+00	3.729041e-49	1.882621e-90	1.882621e-90	5.878537e-72	3.318829e-42	3.637613e-66	8.627257e-54	1.882621e-90	2.273338e-04	1.013752e-40	0.000000e+00	0.000000e+00	7.878729e-39	4.203146e-82	0.000000e+00	3.027112e-28	8.419293e-01	1.882621e-90	1.902001e-06	0.000000e+00	1.882621e-90	1.882621e-90	1.882621e-90	6.963683e-55	1.149200e-81	0.000000e+00	0.000000e+00	1.882621e-90	0.000000e+00	0.000000e+00	0.000000e+00	0.000000e+00	0.000000e+00	0.000000e+00	0.000000e+00	1.041570e-53	9.349405e-88	0.000000e+00	0.000000e+00	0.000000e+00	0.000000e+00	0.000000e+00	0.000000e+00	0.000000e+00	0.000000e+00	0.000000e+00	0.000000e+00	0.000000e+00	0.000000e+00	0.000000e+00	0.000000e+00	0.000000e+00	0.000000e+00	0.000000e+00	0.000000e+00	0.000000e+00	0.000000e+00	0.000000e+00	0.000000e+00	0.000000e+00	0.000000e+00	0.000000e+00	0.000000e+00	0.000000e+00	0.000000e+00	0.000000e+00	0.000000e+00	0.000000e+00	0.000000e+00	0.000000e+00	0.000000e+00	0.000000e+00	0.000000e+00	0.000000e+00	0.000000e+00	0.000000e+00	0.000000e+00	0.000000e+00	0.000000e+00	
1930.065050	1925.009586	1935.120514	191.918049	2.433821e-03	1.882575e-90	0.000000e+00	1.006716e-53	2.088334e-72	0.000000e+00	0.000000e+00	8.445993e-03	1.882575e-90	1.163650e-03	6.110247e-61	1.882575e-90	1.906962e-89	1.882575e-90	1.882575e-90	0.000000e+00	1.882575e-90	1.882575e-90	1.882575e-90	1.882575e-90	1.383543e-35	4.973227e-03	5.466176e-47	0.000000e+00	0.000000e+00	0.000000e+00	1.882575e-90	2.598056e-82	0.000000e+00	9.679169e-48	0.000000e+00	0.000000e+00	0.000000e+00	0.000000e+00	0.000000e+00	0.000000e+00	0.000000e+00	4.072483e-50	1.882575e-90	1.882575e-90	3.332926e-73	7.118591e-43	2.859509e-67	1.334336e-54	1.882575e-90	2.273249e-04	2.141612e-41	0.000000e+00	0.000000e+00	1.587289e-39	1.296710e-83	0.000000e+00	8.661811e-29	8.419343e-01	1.882575e-90	1.155630e-06	0.000000e+00	1.882575e-90	1.882575e-90	1.882575e-90	7.809967e-56	3.858113e-83	0.000000e+00	0.000000e+00	1.882575e-90	0.000000e+00	0.000000e+00	0.000000e+00	0.000000e+00	0.000000e+00	0.000000e+00	0.000000e+00	1.123300e-54	8.481865e-89	0.000000e+00	0.000000e+00	0.000000e+00	0.000000e+00	0.000000e+00	0.000000e+00	0.000000e+00	0.000000e+00	0.000000e+00	0.000000e+00	0.000000e+00	0.000000e+00	0.000000e+00	0.000000e+00	0.000000e+00	0.000000e+00	0.000000e+00	0.000000e+00	0.000000e+00	0.000000e+00	0.000000e+00	0.000000e+00	0.000000e+00	0.000000e+00	0.000000e+00	0.000000e+00	0.000000e+00	0.000000e+00	0.000000e+00	0.000000e+00	0.000000e+00	0.000000e+00	0.000000e+00	0.000000e+00	0.000000e+00	0.000000e+00	0.000000e+00	0.000000e+00	0.000000e+00	0.000000e+00	0.000000e+00	0.000000e+00	
1940.030508	1935.120514	1944.940502	186.395427	1.997316e-03	1.882776e-90	0.000000e+00	2.061827e-55	1.313537e-74	0.000000e+00	0.000000e+00	8.447335e-03	1.882776e-90	1.165451e-03	8.374373e-63	1.882776e-90	1.882776e-90	1.882776e-90	1.882776e-90	0.000000e+00	1.882776e-90	1.882776e-90	1.882776e-90	1.882776e-90	4.866838e-37	4.973692e-03	1.757939e-48	0.000000e+00	0.000000e+00	0.000000e+00	1.882776e-90	3.831559e-85	0.000000e+00	2.972449e-49	0.000000e+00	0.000000e+00	0.000000e+00	0.000000e+00	0.000000e+00	0.000000e+00	0.000000e+00	5.754564e-52	1.882776e-90	1.882776e-90	1.686915e-75	3.905134e-44	2.604151e-69	4.107782e-56	1.882776e-90	2.273649e-04	1.230163e-42	0.000000e+00	0.000000e+00	6.739980e-41	1.904330e-86	0.000000e+00	6.888991e-30	8.419155e-01	1.882776e-90	3.515414e-07	0.000000e+00	1.882776e-90	1.882776e-90	1.882776e-90	1.446364e-57	7.125022e-86	0.000000e+00	0.000000e+00	1.882776e-90	0.000000e+00	0.000000e+00	0.000000e+00	0.000000e+00	0.000000e+00	0.000000e+00	0.000000e+00	1.560652e-56	1.882776e-90	0.000000e+00	0.000000e+00	0.000000e+00	0.000000e+00	0.000000e+00	0.000000e+00	0.000000e+00	0.000000e+00	0.000000e+00	0.000000e+00	0.000000e+00	0.000000e+00	0.000000e+00	0.000000e+00	0.000000e+00	0.000000e+00	0.000000e+00	0.000000e+00	0.000000e+00	0.000000e+00	0.000000e+00	0.000000e+00	0.000000e+00	0.000000e+00	0.000000e+00	0.000000e+00	0.000000e+00	0.000000e+00	0.000000e+00	0.000000e+00	0.000000e+00	0.000000e+00	0.000000e+00	0.000000e+00	0.000000e+00	0.000000e+00	0.000000e+00	0.000000e+00	0.000000e+00	0.000000e+00	0.000000e+00	0.000000e+00	
1949.635470	1944.940502	1954.330439	178.232022	1.639098e-03	1.882679e-90	0.000000e+00	4.033457e-58	3.927671e-78	0.000000e+00	0.000000e+00	8.446363e-03	1.882679e-90	1.165918e-03	8.594612e-66	1.882679e-90	1.882679e-90	1.882679e-90	1.882679e-90	0.000000e+00	1.882679e-90	1.882679e-90	1.882679e-90	1.882679e-90	1.941532e-39	4.974357e-03	6.756608e-51	0.000000e+00	0.000000e+00	0.000000e+00	1.882679e-90	9.896418e-90	0.000000e+00	1.065234e-51	0.000000e+00	0.000000e+00	0.000000e+00	0.000000e+00	0.000000e+00	0.000000e+00	0.000000e+00	5.392848e-55	1.882679e-90	1.882679e-90	3.379398e-79	3.487182e-46	1.336154e-72	1.489428e-58	1.882679e-90	2.273370e-04	1.238691e-44	0.000000e+00	0.000000e+00	3.674131e-43	1.882679e-90	0.000000e+00	1.018505e-31	8.419235e-01	1.882679e-90	4.338673e-08	0.000000e+00	1.882679e-90	1.882679e-90	1.882679e-90	2.412785e-60	2.758157e-90	0.000000e+00	0.000000e+00	1.882679e-90	0.000000e+00	0.000000e+00	0.000000e+00	0.000000e+00	0.000000e+00	0.000000e+00	0.000000e+00	1.442876e-59	1.882679e-90	0.000000e+00	0.000000e+00	0.000000e+00	0.000000e+00	0.000000e+00	0.000000e+00	0.000000e+00	0.000000e+00	0.000000e+00	0.000000e+00	0.000000e+00	0.000000e+00	0.000000e+00	0.000000e+00	0.000000e+00	0.000000e+00	0.000000e+00	0.000000e+00	0.000000e+00	0.000000e+00	0.000000e+00	0.000000e+00	0.000000e+00	0.000000e+00	0.000000e+00	0.000000e+00	0.000000e+00	0.000000e+00	0.000000e+00	0.000000e+00	0.000000e+00	0.000000e+00	0.000000e+00	0.000000e+00	0.000000e+00	0.000000e+00	0.000000e+00	0.000000e+00	0.000000e+00	0.000000e+00	0.000000e+00	0.000000e+00	
1958.825190	1954.330439	1963.319942	170.632032	1.345126e-03	1.882641e-90	0.000000e+00	7.180413e-61	1.036902e-81	0.000000e+00	0.000000e+00	8.446851e-03	1.882641e-90	1.165888e-03	7.900275e-69	1.882641e-90	1.882641e-90	1.882641e-90	1.882641e-90	0.000000e+00	1.882641e-90	1.882641e-90	1.882641e-90	1.882641e-90	7.349416e-42	4.973983e-03	2.435227e-53	0.000000e+00	0.000000e+00	0.000000e+00	1.882641e-90	1.882641e-90	0.000000e+00	3.588283e-54	0.000000e+00	0.000000e+00	0.000000e+00	0.000000e+00	0.000000e+00	0.000000e+00	0.000000e+00	4.704799e-58	1.882641e-90	1.882641e-90	5.955447e-83	2.938776e-48	6.174965e-76	5.139419e-61	1.882641e-90	2.273392e-04	1.163521e-46	0.000000e+00	0.000000e+00	1.942540e-45	1.882641e-90	0.000000e+00	1.483289e-33	8.419259e-01	1.882641e-90	5.394975e-09	0.000000e+00	1.882641e-90	1.882641e-90	1.882641e-90	3.656703e-63	1.882641e-90	0.000000e+00	0.000000e+00	1.882641e-90	0.000000e+00	0.000000e+00	0.000000e+00	0.000000e+00	0.000000e+00	0.000000e+00	0.000000e+00	1.263529e-62	1.882641e-90	0.000000e+00	0.000000e+00	0.000000e+00	0.000000e+00	0.000000e+00	0.000000e+00	0.000000e+00	0.000000e+00	0.000000e+00	0.000000e+00	0.000000e+00	0.000000e+00	0.000000e+00	0.000000e+00	0.000000e+00	0.000000e+00	0.000000e+00	0.000000e+00	0.000000e+00	0.000000e+00	0.000000e+00	0.000000e+00	0.000000e+00	0.000000e+00	0.000000e+00	0.000000e+00	0.000000e+00	0.000000e+00	0.000000e+00	0.000000e+00	0.000000e+00	0.000000e+00	0.000000e+00	0.000000e+00	0.000000e+00	0.000000e+00	0.000000e+00	0.000000e+00	0.000000e+00	0.000000e+00	0.000000e+00	0.000000e+00	
1967.640097	1963.319942	1971.960253	164.002292	1.103878e-03	1.882718e-90	0.000000e+00	1.807818e-63	4.281223e-85	0.000000e+00	0.000000e+00	8.447417e-03	1.882718e-90	1.166005e-03	1.058657e-71	1.882718e-90	1.882718e-90	1.882718e-90	1.882718e-90	0.000000e+00	1.882718e-90	1.882718e-90	1.882718e-90	1.882718e-90	3.969573e-44	4.974523e-03	1.225991e-55	0.000000e+00	0.000000e+00	0.000000e+00	1.882718e-90	1.882718e-90	0.000000e+00	1.700816e-56	0.000000e+00	0.000000e+00	0.000000e+00	0.000000e+00	0.000000e+00	0.000000e+00	0.000000e+00	6.357702e-61	1.882718e-90	1.882718e-90	1.692527e-86	3.283819e-50	4.407808e-79	2.517604e-63	1.882718e-90	2.273355e-04	1.413460e-48	0.000000e+00	0.000000e+00	1.462399e-47	1.882718e-90	0.000000e+00	2.914145e-35	8.419188e-01	1.882718e-90	8.002281e-10	0.000000e+00	1.882718e-90	1.882718e-90	1.882718e-90	7.914601e-66	1.882718e-90	0.000000e+00	0.000000e+00	1.882718e-90	0.000000e+00	0.000000e+00	0.000000e+00	0.000000e+00	0.000000e+00	0.000000e+00	0.000000e+00	1.741484e-65	1.882718e-90	0.000000e+00	0.000000e+00	0.000000e+00	0.000000e+00	0.000000e+00	0.000000e+00	0.000000e+00	0.000000e+00	0.000000e+00	0.000000e+00	0.000000e+00	0.000000e+00	0.000000e+00	0.000000e+00	0.000000e+00	0.000000e+00	0.000000e+00	0.000000e+00	0.000000e+00	0.000000e+00	0.000000e+00	0.000000e+00	0.000000e+00	0.000000e+00	0.000000e+00	0.000000e+00	0.000000e+00	0.000000e+00	0.000000e+00	0.000000e+00	0.000000e+00	0.000000e+00	0.000000e+00	0.000000e+00	0.000000e+00	0.000000e+00	0.000000e+00	0.000000e+00	0.000000e+00	0.000000e+00	0.000000e+00	0.000000e+00	
